long,lat,bathy
-127.4979167,45.00208333,-2948
-127.49375,45.00208333,-2951
-127.4895833,45.00208333,-2954
-127.4854167,45.00208333,-2960
-127.48125,45.00208333,-2961
-127.4770833,45.00208333,-2961
-127.4729167,45.00208333,-2961
-127.46875,45.00208333,-2961
-127.4645833,45.00208333,-2962
-127.4604167,45.00208333,-2963
-127.45625,45.00208333,-2965
-127.4520833,45.00208333,-2966
-127.4479167,45.00208333,-2966
-127.44375,45.00208333,-2967
-127.4395833,45.00208333,-2966
-127.4354167,45.00208333,-2966
-127.43125,45.00208333,-2966
-127.4270833,45.00208333,-2966
-127.4229167,45.00208333,-2966
-127.41875,45.00208333,-2967
-127.4145833,45.00208333,-2968
-127.4104167,45.00208333,-2967
-127.40625,45.00208333,-2968
-127.4020833,45.00208333,-2968
-127.3979167,45.00208333,-2968
-127.39375,45.00208333,-2968
-127.3895833,45.00208333,-2968
-127.3854167,45.00208333,-2970
-127.38125,45.00208333,-2968
-127.3770833,45.00208333,-2963
-127.3729167,45.00208333,-2956
-127.36875,45.00208333,-2939
-127.3645833,45.00208333,-2942
-127.3604167,45.00208333,-2939
-127.35625,45.00208333,-2923
-127.3520833,45.00208333,-2906
-127.3479167,45.00208333,-2913
-127.34375,45.00208333,-2911
-127.3395833,45.00208333,-2894
-127.3354167,45.00208333,-2890
-127.33125,45.00208333,-2890
-127.3270833,45.00208333,-2890
-127.3229167,45.00208333,-2895
-127.31875,45.00208333,-2912
-127.3145833,45.00208333,-2943
-127.3104167,45.00208333,-2959
-127.30625,45.00208333,-2999
-127.3020833,45.00208333,-3039
-127.2979167,45.00208333,-3046
-127.29375,45.00208333,-3048
-127.2895833,45.00208333,-3052
-127.2854167,45.00208333,-3055
-127.28125,45.00208333,-2951
-127.2770833,45.00208333,-2918
-127.2729167,45.00208333,-2913
-127.26875,45.00208333,-2904
-127.2645833,45.00208333,-2901
-127.2604167,45.00208333,-2897
-127.25625,45.00208333,-2894
-127.2520833,45.00208333,-2891
-127.2479167,45.00208333,-2891
-127.24375,45.00208333,-2888
-127.2395833,45.00208333,-2885
-127.2354167,45.00208333,-2883
-127.23125,45.00208333,-2881
-127.2270833,45.00208333,-2881
-127.2229167,45.00208333,-2881
-127.21875,45.00208333,-2879
-127.2145833,45.00208333,-2877
-127.2104167,45.00208333,-2876
-127.20625,45.00208333,-2875
-127.2020833,45.00208333,-2874
-127.1979167,45.00208333,-2872
-127.19375,45.00208333,-2872
-127.1895833,45.00208333,-2870
-127.1854167,45.00208333,-2869
-127.18125,45.00208333,-2868
-127.1770833,45.00208333,-2867
-127.1729167,45.00208333,-2865
-127.16875,45.00208333,-2864
-127.1645833,45.00208333,-2862
-127.1604167,45.00208333,-2861
-127.15625,45.00208333,-2860
-127.1520833,45.00208333,-2858
-127.1479167,45.00208333,-2857
-127.14375,45.00208333,-2856
-127.1395833,45.00208333,-2855
-127.1354167,45.00208333,-2854
-127.13125,45.00208333,-2853
-127.1270833,45.00208333,-2852
-127.1229167,45.00208333,-2852
-127.11875,45.00208333,-2852
-127.1145833,45.00208333,-2851
-127.1104167,45.00208333,-2851
-127.10625,45.00208333,-2851
-127.1020833,45.00208333,-2851
-127.0979167,45.00208333,-2852
-127.09375,45.00208333,-2852
-127.0895833,45.00208333,-2855
-127.0854167,45.00208333,-2854
-127.08125,45.00208333,-2855
-127.0770833,45.00208333,-2856
-127.0729167,45.00208333,-2856
-127.06875,45.00208333,-2857
-127.0645833,45.00208333,-2859
-127.0604167,45.00208333,-2853
-127.05625,45.00208333,-2853
-127.0520833,45.00208333,-2851
-127.0479167,45.00208333,-2851
-127.04375,45.00208333,-2851
-127.0395833,45.00208333,-2850
-127.0354167,45.00208333,-2850
-127.03125,45.00208333,-2852
-127.0270833,45.00208333,-2853
-127.0229167,45.00208333,-2845
-127.01875,45.00208333,-2845
-127.0145833,45.00208333,-2847
-127.0104167,45.00208333,-2848
-127.00625,45.00208333,-2849
-127.0020833,45.00208333,-2849
-127.4979167,45.00625,-2961
-127.49375,45.00625,-2962
-127.4895833,45.00625,-2962
-127.4854167,45.00625,-2963
-127.48125,45.00625,-2962
-127.4770833,45.00625,-2964
-127.4729167,45.00625,-2963
-127.46875,45.00625,-2965
-127.4645833,45.00625,-2964
-127.4604167,45.00625,-2965
-127.45625,45.00625,-2966
-127.4520833,45.00625,-2966
-127.4479167,45.00625,-2967
-127.44375,45.00625,-2968
-127.4395833,45.00625,-2968
-127.4354167,45.00625,-2972
-127.43125,45.00625,-2968
-127.4270833,45.00625,-2968
-127.4229167,45.00625,-2969
-127.41875,45.00625,-2969
-127.4145833,45.00625,-2970
-127.4104167,45.00625,-2968
-127.40625,45.00625,-2969
-127.4020833,45.00625,-2970
-127.3979167,45.00625,-2970
-127.39375,45.00625,-2969
-127.3895833,45.00625,-2968
-127.3854167,45.00625,-2967
-127.38125,45.00625,-2960
-127.3770833,45.00625,-2950
-127.3729167,45.00625,-2942
-127.36875,45.00625,-2925
-127.3645833,45.00625,-2921
-127.3604167,45.00625,-2923
-127.35625,45.00625,-2919
-127.3520833,45.00625,-2906
-127.3479167,45.00625,-2908
-127.34375,45.00625,-2904
-127.3395833,45.00625,-2892
-127.3354167,45.00625,-2891
-127.33125,45.00625,-2891
-127.3270833,45.00625,-2893
-127.3229167,45.00625,-2899
-127.31875,45.00625,-2918
-127.3145833,45.00625,-2944
-127.3104167,45.00625,-2964
-127.30625,45.00625,-3041
-127.3020833,45.00625,-3045
-127.2979167,45.00625,-3049
-127.29375,45.00625,-3050
-127.2895833,45.00625,-3053
-127.2854167,45.00625,-3055
-127.28125,45.00625,-2938
-127.2770833,45.00625,-2919
-127.2729167,45.00625,-2912
-127.26875,45.00625,-2906
-127.2645833,45.00625,-2903
-127.2604167,45.00625,-2899
-127.25625,45.00625,-2896
-127.2520833,45.00625,-2894
-127.2479167,45.00625,-2891
-127.24375,45.00625,-2890
-127.2395833,45.00625,-2888
-127.2354167,45.00625,-2886
-127.23125,45.00625,-2883
-127.2270833,45.00625,-2883
-127.2229167,45.00625,-2883
-127.21875,45.00625,-2881
-127.2145833,45.00625,-2879
-127.2104167,45.00625,-2878
-127.20625,45.00625,-2877
-127.2020833,45.00625,-2876
-127.1979167,45.00625,-2874
-127.19375,45.00625,-2873
-127.1895833,45.00625,-2871
-127.1854167,45.00625,-2869
-127.18125,45.00625,-2867
-127.1770833,45.00625,-2866
-127.1729167,45.00625,-2865
-127.16875,45.00625,-2864
-127.1645833,45.00625,-2862
-127.1604167,45.00625,-2861
-127.15625,45.00625,-2860
-127.1520833,45.00625,-2858
-127.1479167,45.00625,-2857
-127.14375,45.00625,-2856
-127.1395833,45.00625,-2855
-127.1354167,45.00625,-2854
-127.13125,45.00625,-2853
-127.1270833,45.00625,-2852
-127.1229167,45.00625,-2852
-127.11875,45.00625,-2851
-127.1145833,45.00625,-2851
-127.1104167,45.00625,-2851
-127.10625,45.00625,-2850
-127.1020833,45.00625,-2850
-127.0979167,45.00625,-2851
-127.09375,45.00625,-2852
-127.0895833,45.00625,-2856
-127.0854167,45.00625,-2847
-127.08125,45.00625,-2848
-127.0770833,45.00625,-2848
-127.0729167,45.00625,-2848
-127.06875,45.00625,-2849
-127.0645833,45.00625,-2850
-127.0604167,45.00625,-2847
-127.05625,45.00625,-2848
-127.0520833,45.00625,-2848
-127.0479167,45.00625,-2848
-127.04375,45.00625,-2848
-127.0395833,45.00625,-2849
-127.0354167,45.00625,-2850
-127.03125,45.00625,-2849
-127.0270833,45.00625,-2848
-127.0229167,45.00625,-2848
-127.01875,45.00625,-2847
-127.0145833,45.00625,-2848
-127.0104167,45.00625,-2848
-127.00625,45.00625,-2848
-127.0020833,45.00625,-2848
-127.4979167,45.01041667,-2962
-127.49375,45.01041667,-2962
-127.4895833,45.01041667,-2963
-127.4854167,45.01041667,-2965
-127.48125,45.01041667,-2967
-127.4770833,45.01041667,-2967
-127.4729167,45.01041667,-2965
-127.46875,45.01041667,-2965
-127.4645833,45.01041667,-2966
-127.4604167,45.01041667,-2967
-127.45625,45.01041667,-2968
-127.4520833,45.01041667,-2968
-127.4479167,45.01041667,-2969
-127.44375,45.01041667,-2968
-127.4395833,45.01041667,-2968
-127.4354167,45.01041667,-2970
-127.43125,45.01041667,-2971
-127.4270833,45.01041667,-2973
-127.4229167,45.01041667,-2973
-127.41875,45.01041667,-2971
-127.4145833,45.01041667,-2972
-127.4104167,45.01041667,-2972
-127.40625,45.01041667,-2972
-127.4020833,45.01041667,-2969
-127.3979167,45.01041667,-2970
-127.39375,45.01041667,-2968
-127.3895833,45.01041667,-2964
-127.3854167,45.01041667,-2958
-127.38125,45.01041667,-2945
-127.3770833,45.01041667,-2929
-127.3729167,45.01041667,-2914
-127.36875,45.01041667,-2912
-127.3645833,45.01041667,-2907
-127.3604167,45.01041667,-2912
-127.35625,45.01041667,-2910
-127.3520833,45.01041667,-2905
-127.3479167,45.01041667,-2905
-127.34375,45.01041667,-2898
-127.3395833,45.01041667,-2893
-127.3354167,45.01041667,-2892
-127.33125,45.01041667,-2894
-127.3270833,45.01041667,-2903
-127.3229167,45.01041667,-2914
-127.31875,45.01041667,-2928
-127.3145833,45.01041667,-2959
-127.3104167,45.01041667,-2994
-127.30625,45.01041667,-3027
-127.3020833,45.01041667,-3049
-127.2979167,45.01041667,-3050
-127.29375,45.01041667,-3053
-127.2895833,45.01041667,-3054
-127.2854167,45.01041667,-3054
-127.28125,45.01041667,-2985
-127.2770833,45.01041667,-2922
-127.2729167,45.01041667,-2914
-127.26875,45.01041667,-2908
-127.2645833,45.01041667,-2905
-127.2604167,45.01041667,-2901
-127.25625,45.01041667,-2900
-127.2520833,45.01041667,-2898
-127.2479167,45.01041667,-2893
-127.24375,45.01041667,-2891
-127.2395833,45.01041667,-2889
-127.2354167,45.01041667,-2888
-127.23125,45.01041667,-2887
-127.2270833,45.01041667,-2887
-127.2229167,45.01041667,-2887
-127.21875,45.01041667,-2884
-127.2145833,45.01041667,-2882
-127.2104167,45.01041667,-2880
-127.20625,45.01041667,-2879
-127.2020833,45.01041667,-2878
-127.1979167,45.01041667,-2877
-127.19375,45.01041667,-2875
-127.1895833,45.01041667,-2870
-127.1854167,45.01041667,-2870
-127.18125,45.01041667,-2867
-127.1770833,45.01041667,-2866
-127.1729167,45.01041667,-2865
-127.16875,45.01041667,-2864
-127.1645833,45.01041667,-2863
-127.1604167,45.01041667,-2861
-127.15625,45.01041667,-2860
-127.1520833,45.01041667,-2858
-127.1479167,45.01041667,-2857
-127.14375,45.01041667,-2856
-127.1395833,45.01041667,-2855
-127.1354167,45.01041667,-2854
-127.13125,45.01041667,-2853
-127.1270833,45.01041667,-2853
-127.1229167,45.01041667,-2852
-127.11875,45.01041667,-2852
-127.1145833,45.01041667,-2851
-127.1104167,45.01041667,-2851
-127.10625,45.01041667,-2851
-127.1020833,45.01041667,-2851
-127.0979167,45.01041667,-2851
-127.09375,45.01041667,-2850
-127.0895833,45.01041667,-2850
-127.0854167,45.01041667,-2849
-127.08125,45.01041667,-2844
-127.0770833,45.01041667,-2846
-127.0729167,45.01041667,-2845
-127.06875,45.01041667,-2846
-127.0645833,45.01041667,-2847
-127.0604167,45.01041667,-2847
-127.05625,45.01041667,-2848
-127.0520833,45.01041667,-2848
-127.0479167,45.01041667,-2845
-127.04375,45.01041667,-2845
-127.0395833,45.01041667,-2846
-127.0354167,45.01041667,-2846
-127.03125,45.01041667,-2846
-127.0270833,45.01041667,-2845
-127.0229167,45.01041667,-2845
-127.01875,45.01041667,-2846
-127.0145833,45.01041667,-2846
-127.0104167,45.01041667,-2846
-127.00625,45.01041667,-2846
-127.0020833,45.01041667,-2847
-127.4979167,45.01458333,-2965
-127.49375,45.01458333,-2964
-127.4895833,45.01458333,-2966
-127.4854167,45.01458333,-2968
-127.48125,45.01458333,-2969
-127.4770833,45.01458333,-2967
-127.4729167,45.01458333,-2968
-127.46875,45.01458333,-2968
-127.4645833,45.01458333,-2969
-127.4604167,45.01458333,-2970
-127.45625,45.01458333,-2969
-127.4520833,45.01458333,-2970
-127.4479167,45.01458333,-2972
-127.44375,45.01458333,-2973
-127.4395833,45.01458333,-2973
-127.4354167,45.01458333,-2972
-127.43125,45.01458333,-2974
-127.4270833,45.01458333,-2974
-127.4229167,45.01458333,-2973
-127.41875,45.01458333,-2974
-127.4145833,45.01458333,-2974
-127.4104167,45.01458333,-2974
-127.40625,45.01458333,-2972
-127.4020833,45.01458333,-2970
-127.3979167,45.01458333,-2965
-127.39375,45.01458333,-2952
-127.3895833,45.01458333,-2948
-127.3854167,45.01458333,-2940
-127.38125,45.01458333,-2928
-127.3770833,45.01458333,-2913
-127.3729167,45.01458333,-2907
-127.36875,45.01458333,-2903
-127.3645833,45.01458333,-2901
-127.3604167,45.01458333,-2901
-127.35625,45.01458333,-2899
-127.3520833,45.01458333,-2899
-127.3479167,45.01458333,-2896
-127.34375,45.01458333,-2896
-127.3395833,45.01458333,-2896
-127.3354167,45.01458333,-2897
-127.33125,45.01458333,-2900
-127.3270833,45.01458333,-2910
-127.3229167,45.01458333,-2921
-127.31875,45.01458333,-2930
-127.3145833,45.01458333,-2979
-127.3104167,45.01458333,-3017
-127.30625,45.01458333,-3039
-127.3020833,45.01458333,-3054
-127.2979167,45.01458333,-3054
-127.29375,45.01458333,-3055
-127.2895833,45.01458333,-3055
-127.2854167,45.01458333,-3050
-127.28125,45.01458333,-2977
-127.2770833,45.01458333,-2919
-127.2729167,45.01458333,-2913
-127.26875,45.01458333,-2909
-127.2645833,45.01458333,-2906
-127.2604167,45.01458333,-2902
-127.25625,45.01458333,-2899
-127.2520833,45.01458333,-2899
-127.2479167,45.01458333,-2897
-127.24375,45.01458333,-2894
-127.2395833,45.01458333,-2892
-127.2354167,45.01458333,-2890
-127.23125,45.01458333,-2889
-127.2270833,45.01458333,-2890
-127.2229167,45.01458333,-2888
-127.21875,45.01458333,-2886
-127.2145833,45.01458333,-2885
-127.2104167,45.01458333,-2883
-127.20625,45.01458333,-2884
-127.2020833,45.01458333,-2881
-127.1979167,45.01458333,-2879
-127.19375,45.01458333,-2877
-127.1895833,45.01458333,-2867
-127.1854167,45.01458333,-2867
-127.18125,45.01458333,-2867
-127.1770833,45.01458333,-2866
-127.1729167,45.01458333,-2865
-127.16875,45.01458333,-2863
-127.1645833,45.01458333,-2862
-127.1604167,45.01458333,-2861
-127.15625,45.01458333,-2860
-127.1520833,45.01458333,-2858
-127.1479167,45.01458333,-2857
-127.14375,45.01458333,-2856
-127.1395833,45.01458333,-2855
-127.1354167,45.01458333,-2855
-127.13125,45.01458333,-2854
-127.1270833,45.01458333,-2853
-127.1229167,45.01458333,-2852
-127.11875,45.01458333,-2852
-127.1145833,45.01458333,-2851
-127.1104167,45.01458333,-2851
-127.10625,45.01458333,-2852
-127.1020833,45.01458333,-2852
-127.0979167,45.01458333,-2852
-127.09375,45.01458333,-2852
-127.0895833,45.01458333,-2851
-127.0854167,45.01458333,-2851
-127.08125,45.01458333,-2844
-127.0770833,45.01458333,-2845
-127.0729167,45.01458333,-2848
-127.06875,45.01458333,-2847
-127.0645833,45.01458333,-2844
-127.0604167,45.01458333,-2843
-127.05625,45.01458333,-2843
-127.0520833,45.01458333,-2843
-127.0479167,45.01458333,-2842
-127.04375,45.01458333,-2842
-127.0395833,45.01458333,-2843
-127.0354167,45.01458333,-2844
-127.03125,45.01458333,-2844
-127.0270833,45.01458333,-2844
-127.0229167,45.01458333,-2844
-127.01875,45.01458333,-2844
-127.0145833,45.01458333,-2845
-127.0104167,45.01458333,-2845
-127.00625,45.01458333,-2845
-127.0020833,45.01458333,-2845
-127.4979167,45.01875,-2968
-127.49375,45.01875,-2967
-127.4895833,45.01875,-2970
-127.4854167,45.01875,-2971
-127.48125,45.01875,-2971
-127.4770833,45.01875,-2972
-127.4729167,45.01875,-2970
-127.46875,45.01875,-2969
-127.4645833,45.01875,-2970
-127.4604167,45.01875,-2973
-127.45625,45.01875,-2973
-127.4520833,45.01875,-2973
-127.4479167,45.01875,-2974
-127.44375,45.01875,-2974
-127.4395833,45.01875,-2973
-127.4354167,45.01875,-2974
-127.43125,45.01875,-2975
-127.4270833,45.01875,-2973
-127.4229167,45.01875,-2974
-127.41875,45.01875,-2976
-127.4145833,45.01875,-2975
-127.4104167,45.01875,-2974
-127.40625,45.01875,-2969
-127.4020833,45.01875,-2957
-127.3979167,45.01875,-2947
-127.39375,45.01875,-2936
-127.3895833,45.01875,-2928
-127.3854167,45.01875,-2925
-127.38125,45.01875,-2914
-127.3770833,45.01875,-2906
-127.3729167,45.01875,-2902
-127.36875,45.01875,-2899
-127.3645833,45.01875,-2898
-127.3604167,45.01875,-2899
-127.35625,45.01875,-2898
-127.3520833,45.01875,-2898
-127.3479167,45.01875,-2897
-127.34375,45.01875,-2897
-127.3395833,45.01875,-2899
-127.3354167,45.01875,-2900
-127.33125,45.01875,-2901
-127.3270833,45.01875,-2910
-127.3229167,45.01875,-2925
-127.31875,45.01875,-2948
-127.3145833,45.01875,-3005
-127.3104167,45.01875,-3044
-127.30625,45.01875,-3050
-127.3020833,45.01875,-3055
-127.2979167,45.01875,-3054
-127.29375,45.01875,-3055
-127.2895833,45.01875,-3051
-127.2854167,45.01875,-3012
-127.28125,45.01875,-2926
-127.2770833,45.01875,-2921
-127.2729167,45.01875,-2915
-127.26875,45.01875,-2912
-127.2645833,45.01875,-2907
-127.2604167,45.01875,-2904
-127.25625,45.01875,-2902
-127.2520833,45.01875,-2900
-127.2479167,45.01875,-2898
-127.24375,45.01875,-2896
-127.2395833,45.01875,-2893
-127.2354167,45.01875,-2893
-127.23125,45.01875,-2892
-127.2270833,45.01875,-2891
-127.2229167,45.01875,-2888
-127.21875,45.01875,-2888
-127.2145833,45.01875,-2885
-127.2104167,45.01875,-2884
-127.20625,45.01875,-2885
-127.2020833,45.01875,-2883
-127.1979167,45.01875,-2881
-127.19375,45.01875,-2878
-127.1895833,45.01875,-2867
-127.1854167,45.01875,-2867
-127.18125,45.01875,-2867
-127.1770833,45.01875,-2867
-127.1729167,45.01875,-2865
-127.16875,45.01875,-2863
-127.1645833,45.01875,-2862
-127.1604167,45.01875,-2861
-127.15625,45.01875,-2859
-127.1520833,45.01875,-2858
-127.1479167,45.01875,-2857
-127.14375,45.01875,-2856
-127.1395833,45.01875,-2856
-127.1354167,45.01875,-2855
-127.13125,45.01875,-2854
-127.1270833,45.01875,-2853
-127.1229167,45.01875,-2853
-127.11875,45.01875,-2852
-127.1145833,45.01875,-2852
-127.1104167,45.01875,-2851
-127.10625,45.01875,-2852
-127.1020833,45.01875,-2852
-127.0979167,45.01875,-2852
-127.09375,45.01875,-2851
-127.0895833,45.01875,-2850
-127.0854167,45.01875,-2849
-127.08125,45.01875,-2846
-127.0770833,45.01875,-2845
-127.0729167,45.01875,-2846
-127.06875,45.01875,-2846
-127.0645833,45.01875,-2844
-127.0604167,45.01875,-2843
-127.05625,45.01875,-2842
-127.0520833,45.01875,-2842
-127.0479167,45.01875,-2842
-127.04375,45.01875,-2842
-127.0395833,45.01875,-2843
-127.0354167,45.01875,-2843
-127.03125,45.01875,-2843
-127.0270833,45.01875,-2843
-127.0229167,45.01875,-2843
-127.01875,45.01875,-2843
-127.0145833,45.01875,-2844
-127.0104167,45.01875,-2844
-127.00625,45.01875,-2844
-127.0020833,45.01875,-2844
-127.4979167,45.02291667,-2969
-127.49375,45.02291667,-2968
-127.4895833,45.02291667,-2970
-127.4854167,45.02291667,-2972
-127.48125,45.02291667,-2972
-127.4770833,45.02291667,-2973
-127.4729167,45.02291667,-2971
-127.46875,45.02291667,-2971
-127.4645833,45.02291667,-2972
-127.4604167,45.02291667,-2974
-127.45625,45.02291667,-2974
-127.4520833,45.02291667,-2974
-127.4479167,45.02291667,-2975
-127.44375,45.02291667,-2975
-127.4395833,45.02291667,-2974
-127.4354167,45.02291667,-2974
-127.43125,45.02291667,-2974
-127.4270833,45.02291667,-2974
-127.4229167,45.02291667,-2975
-127.41875,45.02291667,-2973
-127.4145833,45.02291667,-2972
-127.4104167,45.02291667,-2972
-127.40625,45.02291667,-2969
-127.4020833,45.02291667,-2950
-127.3979167,45.02291667,-2940
-127.39375,45.02291667,-2929
-127.3895833,45.02291667,-2923
-127.3854167,45.02291667,-2920
-127.38125,45.02291667,-2913
-127.3770833,45.02291667,-2905
-127.3729167,45.02291667,-2900
-127.36875,45.02291667,-2899
-127.3645833,45.02291667,-2898
-127.3604167,45.02291667,-2898
-127.35625,45.02291667,-2898
-127.3520833,45.02291667,-2897
-127.3479167,45.02291667,-2897
-127.34375,45.02291667,-2897
-127.3395833,45.02291667,-2900
-127.3354167,45.02291667,-2901
-127.33125,45.02291667,-2903
-127.3270833,45.02291667,-2914
-127.3229167,45.02291667,-2927
-127.31875,45.02291667,-2950
-127.3145833,45.02291667,-3011
-127.3104167,45.02291667,-3047
-127.30625,45.02291667,-3052
-127.3020833,45.02291667,-3055
-127.2979167,45.02291667,-3054
-127.29375,45.02291667,-3055
-127.2895833,45.02291667,-3051
-127.2854167,45.02291667,-2938
-127.28125,45.02291667,-2924
-127.2770833,45.02291667,-2919
-127.2729167,45.02291667,-2914
-127.26875,45.02291667,-2911
-127.2645833,45.02291667,-2907
-127.2604167,45.02291667,-2904
-127.25625,45.02291667,-2902
-127.2520833,45.02291667,-2901
-127.2479167,45.02291667,-2899
-127.24375,45.02291667,-2896
-127.2395833,45.02291667,-2894
-127.2354167,45.02291667,-2893
-127.23125,45.02291667,-2893
-127.2270833,45.02291667,-2891
-127.2229167,45.02291667,-2888
-127.21875,45.02291667,-2888
-127.2145833,45.02291667,-2886
-127.2104167,45.02291667,-2884
-127.20625,45.02291667,-2885
-127.2020833,45.02291667,-2883
-127.1979167,45.02291667,-2881
-127.19375,45.02291667,-2879
-127.1895833,45.02291667,-2873
-127.1854167,45.02291667,-2871
-127.18125,45.02291667,-2868
-127.1770833,45.02291667,-2866
-127.1729167,45.02291667,-2865
-127.16875,45.02291667,-2864
-127.1645833,45.02291667,-2863
-127.1604167,45.02291667,-2862
-127.15625,45.02291667,-2861
-127.1520833,45.02291667,-2860
-127.1479167,45.02291667,-2859
-127.14375,45.02291667,-2857
-127.1395833,45.02291667,-2856
-127.1354167,45.02291667,-2855
-127.13125,45.02291667,-2854
-127.1270833,45.02291667,-2854
-127.1229167,45.02291667,-2853
-127.11875,45.02291667,-2853
-127.1145833,45.02291667,-2853
-127.1104167,45.02291667,-2852
-127.10625,45.02291667,-2852
-127.1020833,45.02291667,-2852
-127.0979167,45.02291667,-2852
-127.09375,45.02291667,-2851
-127.0895833,45.02291667,-2849
-127.0854167,45.02291667,-2847
-127.08125,45.02291667,-2844
-127.0770833,45.02291667,-2843
-127.0729167,45.02291667,-2843
-127.06875,45.02291667,-2842
-127.0645833,45.02291667,-2842
-127.0604167,45.02291667,-2842
-127.05625,45.02291667,-2842
-127.0520833,45.02291667,-2842
-127.0479167,45.02291667,-2842
-127.04375,45.02291667,-2842
-127.0395833,45.02291667,-2842
-127.0354167,45.02291667,-2842
-127.03125,45.02291667,-2842
-127.0270833,45.02291667,-2842
-127.0229167,45.02291667,-2842
-127.01875,45.02291667,-2843
-127.0145833,45.02291667,-2843
-127.0104167,45.02291667,-2843
-127.00625,45.02291667,-2843
-127.0020833,45.02291667,-2843
-127.4979167,45.02708333,-2971
-127.49375,45.02708333,-2971
-127.4895833,45.02708333,-2973
-127.4854167,45.02708333,-2973
-127.48125,45.02708333,-2974
-127.4770833,45.02708333,-2974
-127.4729167,45.02708333,-2969
-127.46875,45.02708333,-2967
-127.4645833,45.02708333,-2973
-127.4604167,45.02708333,-2976
-127.45625,45.02708333,-2975
-127.4520833,45.02708333,-2976
-127.4479167,45.02708333,-2976
-127.44375,45.02708333,-2976
-127.4395833,45.02708333,-2976
-127.4354167,45.02708333,-2976
-127.43125,45.02708333,-2974
-127.4270833,45.02708333,-2974
-127.4229167,45.02708333,-2969
-127.41875,45.02708333,-2960
-127.4145833,45.02708333,-2957
-127.4104167,45.02708333,-2943
-127.40625,45.02708333,-2937
-127.4020833,45.02708333,-2930
-127.3979167,45.02708333,-2921
-127.39375,45.02708333,-2915
-127.3895833,45.02708333,-2912
-127.3854167,45.02708333,-2910
-127.38125,45.02708333,-2907
-127.3770833,45.02708333,-2901
-127.3729167,45.02708333,-2898
-127.36875,45.02708333,-2898
-127.3645833,45.02708333,-2898
-127.3604167,45.02708333,-2897
-127.35625,45.02708333,-2897
-127.3520833,45.02708333,-2897
-127.3479167,45.02708333,-2884
-127.34375,45.02708333,-2900
-127.3395833,45.02708333,-2902
-127.3354167,45.02708333,-2904
-127.33125,45.02708333,-2910
-127.3270833,45.02708333,-2925
-127.3229167,45.02708333,-2938
-127.31875,45.02708333,-2971
-127.3145833,45.02708333,-3046
-127.3104167,45.02708333,-3055
-127.30625,45.02708333,-3057
-127.3020833,45.02708333,-3057
-127.2979167,45.02708333,-3056
-127.29375,45.02708333,-3043
-127.2895833,45.02708333,-2997
-127.2854167,45.02708333,-2925
-127.28125,45.02708333,-2924
-127.2770833,45.02708333,-2916
-127.2729167,45.02708333,-2914
-127.26875,45.02708333,-2910
-127.2645833,45.02708333,-2908
-127.2604167,45.02708333,-2905
-127.25625,45.02708333,-2903
-127.2520833,45.02708333,-2902
-127.2479167,45.02708333,-2900
-127.24375,45.02708333,-2897
-127.2395833,45.02708333,-2897
-127.2354167,45.02708333,-2895
-127.23125,45.02708333,-2894
-127.2270833,45.02708333,-2892
-127.2229167,45.02708333,-2890
-127.21875,45.02708333,-2889
-127.2145833,45.02708333,-2889
-127.2104167,45.02708333,-2886
-127.20625,45.02708333,-2886
-127.2020833,45.02708333,-2884
-127.1979167,45.02708333,-2882
-127.19375,45.02708333,-2882
-127.1895833,45.02708333,-2880
-127.1854167,45.02708333,-2880
-127.18125,45.02708333,-2865
-127.1770833,45.02708333,-2865
-127.1729167,45.02708333,-2864
-127.16875,45.02708333,-2863
-127.1645833,45.02708333,-2863
-127.1604167,45.02708333,-2862
-127.15625,45.02708333,-2861
-127.1520833,45.02708333,-2860
-127.1479167,45.02708333,-2859
-127.14375,45.02708333,-2858
-127.1395833,45.02708333,-2857
-127.1354167,45.02708333,-2856
-127.13125,45.02708333,-2855
-127.1270833,45.02708333,-2854
-127.1229167,45.02708333,-2853
-127.11875,45.02708333,-2853
-127.1145833,45.02708333,-2853
-127.1104167,45.02708333,-2853
-127.10625,45.02708333,-2853
-127.1020833,45.02708333,-2852
-127.0979167,45.02708333,-2852
-127.09375,45.02708333,-2851
-127.0895833,45.02708333,-2848
-127.0854167,45.02708333,-2846
-127.08125,45.02708333,-2843
-127.0770833,45.02708333,-2842
-127.0729167,45.02708333,-2842
-127.06875,45.02708333,-2842
-127.0645833,45.02708333,-2841
-127.0604167,45.02708333,-2841
-127.05625,45.02708333,-2841
-127.0520833,45.02708333,-2841
-127.0479167,45.02708333,-2841
-127.04375,45.02708333,-2842
-127.0395833,45.02708333,-2842
-127.0354167,45.02708333,-2842
-127.03125,45.02708333,-2842
-127.0270833,45.02708333,-2842
-127.0229167,45.02708333,-2842
-127.01875,45.02708333,-2842
-127.0145833,45.02708333,-2842
-127.0104167,45.02708333,-2842
-127.00625,45.02708333,-2842
-127.0020833,45.02708333,-2842
-127.4979167,45.03125,-2969
-127.49375,45.03125,-2951
-127.4895833,45.03125,-2950
-127.4854167,45.03125,-2948
-127.48125,45.03125,-2947
-127.4770833,45.03125,-2945
-127.4729167,45.03125,-2945
-127.46875,45.03125,-2945
-127.4645833,45.03125,-2940
-127.4604167,45.03125,-2936
-127.45625,45.03125,-2941
-127.4520833,45.03125,-2945
-127.4479167,45.03125,-2945
-127.44375,45.03125,-2944
-127.4395833,45.03125,-2937
-127.4354167,45.03125,-2931
-127.43125,45.03125,-2924
-127.4270833,45.03125,-2917
-127.4229167,45.03125,-2909
-127.41875,45.03125,-2901
-127.4145833,45.03125,-2898
-127.4104167,45.03125,-2895
-127.40625,45.03125,-2892
-127.4020833,45.03125,-2887
-127.3979167,45.03125,-2879
-127.39375,45.03125,-2872
-127.3895833,45.03125,-2871
-127.3854167,45.03125,-2869
-127.38125,45.03125,-2865
-127.3770833,45.03125,-2862
-127.3729167,45.03125,-2861
-127.36875,45.03125,-2861
-127.3645833,45.03125,-2861
-127.3604167,45.03125,-2863
-127.35625,45.03125,-2866
-127.3520833,45.03125,-2869
-127.3479167,45.03125,-2889
-127.34375,45.03125,-2903
-127.3395833,45.03125,-2907
-127.3354167,45.03125,-2909
-127.33125,45.03125,-2916
-127.3270833,45.03125,-2933
-127.3229167,45.03125,-2958
-127.31875,45.03125,-3022
-127.3145833,45.03125,-3043
-127.3104167,45.03125,-3058
-127.30625,45.03125,-3017
-127.3020833,45.03125,-3013
-127.2979167,45.03125,-3060
-127.29375,45.03125,-2994
-127.2895833,45.03125,-2945
-127.2854167,45.03125,-2925
-127.28125,45.03125,-2922
-127.2770833,45.03125,-2915
-127.2729167,45.03125,-2912
-127.26875,45.03125,-2911
-127.2645833,45.03125,-2908
-127.2604167,45.03125,-2905
-127.25625,45.03125,-2902
-127.2520833,45.03125,-2902
-127.2479167,45.03125,-2902
-127.24375,45.03125,-2901
-127.2395833,45.03125,-2899
-127.2354167,45.03125,-2896
-127.23125,45.03125,-2895
-127.2270833,45.03125,-2894
-127.2229167,45.03125,-2893
-127.21875,45.03125,-2890
-127.2145833,45.03125,-2891
-127.2104167,45.03125,-2890
-127.20625,45.03125,-2889
-127.2020833,45.03125,-2886
-127.1979167,45.03125,-2885
-127.19375,45.03125,-2884
-127.1895833,45.03125,-2864
-127.1854167,45.03125,-2863
-127.18125,45.03125,-2860
-127.1770833,45.03125,-2860
-127.1729167,45.03125,-2861
-127.16875,45.03125,-2862
-127.1645833,45.03125,-2862
-127.1604167,45.03125,-2861
-127.15625,45.03125,-2861
-127.1520833,45.03125,-2860
-127.1479167,45.03125,-2859
-127.14375,45.03125,-2858
-127.1395833,45.03125,-2857
-127.1354167,45.03125,-2856
-127.13125,45.03125,-2855
-127.1270833,45.03125,-2854
-127.1229167,45.03125,-2854
-127.11875,45.03125,-2853
-127.1145833,45.03125,-2853
-127.1104167,45.03125,-2853
-127.10625,45.03125,-2852
-127.1020833,45.03125,-2851
-127.0979167,45.03125,-2851
-127.09375,45.03125,-2850
-127.0895833,45.03125,-2848
-127.0854167,45.03125,-2846
-127.08125,45.03125,-2844
-127.0770833,45.03125,-2842
-127.0729167,45.03125,-2842
-127.06875,45.03125,-2842
-127.0645833,45.03125,-2841
-127.0604167,45.03125,-2841
-127.05625,45.03125,-2841
-127.0520833,45.03125,-2841
-127.0479167,45.03125,-2841
-127.04375,45.03125,-2841
-127.0395833,45.03125,-2841
-127.0354167,45.03125,-2841
-127.03125,45.03125,-2841
-127.0270833,45.03125,-2841
-127.0229167,45.03125,-2841
-127.01875,45.03125,-2841
-127.0145833,45.03125,-2841
-127.0104167,45.03125,-2841
-127.00625,45.03125,-2841
-127.0020833,45.03125,-2841
-127.4979167,45.03541667,-2961
-127.49375,45.03541667,-2953
-127.4895833,45.03541667,-2951
-127.4854167,45.03541667,-2950
-127.48125,45.03541667,-2949
-127.4770833,45.03541667,-2949
-127.4729167,45.03541667,-2949
-127.46875,45.03541667,-2949
-127.4645833,45.03541667,-2950
-127.4604167,45.03541667,-2950
-127.45625,45.03541667,-2946
-127.4520833,45.03541667,-2943
-127.4479167,45.03541667,-2941
-127.44375,45.03541667,-2937
-127.4395833,45.03541667,-2927
-127.4354167,45.03541667,-2917
-127.43125,45.03541667,-2911
-127.4270833,45.03541667,-2904
-127.4229167,45.03541667,-2898
-127.41875,45.03541667,-2892
-127.4145833,45.03541667,-2887
-127.4104167,45.03541667,-2883
-127.40625,45.03541667,-2883
-127.4020833,45.03541667,-2882
-127.3979167,45.03541667,-2877
-127.39375,45.03541667,-2873
-127.3895833,45.03541667,-2872
-127.3854167,45.03541667,-2871
-127.38125,45.03541667,-2868
-127.3770833,45.03541667,-2866
-127.3729167,45.03541667,-2867
-127.36875,45.03541667,-2868
-127.3645833,45.03541667,-2867
-127.3604167,45.03541667,-2867
-127.35625,45.03541667,-2869
-127.3520833,45.03541667,-2871
-127.3479167,45.03541667,-2876
-127.34375,45.03541667,-2882
-127.3395833,45.03541667,-2891
-127.3354167,45.03541667,-2907
-127.33125,45.03541667,-2947
-127.3270833,45.03541667,-2984
-127.3229167,45.03541667,-3009
-127.31875,45.03541667,-3027
-127.3145833,45.03541667,-3021
-127.3104167,45.03541667,-3017
-127.30625,45.03541667,-3020
-127.3020833,45.03541667,-3006
-127.2979167,45.03541667,-2942
-127.29375,45.03541667,-2892
-127.2895833,45.03541667,-2885
-127.2854167,45.03541667,-2879
-127.28125,45.03541667,-2876
-127.2770833,45.03541667,-2873
-127.2729167,45.03541667,-2870
-127.26875,45.03541667,-2868
-127.2645833,45.03541667,-2867
-127.2604167,45.03541667,-2866
-127.25625,45.03541667,-2863
-127.2520833,45.03541667,-2862
-127.2479167,45.03541667,-2863
-127.24375,45.03541667,-2864
-127.2395833,45.03541667,-2864
-127.2354167,45.03541667,-2862
-127.23125,45.03541667,-2858
-127.2270833,45.03541667,-2855
-127.2229167,45.03541667,-2854
-127.21875,45.03541667,-2854
-127.2145833,45.03541667,-2856
-127.2104167,45.03541667,-2860
-127.20625,45.03541667,-2865
-127.2020833,45.03541667,-2869
-127.1979167,45.03541667,-2867
-127.19375,45.03541667,-2865
-127.1895833,45.03541667,-2860
-127.1854167,45.03541667,-2857
-127.18125,45.03541667,-2856
-127.1770833,45.03541667,-2857
-127.1729167,45.03541667,-2859
-127.16875,45.03541667,-2860
-127.1645833,45.03541667,-2860
-127.1604167,45.03541667,-2860
-127.15625,45.03541667,-2859
-127.1520833,45.03541667,-2859
-127.1479167,45.03541667,-2858
-127.14375,45.03541667,-2857
-127.1395833,45.03541667,-2857
-127.1354167,45.03541667,-2856
-127.13125,45.03541667,-2855
-127.1270833,45.03541667,-2854
-127.1229167,45.03541667,-2854
-127.11875,45.03541667,-2854
-127.1145833,45.03541667,-2853
-127.1104167,45.03541667,-2852
-127.10625,45.03541667,-2851
-127.1020833,45.03541667,-2850
-127.0979167,45.03541667,-2850
-127.09375,45.03541667,-2849
-127.0895833,45.03541667,-2848
-127.0854167,45.03541667,-2847
-127.08125,45.03541667,-2845
-127.0770833,45.03541667,-2843
-127.0729167,45.03541667,-2842
-127.06875,45.03541667,-2841
-127.0645833,45.03541667,-2841
-127.0604167,45.03541667,-2841
-127.05625,45.03541667,-2840
-127.0520833,45.03541667,-2840
-127.0479167,45.03541667,-2840
-127.04375,45.03541667,-2840
-127.0395833,45.03541667,-2840
-127.0354167,45.03541667,-2840
-127.03125,45.03541667,-2840
-127.0270833,45.03541667,-2840
-127.0229167,45.03541667,-2840
-127.01875,45.03541667,-2840
-127.0145833,45.03541667,-2840
-127.0104167,45.03541667,-2841
-127.00625,45.03541667,-2840
-127.0020833,45.03541667,-2840
-127.4979167,45.03958333,-2956
-127.49375,45.03958333,-2955
-127.4895833,45.03958333,-2954
-127.4854167,45.03958333,-2954
-127.48125,45.03958333,-2953
-127.4770833,45.03958333,-2952
-127.4729167,45.03958333,-2952
-127.46875,45.03958333,-2953
-127.4645833,45.03958333,-2952
-127.4604167,45.03958333,-2951
-127.45625,45.03958333,-2942
-127.4520833,45.03958333,-2933
-127.4479167,45.03958333,-2928
-127.44375,45.03958333,-2922
-127.4395833,45.03958333,-2911
-127.4354167,45.03958333,-2900
-127.43125,45.03958333,-2895
-127.4270833,45.03958333,-2891
-127.4229167,45.03958333,-2890
-127.41875,45.03958333,-2888
-127.4145833,45.03958333,-2885
-127.4104167,45.03958333,-2882
-127.40625,45.03958333,-2880
-127.4020833,45.03958333,-2879
-127.3979167,45.03958333,-2877
-127.39375,45.03958333,-2874
-127.3895833,45.03958333,-2873
-127.3854167,45.03958333,-2871
-127.38125,45.03958333,-2870
-127.3770833,45.03958333,-2869
-127.3729167,45.03958333,-2871
-127.36875,45.03958333,-2873
-127.3645833,45.03958333,-2873
-127.3604167,45.03958333,-2874
-127.35625,45.03958333,-2876
-127.3520833,45.03958333,-2879
-127.3479167,45.03958333,-2889
-127.34375,45.03958333,-2898
-127.3395833,45.03958333,-2907
-127.3354167,45.03958333,-2925
-127.33125,45.03958333,-2979
-127.3270833,45.03958333,-3022
-127.3229167,45.03958333,-3026
-127.31875,45.03958333,-3029
-127.3145833,45.03958333,-3027
-127.3104167,45.03958333,-3024
-127.30625,45.03958333,-3015
-127.3020833,45.03958333,-2993
-127.2979167,45.03958333,-2934
-127.29375,45.03958333,-2888
-127.2895833,45.03958333,-2885
-127.2854167,45.03958333,-2882
-127.28125,45.03958333,-2878
-127.2770833,45.03958333,-2876
-127.2729167,45.03958333,-2874
-127.26875,45.03958333,-2872
-127.2645833,45.03958333,-2871
-127.2604167,45.03958333,-2870
-127.25625,45.03958333,-2868
-127.2520833,45.03958333,-2867
-127.2479167,45.03958333,-2864
-127.24375,45.03958333,-2862
-127.2395833,45.03958333,-2861
-127.2354167,45.03958333,-2860
-127.23125,45.03958333,-2858
-127.2270833,45.03958333,-2856
-127.2229167,45.03958333,-2855
-127.21875,45.03958333,-2854
-127.2145833,45.03958333,-2855
-127.2104167,45.03958333,-2856
-127.20625,45.03958333,-2855
-127.2020833,45.03958333,-2855
-127.1979167,45.03958333,-2857
-127.19375,45.03958333,-2857
-127.1895833,45.03958333,-2855
-127.1854167,45.03958333,-2853
-127.18125,45.03958333,-2853
-127.1770833,45.03958333,-2853
-127.1729167,45.03958333,-2854
-127.16875,45.03958333,-2855
-127.1645833,45.03958333,-2857
-127.1604167,45.03958333,-2858
-127.15625,45.03958333,-2858
-127.1520833,45.03958333,-2858
-127.1479167,45.03958333,-2857
-127.14375,45.03958333,-2857
-127.1395833,45.03958333,-2856
-127.1354167,45.03958333,-2856
-127.13125,45.03958333,-2855
-127.1270833,45.03958333,-2854
-127.1229167,45.03958333,-2854
-127.11875,45.03958333,-2853
-127.1145833,45.03958333,-2852
-127.1104167,45.03958333,-2851
-127.10625,45.03958333,-2850
-127.1020833,45.03958333,-2850
-127.0979167,45.03958333,-2849
-127.09375,45.03958333,-2848
-127.0895833,45.03958333,-2848
-127.0854167,45.03958333,-2847
-127.08125,45.03958333,-2845
-127.0770833,45.03958333,-2843
-127.0729167,45.03958333,-2842
-127.06875,45.03958333,-2841
-127.0645833,45.03958333,-2841
-127.0604167,45.03958333,-2841
-127.05625,45.03958333,-2840
-127.0520833,45.03958333,-2840
-127.0479167,45.03958333,-2840
-127.04375,45.03958333,-2840
-127.0395833,45.03958333,-2840
-127.0354167,45.03958333,-2840
-127.03125,45.03958333,-2840
-127.0270833,45.03958333,-2840
-127.0229167,45.03958333,-2840
-127.01875,45.03958333,-2840
-127.0145833,45.03958333,-2840
-127.0104167,45.03958333,-2840
-127.00625,45.03958333,-2840
-127.0020833,45.03958333,-2840
-127.4979167,45.04375,-2956
-127.49375,45.04375,-2956
-127.4895833,45.04375,-2957
-127.4854167,45.04375,-2957
-127.48125,45.04375,-2955
-127.4770833,45.04375,-2954
-127.4729167,45.04375,-2951
-127.46875,45.04375,-2948
-127.4645833,45.04375,-2945
-127.4604167,45.04375,-2941
-127.45625,45.04375,-2931
-127.4520833,45.04375,-2922
-127.4479167,45.04375,-2913
-127.44375,45.04375,-2904
-127.4395833,45.04375,-2896
-127.4354167,45.04375,-2888
-127.43125,45.04375,-2885
-127.4270833,45.04375,-2883
-127.4229167,45.04375,-2884
-127.41875,45.04375,-2884
-127.4145833,45.04375,-2883
-127.4104167,45.04375,-2882
-127.40625,45.04375,-2880
-127.4020833,45.04375,-2879
-127.3979167,45.04375,-2878
-127.39375,45.04375,-2876
-127.3895833,45.04375,-2875
-127.3854167,45.04375,-2874
-127.38125,45.04375,-2873
-127.3770833,45.04375,-2874
-127.3729167,45.04375,-2876
-127.36875,45.04375,-2878
-127.3645833,45.04375,-2879
-127.3604167,45.04375,-2880
-127.35625,45.04375,-2884
-127.3520833,45.04375,-2889
-127.3479167,45.04375,-2897
-127.34375,45.04375,-2908
-127.3395833,45.04375,-2931
-127.3354167,45.04375,-2958
-127.33125,45.04375,-3000
-127.3270833,45.04375,-3032
-127.3229167,45.04375,-3031
-127.31875,45.04375,-3030
-127.3145833,45.04375,-3031
-127.3104167,45.04375,-3023
-127.30625,45.04375,-2983
-127.3020833,45.04375,-2945
-127.2979167,45.04375,-2914
-127.29375,45.04375,-2890
-127.2895833,45.04375,-2887
-127.2854167,45.04375,-2884
-127.28125,45.04375,-2881
-127.2770833,45.04375,-2879
-127.2729167,45.04375,-2877
-127.26875,45.04375,-2875
-127.2645833,45.04375,-2873
-127.2604167,45.04375,-2872
-127.25625,45.04375,-2869
-127.2520833,45.04375,-2867
-127.2479167,45.04375,-2866
-127.24375,45.04375,-2865
-127.2395833,45.04375,-2864
-127.2354167,45.04375,-2862
-127.23125,45.04375,-2862
-127.2270833,45.04375,-2861
-127.2229167,45.04375,-2860
-127.21875,45.04375,-2859
-127.2145833,45.04375,-2858
-127.2104167,45.04375,-2857
-127.20625,45.04375,-2856
-127.2020833,45.04375,-2855
-127.1979167,45.04375,-2855
-127.19375,45.04375,-2854
-127.1895833,45.04375,-2853
-127.1854167,45.04375,-2851
-127.18125,45.04375,-2851
-127.1770833,45.04375,-2850
-127.1729167,45.04375,-2851
-127.16875,45.04375,-2851
-127.1645833,45.04375,-2853
-127.1604167,45.04375,-2854
-127.15625,45.04375,-2856
-127.1520833,45.04375,-2856
-127.1479167,45.04375,-2856
-127.14375,45.04375,-2856
-127.1395833,45.04375,-2856
-127.1354167,45.04375,-2855
-127.13125,45.04375,-2854
-127.1270833,45.04375,-2853
-127.1229167,45.04375,-2853
-127.11875,45.04375,-2852
-127.1145833,45.04375,-2851
-127.1104167,45.04375,-2851
-127.10625,45.04375,-2850
-127.1020833,45.04375,-2850
-127.0979167,45.04375,-2849
-127.09375,45.04375,-2848
-127.0895833,45.04375,-2847
-127.0854167,45.04375,-2846
-127.08125,45.04375,-2845
-127.0770833,45.04375,-2843
-127.0729167,45.04375,-2842
-127.06875,45.04375,-2841
-127.0645833,45.04375,-2840
-127.0604167,45.04375,-2840
-127.05625,45.04375,-2840
-127.0520833,45.04375,-2840
-127.0479167,45.04375,-2840
-127.04375,45.04375,-2840
-127.0395833,45.04375,-2839
-127.0354167,45.04375,-2839
-127.03125,45.04375,-2839
-127.0270833,45.04375,-2839
-127.0229167,45.04375,-2838
-127.01875,45.04375,-2838
-127.0145833,45.04375,-2838
-127.0104167,45.04375,-2838
-127.00625,45.04375,-2838
-127.0020833,45.04375,-2839
-127.4979167,45.04791667,-2957
-127.49375,45.04791667,-2957
-127.4895833,45.04791667,-2956
-127.4854167,45.04791667,-2954
-127.48125,45.04791667,-2950
-127.4770833,45.04791667,-2945
-127.4729167,45.04791667,-2936
-127.46875,45.04791667,-2928
-127.4645833,45.04791667,-2924
-127.4604167,45.04791667,-2920
-127.45625,45.04791667,-2918
-127.4520833,45.04791667,-2915
-127.4479167,45.04791667,-2904
-127.44375,45.04791667,-2894
-127.4395833,45.04791667,-2891
-127.4354167,45.04791667,-2888
-127.43125,45.04791667,-2886
-127.4270833,45.04791667,-2884
-127.4229167,45.04791667,-2883
-127.41875,45.04791667,-2883
-127.4145833,45.04791667,-2883
-127.4104167,45.04791667,-2882
-127.40625,45.04791667,-2881
-127.4020833,45.04791667,-2880
-127.3979167,45.04791667,-2879
-127.39375,45.04791667,-2879
-127.3895833,45.04791667,-2878
-127.3854167,45.04791667,-2877
-127.38125,45.04791667,-2879
-127.3770833,45.04791667,-2880
-127.3729167,45.04791667,-2882
-127.36875,45.04791667,-2884
-127.3645833,45.04791667,-2886
-127.3604167,45.04791667,-2890
-127.35625,45.04791667,-2896
-127.3520833,45.04791667,-2902
-127.3479167,45.04791667,-2909
-127.34375,45.04791667,-2924
-127.3395833,45.04791667,-2971
-127.3354167,45.04791667,-3010
-127.33125,45.04791667,-3023
-127.3270833,45.04791667,-3033
-127.3229167,45.04791667,-3032
-127.31875,45.04791667,-3031
-127.3145833,45.04791667,-3029
-127.3104167,45.04791667,-3012
-127.30625,45.04791667,-2949
-127.3020833,45.04791667,-2900
-127.2979167,45.04791667,-2895
-127.29375,45.04791667,-2891
-127.2895833,45.04791667,-2888
-127.2854167,45.04791667,-2886
-127.28125,45.04791667,-2883
-127.2770833,45.04791667,-2881
-127.2729167,45.04791667,-2880
-127.26875,45.04791667,-2878
-127.2645833,45.04791667,-2877
-127.2604167,45.04791667,-2875
-127.25625,45.04791667,-2873
-127.2520833,45.04791667,-2871
-127.2479167,45.04791667,-2870
-127.24375,45.04791667,-2870
-127.2395833,45.04791667,-2868
-127.2354167,45.04791667,-2867
-127.23125,45.04791667,-2865
-127.2270833,45.04791667,-2864
-127.2229167,45.04791667,-2863
-127.21875,45.04791667,-2862
-127.2145833,45.04791667,-2860
-127.2104167,45.04791667,-2859
-127.20625,45.04791667,-2858
-127.2020833,45.04791667,-2857
-127.1979167,45.04791667,-2857
-127.19375,45.04791667,-2856
-127.1895833,45.04791667,-2855
-127.1854167,45.04791667,-2854
-127.18125,45.04791667,-2853
-127.1770833,45.04791667,-2852
-127.1729167,45.04791667,-2851
-127.16875,45.04791667,-2851
-127.1645833,45.04791667,-2851
-127.1604167,45.04791667,-2852
-127.15625,45.04791667,-2853
-127.1520833,45.04791667,-2854
-127.1479167,45.04791667,-2855
-127.14375,45.04791667,-2854
-127.1395833,45.04791667,-2854
-127.1354167,45.04791667,-2853
-127.13125,45.04791667,-2853
-127.1270833,45.04791667,-2853
-127.1229167,45.04791667,-2852
-127.11875,45.04791667,-2852
-127.1145833,45.04791667,-2851
-127.1104167,45.04791667,-2851
-127.10625,45.04791667,-2850
-127.1020833,45.04791667,-2850
-127.0979167,45.04791667,-2849
-127.09375,45.04791667,-2848
-127.0895833,45.04791667,-2847
-127.0854167,45.04791667,-2846
-127.08125,45.04791667,-2845
-127.0770833,45.04791667,-2844
-127.0729167,45.04791667,-2842
-127.06875,45.04791667,-2841
-127.0645833,45.04791667,-2840
-127.0604167,45.04791667,-2840
-127.05625,45.04791667,-2839
-127.0520833,45.04791667,-2839
-127.0479167,45.04791667,-2839
-127.04375,45.04791667,-2839
-127.0395833,45.04791667,-2838
-127.0354167,45.04791667,-2838
-127.03125,45.04791667,-2838
-127.0270833,45.04791667,-2838
-127.0229167,45.04791667,-2837
-127.01875,45.04791667,-2836
-127.0145833,45.04791667,-2836
-127.0104167,45.04791667,-2836
-127.00625,45.04791667,-2835
-127.0020833,45.04791667,-2835
-127.4979167,45.05208333,-2955
-127.49375,45.05208333,-2952
-127.4895833,45.05208333,-2945
-127.4854167,45.05208333,-2938
-127.48125,45.05208333,-2931
-127.4770833,45.05208333,-2924
-127.4729167,45.05208333,-2914
-127.46875,45.05208333,-2906
-127.4645833,45.05208333,-2906
-127.4604167,45.05208333,-2907
-127.45625,45.05208333,-2909
-127.4520833,45.05208333,-2910
-127.4479167,45.05208333,-2903
-127.44375,45.05208333,-2896
-127.4395833,45.05208333,-2892
-127.4354167,45.05208333,-2889
-127.43125,45.05208333,-2886
-127.4270833,45.05208333,-2883
-127.4229167,45.05208333,-2884
-127.41875,45.05208333,-2884
-127.4145833,45.05208333,-2884
-127.4104167,45.05208333,-2884
-127.40625,45.05208333,-2883
-127.4020833,45.05208333,-2882
-127.3979167,45.05208333,-2882
-127.39375,45.05208333,-2881
-127.3895833,45.05208333,-2882
-127.3854167,45.05208333,-2882
-127.38125,45.05208333,-2884
-127.3770833,45.05208333,-2886
-127.3729167,45.05208333,-2889
-127.36875,45.05208333,-2891
-127.3645833,45.05208333,-2895
-127.3604167,45.05208333,-2899
-127.35625,45.05208333,-2908
-127.3520833,45.05208333,-2918
-127.3479167,45.05208333,-2933
-127.34375,45.05208333,-2955
-127.3395833,45.05208333,-3001
-127.3354167,45.05208333,-3036
-127.33125,45.05208333,-3035
-127.3270833,45.05208333,-3035
-127.3229167,45.05208333,-3034
-127.31875,45.05208333,-3028
-127.3145833,45.05208333,-3002
-127.3104167,45.05208333,-2971
-127.30625,45.05208333,-2928
-127.3020833,45.05208333,-2895
-127.2979167,45.05208333,-2894
-127.29375,45.05208333,-2892
-127.2895833,45.05208333,-2890
-127.2854167,45.05208333,-2887
-127.28125,45.05208333,-2885
-127.2770833,45.05208333,-2884
-127.2729167,45.05208333,-2882
-127.26875,45.05208333,-2880
-127.2645833,45.05208333,-2879
-127.2604167,45.05208333,-2877
-127.25625,45.05208333,-2875
-127.2520833,45.05208333,-2874
-127.2479167,45.05208333,-2873
-127.24375,45.05208333,-2872
-127.2395833,45.05208333,-2871
-127.2354167,45.05208333,-2869
-127.23125,45.05208333,-2868
-127.2270833,45.05208333,-2866
-127.2229167,45.05208333,-2865
-127.21875,45.05208333,-2864
-127.2145833,45.05208333,-2863
-127.2104167,45.05208333,-2862
-127.20625,45.05208333,-2861
-127.2020833,45.05208333,-2859
-127.1979167,45.05208333,-2859
-127.19375,45.05208333,-2858
-127.1895833,45.05208333,-2857
-127.1854167,45.05208333,-2856
-127.18125,45.05208333,-2855
-127.1770833,45.05208333,-2854
-127.1729167,45.05208333,-2853
-127.16875,45.05208333,-2852
-127.1645833,45.05208333,-2852
-127.1604167,45.05208333,-2852
-127.15625,45.05208333,-2852
-127.1520833,45.05208333,-2853
-127.1479167,45.05208333,-2854
-127.14375,45.05208333,-2854
-127.1395833,45.05208333,-2853
-127.1354167,45.05208333,-2853
-127.13125,45.05208333,-2853
-127.1270833,45.05208333,-2852
-127.1229167,45.05208333,-2852
-127.11875,45.05208333,-2852
-127.1145833,45.05208333,-2852
-127.1104167,45.05208333,-2851
-127.10625,45.05208333,-2851
-127.1020833,45.05208333,-2850
-127.0979167,45.05208333,-2850
-127.09375,45.05208333,-2849
-127.0895833,45.05208333,-2848
-127.0854167,45.05208333,-2847
-127.08125,45.05208333,-2847
-127.0770833,45.05208333,-2846
-127.0729167,45.05208333,-2844
-127.06875,45.05208333,-2843
-127.0645833,45.05208333,-2841
-127.0604167,45.05208333,-2841
-127.05625,45.05208333,-2840
-127.0520833,45.05208333,-2840
-127.0479167,45.05208333,-2840
-127.04375,45.05208333,-2840
-127.0395833,45.05208333,-2839
-127.0354167,45.05208333,-2839
-127.03125,45.05208333,-2839
-127.0270833,45.05208333,-2838
-127.0229167,45.05208333,-2837
-127.01875,45.05208333,-2837
-127.0145833,45.05208333,-2837
-127.0104167,45.05208333,-2837
-127.00625,45.05208333,-2836
-127.0020833,45.05208333,-2836
-127.4979167,45.05625,-2948
-127.49375,45.05625,-2945
-127.4895833,45.05625,-2931
-127.4854167,45.05625,-2918
-127.48125,45.05625,-2911
-127.4770833,45.05625,-2905
-127.4729167,45.05625,-2902
-127.46875,45.05625,-2899
-127.4645833,45.05625,-2902
-127.4604167,45.05625,-2904
-127.45625,45.05625,-2901
-127.4520833,45.05625,-2899
-127.4479167,45.05625,-2894
-127.44375,45.05625,-2890
-127.4395833,45.05625,-2888
-127.4354167,45.05625,-2886
-127.43125,45.05625,-2886
-127.4270833,45.05625,-2885
-127.4229167,45.05625,-2885
-127.41875,45.05625,-2885
-127.4145833,45.05625,-2885
-127.4104167,45.05625,-2885
-127.40625,45.05625,-2884
-127.4020833,45.05625,-2884
-127.3979167,45.05625,-2885
-127.39375,45.05625,-2886
-127.3895833,45.05625,-2887
-127.3854167,45.05625,-2889
-127.38125,45.05625,-2890
-127.3770833,45.05625,-2893
-127.3729167,45.05625,-2897
-127.36875,45.05625,-2901
-127.3645833,45.05625,-2904
-127.3604167,45.05625,-2908
-127.35625,45.05625,-2921
-127.3520833,45.05625,-2938
-127.3479167,45.05625,-2973
-127.34375,45.05625,-3004
-127.3395833,45.05625,-3022
-127.3354167,45.05625,-3036
-127.33125,45.05625,-3036
-127.3270833,45.05625,-3036
-127.3229167,45.05625,-3034
-127.31875,45.05625,-3020
-127.3145833,45.05625,-2963
-127.3104167,45.05625,-2917
-127.30625,45.05625,-2905
-127.3020833,45.05625,-2895
-127.2979167,45.05625,-2895
-127.29375,45.05625,-2893
-127.2895833,45.05625,-2891
-127.2854167,45.05625,-2889
-127.28125,45.05625,-2888
-127.2770833,45.05625,-2886
-127.2729167,45.05625,-2884
-127.26875,45.05625,-2882
-127.2645833,45.05625,-2881
-127.2604167,45.05625,-2880
-127.25625,45.05625,-2878
-127.2520833,45.05625,-2876
-127.2479167,45.05625,-2875
-127.24375,45.05625,-2875
-127.2395833,45.05625,-2873
-127.2354167,45.05625,-2871
-127.23125,45.05625,-2870
-127.2270833,45.05625,-2869
-127.2229167,45.05625,-2868
-127.21875,45.05625,-2866
-127.2145833,45.05625,-2865
-127.2104167,45.05625,-2863
-127.20625,45.05625,-2862
-127.2020833,45.05625,-2861
-127.1979167,45.05625,-2860
-127.19375,45.05625,-2859
-127.1895833,45.05625,-2859
-127.1854167,45.05625,-2858
-127.18125,45.05625,-2857
-127.1770833,45.05625,-2856
-127.1729167,45.05625,-2855
-127.16875,45.05625,-2854
-127.1645833,45.05625,-2854
-127.1604167,45.05625,-2853
-127.15625,45.05625,-2853
-127.1520833,45.05625,-2854
-127.1479167,45.05625,-2855
-127.14375,45.05625,-2855
-127.1395833,45.05625,-2854
-127.1354167,45.05625,-2854
-127.13125,45.05625,-2853
-127.1270833,45.05625,-2853
-127.1229167,45.05625,-2853
-127.11875,45.05625,-2853
-127.1145833,45.05625,-2853
-127.1104167,45.05625,-2852
-127.10625,45.05625,-2852
-127.1020833,45.05625,-2851
-127.0979167,45.05625,-2851
-127.09375,45.05625,-2850
-127.0895833,45.05625,-2850
-127.0854167,45.05625,-2849
-127.08125,45.05625,-2849
-127.0770833,45.05625,-2848
-127.0729167,45.05625,-2847
-127.06875,45.05625,-2846
-127.0645833,45.05625,-2844
-127.0604167,45.05625,-2843
-127.05625,45.05625,-2843
-127.0520833,45.05625,-2843
-127.0479167,45.05625,-2843
-127.04375,45.05625,-2842
-127.0395833,45.05625,-2842
-127.0354167,45.05625,-2841
-127.03125,45.05625,-2841
-127.0270833,45.05625,-2841
-127.0229167,45.05625,-2840
-127.01875,45.05625,-2840
-127.0145833,45.05625,-2840
-127.0104167,45.05625,-2841
-127.00625,45.05625,-2840
-127.0020833,45.05625,-2840
-127.4979167,45.06041667,-2931
-127.49375,45.06041667,-2932
-127.4895833,45.06041667,-2919
-127.4854167,45.06041667,-2907
-127.48125,45.06041667,-2900
-127.4770833,45.06041667,-2894
-127.4729167,45.06041667,-2896
-127.46875,45.06041667,-2899
-127.4645833,45.06041667,-2902
-127.4604167,45.06041667,-2904
-127.45625,45.06041667,-2900
-127.4520833,45.06041667,-2897
-127.4479167,45.06041667,-2894
-127.44375,45.06041667,-2892
-127.4395833,45.06041667,-2891
-127.4354167,45.06041667,-2890
-127.43125,45.06041667,-2889
-127.4270833,45.06041667,-2888
-127.4229167,45.06041667,-2887
-127.41875,45.06041667,-2887
-127.4145833,45.06041667,-2887
-127.4104167,45.06041667,-2887
-127.40625,45.06041667,-2887
-127.4020833,45.06041667,-2888
-127.3979167,45.06041667,-2890
-127.39375,45.06041667,-2891
-127.3895833,45.06041667,-2894
-127.3854167,45.06041667,-2896
-127.38125,45.06041667,-2898
-127.3770833,45.06041667,-2901
-127.3729167,45.06041667,-2909
-127.36875,45.06041667,-2915
-127.3645833,45.06041667,-2918
-127.3604167,45.06041667,-2924
-127.35625,45.06041667,-2946
-127.3520833,45.06041667,-2971
-127.3479167,45.06041667,-3008
-127.34375,45.06041667,-3037
-127.3395833,45.06041667,-3037
-127.3354167,45.06041667,-3038
-127.33125,45.06041667,-3038
-127.3270833,45.06041667,-3034
-127.3229167,45.06041667,-3011
-127.31875,45.06041667,-2983
-127.3145833,45.06041667,-2938
-127.3104167,45.06041667,-2902
-127.30625,45.06041667,-2899
-127.3020833,45.06041667,-2896
-127.2979167,45.06041667,-2895
-127.29375,45.06041667,-2894
-127.2895833,45.06041667,-2892
-127.2854167,45.06041667,-2891
-127.28125,45.06041667,-2889
-127.2770833,45.06041667,-2887
-127.2729167,45.06041667,-2885
-127.26875,45.06041667,-2883
-127.2645833,45.06041667,-2882
-127.2604167,45.06041667,-2881
-127.25625,45.06041667,-2879
-127.2520833,45.06041667,-2878
-127.2479167,45.06041667,-2877
-127.24375,45.06041667,-2877
-127.2395833,45.06041667,-2875
-127.2354167,45.06041667,-2873
-127.23125,45.06041667,-2873
-127.2270833,45.06041667,-2872
-127.2229167,45.06041667,-2870
-127.21875,45.06041667,-2868
-127.2145833,45.06041667,-2867
-127.2104167,45.06041667,-2866
-127.20625,45.06041667,-2864
-127.2020833,45.06041667,-2863
-127.1979167,45.06041667,-2863
-127.19375,45.06041667,-2862
-127.1895833,45.06041667,-2861
-127.1854167,45.06041667,-2860
-127.18125,45.06041667,-2859
-127.1770833,45.06041667,-2858
-127.1729167,45.06041667,-2858
-127.16875,45.06041667,-2857
-127.1645833,45.06041667,-2856
-127.1604167,45.06041667,-2856
-127.15625,45.06041667,-2855
-127.1520833,45.06041667,-2855
-127.1479167,45.06041667,-2856
-127.14375,45.06041667,-2856
-127.1395833,45.06041667,-2855
-127.1354167,45.06041667,-2855
-127.13125,45.06041667,-2855
-127.1270833,45.06041667,-2854
-127.1229167,45.06041667,-2854
-127.11875,45.06041667,-2854
-127.1145833,45.06041667,-2854
-127.1104167,45.06041667,-2853
-127.10625,45.06041667,-2853
-127.1020833,45.06041667,-2852
-127.0979167,45.06041667,-2852
-127.09375,45.06041667,-2852
-127.0895833,45.06041667,-2852
-127.0854167,45.06041667,-2852
-127.08125,45.06041667,-2851
-127.0770833,45.06041667,-2851
-127.0729167,45.06041667,-2850
-127.06875,45.06041667,-2850
-127.0645833,45.06041667,-2848
-127.0604167,45.06041667,-2848
-127.05625,45.06041667,-2847
-127.0520833,45.06041667,-2847
-127.0479167,45.06041667,-2847
-127.04375,45.06041667,-2847
-127.0395833,45.06041667,-2846
-127.0354167,45.06041667,-2846
-127.03125,45.06041667,-2845
-127.0270833,45.06041667,-2845
-127.0229167,45.06041667,-2845
-127.01875,45.06041667,-2845
-127.0145833,45.06041667,-2846
-127.0104167,45.06041667,-2846
-127.00625,45.06041667,-2846
-127.0020833,45.06041667,-2846
-127.4979167,45.06458333,-2910
-127.49375,45.06458333,-2911
-127.4895833,45.06458333,-2904
-127.4854167,45.06458333,-2898
-127.48125,45.06458333,-2898
-127.4770833,45.06458333,-2898
-127.4729167,45.06458333,-2895
-127.46875,45.06458333,-2893
-127.4645833,45.06458333,-2895
-127.4604167,45.06458333,-2898
-127.45625,45.06458333,-2898
-127.4520833,45.06458333,-2899
-127.4479167,45.06458333,-2897
-127.44375,45.06458333,-2895
-127.4395833,45.06458333,-2893
-127.4354167,45.06458333,-2891
-127.43125,45.06458333,-2890
-127.4270833,45.06458333,-2889
-127.4229167,45.06458333,-2890
-127.41875,45.06458333,-2890
-127.4145833,45.06458333,-2890
-127.4104167,45.06458333,-2890
-127.40625,45.06458333,-2891
-127.4020833,45.06458333,-2893
-127.3979167,45.06458333,-2895
-127.39375,45.06458333,-2897
-127.3895833,45.06458333,-2900
-127.3854167,45.06458333,-2902
-127.38125,45.06458333,-2904
-127.3770833,45.06458333,-2907
-127.3729167,45.06458333,-2915
-127.36875,45.06458333,-2924
-127.3645833,45.06458333,-2934
-127.3604167,45.06458333,-2949
-127.35625,45.06458333,-2985
-127.3520833,45.06458333,-3016
-127.3479167,45.06458333,-3028
-127.34375,45.06458333,-3038
-127.3395833,45.06458333,-3038
-127.3354167,45.06458333,-3038
-127.33125,45.06458333,-3032
-127.3270833,45.06458333,-3016
-127.3229167,45.06458333,-2965
-127.31875,45.06458333,-2923
-127.3145833,45.06458333,-2911
-127.3104167,45.06458333,-2902
-127.30625,45.06458333,-2899
-127.3020833,45.06458333,-2897
-127.2979167,45.06458333,-2896
-127.29375,45.06458333,-2894
-127.2895833,45.06458333,-2892
-127.2854167,45.06458333,-2890
-127.28125,45.06458333,-2889
-127.2770833,45.06458333,-2887
-127.2729167,45.06458333,-2886
-127.26875,45.06458333,-2884
-127.2645833,45.06458333,-2883
-127.2604167,45.06458333,-2881
-127.25625,45.06458333,-2880
-127.2520833,45.06458333,-2879
-127.2479167,45.06458333,-2878
-127.24375,45.06458333,-2877
-127.2395833,45.06458333,-2875
-127.2354167,45.06458333,-2874
-127.23125,45.06458333,-2874
-127.2270833,45.06458333,-2873
-127.2229167,45.06458333,-2871
-127.21875,45.06458333,-2870
-127.2145833,45.06458333,-2869
-127.2104167,45.06458333,-2868
-127.20625,45.06458333,-2867
-127.2020833,45.06458333,-2865
-127.1979167,45.06458333,-2865
-127.19375,45.06458333,-2864
-127.1895833,45.06458333,-2863
-127.1854167,45.06458333,-2862
-127.18125,45.06458333,-2861
-127.1770833,45.06458333,-2860
-127.1729167,45.06458333,-2860
-127.16875,45.06458333,-2859
-127.1645833,45.06458333,-2858
-127.1604167,45.06458333,-2858
-127.15625,45.06458333,-2857
-127.1520833,45.06458333,-2857
-127.1479167,45.06458333,-2857
-127.14375,45.06458333,-2857
-127.1395833,45.06458333,-2857
-127.1354167,45.06458333,-2856
-127.13125,45.06458333,-2856
-127.1270833,45.06458333,-2856
-127.1229167,45.06458333,-2855
-127.11875,45.06458333,-2855
-127.1145833,45.06458333,-2855
-127.1104167,45.06458333,-2855
-127.10625,45.06458333,-2854
-127.1020833,45.06458333,-2854
-127.0979167,45.06458333,-2854
-127.09375,45.06458333,-2854
-127.0895833,45.06458333,-2854
-127.0854167,45.06458333,-2854
-127.08125,45.06458333,-2853
-127.0770833,45.06458333,-2853
-127.0729167,45.06458333,-2853
-127.06875,45.06458333,-2853
-127.0645833,45.06458333,-2852
-127.0604167,45.06458333,-2852
-127.05625,45.06458333,-2851
-127.0520833,45.06458333,-2851
-127.0479167,45.06458333,-2851
-127.04375,45.06458333,-2851
-127.0395833,45.06458333,-2850
-127.0354167,45.06458333,-2850
-127.03125,45.06458333,-2850
-127.0270833,45.06458333,-2850
-127.0229167,45.06458333,-2850
-127.01875,45.06458333,-2850
-127.0145833,45.06458333,-2850
-127.0104167,45.06458333,-2850
-127.00625,45.06458333,-2850
-127.0020833,45.06458333,-2849
-127.4979167,45.06875,-2903
-127.49375,45.06875,-2904
-127.4895833,45.06875,-2904
-127.4854167,45.06875,-2904
-127.48125,45.06875,-2898
-127.4770833,45.06875,-2893
-127.4729167,45.06875,-2893
-127.46875,45.06875,-2893
-127.4645833,45.06875,-2895
-127.4604167,45.06875,-2896
-127.45625,45.06875,-2897
-127.4520833,45.06875,-2898
-127.4479167,45.06875,-2897
-127.44375,45.06875,-2895
-127.4395833,45.06875,-2894
-127.4354167,45.06875,-2892
-127.43125,45.06875,-2891
-127.4270833,45.06875,-2891
-127.4229167,45.06875,-2892
-127.41875,45.06875,-2893
-127.4145833,45.06875,-2893
-127.4104167,45.06875,-2894
-127.40625,45.06875,-2896
-127.4020833,45.06875,-2897
-127.3979167,45.06875,-2899
-127.39375,45.06875,-2901
-127.3895833,45.06875,-2904
-127.3854167,45.06875,-2906
-127.38125,45.06875,-2910
-127.3770833,45.06875,-2915
-127.3729167,45.06875,-2926
-127.36875,45.06875,-2939
-127.3645833,45.06875,-2961
-127.3604167,45.06875,-2985
-127.35625,45.06875,-3013
-127.3520833,45.06875,-3036
-127.3479167,45.06875,-3037
-127.34375,45.06875,-3038
-127.3395833,45.06875,-3038
-127.3354167,45.06875,-3031
-127.33125,45.06875,-3000
-127.3270833,45.06875,-2968
-127.3229167,45.06875,-2933
-127.31875,45.06875,-2906
-127.3145833,45.06875,-2902
-127.3104167,45.06875,-2899
-127.30625,45.06875,-2897
-127.3020833,45.06875,-2895
-127.2979167,45.06875,-2894
-127.29375,45.06875,-2892
-127.2895833,45.06875,-2890
-127.2854167,45.06875,-2889
-127.28125,45.06875,-2887
-127.2770833,45.06875,-2886
-127.2729167,45.06875,-2885
-127.26875,45.06875,-2884
-127.2645833,45.06875,-2882
-127.2604167,45.06875,-2880
-127.25625,45.06875,-2879
-127.2520833,45.06875,-2878
-127.2479167,45.06875,-2878
-127.24375,45.06875,-2877
-127.2395833,45.06875,-2876
-127.2354167,45.06875,-2874
-127.23125,45.06875,-2874
-127.2270833,45.06875,-2873
-127.2229167,45.06875,-2872
-127.21875,45.06875,-2871
-127.2145833,45.06875,-2870
-127.2104167,45.06875,-2869
-127.20625,45.06875,-2868
-127.2020833,45.06875,-2867
-127.1979167,45.06875,-2866
-127.19375,45.06875,-2865
-127.1895833,45.06875,-2865
-127.1854167,45.06875,-2864
-127.18125,45.06875,-2863
-127.1770833,45.06875,-2862
-127.1729167,45.06875,-2861
-127.16875,45.06875,-2860
-127.1645833,45.06875,-2860
-127.1604167,45.06875,-2859
-127.15625,45.06875,-2859
-127.1520833,45.06875,-2859
-127.1479167,45.06875,-2859
-127.14375,45.06875,-2859
-127.1395833,45.06875,-2858
-127.1354167,45.06875,-2858
-127.13125,45.06875,-2857
-127.1270833,45.06875,-2857
-127.1229167,45.06875,-2857
-127.11875,45.06875,-2857
-127.1145833,45.06875,-2856
-127.1104167,45.06875,-2856
-127.10625,45.06875,-2856
-127.1020833,45.06875,-2856
-127.0979167,45.06875,-2855
-127.09375,45.06875,-2855
-127.0895833,45.06875,-2855
-127.0854167,45.06875,-2855
-127.08125,45.06875,-2855
-127.0770833,45.06875,-2855
-127.0729167,45.06875,-2855
-127.06875,45.06875,-2856
-127.0645833,45.06875,-2855
-127.0604167,45.06875,-2855
-127.05625,45.06875,-2855
-127.0520833,45.06875,-2854
-127.0479167,45.06875,-2854
-127.04375,45.06875,-2854
-127.0395833,45.06875,-2853
-127.0354167,45.06875,-2853
-127.03125,45.06875,-2853
-127.0270833,45.06875,-2853
-127.0229167,45.06875,-2852
-127.01875,45.06875,-2852
-127.0145833,45.06875,-2852
-127.0104167,45.06875,-2851
-127.00625,45.06875,-2851
-127.0020833,45.06875,-2850
-127.4979167,45.07291667,-2899
-127.49375,45.07291667,-2897
-127.4895833,45.07291667,-2896
-127.4854167,45.07291667,-2896
-127.48125,45.07291667,-2893
-127.4770833,45.07291667,-2891
-127.4729167,45.07291667,-2892
-127.46875,45.07291667,-2893
-127.4645833,45.07291667,-2894
-127.4604167,45.07291667,-2895
-127.45625,45.07291667,-2895
-127.4520833,45.07291667,-2895
-127.4479167,45.07291667,-2895
-127.44375,45.07291667,-2894
-127.4395833,45.07291667,-2893
-127.4354167,45.07291667,-2891
-127.43125,45.07291667,-2890
-127.4270833,45.07291667,-2890
-127.4229167,45.07291667,-2892
-127.41875,45.07291667,-2894
-127.4145833,45.07291667,-2895
-127.4104167,45.07291667,-2896
-127.40625,45.07291667,-2899
-127.4020833,45.07291667,-2902
-127.3979167,45.07291667,-2904
-127.39375,45.07291667,-2905
-127.3895833,45.07291667,-2908
-127.3854167,45.07291667,-2912
-127.38125,45.07291667,-2921
-127.3770833,45.07291667,-2933
-127.3729167,45.07291667,-2955
-127.36875,45.07291667,-2976
-127.3645833,45.07291667,-3000
-127.3604167,45.07291667,-3021
-127.35625,45.07291667,-3029
-127.3520833,45.07291667,-3035
-127.3479167,45.07291667,-3034
-127.34375,45.07291667,-3032
-127.3395833,45.07291667,-3022
-127.3354167,45.07291667,-3004
-127.33125,45.07291667,-2958
-127.3270833,45.07291667,-2920
-127.3229167,45.07291667,-2909
-127.31875,45.07291667,-2900
-127.3145833,45.07291667,-2898
-127.3104167,45.07291667,-2896
-127.30625,45.07291667,-2894
-127.3020833,45.07291667,-2892
-127.2979167,45.07291667,-2890
-127.29375,45.07291667,-2888
-127.2895833,45.07291667,-2887
-127.2854167,45.07291667,-2886
-127.28125,45.07291667,-2885
-127.2770833,45.07291667,-2884
-127.2729167,45.07291667,-2884
-127.26875,45.07291667,-2883
-127.2645833,45.07291667,-2881
-127.2604167,45.07291667,-2879
-127.25625,45.07291667,-2879
-127.2520833,45.07291667,-2878
-127.2479167,45.07291667,-2877
-127.24375,45.07291667,-2876
-127.2395833,45.07291667,-2876
-127.2354167,45.07291667,-2875
-127.23125,45.07291667,-2874
-127.2270833,45.07291667,-2872
-127.2229167,45.07291667,-2871
-127.21875,45.07291667,-2870
-127.2145833,45.07291667,-2870
-127.2104167,45.07291667,-2869
-127.20625,45.07291667,-2868
-127.2020833,45.07291667,-2867
-127.1979167,45.07291667,-2866
-127.19375,45.07291667,-2865
-127.1895833,45.07291667,-2865
-127.1854167,45.07291667,-2864
-127.18125,45.07291667,-2863
-127.1770833,45.07291667,-2862
-127.1729167,45.07291667,-2862
-127.16875,45.07291667,-2862
-127.1645833,45.07291667,-2862
-127.1604167,45.07291667,-2861
-127.15625,45.07291667,-2860
-127.1520833,45.07291667,-2860
-127.1479167,45.07291667,-2860
-127.14375,45.07291667,-2860
-127.1395833,45.07291667,-2860
-127.1354167,45.07291667,-2859
-127.13125,45.07291667,-2859
-127.1270833,45.07291667,-2858
-127.1229167,45.07291667,-2858
-127.11875,45.07291667,-2858
-127.1145833,45.07291667,-2858
-127.1104167,45.07291667,-2857
-127.10625,45.07291667,-2857
-127.1020833,45.07291667,-2857
-127.0979167,45.07291667,-2857
-127.09375,45.07291667,-2856
-127.0895833,45.07291667,-2856
-127.0854167,45.07291667,-2856
-127.08125,45.07291667,-2856
-127.0770833,45.07291667,-2856
-127.0729167,45.07291667,-2857
-127.06875,45.07291667,-2857
-127.0645833,45.07291667,-2858
-127.0604167,45.07291667,-2858
-127.05625,45.07291667,-2857
-127.0520833,45.07291667,-2857
-127.0479167,45.07291667,-2856
-127.04375,45.07291667,-2856
-127.0395833,45.07291667,-2855
-127.0354167,45.07291667,-2855
-127.03125,45.07291667,-2854
-127.0270833,45.07291667,-2854
-127.0229167,45.07291667,-2853
-127.01875,45.07291667,-2852
-127.0145833,45.07291667,-2852
-127.0104167,45.07291667,-2852
-127.00625,45.07291667,-2851
-127.0020833,45.07291667,-2851
-127.4979167,45.07708333,-2894
-127.49375,45.07708333,-2890
-127.4895833,45.07708333,-2891
-127.4854167,45.07708333,-2892
-127.48125,45.07708333,-2890
-127.4770833,45.07708333,-2889
-127.4729167,45.07708333,-2890
-127.46875,45.07708333,-2890
-127.4645833,45.07708333,-2890
-127.4604167,45.07708333,-2890
-127.45625,45.07708333,-2889
-127.4520833,45.07708333,-2888
-127.4479167,45.07708333,-2888
-127.44375,45.07708333,-2888
-127.4395833,45.07708333,-2887
-127.4354167,45.07708333,-2886
-127.43125,45.07708333,-2885
-127.4270833,45.07708333,-2884
-127.4229167,45.07708333,-2887
-127.41875,45.07708333,-2889
-127.4145833,45.07708333,-2892
-127.4104167,45.07708333,-2894
-127.40625,45.07708333,-2898
-127.4020833,45.07708333,-2901
-127.3979167,45.07708333,-2904
-127.39375,45.07708333,-2908
-127.3895833,45.07708333,-2915
-127.3854167,45.07708333,-2923
-127.38125,45.07708333,-2937
-127.3770833,45.07708333,-2954
-127.3729167,45.07708333,-2983
-127.36875,45.07708333,-3009
-127.3645833,45.07708333,-3019
-127.3604167,45.07708333,-3028
-127.35625,45.07708333,-3029
-127.3520833,45.07708333,-3029
-127.3479167,45.07708333,-3026
-127.34375,45.07708333,-3016
-127.3395833,45.07708333,-2980
-127.3354167,45.07708333,-2947
-127.33125,45.07708333,-2923
-127.3270833,45.07708333,-2903
-127.3229167,45.07708333,-2900
-127.31875,45.07708333,-2897
-127.3145833,45.07708333,-2895
-127.3104167,45.07708333,-2892
-127.30625,45.07708333,-2889
-127.3020833,45.07708333,-2886
-127.2979167,45.07708333,-2885
-127.29375,45.07708333,-2884
-127.2895833,45.07708333,-2884
-127.2854167,45.07708333,-2883
-127.28125,45.07708333,-2882
-127.2770833,45.07708333,-2881
-127.2729167,45.07708333,-2881
-127.26875,45.07708333,-2880
-127.2645833,45.07708333,-2879
-127.2604167,45.07708333,-2877
-127.25625,45.07708333,-2878
-127.2520833,45.07708333,-2877
-127.2479167,45.07708333,-2876
-127.24375,45.07708333,-2875
-127.2395833,45.07708333,-2874
-127.2354167,45.07708333,-2873
-127.23125,45.07708333,-2872
-127.2270833,45.07708333,-2870
-127.2229167,45.07708333,-2869
-127.21875,45.07708333,-2868
-127.2145833,45.07708333,-2867
-127.2104167,45.07708333,-2867
-127.20625,45.07708333,-2866
-127.2020833,45.07708333,-2866
-127.1979167,45.07708333,-2865
-127.19375,45.07708333,-2864
-127.1895833,45.07708333,-2863
-127.1854167,45.07708333,-2863
-127.18125,45.07708333,-2863
-127.1770833,45.07708333,-2862
-127.1729167,45.07708333,-2863
-127.16875,45.07708333,-2863
-127.1645833,45.07708333,-2863
-127.1604167,45.07708333,-2863
-127.15625,45.07708333,-2862
-127.1520833,45.07708333,-2861
-127.1479167,45.07708333,-2860
-127.14375,45.07708333,-2860
-127.1395833,45.07708333,-2861
-127.1354167,45.07708333,-2861
-127.13125,45.07708333,-2860
-127.1270833,45.07708333,-2860
-127.1229167,45.07708333,-2859
-127.11875,45.07708333,-2859
-127.1145833,45.07708333,-2859
-127.1104167,45.07708333,-2858
-127.10625,45.07708333,-2858
-127.1020833,45.07708333,-2857
-127.0979167,45.07708333,-2857
-127.09375,45.07708333,-2857
-127.0895833,45.07708333,-2857
-127.0854167,45.07708333,-2857
-127.08125,45.07708333,-2857
-127.0770833,45.07708333,-2857
-127.0729167,45.07708333,-2857
-127.06875,45.07708333,-2857
-127.0645833,45.07708333,-2858
-127.0604167,45.07708333,-2858
-127.05625,45.07708333,-2858
-127.0520833,45.07708333,-2857
-127.0479167,45.07708333,-2856
-127.04375,45.07708333,-2856
-127.0395833,45.07708333,-2855
-127.0354167,45.07708333,-2854
-127.03125,45.07708333,-2854
-127.0270833,45.07708333,-2854
-127.0229167,45.07708333,-2853
-127.01875,45.07708333,-2852
-127.0145833,45.07708333,-2852
-127.0104167,45.07708333,-2852
-127.00625,45.07708333,-2851
-127.0020833,45.07708333,-2851
-127.4979167,45.08125,-2884
-127.49375,45.08125,-2879
-127.4895833,45.08125,-2882
-127.4854167,45.08125,-2884
-127.48125,45.08125,-2882
-127.4770833,45.08125,-2881
-127.4729167,45.08125,-2881
-127.46875,45.08125,-2881
-127.4645833,45.08125,-2880
-127.4604167,45.08125,-2878
-127.45625,45.08125,-2877
-127.4520833,45.08125,-2877
-127.4479167,45.08125,-2876
-127.44375,45.08125,-2876
-127.4395833,45.08125,-2876
-127.4354167,45.08125,-2876
-127.43125,45.08125,-2877
-127.4270833,45.08125,-2878
-127.4229167,45.08125,-2879
-127.41875,45.08125,-2882
-127.4145833,45.08125,-2886
-127.4104167,45.08125,-2891
-127.40625,45.08125,-2895
-127.4020833,45.08125,-2899
-127.3979167,45.08125,-2904
-127.39375,45.08125,-2910
-127.3895833,45.08125,-2924
-127.3854167,45.08125,-2939
-127.38125,45.08125,-2961
-127.3770833,45.08125,-2984
-127.3729167,45.08125,-3006
-127.36875,45.08125,-3024
-127.3645833,45.08125,-3023
-127.3604167,45.08125,-3022
-127.35625,45.08125,-3021
-127.3520833,45.08125,-3018
-127.3479167,45.08125,-3004
-127.34375,45.08125,-2984
-127.3395833,45.08125,-2942
-127.3354167,45.08125,-2907
-127.33125,45.08125,-2895
-127.3270833,45.08125,-2885
-127.3229167,45.08125,-2887
-127.31875,45.08125,-2887
-127.3145833,45.08125,-2886
-127.3104167,45.08125,-2885
-127.30625,45.08125,-2882
-127.3020833,45.08125,-2881
-127.2979167,45.08125,-2881
-127.29375,45.08125,-2880
-127.2895833,45.08125,-2880
-127.2854167,45.08125,-2879
-127.28125,45.08125,-2878
-127.2770833,45.08125,-2877
-127.2729167,45.08125,-2877
-127.26875,45.08125,-2877
-127.2645833,45.08125,-2874
-127.2604167,45.08125,-2873
-127.25625,45.08125,-2873
-127.2520833,45.08125,-2873
-127.2479167,45.08125,-2872
-127.24375,45.08125,-2871
-127.2395833,45.08125,-2871
-127.2354167,45.08125,-2870
-127.23125,45.08125,-2868
-127.2270833,45.08125,-2866
-127.2229167,45.08125,-2866
-127.21875,45.08125,-2865
-127.2145833,45.08125,-2864
-127.2104167,45.08125,-2863
-127.20625,45.08125,-2863
-127.2020833,45.08125,-2863
-127.1979167,45.08125,-2862
-127.19375,45.08125,-2861
-127.1895833,45.08125,-2861
-127.1854167,45.08125,-2861
-127.18125,45.08125,-2860
-127.1770833,45.08125,-2860
-127.1729167,45.08125,-2862
-127.16875,45.08125,-2863
-127.1645833,45.08125,-2863
-127.1604167,45.08125,-2863
-127.15625,45.08125,-2863
-127.1520833,45.08125,-2862
-127.1479167,45.08125,-2861
-127.14375,45.08125,-2860
-127.1395833,45.08125,-2862
-127.1354167,45.08125,-2862
-127.13125,45.08125,-2861
-127.1270833,45.08125,-2861
-127.1229167,45.08125,-2860
-127.11875,45.08125,-2860
-127.1145833,45.08125,-2859
-127.1104167,45.08125,-2859
-127.10625,45.08125,-2858
-127.1020833,45.08125,-2858
-127.0979167,45.08125,-2858
-127.09375,45.08125,-2858
-127.0895833,45.08125,-2857
-127.0854167,45.08125,-2857
-127.08125,45.08125,-2857
-127.0770833,45.08125,-2857
-127.0729167,45.08125,-2857
-127.06875,45.08125,-2857
-127.0645833,45.08125,-2857
-127.0604167,45.08125,-2857
-127.05625,45.08125,-2856
-127.0520833,45.08125,-2856
-127.0479167,45.08125,-2856
-127.04375,45.08125,-2855
-127.0395833,45.08125,-2854
-127.0354167,45.08125,-2854
-127.03125,45.08125,-2854
-127.0270833,45.08125,-2854
-127.0229167,45.08125,-2853
-127.01875,45.08125,-2852
-127.0145833,45.08125,-2852
-127.0104167,45.08125,-2852
-127.00625,45.08125,-2851
-127.0020833,45.08125,-2850
-127.4979167,45.08541667,-2873
-127.49375,45.08541667,-2869
-127.4895833,45.08541667,-2871
-127.4854167,45.08541667,-2872
-127.48125,45.08541667,-2871
-127.4770833,45.08541667,-2870
-127.4729167,45.08541667,-2872
-127.46875,45.08541667,-2873
-127.4645833,45.08541667,-2873
-127.4604167,45.08541667,-2873
-127.45625,45.08541667,-2873
-127.4520833,45.08541667,-2873
-127.4479167,45.08541667,-2873
-127.44375,45.08541667,-2873
-127.4395833,45.08541667,-2874
-127.4354167,45.08541667,-2874
-127.43125,45.08541667,-2875
-127.4270833,45.08541667,-2876
-127.4229167,45.08541667,-2878
-127.41875,45.08541667,-2881
-127.4145833,45.08541667,-2885
-127.4104167,45.08541667,-2890
-127.40625,45.08541667,-2897
-127.4020833,45.08541667,-2905
-127.3979167,45.08541667,-2914
-127.39375,45.08541667,-2924
-127.3895833,45.08541667,-2943
-127.3854167,45.08541667,-2964
-127.38125,45.08541667,-2990
-127.3770833,45.08541667,-3013
-127.3729167,45.08541667,-3018
-127.36875,45.08541667,-3021
-127.3645833,45.08541667,-3021
-127.3604167,45.08541667,-3019
-127.35625,45.08541667,-3014
-127.3520833,45.08541667,-3003
-127.3479167,45.08541667,-2967
-127.34375,45.08541667,-2934
-127.3395833,45.08541667,-2911
-127.3354167,45.08541667,-2892
-127.33125,45.08541667,-2886
-127.3270833,45.08541667,-2882
-127.3229167,45.08541667,-2881
-127.31875,45.08541667,-2881
-127.3145833,45.08541667,-2880
-127.3104167,45.08541667,-2879
-127.30625,45.08541667,-2878
-127.3020833,45.08541667,-2878
-127.2979167,45.08541667,-2877
-127.29375,45.08541667,-2877
-127.2895833,45.08541667,-2876
-127.2854167,45.08541667,-2875
-127.28125,45.08541667,-2874
-127.2770833,45.08541667,-2873
-127.2729167,45.08541667,-2873
-127.26875,45.08541667,-2872
-127.2645833,45.08541667,-2870
-127.2604167,45.08541667,-2869
-127.25625,45.08541667,-2869
-127.2520833,45.08541667,-2868
-127.2479167,45.08541667,-2868
-127.24375,45.08541667,-2867
-127.2395833,45.08541667,-2866
-127.2354167,45.08541667,-2865
-127.23125,45.08541667,-2864
-127.2270833,45.08541667,-2863
-127.2229167,45.08541667,-2862
-127.21875,45.08541667,-2861
-127.2145833,45.08541667,-2860
-127.2104167,45.08541667,-2859
-127.20625,45.08541667,-2859
-127.2020833,45.08541667,-2859
-127.1979167,45.08541667,-2858
-127.19375,45.08541667,-2858
-127.1895833,45.08541667,-2858
-127.1854167,45.08541667,-2857
-127.18125,45.08541667,-2857
-127.1770833,45.08541667,-2857
-127.1729167,45.08541667,-2858
-127.16875,45.08541667,-2859
-127.1645833,45.08541667,-2859
-127.1604167,45.08541667,-2859
-127.15625,45.08541667,-2860
-127.1520833,45.08541667,-2860
-127.1479167,45.08541667,-2859
-127.14375,45.08541667,-2860
-127.1395833,45.08541667,-2861
-127.1354167,45.08541667,-2862
-127.13125,45.08541667,-2861
-127.1270833,45.08541667,-2860
-127.1229167,45.08541667,-2860
-127.11875,45.08541667,-2860
-127.1145833,45.08541667,-2858
-127.1104167,45.08541667,-2858
-127.10625,45.08541667,-2858
-127.1020833,45.08541667,-2858
-127.0979167,45.08541667,-2857
-127.09375,45.08541667,-2857
-127.0895833,45.08541667,-2857
-127.0854167,45.08541667,-2857
-127.08125,45.08541667,-2856
-127.0770833,45.08541667,-2856
-127.0729167,45.08541667,-2856
-127.06875,45.08541667,-2856
-127.0645833,45.08541667,-2856
-127.0604167,45.08541667,-2856
-127.05625,45.08541667,-2856
-127.0520833,45.08541667,-2855
-127.0479167,45.08541667,-2855
-127.04375,45.08541667,-2854
-127.0395833,45.08541667,-2854
-127.0354167,45.08541667,-2854
-127.03125,45.08541667,-2854
-127.0270833,45.08541667,-2853
-127.0229167,45.08541667,-2852
-127.01875,45.08541667,-2852
-127.0145833,45.08541667,-2852
-127.0104167,45.08541667,-2851
-127.00625,45.08541667,-2850
-127.0020833,45.08541667,-2850
-127.4979167,45.08958333,-2871
-127.49375,45.08958333,-2869
-127.4895833,45.08958333,-2869
-127.4854167,45.08958333,-2870
-127.48125,45.08958333,-2869
-127.4770833,45.08958333,-2869
-127.4729167,45.08958333,-2870
-127.46875,45.08958333,-2871
-127.4645833,45.08958333,-2871
-127.4604167,45.08958333,-2872
-127.45625,45.08958333,-2872
-127.4520833,45.08958333,-2872
-127.4479167,45.08958333,-2872
-127.44375,45.08958333,-2873
-127.4395833,45.08958333,-2873
-127.4354167,45.08958333,-2874
-127.43125,45.08958333,-2876
-127.4270833,45.08958333,-2877
-127.4229167,45.08958333,-2881
-127.41875,45.08958333,-2885
-127.4145833,45.08958333,-2890
-127.4104167,45.08958333,-2896
-127.40625,45.08958333,-2904
-127.4020833,45.08958333,-2915
-127.3979167,45.08958333,-2934
-127.39375,45.08958333,-2954
-127.3895833,45.08958333,-2976
-127.3854167,45.08958333,-2997
-127.38125,45.08958333,-3009
-127.3770833,45.08958333,-3019
-127.3729167,45.08958333,-3019
-127.36875,45.08958333,-3019
-127.3645833,45.08958333,-3017
-127.3604167,45.08958333,-3011
-127.35625,45.08958333,-2989
-127.3520833,45.08958333,-2965
-127.3479167,45.08958333,-2930
-127.34375,45.08958333,-2902
-127.3395833,45.08958333,-2892
-127.3354167,45.08958333,-2884
-127.33125,45.08958333,-2882
-127.3270833,45.08958333,-2880
-127.3229167,45.08958333,-2879
-127.31875,45.08958333,-2878
-127.3145833,45.08958333,-2877
-127.3104167,45.08958333,-2877
-127.30625,45.08958333,-2877
-127.3020833,45.08958333,-2876
-127.2979167,45.08958333,-2875
-127.29375,45.08958333,-2874
-127.2895833,45.08958333,-2874
-127.2854167,45.08958333,-2873
-127.28125,45.08958333,-2872
-127.2770833,45.08958333,-2872
-127.2729167,45.08958333,-2870
-127.26875,45.08958333,-2869
-127.2645833,45.08958333,-2868
-127.2604167,45.08958333,-2867
-127.25625,45.08958333,-2866
-127.2520833,45.08958333,-2865
-127.2479167,45.08958333,-2864
-127.24375,45.08958333,-2863
-127.2395833,45.08958333,-2863
-127.2354167,45.08958333,-2862
-127.23125,45.08958333,-2861
-127.2270833,45.08958333,-2860
-127.2229167,45.08958333,-2860
-127.21875,45.08958333,-2859
-127.2145833,45.08958333,-2858
-127.2104167,45.08958333,-2857
-127.20625,45.08958333,-2857
-127.2020833,45.08958333,-2856
-127.1979167,45.08958333,-2856
-127.19375,45.08958333,-2855
-127.1895833,45.08958333,-2855
-127.1854167,45.08958333,-2855
-127.18125,45.08958333,-2854
-127.1770833,45.08958333,-2854
-127.1729167,45.08958333,-2853
-127.16875,45.08958333,-2853
-127.1645833,45.08958333,-2852
-127.1604167,45.08958333,-2851
-127.15625,45.08958333,-2851
-127.1520833,45.08958333,-2852
-127.1479167,45.08958333,-2855
-127.14375,45.08958333,-2857
-127.1395833,45.08958333,-2860
-127.1354167,45.08958333,-2861
-127.13125,45.08958333,-2859
-127.1270833,45.08958333,-2859
-127.1229167,45.08958333,-2859
-127.11875,45.08958333,-2859
-127.1145833,45.08958333,-2858
-127.1104167,45.08958333,-2858
-127.10625,45.08958333,-2857
-127.1020833,45.08958333,-2857
-127.0979167,45.08958333,-2857
-127.09375,45.08958333,-2857
-127.0895833,45.08958333,-2857
-127.0854167,45.08958333,-2856
-127.08125,45.08958333,-2856
-127.0770833,45.08958333,-2855
-127.0729167,45.08958333,-2855
-127.06875,45.08958333,-2855
-127.0645833,45.08958333,-2855
-127.0604167,45.08958333,-2855
-127.05625,45.08958333,-2855
-127.0520833,45.08958333,-2855
-127.0479167,45.08958333,-2854
-127.04375,45.08958333,-2854
-127.0395833,45.08958333,-2853
-127.0354167,45.08958333,-2853
-127.03125,45.08958333,-2853
-127.0270833,45.08958333,-2853
-127.0229167,45.08958333,-2852
-127.01875,45.08958333,-2852
-127.0145833,45.08958333,-2851
-127.0104167,45.08958333,-2851
-127.00625,45.08958333,-2850
-127.0020833,45.08958333,-2850
-127.4979167,45.09375,-2870
-127.49375,45.09375,-2868
-127.4895833,45.09375,-2869
-127.4854167,45.09375,-2870
-127.48125,45.09375,-2869
-127.4770833,45.09375,-2869
-127.4729167,45.09375,-2869
-127.46875,45.09375,-2870
-127.4645833,45.09375,-2870
-127.4604167,45.09375,-2871
-127.45625,45.09375,-2871
-127.4520833,45.09375,-2871
-127.4479167,45.09375,-2872
-127.44375,45.09375,-2872
-127.4395833,45.09375,-2873
-127.4354167,45.09375,-2874
-127.43125,45.09375,-2877
-127.4270833,45.09375,-2879
-127.4229167,45.09375,-2884
-127.41875,45.09375,-2889
-127.4145833,45.09375,-2897
-127.4104167,45.09375,-2906
-127.40625,45.09375,-2920
-127.4020833,45.09375,-2935
-127.3979167,45.09375,-2961
-127.39375,45.09375,-2985
-127.3895833,45.09375,-3002
-127.3854167,45.09375,-3016
-127.38125,45.09375,-3016
-127.3770833,45.09375,-3016
-127.3729167,45.09375,-3016
-127.36875,45.09375,-3013
-127.3645833,45.09375,-2996
-127.3604167,45.09375,-2976
-127.35625,45.09375,-2945
-127.3520833,45.09375,-2917
-127.3479167,45.09375,-2901
-127.34375,45.09375,-2888
-127.3395833,45.09375,-2885
-127.3354167,45.09375,-2883
-127.33125,45.09375,-2881
-127.3270833,45.09375,-2879
-127.3229167,45.09375,-2878
-127.31875,45.09375,-2877
-127.3145833,45.09375,-2877
-127.3104167,45.09375,-2876
-127.30625,45.09375,-2875
-127.3020833,45.09375,-2874
-127.2979167,45.09375,-2874
-127.29375,45.09375,-2873
-127.2895833,45.09375,-2872
-127.2854167,45.09375,-2871
-127.28125,45.09375,-2870
-127.2770833,45.09375,-2869
-127.2729167,45.09375,-2868
-127.26875,45.09375,-2867
-127.2645833,45.09375,-2867
-127.2604167,45.09375,-2866
-127.25625,45.09375,-2865
-127.2520833,45.09375,-2864
-127.2479167,45.09375,-2863
-127.24375,45.09375,-2862
-127.2395833,45.09375,-2862
-127.2354167,45.09375,-2861
-127.23125,45.09375,-2860
-127.2270833,45.09375,-2859
-127.2229167,45.09375,-2859
-127.21875,45.09375,-2858
-127.2145833,45.09375,-2858
-127.2104167,45.09375,-2857
-127.20625,45.09375,-2856
-127.2020833,45.09375,-2856
-127.1979167,45.09375,-2855
-127.19375,45.09375,-2855
-127.1895833,45.09375,-2855
-127.1854167,45.09375,-2855
-127.18125,45.09375,-2855
-127.1770833,45.09375,-2854
-127.1729167,45.09375,-2852
-127.16875,45.09375,-2851
-127.1645833,45.09375,-2849
-127.1604167,45.09375,-2847
-127.15625,45.09375,-2848
-127.1520833,45.09375,-2850
-127.1479167,45.09375,-2855
-127.14375,45.09375,-2858
-127.1395833,45.09375,-2860
-127.1354167,45.09375,-2861
-127.13125,45.09375,-2860
-127.1270833,45.09375,-2859
-127.1229167,45.09375,-2859
-127.11875,45.09375,-2859
-127.1145833,45.09375,-2859
-127.1104167,45.09375,-2859
-127.10625,45.09375,-2859
-127.1020833,45.09375,-2858
-127.0979167,45.09375,-2858
-127.09375,45.09375,-2858
-127.0895833,45.09375,-2857
-127.0854167,45.09375,-2857
-127.08125,45.09375,-2856
-127.0770833,45.09375,-2856
-127.0729167,45.09375,-2856
-127.06875,45.09375,-2856
-127.0645833,45.09375,-2855
-127.0604167,45.09375,-2855
-127.05625,45.09375,-2855
-127.0520833,45.09375,-2855
-127.0479167,45.09375,-2855
-127.04375,45.09375,-2854
-127.0395833,45.09375,-2853
-127.0354167,45.09375,-2853
-127.03125,45.09375,-2853
-127.0270833,45.09375,-2853
-127.0229167,45.09375,-2853
-127.01875,45.09375,-2852
-127.0145833,45.09375,-2851
-127.0104167,45.09375,-2851
-127.00625,45.09375,-2850
-127.0020833,45.09375,-2850
-127.4979167,45.09791667,-2869
-127.49375,45.09791667,-2868
-127.4895833,45.09791667,-2868
-127.4854167,45.09791667,-2869
-127.48125,45.09791667,-2869
-127.4770833,45.09791667,-2869
-127.4729167,45.09791667,-2869
-127.46875,45.09791667,-2869
-127.4645833,45.09791667,-2870
-127.4604167,45.09791667,-2870
-127.45625,45.09791667,-2871
-127.4520833,45.09791667,-2871
-127.4479167,45.09791667,-2872
-127.44375,45.09791667,-2873
-127.4395833,45.09791667,-2874
-127.4354167,45.09791667,-2875
-127.43125,45.09791667,-2878
-127.4270833,45.09791667,-2881
-127.4229167,45.09791667,-2888
-127.41875,45.09791667,-2895
-127.4145833,45.09791667,-2909
-127.4104167,45.09791667,-2923
-127.40625,45.09791667,-2945
-127.4020833,45.09791667,-2968
-127.3979167,45.09791667,-2992
-127.39375,45.09791667,-3013
-127.3895833,45.09791667,-3014
-127.3854167,45.09791667,-3015
-127.38125,45.09791667,-3015
-127.3770833,45.09791667,-3013
-127.3729167,45.09791667,-3000
-127.36875,45.09791667,-2984
-127.3645833,45.09791667,-2954
-127.3604167,45.09791667,-2928
-127.35625,45.09791667,-2913
-127.3520833,45.09791667,-2899
-127.3479167,45.09791667,-2891
-127.34375,45.09791667,-2884
-127.3395833,45.09791667,-2883
-127.3354167,45.09791667,-2882
-127.33125,45.09791667,-2882
-127.3270833,45.09791667,-2881
-127.3229167,45.09791667,-2879
-127.31875,45.09791667,-2877
-127.3145833,45.09791667,-2876
-127.3104167,45.09791667,-2874
-127.30625,45.09791667,-2873
-127.3020833,45.09791667,-2872
-127.2979167,45.09791667,-2871
-127.29375,45.09791667,-2871
-127.2895833,45.09791667,-2870
-127.2854167,45.09791667,-2869
-127.28125,45.09791667,-2869
-127.2770833,45.09791667,-2868
-127.2729167,45.09791667,-2867
-127.26875,45.09791667,-2866
-127.2645833,45.09791667,-2865
-127.2604167,45.09791667,-2864
-127.25625,45.09791667,-2863
-127.2520833,45.09791667,-2862
-127.2479167,45.09791667,-2862
-127.24375,45.09791667,-2861
-127.2395833,45.09791667,-2861
-127.2354167,45.09791667,-2860
-127.23125,45.09791667,-2860
-127.2270833,45.09791667,-2859
-127.2229167,45.09791667,-2858
-127.21875,45.09791667,-2858
-127.2145833,45.09791667,-2857
-127.2104167,45.09791667,-2857
-127.20625,45.09791667,-2856
-127.2020833,45.09791667,-2856
-127.1979167,45.09791667,-2855
-127.19375,45.09791667,-2855
-127.1895833,45.09791667,-2855
-127.1854167,45.09791667,-2854
-127.18125,45.09791667,-2853
-127.1770833,45.09791667,-2853
-127.1729167,45.09791667,-2855
-127.16875,45.09791667,-2855
-127.1645833,45.09791667,-2851
-127.1604167,45.09791667,-2851
-127.15625,45.09791667,-2855
-127.1520833,45.09791667,-2859
-127.1479167,45.09791667,-2861
-127.14375,45.09791667,-2862
-127.1395833,45.09791667,-2862
-127.1354167,45.09791667,-2861
-127.13125,45.09791667,-2861
-127.1270833,45.09791667,-2860
-127.1229167,45.09791667,-2860
-127.11875,45.09791667,-2860
-127.1145833,45.09791667,-2859
-127.1104167,45.09791667,-2859
-127.10625,45.09791667,-2859
-127.1020833,45.09791667,-2859
-127.0979167,45.09791667,-2858
-127.09375,45.09791667,-2858
-127.0895833,45.09791667,-2858
-127.0854167,45.09791667,-2857
-127.08125,45.09791667,-2857
-127.0770833,45.09791667,-2856
-127.0729167,45.09791667,-2856
-127.06875,45.09791667,-2856
-127.0645833,45.09791667,-2856
-127.0604167,45.09791667,-2855
-127.05625,45.09791667,-2855
-127.0520833,45.09791667,-2855
-127.0479167,45.09791667,-2855
-127.04375,45.09791667,-2855
-127.0395833,45.09791667,-2854
-127.0354167,45.09791667,-2853
-127.03125,45.09791667,-2853
-127.0270833,45.09791667,-2853
-127.0229167,45.09791667,-2853
-127.01875,45.09791667,-2853
-127.0145833,45.09791667,-2852
-127.0104167,45.09791667,-2851
-127.00625,45.09791667,-2851
-127.0020833,45.09791667,-2850
-127.4979167,45.10208333,-2867
-127.49375,45.10208333,-2867
-127.4895833,45.10208333,-2867
-127.4854167,45.10208333,-2868
-127.48125,45.10208333,-2868
-127.4770833,45.10208333,-2868
-127.4729167,45.10208333,-2868
-127.46875,45.10208333,-2869
-127.4645833,45.10208333,-2869
-127.4604167,45.10208333,-2870
-127.45625,45.10208333,-2871
-127.4520833,45.10208333,-2872
-127.4479167,45.10208333,-2873
-127.44375,45.10208333,-2874
-127.4395833,45.10208333,-2876
-127.4354167,45.10208333,-2878
-127.43125,45.10208333,-2882
-127.4270833,45.10208333,-2887
-127.4229167,45.10208333,-2899
-127.41875,45.10208333,-2912
-127.4145833,45.10208333,-2938
-127.4104167,45.10208333,-2963
-127.40625,45.10208333,-2986
-127.4020833,45.10208333,-3005
-127.3979167,45.10208333,-3010
-127.39375,45.10208333,-3014
-127.3895833,45.10208333,-3014
-127.3854167,45.10208333,-3012
-127.38125,45.10208333,-3001
-127.3770833,45.10208333,-2988
-127.3729167,45.10208333,-2961
-127.36875,45.10208333,-2938
-127.3645833,45.10208333,-2929
-127.3604167,45.10208333,-2918
-127.35625,45.10208333,-2901
-127.3520833,45.10208333,-2887
-127.3479167,45.10208333,-2883
-127.34375,45.10208333,-2879
-127.3395833,45.10208333,-2879
-127.3354167,45.10208333,-2879
-127.33125,45.10208333,-2880
-127.3270833,45.10208333,-2879
-127.3229167,45.10208333,-2878
-127.31875,45.10208333,-2877
-127.3145833,45.10208333,-2875
-127.3104167,45.10208333,-2874
-127.30625,45.10208333,-2872
-127.3020833,45.10208333,-2870
-127.2979167,45.10208333,-2869
-127.29375,45.10208333,-2868
-127.2895833,45.10208333,-2868
-127.2854167,45.10208333,-2867
-127.28125,45.10208333,-2867
-127.2770833,45.10208333,-2866
-127.2729167,45.10208333,-2865
-127.26875,45.10208333,-2864
-127.2645833,45.10208333,-2864
-127.2604167,45.10208333,-2863
-127.25625,45.10208333,-2863
-127.2520833,45.10208333,-2862
-127.2479167,45.10208333,-2861
-127.24375,45.10208333,-2861
-127.2395833,45.10208333,-2860
-127.2354167,45.10208333,-2860
-127.23125,45.10208333,-2859
-127.2270833,45.10208333,-2859
-127.2229167,45.10208333,-2858
-127.21875,45.10208333,-2858
-127.2145833,45.10208333,-2857
-127.2104167,45.10208333,-2857
-127.20625,45.10208333,-2856
-127.2020833,45.10208333,-2856
-127.1979167,45.10208333,-2854
-127.19375,45.10208333,-2854
-127.1895833,45.10208333,-2855
-127.1854167,45.10208333,-2856
-127.18125,45.10208333,-2855
-127.1770833,45.10208333,-2857
-127.1729167,45.10208333,-2861
-127.16875,45.10208333,-2864
-127.1645833,45.10208333,-2863
-127.1604167,45.10208333,-2863
-127.15625,45.10208333,-2864
-127.1520833,45.10208333,-2864
-127.1479167,45.10208333,-2863
-127.14375,45.10208333,-2863
-127.1395833,45.10208333,-2862
-127.1354167,45.10208333,-2862
-127.13125,45.10208333,-2861
-127.1270833,45.10208333,-2861
-127.1229167,45.10208333,-2861
-127.11875,45.10208333,-2861
-127.1145833,45.10208333,-2860
-127.1104167,45.10208333,-2859
-127.10625,45.10208333,-2859
-127.1020833,45.10208333,-2859
-127.0979167,45.10208333,-2859
-127.09375,45.10208333,-2858
-127.0895833,45.10208333,-2858
-127.0854167,45.10208333,-2858
-127.08125,45.10208333,-2858
-127.0770833,45.10208333,-2857
-127.0729167,45.10208333,-2857
-127.06875,45.10208333,-2856
-127.0645833,45.10208333,-2856
-127.0604167,45.10208333,-2856
-127.05625,45.10208333,-2856
-127.0520833,45.10208333,-2856
-127.0479167,45.10208333,-2855
-127.04375,45.10208333,-2855
-127.0395833,45.10208333,-2855
-127.0354167,45.10208333,-2854
-127.03125,45.10208333,-2854
-127.0270833,45.10208333,-2853
-127.0229167,45.10208333,-2853
-127.01875,45.10208333,-2853
-127.0145833,45.10208333,-2853
-127.0104167,45.10208333,-2852
-127.00625,45.10208333,-2852
-127.0020833,45.10208333,-2851
-127.4979167,45.10625,-2866
-127.49375,45.10625,-2866
-127.4895833,45.10625,-2867
-127.4854167,45.10625,-2867
-127.48125,45.10625,-2868
-127.4770833,45.10625,-2868
-127.4729167,45.10625,-2868
-127.46875,45.10625,-2868
-127.4645833,45.10625,-2869
-127.4604167,45.10625,-2870
-127.45625,45.10625,-2871
-127.4520833,45.10625,-2872
-127.4479167,45.10625,-2873
-127.44375,45.10625,-2875
-127.4395833,45.10625,-2878
-127.4354167,45.10625,-2881
-127.43125,45.10625,-2888
-127.4270833,45.10625,-2896
-127.4229167,45.10625,-2917
-127.41875,45.10625,-2939
-127.4145833,45.10625,-2973
-127.4104167,45.10625,-3003
-127.40625,45.10625,-3008
-127.4020833,45.10625,-3012
-127.3979167,45.10625,-3013
-127.39375,45.10625,-3012
-127.3895833,45.10625,-3009
-127.3854167,45.10625,-3001
-127.38125,45.10625,-2970
-127.3770833,45.10625,-2943
-127.3729167,45.10625,-2931
-127.36875,45.10625,-2921
-127.3645833,45.10625,-2917
-127.3604167,45.10625,-2913
-127.35625,45.10625,-2906
-127.3520833,45.10625,-2898
-127.3479167,45.10625,-2886
-127.34375,45.10625,-2876
-127.3395833,45.10625,-2875
-127.3354167,45.10625,-2874
-127.33125,45.10625,-2874
-127.3270833,45.10625,-2874
-127.3229167,45.10625,-2874
-127.31875,45.10625,-2874
-127.3145833,45.10625,-2873
-127.3104167,45.10625,-2873
-127.30625,45.10625,-2871
-127.3020833,45.10625,-2870
-127.2979167,45.10625,-2869
-127.29375,45.10625,-2868
-127.2895833,45.10625,-2868
-127.2854167,45.10625,-2867
-127.28125,45.10625,-2866
-127.2770833,45.10625,-2865
-127.2729167,45.10625,-2864
-127.26875,45.10625,-2863
-127.2645833,45.10625,-2863
-127.2604167,45.10625,-2862
-127.25625,45.10625,-2862
-127.2520833,45.10625,-2862
-127.2479167,45.10625,-2861
-127.24375,45.10625,-2861
-127.2395833,45.10625,-2860
-127.2354167,45.10625,-2860
-127.23125,45.10625,-2859
-127.2270833,45.10625,-2859
-127.2229167,45.10625,-2858
-127.21875,45.10625,-2857
-127.2145833,45.10625,-2856
-127.2104167,45.10625,-2857
-127.20625,45.10625,-2858
-127.2020833,45.10625,-2858
-127.1979167,45.10625,-2858
-127.19375,45.10625,-2859
-127.1895833,45.10625,-2861
-127.1854167,45.10625,-2862
-127.18125,45.10625,-2863
-127.1770833,45.10625,-2864
-127.1729167,45.10625,-2864
-127.16875,45.10625,-2864
-127.1645833,45.10625,-2864
-127.1604167,45.10625,-2864
-127.15625,45.10625,-2864
-127.1520833,45.10625,-2864
-127.1479167,45.10625,-2863
-127.14375,45.10625,-2863
-127.1395833,45.10625,-2863
-127.1354167,45.10625,-2862
-127.13125,45.10625,-2862
-127.1270833,45.10625,-2861
-127.1229167,45.10625,-2861
-127.11875,45.10625,-2861
-127.1145833,45.10625,-2860
-127.1104167,45.10625,-2859
-127.10625,45.10625,-2859
-127.1020833,45.10625,-2859
-127.0979167,45.10625,-2859
-127.09375,45.10625,-2859
-127.0895833,45.10625,-2859
-127.0854167,45.10625,-2858
-127.08125,45.10625,-2858
-127.0770833,45.10625,-2858
-127.0729167,45.10625,-2857
-127.06875,45.10625,-2857
-127.0645833,45.10625,-2857
-127.0604167,45.10625,-2857
-127.05625,45.10625,-2856
-127.0520833,45.10625,-2856
-127.0479167,45.10625,-2855
-127.04375,45.10625,-2855
-127.0395833,45.10625,-2855
-127.0354167,45.10625,-2855
-127.03125,45.10625,-2854
-127.0270833,45.10625,-2854
-127.0229167,45.10625,-2854
-127.01875,45.10625,-2853
-127.0145833,45.10625,-2853
-127.0104167,45.10625,-2852
-127.00625,45.10625,-2852
-127.0020833,45.10625,-2851
-127.4979167,45.11041667,-2866
-127.49375,45.11041667,-2866
-127.4895833,45.11041667,-2867
-127.4854167,45.11041667,-2867
-127.48125,45.11041667,-2868
-127.4770833,45.11041667,-2868
-127.4729167,45.11041667,-2869
-127.46875,45.11041667,-2869
-127.4645833,45.11041667,-2870
-127.4604167,45.11041667,-2871
-127.45625,45.11041667,-2872
-127.4520833,45.11041667,-2873
-127.4479167,45.11041667,-2874
-127.44375,45.11041667,-2876
-127.4395833,45.11041667,-2881
-127.4354167,45.11041667,-2887
-127.43125,45.11041667,-2900
-127.4270833,45.11041667,-2915
-127.4229167,45.11041667,-2947
-127.41875,45.11041667,-2978
-127.4145833,45.11041667,-2997
-127.4104167,45.11041667,-3014
-127.40625,45.11041667,-3013
-127.4020833,45.11041667,-3012
-127.3979167,45.11041667,-3012
-127.39375,45.11041667,-3008
-127.3895833,45.11041667,-2988
-127.3854167,45.11041667,-2969
-127.38125,45.11041667,-2946
-127.3770833,45.11041667,-2926
-127.3729167,45.11041667,-2916
-127.36875,45.11041667,-2907
-127.3645833,45.11041667,-2897
-127.3604167,45.11041667,-2891
-127.35625,45.11041667,-2896
-127.3520833,45.11041667,-2900
-127.3479167,45.11041667,-2893
-127.34375,45.11041667,-2886
-127.3395833,45.11041667,-2880
-127.3354167,45.11041667,-2875
-127.33125,45.11041667,-2874
-127.3270833,45.11041667,-2872
-127.3229167,45.11041667,-2872
-127.31875,45.11041667,-2872
-127.3145833,45.11041667,-2871
-127.3104167,45.11041667,-2871
-127.30625,45.11041667,-2870
-127.3020833,45.11041667,-2869
-127.2979167,45.11041667,-2869
-127.29375,45.11041667,-2869
-127.2895833,45.11041667,-2868
-127.2854167,45.11041667,-2868
-127.28125,45.11041667,-2867
-127.2770833,45.11041667,-2865
-127.2729167,45.11041667,-2864
-127.26875,45.11041667,-2863
-127.2645833,45.11041667,-2863
-127.2604167,45.11041667,-2862
-127.25625,45.11041667,-2862
-127.2520833,45.11041667,-2861
-127.2479167,45.11041667,-2861
-127.24375,45.11041667,-2861
-127.2395833,45.11041667,-2860
-127.2354167,45.11041667,-2860
-127.23125,45.11041667,-2859
-127.2270833,45.11041667,-2859
-127.2229167,45.11041667,-2860
-127.21875,45.11041667,-2860
-127.2145833,45.11041667,-2857
-127.2104167,45.11041667,-2856
-127.20625,45.11041667,-2861
-127.2020833,45.11041667,-2865
-127.1979167,45.11041667,-2867
-127.19375,45.11041667,-2868
-127.1895833,45.11041667,-2867
-127.1854167,45.11041667,-2865
-127.18125,45.11041667,-2864
-127.1770833,45.11041667,-2864
-127.1729167,45.11041667,-2864
-127.16875,45.11041667,-2865
-127.1645833,45.11041667,-2865
-127.1604167,45.11041667,-2864
-127.15625,45.11041667,-2864
-127.1520833,45.11041667,-2864
-127.1479167,45.11041667,-2863
-127.14375,45.11041667,-2863
-127.1395833,45.11041667,-2863
-127.1354167,45.11041667,-2863
-127.13125,45.11041667,-2862
-127.1270833,45.11041667,-2862
-127.1229167,45.11041667,-2861
-127.11875,45.11041667,-2861
-127.1145833,45.11041667,-2861
-127.1104167,45.11041667,-2860
-127.10625,45.11041667,-2860
-127.1020833,45.11041667,-2860
-127.0979167,45.11041667,-2859
-127.09375,45.11041667,-2859
-127.0895833,45.11041667,-2859
-127.0854167,45.11041667,-2859
-127.08125,45.11041667,-2859
-127.0770833,45.11041667,-2859
-127.0729167,45.11041667,-2858
-127.06875,45.11041667,-2857
-127.0645833,45.11041667,-2857
-127.0604167,45.11041667,-2857
-127.05625,45.11041667,-2857
-127.0520833,45.11041667,-2856
-127.0479167,45.11041667,-2855
-127.04375,45.11041667,-2855
-127.0395833,45.11041667,-2855
-127.0354167,45.11041667,-2855
-127.03125,45.11041667,-2854
-127.0270833,45.11041667,-2853
-127.0229167,45.11041667,-2853
-127.01875,45.11041667,-2853
-127.0145833,45.11041667,-2853
-127.0104167,45.11041667,-2852
-127.00625,45.11041667,-2852
-127.0020833,45.11041667,-2851
-127.4979167,45.11458333,-2866
-127.49375,45.11458333,-2866
-127.4895833,45.11458333,-2867
-127.4854167,45.11458333,-2867
-127.48125,45.11458333,-2868
-127.4770833,45.11458333,-2868
-127.4729167,45.11458333,-2870
-127.46875,45.11458333,-2870
-127.4645833,45.11458333,-2871
-127.4604167,45.11458333,-2872
-127.45625,45.11458333,-2873
-127.4520833,45.11458333,-2875
-127.4479167,45.11458333,-2877
-127.44375,45.11458333,-2879
-127.4395833,45.11458333,-2886
-127.4354167,45.11458333,-2897
-127.43125,45.11458333,-2925
-127.4270833,45.11458333,-2953
-127.4229167,45.11458333,-2983
-127.41875,45.11458333,-3009
-127.4145833,45.11458333,-3011
-127.4104167,45.11458333,-3013
-127.40625,45.11458333,-3012
-127.4020833,45.11458333,-3010
-127.3979167,45.11458333,-3003
-127.39375,45.11458333,-2992
-127.3895833,45.11458333,-2960
-127.3854167,45.11458333,-2933
-127.38125,45.11458333,-2926
-127.3770833,45.11458333,-2917
-127.3729167,45.11458333,-2902
-127.36875,45.11458333,-2889
-127.3645833,45.11458333,-2880
-127.3604167,45.11458333,-2874
-127.35625,45.11458333,-2875
-127.3520833,45.11458333,-2877
-127.3479167,45.11458333,-2884
-127.34375,45.11458333,-2889
-127.3395833,45.11458333,-2886
-127.3354167,45.11458333,-2883
-127.33125,45.11458333,-2879
-127.3270833,45.11458333,-2876
-127.3229167,45.11458333,-2874
-127.31875,45.11458333,-2873
-127.3145833,45.11458333,-2871
-127.3104167,45.11458333,-2870
-127.30625,45.11458333,-2869
-127.3020833,45.11458333,-2868
-127.2979167,45.11458333,-2869
-127.29375,45.11458333,-2869
-127.2895833,45.11458333,-2869
-127.2854167,45.11458333,-2868
-127.28125,45.11458333,-2868
-127.2770833,45.11458333,-2868
-127.2729167,45.11458333,-2867
-127.26875,45.11458333,-2866
-127.2645833,45.11458333,-2864
-127.2604167,45.11458333,-2863
-127.25625,45.11458333,-2863
-127.2520833,45.11458333,-2862
-127.2479167,45.11458333,-2861
-127.24375,45.11458333,-2860
-127.2395833,45.11458333,-2859
-127.2354167,45.11458333,-2859
-127.23125,45.11458333,-2859
-127.2270833,45.11458333,-2860
-127.2229167,45.11458333,-2864
-127.21875,45.11458333,-2865
-127.2145833,45.11458333,-2861
-127.2104167,45.11458333,-2860
-127.20625,45.11458333,-2864
-127.2020833,45.11458333,-2867
-127.1979167,45.11458333,-2866
-127.19375,45.11458333,-2866
-127.1895833,45.11458333,-2865
-127.1854167,45.11458333,-2865
-127.18125,45.11458333,-2864
-127.1770833,45.11458333,-2864
-127.1729167,45.11458333,-2864
-127.16875,45.11458333,-2864
-127.1645833,45.11458333,-2864
-127.1604167,45.11458333,-2864
-127.15625,45.11458333,-2864
-127.1520833,45.11458333,-2864
-127.1479167,45.11458333,-2864
-127.14375,45.11458333,-2863
-127.1395833,45.11458333,-2863
-127.1354167,45.11458333,-2863
-127.13125,45.11458333,-2862
-127.1270833,45.11458333,-2862
-127.1229167,45.11458333,-2861
-127.11875,45.11458333,-2861
-127.1145833,45.11458333,-2861
-127.1104167,45.11458333,-2861
-127.10625,45.11458333,-2860
-127.1020833,45.11458333,-2860
-127.0979167,45.11458333,-2860
-127.09375,45.11458333,-2859
-127.0895833,45.11458333,-2859
-127.0854167,45.11458333,-2859
-127.08125,45.11458333,-2859
-127.0770833,45.11458333,-2859
-127.0729167,45.11458333,-2858
-127.06875,45.11458333,-2858
-127.0645833,45.11458333,-2858
-127.0604167,45.11458333,-2857
-127.05625,45.11458333,-2857
-127.0520833,45.11458333,-2857
-127.0479167,45.11458333,-2856
-127.04375,45.11458333,-2856
-127.0395833,45.11458333,-2856
-127.0354167,45.11458333,-2855
-127.03125,45.11458333,-2855
-127.0270833,45.11458333,-2855
-127.0229167,45.11458333,-2854
-127.01875,45.11458333,-2854
-127.0145833,45.11458333,-2854
-127.0104167,45.11458333,-2854
-127.00625,45.11458333,-2853
-127.0020833,45.11458333,-2853
-127.4979167,45.11875,-2866
-127.49375,45.11875,-2867
-127.4895833,45.11875,-2868
-127.4854167,45.11875,-2868
-127.48125,45.11875,-2869
-127.4770833,45.11875,-2869
-127.4729167,45.11875,-2870
-127.46875,45.11875,-2871
-127.4645833,45.11875,-2872
-127.4604167,45.11875,-2873
-127.45625,45.11875,-2875
-127.4520833,45.11875,-2876
-127.4479167,45.11875,-2880
-127.44375,45.11875,-2884
-127.4395833,45.11875,-2899
-127.4354167,45.11875,-2917
-127.43125,45.11875,-2958
-127.4270833,45.11875,-2994
-127.4229167,45.11875,-3004
-127.41875,45.11875,-3012
-127.4145833,45.11875,-3012
-127.4104167,45.11875,-3011
-127.40625,45.11875,-3008
-127.4020833,45.11875,-3003
-127.3979167,45.11875,-2986
-127.39375,45.11875,-2967
-127.3895833,45.11875,-2945
-127.3854167,45.11875,-2924
-127.38125,45.11875,-2916
-127.3770833,45.11875,-2905
-127.3729167,45.11875,-2889
-127.36875,45.11875,-2875
-127.3645833,45.11875,-2873
-127.3604167,45.11875,-2870
-127.35625,45.11875,-2869
-127.3520833,45.11875,-2868
-127.3479167,45.11875,-2869
-127.34375,45.11875,-2871
-127.3395833,45.11875,-2877
-127.3354167,45.11875,-2881
-127.33125,45.11875,-2880
-127.3270833,45.11875,-2878
-127.3229167,45.11875,-2877
-127.31875,45.11875,-2875
-127.3145833,45.11875,-2873
-127.3104167,45.11875,-2872
-127.30625,45.11875,-2870
-127.3020833,45.11875,-2868
-127.2979167,45.11875,-2868
-127.29375,45.11875,-2868
-127.2895833,45.11875,-2868
-127.2854167,45.11875,-2868
-127.28125,45.11875,-2868
-127.2770833,45.11875,-2869
-127.2729167,45.11875,-2871
-127.26875,45.11875,-2871
-127.2645833,45.11875,-2871
-127.2604167,45.11875,-2871
-127.25625,45.11875,-2872
-127.2520833,45.11875,-2873
-127.2479167,45.11875,-2873
-127.24375,45.11875,-2872
-127.2395833,45.11875,-2868
-127.2354167,45.11875,-2865
-127.23125,45.11875,-2861
-127.2270833,45.11875,-2860
-127.2229167,45.11875,-2864
-127.21875,45.11875,-2866
-127.2145833,45.11875,-2866
-127.2104167,45.11875,-2866
-127.20625,45.11875,-2865
-127.2020833,45.11875,-2865
-127.1979167,45.11875,-2866
-127.19375,45.11875,-2866
-127.1895833,45.11875,-2865
-127.1854167,45.11875,-2864
-127.18125,45.11875,-2864
-127.1770833,45.11875,-2864
-127.1729167,45.11875,-2864
-127.16875,45.11875,-2864
-127.1645833,45.11875,-2865
-127.1604167,45.11875,-2865
-127.15625,45.11875,-2865
-127.1520833,45.11875,-2865
-127.1479167,45.11875,-2864
-127.14375,45.11875,-2864
-127.1395833,45.11875,-2863
-127.1354167,45.11875,-2863
-127.13125,45.11875,-2862
-127.1270833,45.11875,-2862
-127.1229167,45.11875,-2862
-127.11875,45.11875,-2861
-127.1145833,45.11875,-2861
-127.1104167,45.11875,-2861
-127.10625,45.11875,-2860
-127.1020833,45.11875,-2860
-127.0979167,45.11875,-2860
-127.09375,45.11875,-2860
-127.0895833,45.11875,-2860
-127.0854167,45.11875,-2860
-127.08125,45.11875,-2860
-127.0770833,45.11875,-2860
-127.0729167,45.11875,-2859
-127.06875,45.11875,-2858
-127.0645833,45.11875,-2858
-127.0604167,45.11875,-2858
-127.05625,45.11875,-2858
-127.0520833,45.11875,-2858
-127.0479167,45.11875,-2858
-127.04375,45.11875,-2858
-127.0395833,45.11875,-2857
-127.0354167,45.11875,-2857
-127.03125,45.11875,-2857
-127.0270833,45.11875,-2856
-127.0229167,45.11875,-2856
-127.01875,45.11875,-2856
-127.0145833,45.11875,-2855
-127.0104167,45.11875,-2855
-127.00625,45.11875,-2855
-127.0020833,45.11875,-2855
-127.4979167,45.12291667,-2867
-127.49375,45.12291667,-2867
-127.4895833,45.12291667,-2868
-127.4854167,45.12291667,-2868
-127.48125,45.12291667,-2869
-127.4770833,45.12291667,-2870
-127.4729167,45.12291667,-2871
-127.46875,45.12291667,-2872
-127.4645833,45.12291667,-2873
-127.4604167,45.12291667,-2874
-127.45625,45.12291667,-2877
-127.4520833,45.12291667,-2879
-127.4479167,45.12291667,-2886
-127.44375,45.12291667,-2896
-127.4395833,45.12291667,-2926
-127.4354167,45.12291667,-2956
-127.43125,45.12291667,-2986
-127.4270833,45.12291667,-3012
-127.4229167,45.12291667,-3011
-127.41875,45.12291667,-3009
-127.4145833,45.12291667,-3006
-127.4104167,45.12291667,-3003
-127.40625,45.12291667,-3000
-127.4020833,45.12291667,-2994
-127.3979167,45.12291667,-2974
-127.39375,45.12291667,-2955
-127.3895833,45.12291667,-2938
-127.3854167,45.12291667,-2923
-127.38125,45.12291667,-2911
-127.3770833,45.12291667,-2899
-127.3729167,45.12291667,-2886
-127.36875,45.12291667,-2875
-127.3645833,45.12291667,-2871
-127.3604167,45.12291667,-2868
-127.35625,45.12291667,-2867
-127.3520833,45.12291667,-2866
-127.3479167,45.12291667,-2866
-127.34375,45.12291667,-2866
-127.3395833,45.12291667,-2866
-127.3354167,45.12291667,-2867
-127.33125,45.12291667,-2869
-127.3270833,45.12291667,-2870
-127.3229167,45.12291667,-2871
-127.31875,45.12291667,-2871
-127.3145833,45.12291667,-2870
-127.3104167,45.12291667,-2869
-127.30625,45.12291667,-2868
-127.3020833,45.12291667,-2867
-127.2979167,45.12291667,-2866
-127.29375,45.12291667,-2865
-127.2895833,45.12291667,-2866
-127.2854167,45.12291667,-2866
-127.28125,45.12291667,-2867
-127.2770833,45.12291667,-2869
-127.2729167,45.12291667,-2873
-127.26875,45.12291667,-2877
-127.2645833,45.12291667,-2881
-127.2604167,45.12291667,-2885
-127.25625,45.12291667,-2888
-127.2520833,45.12291667,-2890
-127.2479167,45.12291667,-2891
-127.24375,45.12291667,-2890
-127.2395833,45.12291667,-2882
-127.2354167,45.12291667,-2875
-127.23125,45.12291667,-2867
-127.2270833,45.12291667,-2863
-127.2229167,45.12291667,-2866
-127.21875,45.12291667,-2867
-127.2145833,45.12291667,-2867
-127.2104167,45.12291667,-2866
-127.20625,45.12291667,-2865
-127.2020833,45.12291667,-2865
-127.1979167,45.12291667,-2866
-127.19375,45.12291667,-2866
-127.1895833,45.12291667,-2865
-127.1854167,45.12291667,-2864
-127.18125,45.12291667,-2864
-127.1770833,45.12291667,-2865
-127.1729167,45.12291667,-2865
-127.16875,45.12291667,-2865
-127.1645833,45.12291667,-2866
-127.1604167,45.12291667,-2866
-127.15625,45.12291667,-2865
-127.1520833,45.12291667,-2865
-127.1479167,45.12291667,-2864
-127.14375,45.12291667,-2864
-127.1395833,45.12291667,-2863
-127.1354167,45.12291667,-2863
-127.13125,45.12291667,-2863
-127.1270833,45.12291667,-2862
-127.1229167,45.12291667,-2862
-127.11875,45.12291667,-2862
-127.1145833,45.12291667,-2862
-127.1104167,45.12291667,-2861
-127.10625,45.12291667,-2861
-127.1020833,45.12291667,-2861
-127.0979167,45.12291667,-2861
-127.09375,45.12291667,-2861
-127.0895833,45.12291667,-2861
-127.0854167,45.12291667,-2861
-127.08125,45.12291667,-2861
-127.0770833,45.12291667,-2860
-127.0729167,45.12291667,-2860
-127.06875,45.12291667,-2859
-127.0645833,45.12291667,-2859
-127.0604167,45.12291667,-2859
-127.05625,45.12291667,-2859
-127.0520833,45.12291667,-2859
-127.0479167,45.12291667,-2859
-127.04375,45.12291667,-2859
-127.0395833,45.12291667,-2858
-127.0354167,45.12291667,-2858
-127.03125,45.12291667,-2858
-127.0270833,45.12291667,-2857
-127.0229167,45.12291667,-2857
-127.01875,45.12291667,-2857
-127.0145833,45.12291667,-2857
-127.0104167,45.12291667,-2856
-127.00625,45.12291667,-2856
-127.0020833,45.12291667,-2856
-127.4979167,45.12708333,-2867
-127.49375,45.12708333,-2868
-127.4895833,45.12708333,-2868
-127.4854167,45.12708333,-2869
-127.48125,45.12708333,-2871
-127.4770833,45.12708333,-2872
-127.4729167,45.12708333,-2872
-127.46875,45.12708333,-2873
-127.4645833,45.12708333,-2875
-127.4604167,45.12708333,-2877
-127.45625,45.12708333,-2881
-127.4520833,45.12708333,-2886
-127.4479167,45.12708333,-2903
-127.44375,45.12708333,-2923
-127.4395833,45.12708333,-2961
-127.4354167,45.12708333,-2995
-127.43125,45.12708333,-3002
-127.4270833,45.12708333,-3008
-127.4229167,45.12708333,-3006
-127.41875,45.12708333,-3003
-127.4145833,45.12708333,-2997
-127.4104167,45.12708333,-2991
-127.40625,45.12708333,-2990
-127.4020833,45.12708333,-2985
-127.3979167,45.12708333,-2964
-127.39375,45.12708333,-2944
-127.3895833,45.12708333,-2931
-127.3854167,45.12708333,-2919
-127.38125,45.12708333,-2912
-127.3770833,45.12708333,-2906
-127.3729167,45.12708333,-2899
-127.36875,45.12708333,-2892
-127.3645833,45.12708333,-2884
-127.3604167,45.12708333,-2877
-127.35625,45.12708333,-2871
-127.3520833,45.12708333,-2867
-127.3479167,45.12708333,-2866
-127.34375,45.12708333,-2865
-127.3395833,45.12708333,-2865
-127.3354167,45.12708333,-2864
-127.33125,45.12708333,-2864
-127.3270833,45.12708333,-2864
-127.3229167,45.12708333,-2864
-127.31875,45.12708333,-2865
-127.3145833,45.12708333,-2865
-127.3104167,45.12708333,-2865
-127.30625,45.12708333,-2865
-127.3020833,45.12708333,-2865
-127.2979167,45.12708333,-2864
-127.29375,45.12708333,-2864
-127.2895833,45.12708333,-2864
-127.2854167,45.12708333,-2865
-127.28125,45.12708333,-2865
-127.2770833,45.12708333,-2867
-127.2729167,45.12708333,-2874
-127.26875,45.12708333,-2881
-127.2645833,45.12708333,-2887
-127.2604167,45.12708333,-2890
-127.25625,45.12708333,-2890
-127.2520833,45.12708333,-2888
-127.2479167,45.12708333,-2886
-127.24375,45.12708333,-2883
-127.2395833,45.12708333,-2877
-127.2354167,45.12708333,-2872
-127.23125,45.12708333,-2869
-127.2270833,45.12708333,-2868
-127.2229167,45.12708333,-2867
-127.21875,45.12708333,-2867
-127.2145833,45.12708333,-2867
-127.2104167,45.12708333,-2867
-127.20625,45.12708333,-2866
-127.2020833,45.12708333,-2866
-127.1979167,45.12708333,-2866
-127.19375,45.12708333,-2866
-127.1895833,45.12708333,-2866
-127.1854167,45.12708333,-2865
-127.18125,45.12708333,-2866
-127.1770833,45.12708333,-2866
-127.1729167,45.12708333,-2866
-127.16875,45.12708333,-2866
-127.1645833,45.12708333,-2866
-127.1604167,45.12708333,-2866
-127.15625,45.12708333,-2866
-127.1520833,45.12708333,-2865
-127.1479167,45.12708333,-2865
-127.14375,45.12708333,-2864
-127.1395833,45.12708333,-2864
-127.1354167,45.12708333,-2863
-127.13125,45.12708333,-2863
-127.1270833,45.12708333,-2863
-127.1229167,45.12708333,-2863
-127.11875,45.12708333,-2862
-127.1145833,45.12708333,-2863
-127.1104167,45.12708333,-2863
-127.10625,45.12708333,-2863
-127.1020833,45.12708333,-2862
-127.0979167,45.12708333,-2862
-127.09375,45.12708333,-2862
-127.0895833,45.12708333,-2862
-127.0854167,45.12708333,-2862
-127.08125,45.12708333,-2862
-127.0770833,45.12708333,-2862
-127.0729167,45.12708333,-2862
-127.06875,45.12708333,-2861
-127.0645833,45.12708333,-2861
-127.0604167,45.12708333,-2860
-127.05625,45.12708333,-2860
-127.0520833,45.12708333,-2860
-127.0479167,45.12708333,-2860
-127.04375,45.12708333,-2859
-127.0395833,45.12708333,-2859
-127.0354167,45.12708333,-2859
-127.03125,45.12708333,-2859
-127.0270833,45.12708333,-2858
-127.0229167,45.12708333,-2858
-127.01875,45.12708333,-2858
-127.0145833,45.12708333,-2858
-127.0104167,45.12708333,-2858
-127.00625,45.12708333,-2858
-127.0020833,45.12708333,-2858
-127.4979167,45.13125,-2868
-127.49375,45.13125,-2868
-127.4895833,45.13125,-2869
-127.4854167,45.13125,-2869
-127.48125,45.13125,-2872
-127.4770833,45.13125,-2875
-127.4729167,45.13125,-2876
-127.46875,45.13125,-2877
-127.4645833,45.13125,-2877
-127.4604167,45.13125,-2878
-127.45625,45.13125,-2882
-127.4520833,45.13125,-2891
-127.4479167,45.13125,-2927
-127.44375,45.13125,-2962
-127.4395833,45.13125,-2985
-127.4354167,45.13125,-3005
-127.43125,45.13125,-3004
-127.4270833,45.13125,-3003
-127.4229167,45.13125,-2999
-127.41875,45.13125,-2996
-127.4145833,45.13125,-2994
-127.4104167,45.13125,-2991
-127.40625,45.13125,-2985
-127.4020833,45.13125,-2977
-127.3979167,45.13125,-2954
-127.39375,45.13125,-2933
-127.3895833,45.13125,-2919
-127.3854167,45.13125,-2906
-127.38125,45.13125,-2900
-127.3770833,45.13125,-2896
-127.3729167,45.13125,-2900
-127.36875,45.13125,-2902
-127.3645833,45.13125,-2900
-127.3604167,45.13125,-2896
-127.35625,45.13125,-2884
-127.3520833,45.13125,-2873
-127.3479167,45.13125,-2870
-127.34375,45.13125,-2867
-127.3395833,45.13125,-2865
-127.3354167,45.13125,-2864
-127.33125,45.13125,-2864
-127.3270833,45.13125,-2864
-127.3229167,45.13125,-2864
-127.31875,45.13125,-2864
-127.3145833,45.13125,-2864
-127.3104167,45.13125,-2864
-127.30625,45.13125,-2864
-127.3020833,45.13125,-2864
-127.2979167,45.13125,-2864
-127.29375,45.13125,-2864
-127.2895833,45.13125,-2865
-127.2854167,45.13125,-2866
-127.28125,45.13125,-2868
-127.2770833,45.13125,-2870
-127.2729167,45.13125,-2874
-127.26875,45.13125,-2878
-127.2645833,45.13125,-2880
-127.2604167,45.13125,-2881
-127.25625,45.13125,-2878
-127.2520833,45.13125,-2875
-127.2479167,45.13125,-2873
-127.24375,45.13125,-2871
-127.2395833,45.13125,-2870
-127.2354167,45.13125,-2869
-127.23125,45.13125,-2869
-127.2270833,45.13125,-2868
-127.2229167,45.13125,-2868
-127.21875,45.13125,-2867
-127.2145833,45.13125,-2867
-127.2104167,45.13125,-2867
-127.20625,45.13125,-2866
-127.2020833,45.13125,-2866
-127.1979167,45.13125,-2866
-127.19375,45.13125,-2866
-127.1895833,45.13125,-2866
-127.1854167,45.13125,-2866
-127.18125,45.13125,-2867
-127.1770833,45.13125,-2866
-127.1729167,45.13125,-2866
-127.16875,45.13125,-2866
-127.1645833,45.13125,-2866
-127.1604167,45.13125,-2866
-127.15625,45.13125,-2866
-127.1520833,45.13125,-2866
-127.1479167,45.13125,-2865
-127.14375,45.13125,-2865
-127.1395833,45.13125,-2865
-127.1354167,45.13125,-2864
-127.13125,45.13125,-2865
-127.1270833,45.13125,-2865
-127.1229167,45.13125,-2864
-127.11875,45.13125,-2864
-127.1145833,45.13125,-2864
-127.1104167,45.13125,-2864
-127.10625,45.13125,-2864
-127.1020833,45.13125,-2863
-127.0979167,45.13125,-2863
-127.09375,45.13125,-2863
-127.0895833,45.13125,-2863
-127.0854167,45.13125,-2863
-127.08125,45.13125,-2863
-127.0770833,45.13125,-2863
-127.0729167,45.13125,-2863
-127.06875,45.13125,-2862
-127.0645833,45.13125,-2862
-127.0604167,45.13125,-2861
-127.05625,45.13125,-2861
-127.0520833,45.13125,-2861
-127.0479167,45.13125,-2861
-127.04375,45.13125,-2860
-127.0395833,45.13125,-2860
-127.0354167,45.13125,-2860
-127.03125,45.13125,-2860
-127.0270833,45.13125,-2860
-127.0229167,45.13125,-2860
-127.01875,45.13125,-2860
-127.0145833,45.13125,-2859
-127.0104167,45.13125,-2859
-127.00625,45.13125,-2859
-127.0020833,45.13125,-2859
-127.4979167,45.13541667,-2873
-127.49375,45.13541667,-2876
-127.4895833,45.13541667,-2873
-127.4854167,45.13541667,-2871
-127.48125,45.13541667,-2874
-127.4770833,45.13541667,-2877
-127.4729167,45.13541667,-2877
-127.46875,45.13541667,-2877
-127.4645833,45.13541667,-2877
-127.4604167,45.13541667,-2879
-127.45625,45.13541667,-2891
-127.4520833,45.13541667,-2907
-127.4479167,45.13541667,-2953
-127.44375,45.13541667,-2994
-127.4395833,45.13541667,-2999
-127.4354167,45.13541667,-3002
-127.43125,45.13541667,-2996
-127.4270833,45.13541667,-2991
-127.4229167,45.13541667,-2988
-127.41875,45.13541667,-2986
-127.4145833,45.13541667,-2990
-127.4104167,45.13541667,-2992
-127.40625,45.13541667,-2983
-127.4020833,45.13541667,-2972
-127.3979167,45.13541667,-2951
-127.39375,45.13541667,-2930
-127.3895833,45.13541667,-2912
-127.3854167,45.13541667,-2894
-127.38125,45.13541667,-2881
-127.3770833,45.13541667,-2871
-127.3729167,45.13541667,-2875
-127.36875,45.13541667,-2879
-127.3645833,45.13541667,-2887
-127.3604167,45.13541667,-2893
-127.35625,45.13541667,-2891
-127.3520833,45.13541667,-2887
-127.3479167,45.13541667,-2878
-127.34375,45.13541667,-2870
-127.3395833,45.13541667,-2867
-127.3354167,45.13541667,-2866
-127.33125,45.13541667,-2866
-127.3270833,45.13541667,-2865
-127.3229167,45.13541667,-2865
-127.31875,45.13541667,-2865
-127.3145833,45.13541667,-2865
-127.3104167,45.13541667,-2865
-127.30625,45.13541667,-2866
-127.3020833,45.13541667,-2867
-127.2979167,45.13541667,-2866
-127.29375,45.13541667,-2866
-127.2895833,45.13541667,-2868
-127.2854167,45.13541667,-2871
-127.28125,45.13541667,-2875
-127.2770833,45.13541667,-2877
-127.2729167,45.13541667,-2873
-127.26875,45.13541667,-2870
-127.2645833,45.13541667,-2871
-127.2604167,45.13541667,-2872
-127.25625,45.13541667,-2871
-127.2520833,45.13541667,-2870
-127.2479167,45.13541667,-2869
-127.24375,45.13541667,-2869
-127.2395833,45.13541667,-2869
-127.2354167,45.13541667,-2869
-127.23125,45.13541667,-2869
-127.2270833,45.13541667,-2868
-127.2229167,45.13541667,-2868
-127.21875,45.13541667,-2867
-127.2145833,45.13541667,-2867
-127.2104167,45.13541667,-2867
-127.20625,45.13541667,-2867
-127.2020833,45.13541667,-2867
-127.1979167,45.13541667,-2867
-127.19375,45.13541667,-2867
-127.1895833,45.13541667,-2867
-127.1854167,45.13541667,-2867
-127.18125,45.13541667,-2867
-127.1770833,45.13541667,-2866
-127.1729167,45.13541667,-2866
-127.16875,45.13541667,-2866
-127.1645833,45.13541667,-2866
-127.1604167,45.13541667,-2866
-127.15625,45.13541667,-2866
-127.1520833,45.13541667,-2866
-127.1479167,45.13541667,-2866
-127.14375,45.13541667,-2865
-127.1395833,45.13541667,-2865
-127.1354167,45.13541667,-2865
-127.13125,45.13541667,-2866
-127.1270833,45.13541667,-2866
-127.1229167,45.13541667,-2865
-127.11875,45.13541667,-2865
-127.1145833,45.13541667,-2865
-127.1104167,45.13541667,-2865
-127.10625,45.13541667,-2864
-127.1020833,45.13541667,-2864
-127.0979167,45.13541667,-2864
-127.09375,45.13541667,-2864
-127.0895833,45.13541667,-2864
-127.0854167,45.13541667,-2864
-127.08125,45.13541667,-2864
-127.0770833,45.13541667,-2864
-127.0729167,45.13541667,-2864
-127.06875,45.13541667,-2863
-127.0645833,45.13541667,-2863
-127.0604167,45.13541667,-2862
-127.05625,45.13541667,-2862
-127.0520833,45.13541667,-2862
-127.0479167,45.13541667,-2862
-127.04375,45.13541667,-2862
-127.0395833,45.13541667,-2861
-127.0354167,45.13541667,-2861
-127.03125,45.13541667,-2861
-127.0270833,45.13541667,-2861
-127.0229167,45.13541667,-2861
-127.01875,45.13541667,-2861
-127.0145833,45.13541667,-2861
-127.0104167,45.13541667,-2861
-127.00625,45.13541667,-2860
-127.0020833,45.13541667,-2860
-127.4979167,45.13958333,-2880
-127.49375,45.13958333,-2885
-127.4895833,45.13958333,-2877
-127.4854167,45.13958333,-2873
-127.48125,45.13958333,-2874
-127.4770833,45.13958333,-2875
-127.4729167,45.13958333,-2873
-127.46875,45.13958333,-2872
-127.4645833,45.13958333,-2876
-127.4604167,45.13958333,-2885
-127.45625,45.13958333,-2921
-127.4520833,45.13958333,-2955
-127.4479167,45.13958333,-2981
-127.44375,45.13958333,-3003
-127.4395833,45.13958333,-3001
-127.4354167,45.13958333,-2997
-127.43125,45.13958333,-2982
-127.4270833,45.13958333,-2969
-127.4229167,45.13958333,-2971
-127.41875,45.13958333,-2974
-127.4145833,45.13958333,-2984
-127.4104167,45.13958333,-2991
-127.40625,45.13958333,-2979
-127.4020833,45.13958333,-2966
-127.3979167,45.13958333,-2947
-127.39375,45.13958333,-2928
-127.3895833,45.13958333,-2905
-127.3854167,45.13958333,-2885
-127.38125,45.13958333,-2876
-127.3770833,45.13958333,-2868
-127.3729167,45.13958333,-2867
-127.36875,45.13958333,-2866
-127.3645833,45.13958333,-2868
-127.3604167,45.13958333,-2871
-127.35625,45.13958333,-2883
-127.3520833,45.13958333,-2891
-127.3479167,45.13958333,-2886
-127.34375,45.13958333,-2880
-127.3395833,45.13958333,-2875
-127.3354167,45.13958333,-2870
-127.33125,45.13958333,-2868
-127.3270833,45.13958333,-2867
-127.3229167,45.13958333,-2866
-127.31875,45.13958333,-2867
-127.3145833,45.13958333,-2872
-127.3104167,45.13958333,-2875
-127.30625,45.13958333,-2875
-127.3020833,45.13958333,-2874
-127.2979167,45.13958333,-2872
-127.29375,45.13958333,-2871
-127.2895833,45.13958333,-2873
-127.2854167,45.13958333,-2875
-127.28125,45.13958333,-2875
-127.2770833,45.13958333,-2875
-127.2729167,45.13958333,-2874
-127.26875,45.13958333,-2873
-127.2645833,45.13958333,-2872
-127.2604167,45.13958333,-2871
-127.25625,45.13958333,-2871
-127.2520833,45.13958333,-2870
-127.2479167,45.13958333,-2870
-127.24375,45.13958333,-2869
-127.2395833,45.13958333,-2869
-127.2354167,45.13958333,-2869
-127.23125,45.13958333,-2869
-127.2270833,45.13958333,-2869
-127.2229167,45.13958333,-2868
-127.21875,45.13958333,-2868
-127.2145833,45.13958333,-2868
-127.2104167,45.13958333,-2868
-127.20625,45.13958333,-2868
-127.2020833,45.13958333,-2868
-127.1979167,45.13958333,-2868
-127.19375,45.13958333,-2868
-127.1895833,45.13958333,-2868
-127.1854167,45.13958333,-2868
-127.18125,45.13958333,-2868
-127.1770833,45.13958333,-2867
-127.1729167,45.13958333,-2867
-127.16875,45.13958333,-2867
-127.1645833,45.13958333,-2867
-127.1604167,45.13958333,-2867
-127.15625,45.13958333,-2867
-127.1520833,45.13958333,-2867
-127.1479167,45.13958333,-2867
-127.14375,45.13958333,-2866
-127.1395833,45.13958333,-2866
-127.1354167,45.13958333,-2866
-127.13125,45.13958333,-2866
-127.1270833,45.13958333,-2866
-127.1229167,45.13958333,-2866
-127.11875,45.13958333,-2866
-127.1145833,45.13958333,-2866
-127.1104167,45.13958333,-2865
-127.10625,45.13958333,-2866
-127.1020833,45.13958333,-2866
-127.0979167,45.13958333,-2866
-127.09375,45.13958333,-2866
-127.0895833,45.13958333,-2866
-127.0854167,45.13958333,-2865
-127.08125,45.13958333,-2865
-127.0770833,45.13958333,-2865
-127.0729167,45.13958333,-2864
-127.06875,45.13958333,-2864
-127.0645833,45.13958333,-2864
-127.0604167,45.13958333,-2863
-127.05625,45.13958333,-2863
-127.0520833,45.13958333,-2864
-127.0479167,45.13958333,-2864
-127.04375,45.13958333,-2864
-127.0395833,45.13958333,-2864
-127.0354167,45.13958333,-2863
-127.03125,45.13958333,-2863
-127.0270833,45.13958333,-2863
-127.0229167,45.13958333,-2862
-127.01875,45.13958333,-2861
-127.0145833,45.13958333,-2861
-127.0104167,45.13958333,-2861
-127.00625,45.13958333,-2861
-127.0020833,45.13958333,-2860
-127.4979167,45.14375,-2873
-127.49375,45.14375,-2874
-127.4895833,45.14375,-2873
-127.4854167,45.14375,-2873
-127.48125,45.14375,-2872
-127.4770833,45.14375,-2871
-127.4729167,45.14375,-2872
-127.46875,45.14375,-2874
-127.4645833,45.14375,-2880
-127.4604167,45.14375,-2891
-127.45625,45.14375,-2941
-127.4520833,45.14375,-2986
-127.4479167,45.14375,-2994
-127.44375,45.14375,-3001
-127.4395833,45.14375,-2998
-127.4354167,45.14375,-2994
-127.43125,45.14375,-2976
-127.4270833,45.14375,-2961
-127.4229167,45.14375,-2964
-127.41875,45.14375,-2968
-127.4145833,45.14375,-2981
-127.4104167,45.14375,-2990
-127.40625,45.14375,-2975
-127.4020833,45.14375,-2960
-127.3979167,45.14375,-2944
-127.39375,45.14375,-2927
-127.3895833,45.14375,-2903
-127.3854167,45.14375,-2883
-127.38125,45.14375,-2875
-127.3770833,45.14375,-2868
-127.3729167,45.14375,-2866
-127.36875,45.14375,-2865
-127.3645833,45.14375,-2865
-127.3604167,45.14375,-2866
-127.35625,45.14375,-2873
-127.3520833,45.14375,-2881
-127.3479167,45.14375,-2888
-127.34375,45.14375,-2892
-127.3395833,45.14375,-2882
-127.3354167,45.14375,-2873
-127.33125,45.14375,-2871
-127.3270833,45.14375,-2869
-127.3229167,45.14375,-2868
-127.31875,45.14375,-2870
-127.3145833,45.14375,-2881
-127.3104167,45.14375,-2888
-127.30625,45.14375,-2884
-127.3020833,45.14375,-2880
-127.2979167,45.14375,-2878
-127.29375,45.14375,-2876
-127.2895833,45.14375,-2876
-127.2854167,45.14375,-2876
-127.28125,45.14375,-2875
-127.2770833,45.14375,-2874
-127.2729167,45.14375,-2873
-127.26875,45.14375,-2873
-127.2645833,45.14375,-2872
-127.2604167,45.14375,-2871
-127.25625,45.14375,-2871
-127.2520833,45.14375,-2871
-127.2479167,45.14375,-2870
-127.24375,45.14375,-2869
-127.2395833,45.14375,-2869
-127.2354167,45.14375,-2869
-127.23125,45.14375,-2869
-127.2270833,45.14375,-2869
-127.2229167,45.14375,-2868
-127.21875,45.14375,-2868
-127.2145833,45.14375,-2868
-127.2104167,45.14375,-2868
-127.20625,45.14375,-2868
-127.2020833,45.14375,-2868
-127.1979167,45.14375,-2869
-127.19375,45.14375,-2869
-127.1895833,45.14375,-2868
-127.1854167,45.14375,-2868
-127.18125,45.14375,-2868
-127.1770833,45.14375,-2868
-127.1729167,45.14375,-2867
-127.16875,45.14375,-2867
-127.1645833,45.14375,-2868
-127.1604167,45.14375,-2868
-127.15625,45.14375,-2868
-127.1520833,45.14375,-2868
-127.1479167,45.14375,-2867
-127.14375,45.14375,-2867
-127.1395833,45.14375,-2866
-127.1354167,45.14375,-2866
-127.13125,45.14375,-2866
-127.1270833,45.14375,-2866
-127.1229167,45.14375,-2867
-127.11875,45.14375,-2867
-127.1145833,45.14375,-2867
-127.1104167,45.14375,-2867
-127.10625,45.14375,-2867
-127.1020833,45.14375,-2867
-127.0979167,45.14375,-2867
-127.09375,45.14375,-2867
-127.0895833,45.14375,-2866
-127.0854167,45.14375,-2866
-127.08125,45.14375,-2865
-127.0770833,45.14375,-2865
-127.0729167,45.14375,-2864
-127.06875,45.14375,-2864
-127.0645833,45.14375,-2864
-127.0604167,45.14375,-2864
-127.05625,45.14375,-2864
-127.0520833,45.14375,-2864
-127.0479167,45.14375,-2865
-127.04375,45.14375,-2865
-127.0395833,45.14375,-2864
-127.0354167,45.14375,-2864
-127.03125,45.14375,-2863
-127.0270833,45.14375,-2863
-127.0229167,45.14375,-2862
-127.01875,45.14375,-2861
-127.0145833,45.14375,-2861
-127.0104167,45.14375,-2861
-127.00625,45.14375,-2861
-127.0020833,45.14375,-2861
-127.4979167,45.14791667,-2875
-127.49375,45.14791667,-2875
-127.4895833,45.14791667,-2872
-127.4854167,45.14791667,-2872
-127.48125,45.14791667,-2872
-127.4770833,45.14791667,-2872
-127.4729167,45.14791667,-2873
-127.46875,45.14791667,-2875
-127.4645833,45.14791667,-2883
-127.4604167,45.14791667,-2896
-127.45625,45.14791667,-2947
-127.4520833,45.14791667,-2992
-127.4479167,45.14791667,-2996
-127.44375,45.14791667,-2999
-127.4395833,45.14791667,-2992
-127.4354167,45.14791667,-2984
-127.43125,45.14791667,-2968
-127.4270833,45.14791667,-2954
-127.4229167,45.14791667,-2957
-127.41875,45.14791667,-2962
-127.4145833,45.14791667,-2978
-127.4104167,45.14791667,-2990
-127.40625,45.14791667,-2978
-127.4020833,45.14791667,-2965
-127.3979167,45.14791667,-2946
-127.39375,45.14791667,-2926
-127.3895833,45.14791667,-2901
-127.3854167,45.14791667,-2879
-127.38125,45.14791667,-2873
-127.3770833,45.14791667,-2867
-127.3729167,45.14791667,-2866
-127.36875,45.14791667,-2865
-127.3645833,45.14791667,-2865
-127.3604167,45.14791667,-2865
-127.35625,45.14791667,-2870
-127.3520833,45.14791667,-2875
-127.3479167,45.14791667,-2882
-127.34375,45.14791667,-2887
-127.3395833,45.14791667,-2883
-127.3354167,45.14791667,-2878
-127.33125,45.14791667,-2871
-127.3270833,45.14791667,-2866
-127.3229167,45.14791667,-2871
-127.31875,45.14791667,-2877
-127.3145833,45.14791667,-2883
-127.3104167,45.14791667,-2886
-127.30625,45.14791667,-2884
-127.3020833,45.14791667,-2881
-127.2979167,45.14791667,-2879
-127.29375,45.14791667,-2878
-127.2895833,45.14791667,-2877
-127.2854167,45.14791667,-2876
-127.28125,45.14791667,-2875
-127.2770833,45.14791667,-2874
-127.2729167,45.14791667,-2873
-127.26875,45.14791667,-2872
-127.2645833,45.14791667,-2872
-127.2604167,45.14791667,-2871
-127.25625,45.14791667,-2871
-127.2520833,45.14791667,-2870
-127.2479167,45.14791667,-2870
-127.24375,45.14791667,-2869
-127.2395833,45.14791667,-2869
-127.2354167,45.14791667,-2869
-127.23125,45.14791667,-2869
-127.2270833,45.14791667,-2869
-127.2229167,45.14791667,-2869
-127.21875,45.14791667,-2868
-127.2145833,45.14791667,-2868
-127.2104167,45.14791667,-2868
-127.20625,45.14791667,-2868
-127.2020833,45.14791667,-2869
-127.1979167,45.14791667,-2869
-127.19375,45.14791667,-2869
-127.1895833,45.14791667,-2869
-127.1854167,45.14791667,-2868
-127.18125,45.14791667,-2868
-127.1770833,45.14791667,-2868
-127.1729167,45.14791667,-2868
-127.16875,45.14791667,-2868
-127.1645833,45.14791667,-2868
-127.1604167,45.14791667,-2868
-127.15625,45.14791667,-2868
-127.1520833,45.14791667,-2868
-127.1479167,45.14791667,-2868
-127.14375,45.14791667,-2868
-127.1395833,45.14791667,-2867
-127.1354167,45.14791667,-2867
-127.13125,45.14791667,-2867
-127.1270833,45.14791667,-2867
-127.1229167,45.14791667,-2867
-127.11875,45.14791667,-2868
-127.1145833,45.14791667,-2868
-127.1104167,45.14791667,-2867
-127.10625,45.14791667,-2867
-127.1020833,45.14791667,-2867
-127.0979167,45.14791667,-2867
-127.09375,45.14791667,-2867
-127.0895833,45.14791667,-2866
-127.0854167,45.14791667,-2866
-127.08125,45.14791667,-2865
-127.0770833,45.14791667,-2865
-127.0729167,45.14791667,-2864
-127.06875,45.14791667,-2865
-127.0645833,45.14791667,-2865
-127.0604167,45.14791667,-2865
-127.05625,45.14791667,-2865
-127.0520833,45.14791667,-2865
-127.0479167,45.14791667,-2865
-127.04375,45.14791667,-2865
-127.0395833,45.14791667,-2864
-127.0354167,45.14791667,-2864
-127.03125,45.14791667,-2863
-127.0270833,45.14791667,-2863
-127.0229167,45.14791667,-2862
-127.01875,45.14791667,-2862
-127.0145833,45.14791667,-2861
-127.0104167,45.14791667,-2861
-127.00625,45.14791667,-2861
-127.0020833,45.14791667,-2861
-127.4979167,45.15208333,-2867
-127.49375,45.15208333,-2870
-127.4895833,45.15208333,-2870
-127.4854167,45.15208333,-2871
-127.48125,45.15208333,-2872
-127.4770833,45.15208333,-2874
-127.4729167,45.15208333,-2875
-127.46875,45.15208333,-2878
-127.4645833,45.15208333,-2893
-127.4604167,45.15208333,-2912
-127.45625,45.15208333,-2958
-127.4520833,45.15208333,-2998
-127.4479167,45.15208333,-2998
-127.44375,45.15208333,-2996
-127.4395833,45.15208333,-2980
-127.4354167,45.15208333,-2964
-127.43125,45.15208333,-2952
-127.4270833,45.15208333,-2943
-127.4229167,45.15208333,-2947
-127.41875,45.15208333,-2954
-127.4145833,45.15208333,-2975
-127.4104167,45.15208333,-2992
-127.40625,45.15208333,-2984
-127.4020833,45.15208333,-2974
-127.3979167,45.15208333,-2951
-127.39375,45.15208333,-2926
-127.3895833,45.15208333,-2900
-127.3854167,45.15208333,-2877
-127.38125,45.15208333,-2871
-127.3770833,45.15208333,-2866
-127.3729167,45.15208333,-2865
-127.36875,45.15208333,-2865
-127.3645833,45.15208333,-2864
-127.3604167,45.15208333,-2864
-127.35625,45.15208333,-2864
-127.3520833,45.15208333,-2864
-127.3479167,45.15208333,-2870
-127.34375,45.15208333,-2875
-127.3395833,45.15208333,-2878
-127.3354167,45.15208333,-2880
-127.33125,45.15208333,-2875
-127.3270833,45.15208333,-2873
-127.3229167,45.15208333,-2881
-127.31875,45.15208333,-2887
-127.3145833,45.15208333,-2885
-127.3104167,45.15208333,-2884
-127.30625,45.15208333,-2883
-127.3020833,45.15208333,-2882
-127.2979167,45.15208333,-2880
-127.29375,45.15208333,-2879
-127.2895833,45.15208333,-2878
-127.2854167,45.15208333,-2877
-127.28125,45.15208333,-2876
-127.2770833,45.15208333,-2875
-127.2729167,45.15208333,-2873
-127.26875,45.15208333,-2872
-127.2645833,45.15208333,-2871
-127.2604167,45.15208333,-2871
-127.25625,45.15208333,-2870
-127.2520833,45.15208333,-2870
-127.2479167,45.15208333,-2870
-127.24375,45.15208333,-2869
-127.2395833,45.15208333,-2869
-127.2354167,45.15208333,-2869
-127.23125,45.15208333,-2869
-127.2270833,45.15208333,-2869
-127.2229167,45.15208333,-2869
-127.21875,45.15208333,-2869
-127.2145833,45.15208333,-2869
-127.2104167,45.15208333,-2869
-127.20625,45.15208333,-2869
-127.2020833,45.15208333,-2869
-127.1979167,45.15208333,-2869
-127.19375,45.15208333,-2869
-127.1895833,45.15208333,-2869
-127.1854167,45.15208333,-2869
-127.18125,45.15208333,-2869
-127.1770833,45.15208333,-2869
-127.1729167,45.15208333,-2869
-127.16875,45.15208333,-2869
-127.1645833,45.15208333,-2869
-127.1604167,45.15208333,-2869
-127.15625,45.15208333,-2869
-127.1520833,45.15208333,-2869
-127.1479167,45.15208333,-2869
-127.14375,45.15208333,-2869
-127.1395833,45.15208333,-2868
-127.1354167,45.15208333,-2868
-127.13125,45.15208333,-2868
-127.1270833,45.15208333,-2868
-127.1229167,45.15208333,-2869
-127.11875,45.15208333,-2869
-127.1145833,45.15208333,-2868
-127.1104167,45.15208333,-2868
-127.10625,45.15208333,-2868
-127.1020833,45.15208333,-2868
-127.0979167,45.15208333,-2867
-127.09375,45.15208333,-2867
-127.0895833,45.15208333,-2866
-127.0854167,45.15208333,-2865
-127.08125,45.15208333,-2865
-127.0770833,45.15208333,-2865
-127.0729167,45.15208333,-2865
-127.06875,45.15208333,-2866
-127.0645833,45.15208333,-2866
-127.0604167,45.15208333,-2866
-127.05625,45.15208333,-2865
-127.0520833,45.15208333,-2865
-127.0479167,45.15208333,-2865
-127.04375,45.15208333,-2865
-127.0395833,45.15208333,-2864
-127.0354167,45.15208333,-2864
-127.03125,45.15208333,-2864
-127.0270833,45.15208333,-2863
-127.0229167,45.15208333,-2863
-127.01875,45.15208333,-2863
-127.0145833,45.15208333,-2862
-127.0104167,45.15208333,-2861
-127.00625,45.15208333,-2861
-127.0020833,45.15208333,-2861
-127.4979167,45.15625,-2867
-127.49375,45.15625,-2869
-127.4895833,45.15625,-2870
-127.4854167,45.15625,-2872
-127.48125,45.15625,-2873
-127.4770833,45.15625,-2875
-127.4729167,45.15625,-2877
-127.46875,45.15625,-2882
-127.4645833,45.15625,-2908
-127.4604167,45.15625,-2935
-127.45625,45.15625,-2966
-127.4520833,45.15625,-2992
-127.4479167,45.15625,-2991
-127.44375,45.15625,-2987
-127.4395833,45.15625,-2969
-127.4354167,45.15625,-2952
-127.43125,45.15625,-2945
-127.4270833,45.15625,-2940
-127.4229167,45.15625,-2947
-127.41875,45.15625,-2956
-127.4145833,45.15625,-2976
-127.4104167,45.15625,-2993
-127.40625,45.15625,-2991
-127.4020833,45.15625,-2984
-127.3979167,45.15625,-2957
-127.39375,45.15625,-2930
-127.3895833,45.15625,-2902
-127.3854167,45.15625,-2878
-127.38125,45.15625,-2873
-127.3770833,45.15625,-2869
-127.3729167,45.15625,-2866
-127.36875,45.15625,-2864
-127.3645833,45.15625,-2864
-127.3604167,45.15625,-2863
-127.35625,45.15625,-2864
-127.3520833,45.15625,-2865
-127.3479167,45.15625,-2867
-127.34375,45.15625,-2870
-127.3395833,45.15625,-2871
-127.3354167,45.15625,-2873
-127.33125,45.15625,-2877
-127.3270833,45.15625,-2881
-127.3229167,45.15625,-2883
-127.31875,45.15625,-2884
-127.3145833,45.15625,-2883
-127.3104167,45.15625,-2881
-127.30625,45.15625,-2880
-127.3020833,45.15625,-2880
-127.2979167,45.15625,-2878
-127.29375,45.15625,-2877
-127.2895833,45.15625,-2877
-127.2854167,45.15625,-2876
-127.28125,45.15625,-2875
-127.2770833,45.15625,-2874
-127.2729167,45.15625,-2873
-127.26875,45.15625,-2871
-127.2645833,45.15625,-2871
-127.2604167,45.15625,-2870
-127.25625,45.15625,-2870
-127.2520833,45.15625,-2870
-127.2479167,45.15625,-2870
-127.24375,45.15625,-2869
-127.2395833,45.15625,-2869
-127.2354167,45.15625,-2869
-127.23125,45.15625,-2869
-127.2270833,45.15625,-2870
-127.2229167,45.15625,-2870
-127.21875,45.15625,-2870
-127.2145833,45.15625,-2870
-127.2104167,45.15625,-2870
-127.20625,45.15625,-2870
-127.2020833,45.15625,-2870
-127.1979167,45.15625,-2870
-127.19375,45.15625,-2870
-127.1895833,45.15625,-2870
-127.1854167,45.15625,-2870
-127.18125,45.15625,-2870
-127.1770833,45.15625,-2870
-127.1729167,45.15625,-2870
-127.16875,45.15625,-2869
-127.1645833,45.15625,-2869
-127.1604167,45.15625,-2870
-127.15625,45.15625,-2870
-127.1520833,45.15625,-2870
-127.1479167,45.15625,-2870
-127.14375,45.15625,-2869
-127.1395833,45.15625,-2868
-127.1354167,45.15625,-2868
-127.13125,45.15625,-2869
-127.1270833,45.15625,-2869
-127.1229167,45.15625,-2869
-127.11875,45.15625,-2869
-127.1145833,45.15625,-2869
-127.1104167,45.15625,-2868
-127.10625,45.15625,-2868
-127.1020833,45.15625,-2867
-127.0979167,45.15625,-2867
-127.09375,45.15625,-2867
-127.0895833,45.15625,-2866
-127.0854167,45.15625,-2866
-127.08125,45.15625,-2866
-127.0770833,45.15625,-2867
-127.0729167,45.15625,-2867
-127.06875,45.15625,-2868
-127.0645833,45.15625,-2868
-127.0604167,45.15625,-2867
-127.05625,45.15625,-2866
-127.0520833,45.15625,-2865
-127.0479167,45.15625,-2866
-127.04375,45.15625,-2865
-127.0395833,45.15625,-2865
-127.0354167,45.15625,-2864
-127.03125,45.15625,-2864
-127.0270833,45.15625,-2864
-127.0229167,45.15625,-2864
-127.01875,45.15625,-2864
-127.0145833,45.15625,-2863
-127.0104167,45.15625,-2862
-127.00625,45.15625,-2862
-127.0020833,45.15625,-2861
-127.4979167,45.16041667,-2869
-127.49375,45.16041667,-2871
-127.4895833,45.16041667,-2872
-127.4854167,45.16041667,-2873
-127.48125,45.16041667,-2874
-127.4770833,45.16041667,-2876
-127.4729167,45.16041667,-2879
-127.46875,45.16041667,-2885
-127.4645833,45.16041667,-2914
-127.4604167,45.16041667,-2942
-127.45625,45.16041667,-2965
-127.4520833,45.16041667,-2985
-127.4479167,45.16041667,-2980
-127.44375,45.16041667,-2973
-127.4395833,45.16041667,-2958
-127.4354167,45.16041667,-2945
-127.43125,45.16041667,-2938
-127.4270833,45.16041667,-2934
-127.4229167,45.16041667,-2943
-127.41875,45.16041667,-2953
-127.4145833,45.16041667,-2971
-127.4104167,45.16041667,-2986
-127.40625,45.16041667,-2990
-127.4020833,45.16041667,-2990
-127.3979167,45.16041667,-2964
-127.39375,45.16041667,-2937
-127.3895833,45.16041667,-2902
-127.3854167,45.16041667,-2873
-127.38125,45.16041667,-2870
-127.3770833,45.16041667,-2868
-127.3729167,45.16041667,-2868
-127.36875,45.16041667,-2868
-127.3645833,45.16041667,-2867
-127.3604167,45.16041667,-2867
-127.35625,45.16041667,-2868
-127.3520833,45.16041667,-2870
-127.3479167,45.16041667,-2871
-127.34375,45.16041667,-2872
-127.3395833,45.16041667,-2871
-127.3354167,45.16041667,-2870
-127.33125,45.16041667,-2872
-127.3270833,45.16041667,-2874
-127.3229167,45.16041667,-2875
-127.31875,45.16041667,-2876
-127.3145833,45.16041667,-2876
-127.3104167,45.16041667,-2876
-127.30625,45.16041667,-2876
-127.3020833,45.16041667,-2875
-127.2979167,45.16041667,-2875
-127.29375,45.16041667,-2875
-127.2895833,45.16041667,-2874
-127.2854167,45.16041667,-2874
-127.28125,45.16041667,-2873
-127.2770833,45.16041667,-2873
-127.2729167,45.16041667,-2872
-127.26875,45.16041667,-2871
-127.2645833,45.16041667,-2870
-127.2604167,45.16041667,-2870
-127.25625,45.16041667,-2870
-127.2520833,45.16041667,-2870
-127.2479167,45.16041667,-2870
-127.24375,45.16041667,-2870
-127.2395833,45.16041667,-2870
-127.2354167,45.16041667,-2870
-127.23125,45.16041667,-2870
-127.2270833,45.16041667,-2870
-127.2229167,45.16041667,-2870
-127.21875,45.16041667,-2870
-127.2145833,45.16041667,-2870
-127.2104167,45.16041667,-2870
-127.20625,45.16041667,-2870
-127.2020833,45.16041667,-2870
-127.1979167,45.16041667,-2870
-127.19375,45.16041667,-2870
-127.1895833,45.16041667,-2870
-127.1854167,45.16041667,-2870
-127.18125,45.16041667,-2870
-127.1770833,45.16041667,-2871
-127.1729167,45.16041667,-2871
-127.16875,45.16041667,-2871
-127.1645833,45.16041667,-2871
-127.1604167,45.16041667,-2870
-127.15625,45.16041667,-2871
-127.1520833,45.16041667,-2870
-127.1479167,45.16041667,-2869
-127.14375,45.16041667,-2869
-127.1395833,45.16041667,-2869
-127.1354167,45.16041667,-2869
-127.13125,45.16041667,-2869
-127.1270833,45.16041667,-2869
-127.1229167,45.16041667,-2869
-127.11875,45.16041667,-2869
-127.1145833,45.16041667,-2869
-127.1104167,45.16041667,-2868
-127.10625,45.16041667,-2868
-127.1020833,45.16041667,-2868
-127.0979167,45.16041667,-2869
-127.09375,45.16041667,-2869
-127.0895833,45.16041667,-2870
-127.0854167,45.16041667,-2870
-127.08125,45.16041667,-2869
-127.0770833,45.16041667,-2869
-127.0729167,45.16041667,-2869
-127.06875,45.16041667,-2869
-127.0645833,45.16041667,-2868
-127.0604167,45.16041667,-2868
-127.05625,45.16041667,-2867
-127.0520833,45.16041667,-2866
-127.0479167,45.16041667,-2866
-127.04375,45.16041667,-2865
-127.0395833,45.16041667,-2865
-127.0354167,45.16041667,-2865
-127.03125,45.16041667,-2864
-127.0270833,45.16041667,-2864
-127.0229167,45.16041667,-2864
-127.01875,45.16041667,-2864
-127.0145833,45.16041667,-2863
-127.0104167,45.16041667,-2863
-127.00625,45.16041667,-2862
-127.0020833,45.16041667,-2861
-127.4979167,45.16458333,-2870
-127.49375,45.16458333,-2872
-127.4895833,45.16458333,-2873
-127.4854167,45.16458333,-2874
-127.48125,45.16458333,-2875
-127.4770833,45.16458333,-2876
-127.4729167,45.16458333,-2881
-127.46875,45.16458333,-2888
-127.4645833,45.16458333,-2920
-127.4604167,45.16458333,-2950
-127.45625,45.16458333,-2969
-127.4520833,45.16458333,-2984
-127.4479167,45.16458333,-2975
-127.44375,45.16458333,-2965
-127.4395833,45.16458333,-2951
-127.4354167,45.16458333,-2938
-127.43125,45.16458333,-2930
-127.4270833,45.16458333,-2924
-127.4229167,45.16458333,-2934
-127.41875,45.16458333,-2944
-127.4145833,45.16458333,-2960
-127.4104167,45.16458333,-2974
-127.40625,45.16458333,-2983
-127.4020833,45.16458333,-2987
-127.3979167,45.16458333,-2967
-127.39375,45.16458333,-2943
-127.3895833,45.16458333,-2904
-127.3854167,45.16458333,-2871
-127.38125,45.16458333,-2869
-127.3770833,45.16458333,-2868
-127.3729167,45.16458333,-2871
-127.36875,45.16458333,-2872
-127.3645833,45.16458333,-2872
-127.3604167,45.16458333,-2871
-127.35625,45.16458333,-2871
-127.3520833,45.16458333,-2871
-127.3479167,45.16458333,-2871
-127.34375,45.16458333,-2871
-127.3395833,45.16458333,-2870
-127.3354167,45.16458333,-2870
-127.33125,45.16458333,-2871
-127.3270833,45.16458333,-2871
-127.3229167,45.16458333,-2872
-127.31875,45.16458333,-2872
-127.3145833,45.16458333,-2873
-127.3104167,45.16458333,-2873
-127.30625,45.16458333,-2873
-127.3020833,45.16458333,-2873
-127.2979167,45.16458333,-2873
-127.29375,45.16458333,-2872
-127.2895833,45.16458333,-2872
-127.2854167,45.16458333,-2872
-127.28125,45.16458333,-2872
-127.2770833,45.16458333,-2871
-127.2729167,45.16458333,-2871
-127.26875,45.16458333,-2871
-127.2645833,45.16458333,-2870
-127.2604167,45.16458333,-2870
-127.25625,45.16458333,-2869
-127.2520833,45.16458333,-2869
-127.2479167,45.16458333,-2870
-127.24375,45.16458333,-2870
-127.2395833,45.16458333,-2870
-127.2354167,45.16458333,-2870
-127.23125,45.16458333,-2870
-127.2270833,45.16458333,-2870
-127.2229167,45.16458333,-2870
-127.21875,45.16458333,-2870
-127.2145833,45.16458333,-2870
-127.2104167,45.16458333,-2871
-127.20625,45.16458333,-2871
-127.2020833,45.16458333,-2871
-127.1979167,45.16458333,-2871
-127.19375,45.16458333,-2871
-127.1895833,45.16458333,-2871
-127.1854167,45.16458333,-2871
-127.18125,45.16458333,-2871
-127.1770833,45.16458333,-2871
-127.1729167,45.16458333,-2872
-127.16875,45.16458333,-2872
-127.1645833,45.16458333,-2872
-127.1604167,45.16458333,-2871
-127.15625,45.16458333,-2870
-127.1520833,45.16458333,-2870
-127.1479167,45.16458333,-2870
-127.14375,45.16458333,-2870
-127.1395833,45.16458333,-2871
-127.1354167,45.16458333,-2871
-127.13125,45.16458333,-2870
-127.1270833,45.16458333,-2870
-127.1229167,45.16458333,-2869
-127.11875,45.16458333,-2869
-127.1145833,45.16458333,-2868
-127.1104167,45.16458333,-2869
-127.10625,45.16458333,-2870
-127.1020833,45.16458333,-2871
-127.0979167,45.16458333,-2873
-127.09375,45.16458333,-2873
-127.0895833,45.16458333,-2873
-127.0854167,45.16458333,-2872
-127.08125,45.16458333,-2871
-127.0770833,45.16458333,-2871
-127.0729167,45.16458333,-2870
-127.06875,45.16458333,-2869
-127.0645833,45.16458333,-2868
-127.0604167,45.16458333,-2868
-127.05625,45.16458333,-2868
-127.0520833,45.16458333,-2867
-127.0479167,45.16458333,-2866
-127.04375,45.16458333,-2866
-127.0395833,45.16458333,-2866
-127.0354167,45.16458333,-2865
-127.03125,45.16458333,-2864
-127.0270833,45.16458333,-2864
-127.0229167,45.16458333,-2864
-127.01875,45.16458333,-2864
-127.0145833,45.16458333,-2863
-127.0104167,45.16458333,-2863
-127.00625,45.16458333,-2862
-127.0020833,45.16458333,-2861
-127.4979167,45.16875,-2871
-127.49375,45.16875,-2873
-127.4895833,45.16875,-2874
-127.4854167,45.16875,-2875
-127.48125,45.16875,-2876
-127.4770833,45.16875,-2878
-127.4729167,45.16875,-2885
-127.46875,45.16875,-2896
-127.4645833,45.16875,-2939
-127.4604167,45.16875,-2977
-127.45625,45.16875,-2983
-127.4520833,45.16875,-2987
-127.4479167,45.16875,-2973
-127.44375,45.16875,-2959
-127.4395833,45.16875,-2943
-127.4354167,45.16875,-2928
-127.43125,45.16875,-2921
-127.4270833,45.16875,-2916
-127.4229167,45.16875,-2927
-127.41875,45.16875,-2939
-127.4145833,45.16875,-2953
-127.4104167,45.16875,-2967
-127.40625,45.16875,-2975
-127.4020833,45.16875,-2980
-127.3979167,45.16875,-2964
-127.39375,45.16875,-2945
-127.3895833,45.16875,-2912
-127.3854167,45.16875,-2884
-127.38125,45.16875,-2879
-127.3770833,45.16875,-2874
-127.3729167,45.16875,-2873
-127.36875,45.16875,-2871
-127.3645833,45.16875,-2871
-127.3604167,45.16875,-2871
-127.35625,45.16875,-2870
-127.3520833,45.16875,-2870
-127.3479167,45.16875,-2871
-127.34375,45.16875,-2871
-127.3395833,45.16875,-2871
-127.3354167,45.16875,-2871
-127.33125,45.16875,-2872
-127.3270833,45.16875,-2872
-127.3229167,45.16875,-2873
-127.31875,45.16875,-2873
-127.3145833,45.16875,-2873
-127.3104167,45.16875,-2873
-127.30625,45.16875,-2872
-127.3020833,45.16875,-2872
-127.2979167,45.16875,-2872
-127.29375,45.16875,-2871
-127.2895833,45.16875,-2871
-127.2854167,45.16875,-2871
-127.28125,45.16875,-2871
-127.2770833,45.16875,-2871
-127.2729167,45.16875,-2871
-127.26875,45.16875,-2870
-127.2645833,45.16875,-2870
-127.2604167,45.16875,-2870
-127.25625,45.16875,-2870
-127.2520833,45.16875,-2870
-127.2479167,45.16875,-2870
-127.24375,45.16875,-2870
-127.2395833,45.16875,-2870
-127.2354167,45.16875,-2870
-127.23125,45.16875,-2870
-127.2270833,45.16875,-2870
-127.2229167,45.16875,-2870
-127.21875,45.16875,-2871
-127.2145833,45.16875,-2871
-127.2104167,45.16875,-2872
-127.20625,45.16875,-2872
-127.2020833,45.16875,-2872
-127.1979167,45.16875,-2871
-127.19375,45.16875,-2871
-127.1895833,45.16875,-2871
-127.1854167,45.16875,-2872
-127.18125,45.16875,-2872
-127.1770833,45.16875,-2872
-127.1729167,45.16875,-2872
-127.16875,45.16875,-2872
-127.1645833,45.16875,-2872
-127.1604167,45.16875,-2872
-127.15625,45.16875,-2871
-127.1520833,45.16875,-2871
-127.1479167,45.16875,-2872
-127.14375,45.16875,-2872
-127.1395833,45.16875,-2871
-127.1354167,45.16875,-2871
-127.13125,45.16875,-2870
-127.1270833,45.16875,-2870
-127.1229167,45.16875,-2870
-127.11875,45.16875,-2870
-127.1145833,45.16875,-2871
-127.1104167,45.16875,-2873
-127.10625,45.16875,-2874
-127.1020833,45.16875,-2874
-127.0979167,45.16875,-2875
-127.09375,45.16875,-2874
-127.0895833,45.16875,-2873
-127.0854167,45.16875,-2872
-127.08125,45.16875,-2871
-127.0770833,45.16875,-2871
-127.0729167,45.16875,-2870
-127.06875,45.16875,-2870
-127.0645833,45.16875,-2869
-127.0604167,45.16875,-2868
-127.05625,45.16875,-2868
-127.0520833,45.16875,-2867
-127.0479167,45.16875,-2866
-127.04375,45.16875,-2866
-127.0395833,45.16875,-2866
-127.0354167,45.16875,-2865
-127.03125,45.16875,-2865
-127.0270833,45.16875,-2864
-127.0229167,45.16875,-2864
-127.01875,45.16875,-2864
-127.0145833,45.16875,-2864
-127.0104167,45.16875,-2864
-127.00625,45.16875,-2863
-127.0020833,45.16875,-2861
-127.4979167,45.17291667,-2872
-127.49375,45.17291667,-2874
-127.4895833,45.17291667,-2875
-127.4854167,45.17291667,-2876
-127.48125,45.17291667,-2877
-127.4770833,45.17291667,-2880
-127.4729167,45.17291667,-2896
-127.46875,45.17291667,-2915
-127.4645833,45.17291667,-2953
-127.4604167,45.17291667,-2986
-127.45625,45.17291667,-2986
-127.4520833,45.17291667,-2983
-127.4479167,45.17291667,-2968
-127.44375,45.17291667,-2952
-127.4395833,45.17291667,-2934
-127.4354167,45.17291667,-2917
-127.43125,45.17291667,-2910
-127.4270833,45.17291667,-2906
-127.4229167,45.17291667,-2920
-127.41875,45.17291667,-2934
-127.4145833,45.17291667,-2952
-127.4104167,45.17291667,-2967
-127.40625,45.17291667,-2973
-127.4020833,45.17291667,-2976
-127.3979167,45.17291667,-2964
-127.39375,45.17291667,-2949
-127.3895833,45.17291667,-2921
-127.3854167,45.17291667,-2895
-127.38125,45.17291667,-2883
-127.3770833,45.17291667,-2873
-127.3729167,45.17291667,-2872
-127.36875,45.17291667,-2871
-127.3645833,45.17291667,-2871
-127.3604167,45.17291667,-2871
-127.35625,45.17291667,-2871
-127.3520833,45.17291667,-2871
-127.3479167,45.17291667,-2872
-127.34375,45.17291667,-2873
-127.3395833,45.17291667,-2873
-127.3354167,45.17291667,-2874
-127.33125,45.17291667,-2874
-127.3270833,45.17291667,-2874
-127.3229167,45.17291667,-2875
-127.31875,45.17291667,-2875
-127.3145833,45.17291667,-2874
-127.3104167,45.17291667,-2873
-127.30625,45.17291667,-2873
-127.3020833,45.17291667,-2872
-127.2979167,45.17291667,-2872
-127.29375,45.17291667,-2871
-127.2895833,45.17291667,-2871
-127.2854167,45.17291667,-2870
-127.28125,45.17291667,-2870
-127.2770833,45.17291667,-2870
-127.2729167,45.17291667,-2870
-127.26875,45.17291667,-2870
-127.2645833,45.17291667,-2870
-127.2604167,45.17291667,-2870
-127.25625,45.17291667,-2870
-127.2520833,45.17291667,-2870
-127.2479167,45.17291667,-2870
-127.24375,45.17291667,-2871
-127.2395833,45.17291667,-2871
-127.2354167,45.17291667,-2871
-127.23125,45.17291667,-2871
-127.2270833,45.17291667,-2871
-127.2229167,45.17291667,-2871
-127.21875,45.17291667,-2872
-127.2145833,45.17291667,-2872
-127.2104167,45.17291667,-2872
-127.20625,45.17291667,-2872
-127.2020833,45.17291667,-2872
-127.1979167,45.17291667,-2872
-127.19375,45.17291667,-2872
-127.1895833,45.17291667,-2872
-127.1854167,45.17291667,-2873
-127.18125,45.17291667,-2873
-127.1770833,45.17291667,-2873
-127.1729167,45.17291667,-2873
-127.16875,45.17291667,-2873
-127.1645833,45.17291667,-2873
-127.1604167,45.17291667,-2873
-127.15625,45.17291667,-2873
-127.1520833,45.17291667,-2873
-127.1479167,45.17291667,-2873
-127.14375,45.17291667,-2872
-127.1395833,45.17291667,-2871
-127.1354167,45.17291667,-2871
-127.13125,45.17291667,-2871
-127.1270833,45.17291667,-2872
-127.1229167,45.17291667,-2873
-127.11875,45.17291667,-2874
-127.1145833,45.17291667,-2876
-127.1104167,45.17291667,-2877
-127.10625,45.17291667,-2877
-127.1020833,45.17291667,-2876
-127.0979167,45.17291667,-2875
-127.09375,45.17291667,-2874
-127.0895833,45.17291667,-2873
-127.0854167,45.17291667,-2872
-127.08125,45.17291667,-2872
-127.0770833,45.17291667,-2871
-127.0729167,45.17291667,-2871
-127.06875,45.17291667,-2870
-127.0645833,45.17291667,-2869
-127.0604167,45.17291667,-2869
-127.05625,45.17291667,-2868
-127.0520833,45.17291667,-2867
-127.0479167,45.17291667,-2867
-127.04375,45.17291667,-2866
-127.0395833,45.17291667,-2866
-127.0354167,45.17291667,-2865
-127.03125,45.17291667,-2865
-127.0270833,45.17291667,-2865
-127.0229167,45.17291667,-2864
-127.01875,45.17291667,-2864
-127.0145833,45.17291667,-2864
-127.0104167,45.17291667,-2864
-127.00625,45.17291667,-2864
-127.0020833,45.17291667,-2864
-127.4979167,45.17708333,-2873
-127.49375,45.17708333,-2875
-127.4895833,45.17708333,-2876
-127.4854167,45.17708333,-2878
-127.48125,45.17708333,-2879
-127.4770833,45.17708333,-2883
-127.4729167,45.17708333,-2910
-127.46875,45.17708333,-2938
-127.4645833,45.17708333,-2963
-127.4604167,45.17708333,-2984
-127.45625,45.17708333,-2983
-127.4520833,45.17708333,-2980
-127.4479167,45.17708333,-2963
-127.44375,45.17708333,-2945
-127.4395833,45.17708333,-2927
-127.4354167,45.17708333,-2910
-127.43125,45.17708333,-2906
-127.4270833,45.17708333,-2905
-127.4229167,45.17708333,-2923
-127.41875,45.17708333,-2942
-127.4145833,45.17708333,-2958
-127.4104167,45.17708333,-2972
-127.40625,45.17708333,-2977
-127.4020833,45.17708333,-2979
-127.3979167,45.17708333,-2969
-127.39375,45.17708333,-2955
-127.3895833,45.17708333,-2922
-127.3854167,45.17708333,-2893
-127.38125,45.17708333,-2882
-127.3770833,45.17708333,-2874
-127.3729167,45.17708333,-2873
-127.36875,45.17708333,-2873
-127.3645833,45.17708333,-2873
-127.3604167,45.17708333,-2872
-127.35625,45.17708333,-2873
-127.3520833,45.17708333,-2874
-127.3479167,45.17708333,-2876
-127.34375,45.17708333,-2877
-127.3395833,45.17708333,-2877
-127.3354167,45.17708333,-2877
-127.33125,45.17708333,-2877
-127.3270833,45.17708333,-2876
-127.3229167,45.17708333,-2876
-127.31875,45.17708333,-2876
-127.3145833,45.17708333,-2875
-127.3104167,45.17708333,-2875
-127.30625,45.17708333,-2874
-127.3020833,45.17708333,-2873
-127.2979167,45.17708333,-2872
-127.29375,45.17708333,-2872
-127.2895833,45.17708333,-2871
-127.2854167,45.17708333,-2870
-127.28125,45.17708333,-2870
-127.2770833,45.17708333,-2870
-127.2729167,45.17708333,-2871
-127.26875,45.17708333,-2871
-127.2645833,45.17708333,-2871
-127.2604167,45.17708333,-2871
-127.25625,45.17708333,-2871
-127.2520833,45.17708333,-2871
-127.2479167,45.17708333,-2871
-127.24375,45.17708333,-2871
-127.2395833,45.17708333,-2871
-127.2354167,45.17708333,-2871
-127.23125,45.17708333,-2871
-127.2270833,45.17708333,-2872
-127.2229167,45.17708333,-2872
-127.21875,45.17708333,-2872
-127.2145833,45.17708333,-2872
-127.2104167,45.17708333,-2872
-127.20625,45.17708333,-2872
-127.2020833,45.17708333,-2872
-127.1979167,45.17708333,-2872
-127.19375,45.17708333,-2873
-127.1895833,45.17708333,-2873
-127.1854167,45.17708333,-2873
-127.18125,45.17708333,-2873
-127.1770833,45.17708333,-2873
-127.1729167,45.17708333,-2873
-127.16875,45.17708333,-2873
-127.1645833,45.17708333,-2874
-127.1604167,45.17708333,-2874
-127.15625,45.17708333,-2874
-127.1520833,45.17708333,-2873
-127.1479167,45.17708333,-2873
-127.14375,45.17708333,-2872
-127.1395833,45.17708333,-2872
-127.1354167,45.17708333,-2872
-127.13125,45.17708333,-2874
-127.1270833,45.17708333,-2875
-127.1229167,45.17708333,-2877
-127.11875,45.17708333,-2878
-127.1145833,45.17708333,-2878
-127.1104167,45.17708333,-2878
-127.10625,45.17708333,-2877
-127.1020833,45.17708333,-2876
-127.0979167,45.17708333,-2875
-127.09375,45.17708333,-2874
-127.0895833,45.17708333,-2873
-127.0854167,45.17708333,-2872
-127.08125,45.17708333,-2872
-127.0770833,45.17708333,-2871
-127.0729167,45.17708333,-2871
-127.06875,45.17708333,-2871
-127.0645833,45.17708333,-2870
-127.0604167,45.17708333,-2869
-127.05625,45.17708333,-2869
-127.0520833,45.17708333,-2868
-127.0479167,45.17708333,-2868
-127.04375,45.17708333,-2867
-127.0395833,45.17708333,-2866
-127.0354167,45.17708333,-2866
-127.03125,45.17708333,-2866
-127.0270833,45.17708333,-2865
-127.0229167,45.17708333,-2865
-127.01875,45.17708333,-2865
-127.0145833,45.17708333,-2865
-127.0104167,45.17708333,-2865
-127.00625,45.17708333,-2866
-127.0020833,45.17708333,-2866
-127.4979167,45.18125,-2875
-127.49375,45.18125,-2876
-127.4895833,45.18125,-2878
-127.4854167,45.18125,-2879
-127.48125,45.18125,-2881
-127.4770833,45.18125,-2886
-127.4729167,45.18125,-2922
-127.46875,45.18125,-2955
-127.4645833,45.18125,-2970
-127.4604167,45.18125,-2983
-127.45625,45.18125,-2979
-127.4520833,45.18125,-2973
-127.4479167,45.18125,-2956
-127.44375,45.18125,-2938
-127.4395833,45.18125,-2919
-127.4354167,45.18125,-2903
-127.43125,45.18125,-2906
-127.4270833,45.18125,-2912
-127.4229167,45.18125,-2931
-127.41875,45.18125,-2949
-127.4145833,45.18125,-2960
-127.4104167,45.18125,-2971
-127.40625,45.18125,-2975
-127.4020833,45.18125,-2978
-127.3979167,45.18125,-2973
-127.39375,45.18125,-2963
-127.3895833,45.18125,-2932
-127.3854167,45.18125,-2905
-127.38125,45.18125,-2894
-127.3770833,45.18125,-2885
-127.3729167,45.18125,-2884
-127.36875,45.18125,-2882
-127.3645833,45.18125,-2882
-127.3604167,45.18125,-2882
-127.35625,45.18125,-2883
-127.3520833,45.18125,-2883
-127.3479167,45.18125,-2883
-127.34375,45.18125,-2883
-127.3395833,45.18125,-2882
-127.3354167,45.18125,-2881
-127.33125,45.18125,-2880
-127.3270833,45.18125,-2879
-127.3229167,45.18125,-2878
-127.31875,45.18125,-2877
-127.3145833,45.18125,-2877
-127.3104167,45.18125,-2876
-127.30625,45.18125,-2874
-127.3020833,45.18125,-2873
-127.2979167,45.18125,-2872
-127.29375,45.18125,-2872
-127.2895833,45.18125,-2871
-127.2854167,45.18125,-2870
-127.28125,45.18125,-2870
-127.2770833,45.18125,-2871
-127.2729167,45.18125,-2871
-127.26875,45.18125,-2871
-127.2645833,45.18125,-2871
-127.2604167,45.18125,-2872
-127.25625,45.18125,-2872
-127.2520833,45.18125,-2872
-127.2479167,45.18125,-2872
-127.24375,45.18125,-2872
-127.2395833,45.18125,-2872
-127.2354167,45.18125,-2872
-127.23125,45.18125,-2872
-127.2270833,45.18125,-2873
-127.2229167,45.18125,-2873
-127.21875,45.18125,-2873
-127.2145833,45.18125,-2873
-127.2104167,45.18125,-2873
-127.20625,45.18125,-2873
-127.2020833,45.18125,-2873
-127.1979167,45.18125,-2873
-127.19375,45.18125,-2874
-127.1895833,45.18125,-2874
-127.1854167,45.18125,-2874
-127.18125,45.18125,-2874
-127.1770833,45.18125,-2874
-127.1729167,45.18125,-2874
-127.16875,45.18125,-2874
-127.1645833,45.18125,-2875
-127.1604167,45.18125,-2875
-127.15625,45.18125,-2874
-127.1520833,45.18125,-2873
-127.1479167,45.18125,-2873
-127.14375,45.18125,-2874
-127.1395833,45.18125,-2875
-127.1354167,45.18125,-2876
-127.13125,45.18125,-2877
-127.1270833,45.18125,-2878
-127.1229167,45.18125,-2879
-127.11875,45.18125,-2879
-127.1145833,45.18125,-2879
-127.1104167,45.18125,-2878
-127.10625,45.18125,-2877
-127.1020833,45.18125,-2877
-127.0979167,45.18125,-2877
-127.09375,45.18125,-2876
-127.0895833,45.18125,-2875
-127.0854167,45.18125,-2873
-127.08125,45.18125,-2872
-127.0770833,45.18125,-2872
-127.0729167,45.18125,-2872
-127.06875,45.18125,-2871
-127.0645833,45.18125,-2870
-127.0604167,45.18125,-2870
-127.05625,45.18125,-2870
-127.0520833,45.18125,-2869
-127.0479167,45.18125,-2869
-127.04375,45.18125,-2868
-127.0395833,45.18125,-2867
-127.0354167,45.18125,-2867
-127.03125,45.18125,-2867
-127.0270833,45.18125,-2866
-127.0229167,45.18125,-2866
-127.01875,45.18125,-2866
-127.0145833,45.18125,-2866
-127.0104167,45.18125,-2866
-127.00625,45.18125,-2866
-127.0020833,45.18125,-2866
-127.4979167,45.18541667,-2877
-127.49375,45.18541667,-2879
-127.4895833,45.18541667,-2880
-127.4854167,45.18541667,-2882
-127.48125,45.18541667,-2884
-127.4770833,45.18541667,-2890
-127.4729167,45.18541667,-2932
-127.46875,45.18541667,-2970
-127.4645833,45.18541667,-2978
-127.4604167,45.18541667,-2984
-127.45625,45.18541667,-2975
-127.4520833,45.18541667,-2965
-127.4479167,45.18541667,-2949
-127.44375,45.18541667,-2932
-127.4395833,45.18541667,-2914
-127.4354167,45.18541667,-2899
-127.43125,45.18541667,-2907
-127.4270833,45.18541667,-2916
-127.4229167,45.18541667,-2928
-127.41875,45.18541667,-2940
-127.4145833,45.18541667,-2953
-127.4104167,45.18541667,-2964
-127.40625,45.18541667,-2970
-127.4020833,45.18541667,-2974
-127.3979167,45.18541667,-2974
-127.39375,45.18541667,-2970
-127.3895833,45.18541667,-2948
-127.3854167,45.18541667,-2927
-127.38125,45.18541667,-2912
-127.3770833,45.18541667,-2899
-127.3729167,45.18541667,-2896
-127.36875,45.18541667,-2894
-127.3645833,45.18541667,-2892
-127.3604167,45.18541667,-2890
-127.35625,45.18541667,-2890
-127.3520833,45.18541667,-2889
-127.3479167,45.18541667,-2887
-127.34375,45.18541667,-2885
-127.3395833,45.18541667,-2884
-127.3354167,45.18541667,-2882
-127.33125,45.18541667,-2880
-127.3270833,45.18541667,-2879
-127.3229167,45.18541667,-2878
-127.31875,45.18541667,-2876
-127.3145833,45.18541667,-2876
-127.3104167,45.18541667,-2875
-127.30625,45.18541667,-2874
-127.3020833,45.18541667,-2873
-127.2979167,45.18541667,-2872
-127.29375,45.18541667,-2872
-127.2895833,45.18541667,-2872
-127.2854167,45.18541667,-2871
-127.28125,45.18541667,-2871
-127.2770833,45.18541667,-2871
-127.2729167,45.18541667,-2872
-127.26875,45.18541667,-2872
-127.2645833,45.18541667,-2872
-127.2604167,45.18541667,-2872
-127.25625,45.18541667,-2872
-127.2520833,45.18541667,-2872
-127.2479167,45.18541667,-2872
-127.24375,45.18541667,-2872
-127.2395833,45.18541667,-2872
-127.2354167,45.18541667,-2873
-127.23125,45.18541667,-2873
-127.2270833,45.18541667,-2874
-127.2229167,45.18541667,-2874
-127.21875,45.18541667,-2875
-127.2145833,45.18541667,-2875
-127.2104167,45.18541667,-2874
-127.20625,45.18541667,-2874
-127.2020833,45.18541667,-2874
-127.1979167,45.18541667,-2874
-127.19375,45.18541667,-2875
-127.1895833,45.18541667,-2875
-127.1854167,45.18541667,-2875
-127.18125,45.18541667,-2875
-127.1770833,45.18541667,-2875
-127.1729167,45.18541667,-2875
-127.16875,45.18541667,-2875
-127.1645833,45.18541667,-2875
-127.1604167,45.18541667,-2875
-127.15625,45.18541667,-2875
-127.1520833,45.18541667,-2875
-127.1479167,45.18541667,-2875
-127.14375,45.18541667,-2876
-127.1395833,45.18541667,-2878
-127.1354167,45.18541667,-2879
-127.13125,45.18541667,-2879
-127.1270833,45.18541667,-2879
-127.1229167,45.18541667,-2879
-127.11875,45.18541667,-2879
-127.1145833,45.18541667,-2878
-127.1104167,45.18541667,-2878
-127.10625,45.18541667,-2878
-127.1020833,45.18541667,-2878
-127.0979167,45.18541667,-2878
-127.09375,45.18541667,-2878
-127.0895833,45.18541667,-2878
-127.0854167,45.18541667,-2877
-127.08125,45.18541667,-2875
-127.0770833,45.18541667,-2874
-127.0729167,45.18541667,-2874
-127.06875,45.18541667,-2873
-127.0645833,45.18541667,-2872
-127.0604167,45.18541667,-2871
-127.05625,45.18541667,-2870
-127.0520833,45.18541667,-2870
-127.0479167,45.18541667,-2870
-127.04375,45.18541667,-2869
-127.0395833,45.18541667,-2869
-127.0354167,45.18541667,-2868
-127.03125,45.18541667,-2868
-127.0270833,45.18541667,-2868
-127.0229167,45.18541667,-2867
-127.01875,45.18541667,-2867
-127.0145833,45.18541667,-2867
-127.0104167,45.18541667,-2867
-127.00625,45.18541667,-2867
-127.0020833,45.18541667,-2867
-127.4979167,45.18958333,-2879
-127.49375,45.18958333,-2881
-127.4895833,45.18958333,-2884
-127.4854167,45.18958333,-2887
-127.48125,45.18958333,-2894
-127.4770833,45.18958333,-2905
-127.4729167,45.18958333,-2947
-127.46875,45.18958333,-2985
-127.4645833,45.18958333,-2987
-127.4604167,45.18958333,-2986
-127.45625,45.18958333,-2973
-127.4520833,45.18958333,-2959
-127.4479167,45.18958333,-2943
-127.44375,45.18958333,-2926
-127.4395833,45.18958333,-2910
-127.4354167,45.18958333,-2898
-127.43125,45.18958333,-2903
-127.4270833,45.18958333,-2910
-127.4229167,45.18958333,-2921
-127.41875,45.18958333,-2933
-127.4145833,45.18958333,-2945
-127.4104167,45.18958333,-2957
-127.40625,45.18958333,-2964
-127.4020833,45.18958333,-2970
-127.3979167,45.18958333,-2973
-127.39375,45.18958333,-2973
-127.3895833,45.18958333,-2959
-127.3854167,45.18958333,-2942
-127.38125,45.18958333,-2916
-127.3770833,45.18958333,-2893
-127.3729167,45.18958333,-2890
-127.36875,45.18958333,-2887
-127.3645833,45.18958333,-2885
-127.3604167,45.18958333,-2883
-127.35625,45.18958333,-2882
-127.3520833,45.18958333,-2881
-127.3479167,45.18958333,-2880
-127.34375,45.18958333,-2880
-127.3395833,45.18958333,-2878
-127.3354167,45.18958333,-2877
-127.33125,45.18958333,-2877
-127.3270833,45.18958333,-2876
-127.3229167,45.18958333,-2875
-127.31875,45.18958333,-2874
-127.3145833,45.18958333,-2874
-127.3104167,45.18958333,-2874
-127.30625,45.18958333,-2873
-127.3020833,45.18958333,-2873
-127.2979167,45.18958333,-2873
-127.29375,45.18958333,-2872
-127.2895833,45.18958333,-2872
-127.2854167,45.18958333,-2872
-127.28125,45.18958333,-2872
-127.2770833,45.18958333,-2872
-127.2729167,45.18958333,-2872
-127.26875,45.18958333,-2873
-127.2645833,45.18958333,-2872
-127.2604167,45.18958333,-2872
-127.25625,45.18958333,-2872
-127.2520833,45.18958333,-2872
-127.2479167,45.18958333,-2872
-127.24375,45.18958333,-2873
-127.2395833,45.18958333,-2873
-127.2354167,45.18958333,-2874
-127.23125,45.18958333,-2874
-127.2270833,45.18958333,-2875
-127.2229167,45.18958333,-2875
-127.21875,45.18958333,-2876
-127.2145833,45.18958333,-2876
-127.2104167,45.18958333,-2876
-127.20625,45.18958333,-2876
-127.2020833,45.18958333,-2876
-127.1979167,45.18958333,-2876
-127.19375,45.18958333,-2876
-127.1895833,45.18958333,-2876
-127.1854167,45.18958333,-2876
-127.18125,45.18958333,-2876
-127.1770833,45.18958333,-2875
-127.1729167,45.18958333,-2875
-127.16875,45.18958333,-2875
-127.1645833,45.18958333,-2875
-127.1604167,45.18958333,-2875
-127.15625,45.18958333,-2875
-127.1520833,45.18958333,-2876
-127.1479167,45.18958333,-2878
-127.14375,45.18958333,-2879
-127.1395833,45.18958333,-2881
-127.1354167,45.18958333,-2881
-127.13125,45.18958333,-2880
-127.1270833,45.18958333,-2879
-127.1229167,45.18958333,-2879
-127.11875,45.18958333,-2878
-127.1145833,45.18958333,-2877
-127.1104167,45.18958333,-2877
-127.10625,45.18958333,-2877
-127.1020833,45.18958333,-2878
-127.0979167,45.18958333,-2877
-127.09375,45.18958333,-2878
-127.0895833,45.18958333,-2880
-127.0854167,45.18958333,-2881
-127.08125,45.18958333,-2879
-127.0770833,45.18958333,-2877
-127.0729167,45.18958333,-2876
-127.06875,45.18958333,-2874
-127.0645833,45.18958333,-2873
-127.0604167,45.18958333,-2872
-127.05625,45.18958333,-2871
-127.0520833,45.18958333,-2871
-127.0479167,45.18958333,-2871
-127.04375,45.18958333,-2871
-127.0395833,45.18958333,-2870
-127.0354167,45.18958333,-2869
-127.03125,45.18958333,-2869
-127.0270833,45.18958333,-2869
-127.0229167,45.18958333,-2868
-127.01875,45.18958333,-2867
-127.0145833,45.18958333,-2867
-127.0104167,45.18958333,-2867
-127.00625,45.18958333,-2867
-127.0020833,45.18958333,-2867
-127.4979167,45.19375,-2883
-127.49375,45.19375,-2885
-127.4895833,45.19375,-2888
-127.4854167,45.19375,-2892
-127.48125,45.19375,-2912
-127.4770833,45.19375,-2933
-127.4729167,45.19375,-2964
-127.46875,45.19375,-2992
-127.4645833,45.19375,-2990
-127.4604167,45.19375,-2986
-127.45625,45.19375,-2968
-127.4520833,45.19375,-2950
-127.4479167,45.19375,-2932
-127.44375,45.19375,-2915
-127.4395833,45.19375,-2904
-127.4354167,45.19375,-2896
-127.43125,45.19375,-2901
-127.4270833,45.19375,-2907
-127.4229167,45.19375,-2917
-127.41875,45.19375,-2927
-127.4145833,45.19375,-2940
-127.4104167,45.19375,-2952
-127.40625,45.19375,-2959
-127.4020833,45.19375,-2965
-127.3979167,45.19375,-2969
-127.39375,45.19375,-2972
-127.3895833,45.19375,-2966
-127.3854167,45.19375,-2954
-127.38125,45.19375,-2917
-127.3770833,45.19375,-2886
-127.3729167,45.19375,-2882
-127.36875,45.19375,-2878
-127.3645833,45.19375,-2877
-127.3604167,45.19375,-2877
-127.35625,45.19375,-2877
-127.3520833,45.19375,-2877
-127.3479167,45.19375,-2877
-127.34375,45.19375,-2876
-127.3395833,45.19375,-2876
-127.3354167,45.19375,-2875
-127.33125,45.19375,-2874
-127.3270833,45.19375,-2874
-127.3229167,45.19375,-2874
-127.31875,45.19375,-2874
-127.3145833,45.19375,-2874
-127.3104167,45.19375,-2874
-127.30625,45.19375,-2873
-127.3020833,45.19375,-2873
-127.2979167,45.19375,-2873
-127.29375,45.19375,-2873
-127.2895833,45.19375,-2873
-127.2854167,45.19375,-2872
-127.28125,45.19375,-2872
-127.2770833,45.19375,-2873
-127.2729167,45.19375,-2873
-127.26875,45.19375,-2873
-127.2645833,45.19375,-2873
-127.2604167,45.19375,-2873
-127.25625,45.19375,-2873
-127.2520833,45.19375,-2874
-127.2479167,45.19375,-2874
-127.24375,45.19375,-2874
-127.2395833,45.19375,-2874
-127.2354167,45.19375,-2875
-127.23125,45.19375,-2875
-127.2270833,45.19375,-2876
-127.2229167,45.19375,-2876
-127.21875,45.19375,-2876
-127.2145833,45.19375,-2876
-127.2104167,45.19375,-2877
-127.20625,45.19375,-2877
-127.2020833,45.19375,-2877
-127.1979167,45.19375,-2877
-127.19375,45.19375,-2877
-127.1895833,45.19375,-2877
-127.1854167,45.19375,-2877
-127.18125,45.19375,-2876
-127.1770833,45.19375,-2876
-127.1729167,45.19375,-2876
-127.16875,45.19375,-2876
-127.1645833,45.19375,-2876
-127.1604167,45.19375,-2876
-127.15625,45.19375,-2877
-127.1520833,45.19375,-2878
-127.1479167,45.19375,-2880
-127.14375,45.19375,-2881
-127.1395833,45.19375,-2882
-127.1354167,45.19375,-2882
-127.13125,45.19375,-2879
-127.1270833,45.19375,-2878
-127.1229167,45.19375,-2878
-127.11875,45.19375,-2878
-127.1145833,45.19375,-2877
-127.1104167,45.19375,-2877
-127.10625,45.19375,-2877
-127.1020833,45.19375,-2878
-127.0979167,45.19375,-2878
-127.09375,45.19375,-2880
-127.0895833,45.19375,-2885
-127.0854167,45.19375,-2886
-127.08125,45.19375,-2882
-127.0770833,45.19375,-2879
-127.0729167,45.19375,-2877
-127.06875,45.19375,-2875
-127.0645833,45.19375,-2874
-127.0604167,45.19375,-2874
-127.05625,45.19375,-2873
-127.0520833,45.19375,-2872
-127.0479167,45.19375,-2872
-127.04375,45.19375,-2872
-127.0395833,45.19375,-2871
-127.0354167,45.19375,-2870
-127.03125,45.19375,-2869
-127.0270833,45.19375,-2868
-127.0229167,45.19375,-2867
-127.01875,45.19375,-2867
-127.0145833,45.19375,-2867
-127.0104167,45.19375,-2867
-127.00625,45.19375,-2867
-127.0020833,45.19375,-2867
-127.4979167,45.19791667,-2889
-127.49375,45.19791667,-2893
-127.4895833,45.19791667,-2894
-127.4854167,45.19791667,-2898
-127.48125,45.19791667,-2923
-127.4770833,45.19791667,-2948
-127.4729167,45.19791667,-2971
-127.46875,45.19791667,-2991
-127.4645833,45.19791667,-2988
-127.4604167,45.19791667,-2984
-127.45625,45.19791667,-2962
-127.4520833,45.19791667,-2940
-127.4479167,45.19791667,-2922
-127.44375,45.19791667,-2905
-127.4395833,45.19791667,-2899
-127.4354167,45.19791667,-2894
-127.43125,45.19791667,-2899
-127.4270833,45.19791667,-2904
-127.4229167,45.19791667,-2912
-127.41875,45.19791667,-2921
-127.4145833,45.19791667,-2934
-127.4104167,45.19791667,-2945
-127.40625,45.19791667,-2953
-127.4020833,45.19791667,-2960
-127.3979167,45.19791667,-2965
-127.39375,45.19791667,-2969
-127.3895833,45.19791667,-2971
-127.3854167,45.19791667,-2967
-127.38125,45.19791667,-2929
-127.3770833,45.19791667,-2897
-127.3729167,45.19791667,-2888
-127.36875,45.19791667,-2881
-127.3645833,45.19791667,-2881
-127.3604167,45.19791667,-2880
-127.35625,45.19791667,-2879
-127.3520833,45.19791667,-2877
-127.3479167,45.19791667,-2877
-127.34375,45.19791667,-2876
-127.3395833,45.19791667,-2875
-127.3354167,45.19791667,-2874
-127.33125,45.19791667,-2874
-127.3270833,45.19791667,-2874
-127.3229167,45.19791667,-2874
-127.31875,45.19791667,-2874
-127.3145833,45.19791667,-2874
-127.3104167,45.19791667,-2874
-127.30625,45.19791667,-2874
-127.3020833,45.19791667,-2874
-127.2979167,45.19791667,-2874
-127.29375,45.19791667,-2874
-127.2895833,45.19791667,-2873
-127.2854167,45.19791667,-2873
-127.28125,45.19791667,-2874
-127.2770833,45.19791667,-2874
-127.2729167,45.19791667,-2874
-127.26875,45.19791667,-2874
-127.2645833,45.19791667,-2874
-127.2604167,45.19791667,-2874
-127.25625,45.19791667,-2874
-127.2520833,45.19791667,-2875
-127.2479167,45.19791667,-2875
-127.24375,45.19791667,-2876
-127.2395833,45.19791667,-2876
-127.2354167,45.19791667,-2876
-127.23125,45.19791667,-2876
-127.2270833,45.19791667,-2877
-127.2229167,45.19791667,-2877
-127.21875,45.19791667,-2878
-127.2145833,45.19791667,-2878
-127.2104167,45.19791667,-2878
-127.20625,45.19791667,-2878
-127.2020833,45.19791667,-2878
-127.1979167,45.19791667,-2878
-127.19375,45.19791667,-2878
-127.1895833,45.19791667,-2878
-127.1854167,45.19791667,-2878
-127.18125,45.19791667,-2877
-127.1770833,45.19791667,-2877
-127.1729167,45.19791667,-2877
-127.16875,45.19791667,-2878
-127.1645833,45.19791667,-2878
-127.1604167,45.19791667,-2878
-127.15625,45.19791667,-2880
-127.1520833,45.19791667,-2882
-127.1479167,45.19791667,-2882
-127.14375,45.19791667,-2882
-127.1395833,45.19791667,-2882
-127.1354167,45.19791667,-2881
-127.13125,45.19791667,-2879
-127.1270833,45.19791667,-2879
-127.1229167,45.19791667,-2879
-127.11875,45.19791667,-2879
-127.1145833,45.19791667,-2878
-127.1104167,45.19791667,-2877
-127.10625,45.19791667,-2877
-127.1020833,45.19791667,-2877
-127.0979167,45.19791667,-2878
-127.09375,45.19791667,-2880
-127.0895833,45.19791667,-2884
-127.0854167,45.19791667,-2885
-127.08125,45.19791667,-2882
-127.0770833,45.19791667,-2879
-127.0729167,45.19791667,-2877
-127.06875,45.19791667,-2876
-127.0645833,45.19791667,-2875
-127.0604167,45.19791667,-2875
-127.05625,45.19791667,-2874
-127.0520833,45.19791667,-2873
-127.0479167,45.19791667,-2872
-127.04375,45.19791667,-2871
-127.0395833,45.19791667,-2870
-127.0354167,45.19791667,-2870
-127.03125,45.19791667,-2869
-127.0270833,45.19791667,-2868
-127.0229167,45.19791667,-2868
-127.01875,45.19791667,-2867
-127.0145833,45.19791667,-2867
-127.0104167,45.19791667,-2866
-127.00625,45.19791667,-2866
-127.0020833,45.19791667,-2866
-127.4979167,45.20208333,-2892
-127.49375,45.20208333,-2897
-127.4895833,45.20208333,-2899
-127.4854167,45.20208333,-2903
-127.48125,45.20208333,-2927
-127.4770833,45.20208333,-2950
-127.4729167,45.20208333,-2971
-127.46875,45.20208333,-2989
-127.4645833,45.20208333,-2987
-127.4604167,45.20208333,-2982
-127.45625,45.20208333,-2958
-127.4520833,45.20208333,-2934
-127.4479167,45.20208333,-2916
-127.44375,45.20208333,-2900
-127.4395833,45.20208333,-2896
-127.4354167,45.20208333,-2893
-127.43125,45.20208333,-2897
-127.4270833,45.20208333,-2901
-127.4229167,45.20208333,-2908
-127.41875,45.20208333,-2916
-127.4145833,45.20208333,-2927
-127.4104167,45.20208333,-2937
-127.40625,45.20208333,-2946
-127.4020833,45.20208333,-2954
-127.3979167,45.20208333,-2960
-127.39375,45.20208333,-2965
-127.3895833,45.20208333,-2971
-127.3854167,45.20208333,-2971
-127.38125,45.20208333,-2946
-127.3770833,45.20208333,-2922
-127.3729167,45.20208333,-2903
-127.36875,45.20208333,-2886
-127.3645833,45.20208333,-2884
-127.3604167,45.20208333,-2882
-127.35625,45.20208333,-2880
-127.3520833,45.20208333,-2878
-127.3479167,45.20208333,-2877
-127.34375,45.20208333,-2876
-127.3395833,45.20208333,-2875
-127.3354167,45.20208333,-2874
-127.33125,45.20208333,-2874
-127.3270833,45.20208333,-2874
-127.3229167,45.20208333,-2874
-127.31875,45.20208333,-2874
-127.3145833,45.20208333,-2874
-127.3104167,45.20208333,-2874
-127.30625,45.20208333,-2874
-127.3020833,45.20208333,-2874
-127.2979167,45.20208333,-2875
-127.29375,45.20208333,-2875
-127.2895833,45.20208333,-2874
-127.2854167,45.20208333,-2874
-127.28125,45.20208333,-2874
-127.2770833,45.20208333,-2875
-127.2729167,45.20208333,-2875
-127.26875,45.20208333,-2875
-127.2645833,45.20208333,-2875
-127.2604167,45.20208333,-2876
-127.25625,45.20208333,-2876
-127.2520833,45.20208333,-2876
-127.2479167,45.20208333,-2876
-127.24375,45.20208333,-2877
-127.2395833,45.20208333,-2877
-127.2354167,45.20208333,-2878
-127.23125,45.20208333,-2878
-127.2270833,45.20208333,-2878
-127.2229167,45.20208333,-2879
-127.21875,45.20208333,-2879
-127.2145833,45.20208333,-2879
-127.2104167,45.20208333,-2879
-127.20625,45.20208333,-2879
-127.2020833,45.20208333,-2879
-127.1979167,45.20208333,-2879
-127.19375,45.20208333,-2879
-127.1895833,45.20208333,-2879
-127.1854167,45.20208333,-2879
-127.18125,45.20208333,-2879
-127.1770833,45.20208333,-2879
-127.1729167,45.20208333,-2879
-127.16875,45.20208333,-2880
-127.1645833,45.20208333,-2881
-127.1604167,45.20208333,-2882
-127.15625,45.20208333,-2883
-127.1520833,45.20208333,-2883
-127.1479167,45.20208333,-2883
-127.14375,45.20208333,-2882
-127.1395833,45.20208333,-2881
-127.1354167,45.20208333,-2880
-127.13125,45.20208333,-2880
-127.1270833,45.20208333,-2880
-127.1229167,45.20208333,-2882
-127.11875,45.20208333,-2882
-127.1145833,45.20208333,-2878
-127.1104167,45.20208333,-2876
-127.10625,45.20208333,-2875
-127.1020833,45.20208333,-2876
-127.0979167,45.20208333,-2878
-127.09375,45.20208333,-2880
-127.0895833,45.20208333,-2882
-127.0854167,45.20208333,-2882
-127.08125,45.20208333,-2879
-127.0770833,45.20208333,-2878
-127.0729167,45.20208333,-2877
-127.06875,45.20208333,-2876
-127.0645833,45.20208333,-2875
-127.0604167,45.20208333,-2875
-127.05625,45.20208333,-2874
-127.0520833,45.20208333,-2873
-127.0479167,45.20208333,-2872
-127.04375,45.20208333,-2871
-127.0395833,45.20208333,-2870
-127.0354167,45.20208333,-2870
-127.03125,45.20208333,-2869
-127.0270833,45.20208333,-2869
-127.0229167,45.20208333,-2868
-127.01875,45.20208333,-2867
-127.0145833,45.20208333,-2866
-127.0104167,45.20208333,-2866
-127.00625,45.20208333,-2866
-127.0020833,45.20208333,-2865
-127.4979167,45.20625,-2892
-127.49375,45.20625,-2897
-127.4895833,45.20625,-2900
-127.4854167,45.20625,-2905
-127.48125,45.20625,-2933
-127.4770833,45.20625,-2960
-127.4729167,45.20625,-2975
-127.46875,45.20625,-2988
-127.4645833,45.20625,-2986
-127.4604167,45.20625,-2981
-127.45625,45.20625,-2956
-127.4520833,45.20625,-2931
-127.4479167,45.20625,-2912
-127.44375,45.20625,-2896
-127.4395833,45.20625,-2893
-127.4354167,45.20625,-2892
-127.43125,45.20625,-2895
-127.4270833,45.20625,-2899
-127.4229167,45.20625,-2905
-127.41875,45.20625,-2912
-127.4145833,45.20625,-2921
-127.4104167,45.20625,-2930
-127.40625,45.20625,-2939
-127.4020833,45.20625,-2948
-127.3979167,45.20625,-2955
-127.39375,45.20625,-2961
-127.3895833,45.20625,-2967
-127.3854167,45.20625,-2970
-127.38125,45.20625,-2963
-127.3770833,45.20625,-2950
-127.3729167,45.20625,-2917
-127.36875,45.20625,-2889
-127.3645833,45.20625,-2884
-127.3604167,45.20625,-2880
-127.35625,45.20625,-2880
-127.3520833,45.20625,-2880
-127.3479167,45.20625,-2878
-127.34375,45.20625,-2877
-127.3395833,45.20625,-2876
-127.3354167,45.20625,-2875
-127.33125,45.20625,-2875
-127.3270833,45.20625,-2875
-127.3229167,45.20625,-2875
-127.31875,45.20625,-2875
-127.3145833,45.20625,-2875
-127.3104167,45.20625,-2875
-127.30625,45.20625,-2875
-127.3020833,45.20625,-2875
-127.2979167,45.20625,-2876
-127.29375,45.20625,-2876
-127.2895833,45.20625,-2875
-127.2854167,45.20625,-2875
-127.28125,45.20625,-2875
-127.2770833,45.20625,-2876
-127.2729167,45.20625,-2876
-127.26875,45.20625,-2877
-127.2645833,45.20625,-2877
-127.2604167,45.20625,-2877
-127.25625,45.20625,-2877
-127.2520833,45.20625,-2877
-127.2479167,45.20625,-2877
-127.24375,45.20625,-2878
-127.2395833,45.20625,-2878
-127.2354167,45.20625,-2879
-127.23125,45.20625,-2879
-127.2270833,45.20625,-2880
-127.2229167,45.20625,-2880
-127.21875,45.20625,-2881
-127.2145833,45.20625,-2881
-127.2104167,45.20625,-2881
-127.20625,45.20625,-2880
-127.2020833,45.20625,-2880
-127.1979167,45.20625,-2880
-127.19375,45.20625,-2880
-127.1895833,45.20625,-2880
-127.1854167,45.20625,-2881
-127.18125,45.20625,-2881
-127.1770833,45.20625,-2881
-127.1729167,45.20625,-2881
-127.16875,45.20625,-2881
-127.1645833,45.20625,-2883
-127.1604167,45.20625,-2884
-127.15625,45.20625,-2884
-127.1520833,45.20625,-2884
-127.1479167,45.20625,-2883
-127.14375,45.20625,-2882
-127.1395833,45.20625,-2884
-127.1354167,45.20625,-2883
-127.13125,45.20625,-2882
-127.1270833,45.20625,-2881
-127.1229167,45.20625,-2884
-127.11875,45.20625,-2885
-127.1145833,45.20625,-2879
-127.1104167,45.20625,-2875
-127.10625,45.20625,-2876
-127.1020833,45.20625,-2878
-127.0979167,45.20625,-2878
-127.09375,45.20625,-2879
-127.0895833,45.20625,-2880
-127.0854167,45.20625,-2880
-127.08125,45.20625,-2878
-127.0770833,45.20625,-2878
-127.0729167,45.20625,-2877
-127.06875,45.20625,-2876
-127.0645833,45.20625,-2875
-127.0604167,45.20625,-2875
-127.05625,45.20625,-2874
-127.0520833,45.20625,-2873
-127.0479167,45.20625,-2872
-127.04375,45.20625,-2872
-127.0395833,45.20625,-2871
-127.0354167,45.20625,-2870
-127.03125,45.20625,-2869
-127.0270833,45.20625,-2869
-127.0229167,45.20625,-2868
-127.01875,45.20625,-2867
-127.0145833,45.20625,-2867
-127.0104167,45.20625,-2866
-127.00625,45.20625,-2865
-127.0020833,45.20625,-2865
-127.4979167,45.21041667,-2892
-127.49375,45.21041667,-2896
-127.4895833,45.21041667,-2899
-127.4854167,45.21041667,-2904
-127.48125,45.21041667,-2936
-127.4770833,45.21041667,-2966
-127.4729167,45.21041667,-2977
-127.46875,45.21041667,-2987
-127.4645833,45.21041667,-2986
-127.4604167,45.21041667,-2982
-127.45625,45.21041667,-2955
-127.4520833,45.21041667,-2929
-127.4479167,45.21041667,-2910
-127.44375,45.21041667,-2893
-127.4395833,45.21041667,-2891
-127.4354167,45.21041667,-2890
-127.43125,45.21041667,-2893
-127.4270833,45.21041667,-2897
-127.4229167,45.21041667,-2903
-127.41875,45.21041667,-2909
-127.4145833,45.21041667,-2916
-127.4104167,45.21041667,-2924
-127.40625,45.21041667,-2933
-127.4020833,45.21041667,-2942
-127.3979167,45.21041667,-2949
-127.39375,45.21041667,-2956
-127.3895833,45.21041667,-2961
-127.3854167,45.21041667,-2966
-127.38125,45.21041667,-2969
-127.3770833,45.21041667,-2964
-127.3729167,45.21041667,-2927
-127.36875,45.21041667,-2896
-127.3645833,45.21041667,-2890
-127.3604167,45.21041667,-2885
-127.35625,45.21041667,-2883
-127.3520833,45.21041667,-2882
-127.3479167,45.21041667,-2880
-127.34375,45.21041667,-2879
-127.3395833,45.21041667,-2878
-127.3354167,45.21041667,-2877
-127.33125,45.21041667,-2877
-127.3270833,45.21041667,-2877
-127.3229167,45.21041667,-2877
-127.31875,45.21041667,-2876
-127.3145833,45.21041667,-2876
-127.3104167,45.21041667,-2876
-127.30625,45.21041667,-2876
-127.3020833,45.21041667,-2876
-127.2979167,45.21041667,-2877
-127.29375,45.21041667,-2877
-127.2895833,45.21041667,-2877
-127.2854167,45.21041667,-2876
-127.28125,45.21041667,-2876
-127.2770833,45.21041667,-2877
-127.2729167,45.21041667,-2877
-127.26875,45.21041667,-2878
-127.2645833,45.21041667,-2878
-127.2604167,45.21041667,-2879
-127.25625,45.21041667,-2879
-127.2520833,45.21041667,-2878
-127.2479167,45.21041667,-2878
-127.24375,45.21041667,-2879
-127.2395833,45.21041667,-2880
-127.2354167,45.21041667,-2881
-127.23125,45.21041667,-2881
-127.2270833,45.21041667,-2881
-127.2229167,45.21041667,-2881
-127.21875,45.21041667,-2881
-127.2145833,45.21041667,-2881
-127.2104167,45.21041667,-2881
-127.20625,45.21041667,-2881
-127.2020833,45.21041667,-2880
-127.1979167,45.21041667,-2881
-127.19375,45.21041667,-2881
-127.1895833,45.21041667,-2881
-127.1854167,45.21041667,-2881
-127.18125,45.21041667,-2882
-127.1770833,45.21041667,-2883
-127.1729167,45.21041667,-2883
-127.16875,45.21041667,-2884
-127.1645833,45.21041667,-2885
-127.1604167,45.21041667,-2886
-127.15625,45.21041667,-2886
-127.1520833,45.21041667,-2885
-127.1479167,45.21041667,-2882
-127.14375,45.21041667,-2881
-127.1395833,45.21041667,-2885
-127.1354167,45.21041667,-2887
-127.13125,45.21041667,-2883
-127.1270833,45.21041667,-2881
-127.1229167,45.21041667,-2881
-127.11875,45.21041667,-2881
-127.1145833,45.21041667,-2879
-127.1104167,45.21041667,-2878
-127.10625,45.21041667,-2878
-127.1020833,45.21041667,-2878
-127.0979167,45.21041667,-2878
-127.09375,45.21041667,-2879
-127.0895833,45.21041667,-2877
-127.0854167,45.21041667,-2877
-127.08125,45.21041667,-2879
-127.0770833,45.21041667,-2879
-127.0729167,45.21041667,-2878
-127.06875,45.21041667,-2877
-127.0645833,45.21041667,-2876
-127.0604167,45.21041667,-2876
-127.05625,45.21041667,-2875
-127.0520833,45.21041667,-2874
-127.0479167,45.21041667,-2873
-127.04375,45.21041667,-2872
-127.0395833,45.21041667,-2871
-127.0354167,45.21041667,-2870
-127.03125,45.21041667,-2869
-127.0270833,45.21041667,-2869
-127.0229167,45.21041667,-2869
-127.01875,45.21041667,-2868
-127.0145833,45.21041667,-2867
-127.0104167,45.21041667,-2866
-127.00625,45.21041667,-2865
-127.0020833,45.21041667,-2864
-127.4979167,45.21458333,-2892
-127.49375,45.21458333,-2894
-127.4895833,45.21458333,-2895
-127.4854167,45.21458333,-2899
-127.48125,45.21458333,-2929
-127.4770833,45.21458333,-2956
-127.4729167,45.21458333,-2973
-127.46875,45.21458333,-2987
-127.4645833,45.21458333,-2986
-127.4604167,45.21458333,-2983
-127.45625,45.21458333,-2954
-127.4520833,45.21458333,-2927
-127.4479167,45.21458333,-2908
-127.44375,45.21458333,-2891
-127.4395833,45.21458333,-2890
-127.4354167,45.21458333,-2889
-127.43125,45.21458333,-2892
-127.4270833,45.21458333,-2895
-127.4229167,45.21458333,-2900
-127.41875,45.21458333,-2905
-127.4145833,45.21458333,-2911
-127.4104167,45.21458333,-2918
-127.40625,45.21458333,-2927
-127.4020833,45.21458333,-2936
-127.3979167,45.21458333,-2943
-127.39375,45.21458333,-2951
-127.3895833,45.21458333,-2956
-127.3854167,45.21458333,-2961
-127.38125,45.21458333,-2966
-127.3770833,45.21458333,-2966
-127.3729167,45.21458333,-2939
-127.36875,45.21458333,-2914
-127.3645833,45.21458333,-2900
-127.3604167,45.21458333,-2888
-127.35625,45.21458333,-2886
-127.3520833,45.21458333,-2883
-127.3479167,45.21458333,-2882
-127.34375,45.21458333,-2881
-127.3395833,45.21458333,-2880
-127.3354167,45.21458333,-2879
-127.33125,45.21458333,-2879
-127.3270833,45.21458333,-2879
-127.3229167,45.21458333,-2878
-127.31875,45.21458333,-2878
-127.3145833,45.21458333,-2878
-127.3104167,45.21458333,-2877
-127.30625,45.21458333,-2877
-127.3020833,45.21458333,-2877
-127.2979167,45.21458333,-2878
-127.29375,45.21458333,-2878
-127.2895833,45.21458333,-2878
-127.2854167,45.21458333,-2877
-127.28125,45.21458333,-2877
-127.2770833,45.21458333,-2877
-127.2729167,45.21458333,-2878
-127.26875,45.21458333,-2879
-127.2645833,45.21458333,-2880
-127.2604167,45.21458333,-2880
-127.25625,45.21458333,-2880
-127.2520833,45.21458333,-2880
-127.2479167,45.21458333,-2880
-127.24375,45.21458333,-2880
-127.2395833,45.21458333,-2881
-127.2354167,45.21458333,-2882
-127.23125,45.21458333,-2882
-127.2270833,45.21458333,-2882
-127.2229167,45.21458333,-2881
-127.21875,45.21458333,-2881
-127.2145833,45.21458333,-2881
-127.2104167,45.21458333,-2881
-127.20625,45.21458333,-2881
-127.2020833,45.21458333,-2881
-127.1979167,45.21458333,-2882
-127.19375,45.21458333,-2883
-127.1895833,45.21458333,-2883
-127.1854167,45.21458333,-2883
-127.18125,45.21458333,-2884
-127.1770833,45.21458333,-2885
-127.1729167,45.21458333,-2886
-127.16875,45.21458333,-2886
-127.1645833,45.21458333,-2886
-127.1604167,45.21458333,-2886
-127.15625,45.21458333,-2889
-127.1520833,45.21458333,-2889
-127.1479167,45.21458333,-2883
-127.14375,45.21458333,-2877
-127.1395833,45.21458333,-2883
-127.1354167,45.21458333,-2882
-127.13125,45.21458333,-2882
-127.1270833,45.21458333,-2883
-127.1229167,45.21458333,-2882
-127.11875,45.21458333,-2879
-127.1145833,45.21458333,-2879
-127.1104167,45.21458333,-2878
-127.10625,45.21458333,-2875
-127.1020833,45.21458333,-2879
-127.0979167,45.21458333,-2873
-127.09375,45.21458333,-2872
-127.0895833,45.21458333,-2867
-127.0854167,45.21458333,-2869
-127.08125,45.21458333,-2874
-127.0770833,45.21458333,-2876
-127.0729167,45.21458333,-2877
-127.06875,45.21458333,-2877
-127.0645833,45.21458333,-2877
-127.0604167,45.21458333,-2876
-127.05625,45.21458333,-2874
-127.0520833,45.21458333,-2873
-127.0479167,45.21458333,-2872
-127.04375,45.21458333,-2872
-127.0395833,45.21458333,-2871
-127.0354167,45.21458333,-2870
-127.03125,45.21458333,-2869
-127.0270833,45.21458333,-2869
-127.0229167,45.21458333,-2868
-127.01875,45.21458333,-2868
-127.0145833,45.21458333,-2867
-127.0104167,45.21458333,-2866
-127.00625,45.21458333,-2866
-127.0020833,45.21458333,-2865
-127.4979167,45.21875,-2892
-127.49375,45.21875,-2893
-127.4895833,45.21875,-2894
-127.4854167,45.21875,-2897
-127.48125,45.21875,-2917
-127.4770833,45.21875,-2939
-127.4729167,45.21875,-2964
-127.46875,45.21875,-2986
-127.4645833,45.21875,-2986
-127.4604167,45.21875,-2982
-127.45625,45.21875,-2952
-127.4520833,45.21875,-2923
-127.4479167,45.21875,-2906
-127.44375,45.21875,-2890
-127.4395833,45.21875,-2889
-127.4354167,45.21875,-2888
-127.43125,45.21875,-2891
-127.4270833,45.21875,-2894
-127.4229167,45.21875,-2898
-127.41875,45.21875,-2903
-127.4145833,45.21875,-2908
-127.4104167,45.21875,-2913
-127.40625,45.21875,-2922
-127.4020833,45.21875,-2930
-127.3979167,45.21875,-2939
-127.39375,45.21875,-2946
-127.3895833,45.21875,-2952
-127.3854167,45.21875,-2957
-127.38125,45.21875,-2963
-127.3770833,45.21875,-2965
-127.3729167,45.21875,-2951
-127.36875,45.21875,-2935
-127.3645833,45.21875,-2912
-127.3604167,45.21875,-2894
-127.35625,45.21875,-2891
-127.3520833,45.21875,-2888
-127.3479167,45.21875,-2885
-127.34375,45.21875,-2883
-127.3395833,45.21875,-2881
-127.3354167,45.21875,-2880
-127.33125,45.21875,-2881
-127.3270833,45.21875,-2881
-127.3229167,45.21875,-2880
-127.31875,45.21875,-2879
-127.3145833,45.21875,-2879
-127.3104167,45.21875,-2878
-127.30625,45.21875,-2878
-127.3020833,45.21875,-2878
-127.2979167,45.21875,-2879
-127.29375,45.21875,-2879
-127.2895833,45.21875,-2879
-127.2854167,45.21875,-2879
-127.28125,45.21875,-2878
-127.2770833,45.21875,-2878
-127.2729167,45.21875,-2879
-127.26875,45.21875,-2880
-127.2645833,45.21875,-2880
-127.2604167,45.21875,-2881
-127.25625,45.21875,-2881
-127.2520833,45.21875,-2882
-127.2479167,45.21875,-2882
-127.24375,45.21875,-2882
-127.2395833,45.21875,-2882
-127.2354167,45.21875,-2882
-127.23125,45.21875,-2882
-127.2270833,45.21875,-2882
-127.2229167,45.21875,-2882
-127.21875,45.21875,-2882
-127.2145833,45.21875,-2882
-127.2104167,45.21875,-2882
-127.20625,45.21875,-2882
-127.2020833,45.21875,-2883
-127.1979167,45.21875,-2883
-127.19375,45.21875,-2884
-127.1895833,45.21875,-2885
-127.1854167,45.21875,-2885
-127.18125,45.21875,-2884
-127.1770833,45.21875,-2884
-127.1729167,45.21875,-2886
-127.16875,45.21875,-2887
-127.1645833,45.21875,-2886
-127.1604167,45.21875,-2887
-127.15625,45.21875,-2891
-127.1520833,45.21875,-2894
-127.1479167,45.21875,-2885
-127.14375,45.21875,-2883
-127.1395833,45.21875,-2883
-127.1354167,45.21875,-2877
-127.13125,45.21875,-2886
-127.1270833,45.21875,-2885
-127.1229167,45.21875,-2880
-127.11875,45.21875,-2876
-127.1145833,45.21875,-2878
-127.1104167,45.21875,-2878
-127.10625,45.21875,-2876
-127.1020833,45.21875,-2879
-127.0979167,45.21875,-2879
-127.09375,45.21875,-2880
-127.0895833,45.21875,-2870
-127.0854167,45.21875,-2869
-127.08125,45.21875,-2869
-127.0770833,45.21875,-2871
-127.0729167,45.21875,-2873
-127.06875,45.21875,-2874
-127.0645833,45.21875,-2875
-127.0604167,45.21875,-2875
-127.05625,45.21875,-2874
-127.0520833,45.21875,-2873
-127.0479167,45.21875,-2873
-127.04375,45.21875,-2872
-127.0395833,45.21875,-2871
-127.0354167,45.21875,-2870
-127.03125,45.21875,-2869
-127.0270833,45.21875,-2868
-127.0229167,45.21875,-2869
-127.01875,45.21875,-2868
-127.0145833,45.21875,-2867
-127.0104167,45.21875,-2867
-127.00625,45.21875,-2866
-127.0020833,45.21875,-2866
-127.4979167,45.22291667,-2892
-127.49375,45.22291667,-2893
-127.4895833,45.22291667,-2894
-127.4854167,45.22291667,-2895
-127.48125,45.22291667,-2910
-127.4770833,45.22291667,-2927
-127.4729167,45.22291667,-2957
-127.46875,45.22291667,-2984
-127.4645833,45.22291667,-2985
-127.4604167,45.22291667,-2982
-127.45625,45.22291667,-2949
-127.4520833,45.22291667,-2918
-127.4479167,45.22291667,-2903
-127.44375,45.22291667,-2890
-127.4395833,45.22291667,-2889
-127.4354167,45.22291667,-2887
-127.43125,45.22291667,-2890
-127.4270833,45.22291667,-2893
-127.4229167,45.22291667,-2897
-127.41875,45.22291667,-2901
-127.4145833,45.22291667,-2905
-127.4104167,45.22291667,-2910
-127.40625,45.22291667,-2917
-127.4020833,45.22291667,-2925
-127.3979167,45.22291667,-2934
-127.39375,45.22291667,-2942
-127.3895833,45.22291667,-2948
-127.3854167,45.22291667,-2953
-127.38125,45.22291667,-2958
-127.3770833,45.22291667,-2961
-127.3729167,45.22291667,-2959
-127.36875,45.22291667,-2953
-127.3645833,45.22291667,-2928
-127.3604167,45.22291667,-2907
-127.35625,45.22291667,-2897
-127.3520833,45.22291667,-2889
-127.3479167,45.22291667,-2886
-127.34375,45.22291667,-2883
-127.3395833,45.22291667,-2882
-127.3354167,45.22291667,-2882
-127.33125,45.22291667,-2883
-127.3270833,45.22291667,-2884
-127.3229167,45.22291667,-2882
-127.31875,45.22291667,-2880
-127.3145833,45.22291667,-2879
-127.3104167,45.22291667,-2879
-127.30625,45.22291667,-2879
-127.3020833,45.22291667,-2879
-127.2979167,45.22291667,-2880
-127.29375,45.22291667,-2880
-127.2895833,45.22291667,-2880
-127.2854167,45.22291667,-2880
-127.28125,45.22291667,-2880
-127.2770833,45.22291667,-2880
-127.2729167,45.22291667,-2881
-127.26875,45.22291667,-2882
-127.2645833,45.22291667,-2882
-127.2604167,45.22291667,-2882
-127.25625,45.22291667,-2884
-127.2520833,45.22291667,-2884
-127.2479167,45.22291667,-2883
-127.24375,45.22291667,-2883
-127.2395833,45.22291667,-2883
-127.2354167,45.22291667,-2884
-127.23125,45.22291667,-2884
-127.2270833,45.22291667,-2884
-127.2229167,45.22291667,-2882
-127.21875,45.22291667,-2882
-127.2145833,45.22291667,-2883
-127.2104167,45.22291667,-2884
-127.20625,45.22291667,-2884
-127.2020833,45.22291667,-2884
-127.1979167,45.22291667,-2883
-127.19375,45.22291667,-2882
-127.1895833,45.22291667,-2881
-127.1854167,45.22291667,-2880
-127.18125,45.22291667,-2878
-127.1770833,45.22291667,-2876
-127.1729167,45.22291667,-2882
-127.16875,45.22291667,-2880
-127.1645833,45.22291667,-2884
-127.1604167,45.22291667,-2884
-127.15625,45.22291667,-2886
-127.1520833,45.22291667,-2886
-127.1479167,45.22291667,-2885
-127.14375,45.22291667,-2880
-127.1395833,45.22291667,-2878
-127.1354167,45.22291667,-2882
-127.13125,45.22291667,-2879
-127.1270833,45.22291667,-2879
-127.1229167,45.22291667,-2877
-127.11875,45.22291667,-2877
-127.1145833,45.22291667,-2874
-127.1104167,45.22291667,-2874
-127.10625,45.22291667,-2874
-127.1020833,45.22291667,-2873
-127.0979167,45.22291667,-2872
-127.09375,45.22291667,-2872
-127.0895833,45.22291667,-2871
-127.0854167,45.22291667,-2870
-127.08125,45.22291667,-2870
-127.0770833,45.22291667,-2870
-127.0729167,45.22291667,-2870
-127.06875,45.22291667,-2871
-127.0645833,45.22291667,-2874
-127.0604167,45.22291667,-2875
-127.05625,45.22291667,-2874
-127.0520833,45.22291667,-2874
-127.0479167,45.22291667,-2873
-127.04375,45.22291667,-2873
-127.0395833,45.22291667,-2872
-127.0354167,45.22291667,-2871
-127.03125,45.22291667,-2870
-127.0270833,45.22291667,-2869
-127.0229167,45.22291667,-2868
-127.01875,45.22291667,-2868
-127.0145833,45.22291667,-2867
-127.0104167,45.22291667,-2866
-127.00625,45.22291667,-2866
-127.0020833,45.22291667,-2865
-127.4979167,45.22708333,-2893
-127.49375,45.22708333,-2894
-127.4895833,45.22708333,-2894
-127.4854167,45.22708333,-2896
-127.48125,45.22708333,-2907
-127.4770833,45.22708333,-2921
-127.4729167,45.22708333,-2954
-127.46875,45.22708333,-2982
-127.4645833,45.22708333,-2984
-127.4604167,45.22708333,-2981
-127.45625,45.22708333,-2947
-127.4520833,45.22708333,-2915
-127.4479167,45.22708333,-2902
-127.44375,45.22708333,-2891
-127.4395833,45.22708333,-2888
-127.4354167,45.22708333,-2887
-127.43125,45.22708333,-2889
-127.4270833,45.22708333,-2892
-127.4229167,45.22708333,-2895
-127.41875,45.22708333,-2899
-127.4145833,45.22708333,-2903
-127.4104167,45.22708333,-2907
-127.40625,45.22708333,-2912
-127.4020833,45.22708333,-2918
-127.3979167,45.22708333,-2928
-127.39375,45.22708333,-2937
-127.3895833,45.22708333,-2943
-127.3854167,45.22708333,-2948
-127.38125,45.22708333,-2953
-127.3770833,45.22708333,-2957
-127.3729167,45.22708333,-2960
-127.36875,45.22708333,-2959
-127.3645833,45.22708333,-2941
-127.3604167,45.22708333,-2923
-127.35625,45.22708333,-2906
-127.3520833,45.22708333,-2891
-127.3479167,45.22708333,-2889
-127.34375,45.22708333,-2888
-127.3395833,45.22708333,-2888
-127.3354167,45.22708333,-2888
-127.33125,45.22708333,-2886
-127.3270833,45.22708333,-2884
-127.3229167,45.22708333,-2882
-127.31875,45.22708333,-2880
-127.3145833,45.22708333,-2880
-127.3104167,45.22708333,-2880
-127.30625,45.22708333,-2880
-127.3020833,45.22708333,-2881
-127.2979167,45.22708333,-2881
-127.29375,45.22708333,-2882
-127.2895833,45.22708333,-2881
-127.2854167,45.22708333,-2881
-127.28125,45.22708333,-2881
-127.2770833,45.22708333,-2882
-127.2729167,45.22708333,-2883
-127.26875,45.22708333,-2884
-127.2645833,45.22708333,-2884
-127.2604167,45.22708333,-2884
-127.25625,45.22708333,-2885
-127.2520833,45.22708333,-2886
-127.2479167,45.22708333,-2884
-127.24375,45.22708333,-2884
-127.2395833,45.22708333,-2884
-127.2354167,45.22708333,-2884
-127.23125,45.22708333,-2884
-127.2270833,45.22708333,-2884
-127.2229167,45.22708333,-2883
-127.21875,45.22708333,-2883
-127.2145833,45.22708333,-2884
-127.2104167,45.22708333,-2886
-127.20625,45.22708333,-2891
-127.2020833,45.22708333,-2891
-127.1979167,45.22708333,-2882
-127.19375,45.22708333,-2876
-127.1895833,45.22708333,-2876
-127.1854167,45.22708333,-2875
-127.18125,45.22708333,-2873
-127.1770833,45.22708333,-2871
-127.1729167,45.22708333,-2873
-127.16875,45.22708333,-2877
-127.1645833,45.22708333,-2880
-127.1604167,45.22708333,-2884
-127.15625,45.22708333,-2875
-127.1520833,45.22708333,-2887
-127.1479167,45.22708333,-2888
-127.14375,45.22708333,-2885
-127.1395833,45.22708333,-2883
-127.1354167,45.22708333,-2884
-127.13125,45.22708333,-2882
-127.1270833,45.22708333,-2879
-127.1229167,45.22708333,-2876
-127.11875,45.22708333,-2874
-127.1145833,45.22708333,-2875
-127.1104167,45.22708333,-2875
-127.10625,45.22708333,-2874
-127.1020833,45.22708333,-2873
-127.0979167,45.22708333,-2872
-127.09375,45.22708333,-2872
-127.0895833,45.22708333,-2872
-127.0854167,45.22708333,-2872
-127.08125,45.22708333,-2871
-127.0770833,45.22708333,-2871
-127.0729167,45.22708333,-2871
-127.06875,45.22708333,-2871
-127.0645833,45.22708333,-2873
-127.0604167,45.22708333,-2874
-127.05625,45.22708333,-2874
-127.0520833,45.22708333,-2873
-127.0479167,45.22708333,-2873
-127.04375,45.22708333,-2872
-127.0395833,45.22708333,-2872
-127.0354167,45.22708333,-2871
-127.03125,45.22708333,-2870
-127.0270833,45.22708333,-2869
-127.0229167,45.22708333,-2868
-127.01875,45.22708333,-2868
-127.0145833,45.22708333,-2867
-127.0104167,45.22708333,-2866
-127.00625,45.22708333,-2866
-127.0020833,45.22708333,-2865
-127.4979167,45.23125,-2894
-127.49375,45.23125,-2895
-127.4895833,45.23125,-2895
-127.4854167,45.23125,-2896
-127.48125,45.23125,-2905
-127.4770833,45.23125,-2916
-127.4729167,45.23125,-2950
-127.46875,45.23125,-2980
-127.4645833,45.23125,-2983
-127.4604167,45.23125,-2981
-127.45625,45.23125,-2947
-127.4520833,45.23125,-2916
-127.4479167,45.23125,-2903
-127.44375,45.23125,-2891
-127.4395833,45.23125,-2888
-127.4354167,45.23125,-2886
-127.43125,45.23125,-2889
-127.4270833,45.23125,-2891
-127.4229167,45.23125,-2894
-127.41875,45.23125,-2897
-127.4145833,45.23125,-2902
-127.4104167,45.23125,-2907
-127.40625,45.23125,-2910
-127.4020833,45.23125,-2914
-127.3979167,45.23125,-2923
-127.39375,45.23125,-2932
-127.3895833,45.23125,-2938
-127.3854167,45.23125,-2944
-127.38125,45.23125,-2949
-127.3770833,45.23125,-2953
-127.3729167,45.23125,-2956
-127.36875,45.23125,-2958
-127.3645833,45.23125,-2950
-127.3604167,45.23125,-2939
-127.35625,45.23125,-2918
-127.3520833,45.23125,-2900
-127.3479167,45.23125,-2899
-127.34375,45.23125,-2897
-127.3395833,45.23125,-2893
-127.3354167,45.23125,-2889
-127.33125,45.23125,-2886
-127.3270833,45.23125,-2883
-127.3229167,45.23125,-2881
-127.31875,45.23125,-2880
-127.3145833,45.23125,-2880
-127.3104167,45.23125,-2880
-127.30625,45.23125,-2881
-127.3020833,45.23125,-2882
-127.2979167,45.23125,-2882
-127.29375,45.23125,-2883
-127.2895833,45.23125,-2882
-127.2854167,45.23125,-2882
-127.28125,45.23125,-2883
-127.2770833,45.23125,-2883
-127.2729167,45.23125,-2884
-127.26875,45.23125,-2884
-127.2645833,45.23125,-2884
-127.2604167,45.23125,-2884
-127.25625,45.23125,-2885
-127.2520833,45.23125,-2885
-127.2479167,45.23125,-2885
-127.24375,45.23125,-2885
-127.2395833,45.23125,-2885
-127.2354167,45.23125,-2885
-127.23125,45.23125,-2884
-127.2270833,45.23125,-2885
-127.2229167,45.23125,-2886
-127.21875,45.23125,-2887
-127.2145833,45.23125,-2886
-127.2104167,45.23125,-2887
-127.20625,45.23125,-2895
-127.2020833,45.23125,-2898
-127.1979167,45.23125,-2883
-127.19375,45.23125,-2873
-127.1895833,45.23125,-2896
-127.1854167,45.23125,-2890
-127.18125,45.23125,-2888
-127.1770833,45.23125,-2885
-127.1729167,45.23125,-2881
-127.16875,45.23125,-2881
-127.1645833,45.23125,-2888
-127.1604167,45.23125,-2881
-127.15625,45.23125,-2879
-127.1520833,45.23125,-2882
-127.1479167,45.23125,-2878
-127.14375,45.23125,-2878
-127.1395833,45.23125,-2880
-127.1354167,45.23125,-2880
-127.13125,45.23125,-2878
-127.1270833,45.23125,-2877
-127.1229167,45.23125,-2877
-127.11875,45.23125,-2877
-127.1145833,45.23125,-2876
-127.1104167,45.23125,-2875
-127.10625,45.23125,-2875
-127.1020833,45.23125,-2874
-127.0979167,45.23125,-2873
-127.09375,45.23125,-2873
-127.0895833,45.23125,-2873
-127.0854167,45.23125,-2873
-127.08125,45.23125,-2872
-127.0770833,45.23125,-2872
-127.0729167,45.23125,-2872
-127.06875,45.23125,-2872
-127.0645833,45.23125,-2873
-127.0604167,45.23125,-2873
-127.05625,45.23125,-2873
-127.0520833,45.23125,-2873
-127.0479167,45.23125,-2872
-127.04375,45.23125,-2872
-127.0395833,45.23125,-2872
-127.0354167,45.23125,-2871
-127.03125,45.23125,-2870
-127.0270833,45.23125,-2869
-127.0229167,45.23125,-2869
-127.01875,45.23125,-2868
-127.0145833,45.23125,-2868
-127.0104167,45.23125,-2867
-127.00625,45.23125,-2866
-127.0020833,45.23125,-2866
-127.4979167,45.23541667,-2893
-127.49375,45.23541667,-2894
-127.4895833,45.23541667,-2895
-127.4854167,45.23541667,-2896
-127.48125,45.23541667,-2902
-127.4770833,45.23541667,-2911
-127.4729167,45.23541667,-2946
-127.46875,45.23541667,-2978
-127.4645833,45.23541667,-2981
-127.4604167,45.23541667,-2980
-127.45625,45.23541667,-2951
-127.4520833,45.23541667,-2923
-127.4479167,45.23541667,-2905
-127.44375,45.23541667,-2890
-127.4395833,45.23541667,-2888
-127.4354167,45.23541667,-2886
-127.43125,45.23541667,-2888
-127.4270833,45.23541667,-2890
-127.4229167,45.23541667,-2893
-127.41875,45.23541667,-2896
-127.4145833,45.23541667,-2900
-127.4104167,45.23541667,-2905
-127.40625,45.23541667,-2908
-127.4020833,45.23541667,-2911
-127.3979167,45.23541667,-2919
-127.39375,45.23541667,-2926
-127.3895833,45.23541667,-2933
-127.3854167,45.23541667,-2940
-127.38125,45.23541667,-2945
-127.3770833,45.23541667,-2950
-127.3729167,45.23541667,-2953
-127.36875,45.23541667,-2955
-127.3645833,45.23541667,-2953
-127.3604167,45.23541667,-2947
-127.35625,45.23541667,-2930
-127.3520833,45.23541667,-2914
-127.3479167,45.23541667,-2906
-127.34375,45.23541667,-2898
-127.3395833,45.23541667,-2892
-127.3354167,45.23541667,-2887
-127.33125,45.23541667,-2885
-127.3270833,45.23541667,-2884
-127.3229167,45.23541667,-2883
-127.31875,45.23541667,-2882
-127.3145833,45.23541667,-2881
-127.3104167,45.23541667,-2881
-127.30625,45.23541667,-2882
-127.3020833,45.23541667,-2882
-127.2979167,45.23541667,-2883
-127.29375,45.23541667,-2883
-127.2895833,45.23541667,-2883
-127.2854167,45.23541667,-2884
-127.28125,45.23541667,-2884
-127.2770833,45.23541667,-2884
-127.2729167,45.23541667,-2884
-127.26875,45.23541667,-2884
-127.2645833,45.23541667,-2884
-127.2604167,45.23541667,-2885
-127.25625,45.23541667,-2885
-127.2520833,45.23541667,-2886
-127.2479167,45.23541667,-2886
-127.24375,45.23541667,-2887
-127.2395833,45.23541667,-2887
-127.2354167,45.23541667,-2887
-127.23125,45.23541667,-2885
-127.2270833,45.23541667,-2885
-127.2229167,45.23541667,-2887
-127.21875,45.23541667,-2890
-127.2145833,45.23541667,-2888
-127.2104167,45.23541667,-2887
-127.20625,45.23541667,-2886
-127.2020833,45.23541667,-2887
-127.1979167,45.23541667,-2887
-127.19375,45.23541667,-2885
-127.1895833,45.23541667,-2890
-127.1854167,45.23541667,-2889
-127.18125,45.23541667,-2888
-127.1770833,45.23541667,-2886
-127.1729167,45.23541667,-2880
-127.16875,45.23541667,-2879
-127.1645833,45.23541667,-2879
-127.1604167,45.23541667,-2878
-127.15625,45.23541667,-2878
-127.1520833,45.23541667,-2879
-127.1479167,45.23541667,-2879
-127.14375,45.23541667,-2879
-127.1395833,45.23541667,-2879
-127.1354167,45.23541667,-2879
-127.13125,45.23541667,-2879
-127.1270833,45.23541667,-2879
-127.1229167,45.23541667,-2878
-127.11875,45.23541667,-2877
-127.1145833,45.23541667,-2877
-127.1104167,45.23541667,-2876
-127.10625,45.23541667,-2875
-127.1020833,45.23541667,-2875
-127.0979167,45.23541667,-2874
-127.09375,45.23541667,-2874
-127.0895833,45.23541667,-2874
-127.0854167,45.23541667,-2873
-127.08125,45.23541667,-2873
-127.0770833,45.23541667,-2872
-127.0729167,45.23541667,-2872
-127.06875,45.23541667,-2872
-127.0645833,45.23541667,-2872
-127.0604167,45.23541667,-2872
-127.05625,45.23541667,-2873
-127.0520833,45.23541667,-2873
-127.0479167,45.23541667,-2873
-127.04375,45.23541667,-2872
-127.0395833,45.23541667,-2872
-127.0354167,45.23541667,-2872
-127.03125,45.23541667,-2871
-127.0270833,45.23541667,-2870
-127.0229167,45.23541667,-2869
-127.01875,45.23541667,-2869
-127.0145833,45.23541667,-2868
-127.0104167,45.23541667,-2867
-127.00625,45.23541667,-2866
-127.0020833,45.23541667,-2865
-127.4979167,45.23958333,-2893
-127.49375,45.23958333,-2894
-127.4895833,45.23958333,-2894
-127.4854167,45.23958333,-2895
-127.48125,45.23958333,-2901
-127.4770833,45.23958333,-2909
-127.4729167,45.23958333,-2945
-127.46875,45.23958333,-2977
-127.4645833,45.23958333,-2980
-127.4604167,45.23958333,-2980
-127.45625,45.23958333,-2959
-127.4520833,45.23958333,-2937
-127.4479167,45.23958333,-2911
-127.44375,45.23958333,-2889
-127.4395833,45.23958333,-2887
-127.4354167,45.23958333,-2885
-127.43125,45.23958333,-2887
-127.4270833,45.23958333,-2888
-127.4229167,45.23958333,-2891
-127.41875,45.23958333,-2894
-127.4145833,45.23958333,-2898
-127.4104167,45.23958333,-2902
-127.40625,45.23958333,-2905
-127.4020833,45.23958333,-2909
-127.3979167,45.23958333,-2914
-127.39375,45.23958333,-2920
-127.3895833,45.23958333,-2929
-127.3854167,45.23958333,-2936
-127.38125,45.23958333,-2941
-127.3770833,45.23958333,-2945
-127.3729167,45.23958333,-2949
-127.36875,45.23958333,-2952
-127.3645833,45.23958333,-2952
-127.3604167,45.23958333,-2949
-127.35625,45.23958333,-2939
-127.3520833,45.23958333,-2928
-127.3479167,45.23958333,-2913
-127.34375,45.23958333,-2900
-127.3395833,45.23958333,-2895
-127.3354167,45.23958333,-2891
-127.33125,45.23958333,-2889
-127.3270833,45.23958333,-2887
-127.3229167,45.23958333,-2886
-127.31875,45.23958333,-2885
-127.3145833,45.23958333,-2885
-127.3104167,45.23958333,-2884
-127.30625,45.23958333,-2884
-127.3020833,45.23958333,-2883
-127.2979167,45.23958333,-2882
-127.29375,45.23958333,-2882
-127.2895833,45.23958333,-2885
-127.2854167,45.23958333,-2888
-127.28125,45.23958333,-2886
-127.2770833,45.23958333,-2885
-127.2729167,45.23958333,-2885
-127.26875,45.23958333,-2884
-127.2645833,45.23958333,-2885
-127.2604167,45.23958333,-2886
-127.25625,45.23958333,-2887
-127.2520833,45.23958333,-2890
-127.2479167,45.23958333,-2897
-127.24375,45.23958333,-2900
-127.2395833,45.23958333,-2895
-127.2354167,45.23958333,-2891
-127.23125,45.23958333,-2888
-127.2270833,45.23958333,-2884
-127.2229167,45.23958333,-2891
-127.21875,45.23958333,-2874
-127.2145833,45.23958333,-2879
-127.2104167,45.23958333,-2883
-127.20625,45.23958333,-2881
-127.2020833,45.23958333,-2879
-127.1979167,45.23958333,-2888
-127.19375,45.23958333,-2891
-127.1895833,45.23958333,-2887
-127.1854167,45.23958333,-2884
-127.18125,45.23958333,-2884
-127.1770833,45.23958333,-2884
-127.1729167,45.23958333,-2882
-127.16875,45.23958333,-2882
-127.1645833,45.23958333,-2882
-127.1604167,45.23958333,-2882
-127.15625,45.23958333,-2882
-127.1520833,45.23958333,-2882
-127.1479167,45.23958333,-2882
-127.14375,45.23958333,-2882
-127.1395833,45.23958333,-2881
-127.1354167,45.23958333,-2880
-127.13125,45.23958333,-2880
-127.1270833,45.23958333,-2879
-127.1229167,45.23958333,-2878
-127.11875,45.23958333,-2878
-127.1145833,45.23958333,-2878
-127.1104167,45.23958333,-2877
-127.10625,45.23958333,-2876
-127.1020833,45.23958333,-2875
-127.0979167,45.23958333,-2875
-127.09375,45.23958333,-2874
-127.0895833,45.23958333,-2874
-127.0854167,45.23958333,-2874
-127.08125,45.23958333,-2873
-127.0770833,45.23958333,-2873
-127.0729167,45.23958333,-2873
-127.06875,45.23958333,-2872
-127.0645833,45.23958333,-2872
-127.0604167,45.23958333,-2873
-127.05625,45.23958333,-2873
-127.0520833,45.23958333,-2873
-127.0479167,45.23958333,-2873
-127.04375,45.23958333,-2873
-127.0395833,45.23958333,-2872
-127.0354167,45.23958333,-2871
-127.03125,45.23958333,-2870
-127.0270833,45.23958333,-2869
-127.0229167,45.23958333,-2869
-127.01875,45.23958333,-2868
-127.0145833,45.23958333,-2867
-127.0104167,45.23958333,-2867
-127.00625,45.23958333,-2866
-127.0020833,45.23958333,-2865
-127.4979167,45.24375,-2894
-127.49375,45.24375,-2895
-127.4895833,45.24375,-2895
-127.4854167,45.24375,-2896
-127.48125,45.24375,-2902
-127.4770833,45.24375,-2911
-127.4729167,45.24375,-2944
-127.46875,45.24375,-2975
-127.4645833,45.24375,-2978
-127.4604167,45.24375,-2980
-127.45625,45.24375,-2966
-127.4520833,45.24375,-2950
-127.4479167,45.24375,-2917
-127.44375,45.24375,-2889
-127.4395833,45.24375,-2886
-127.4354167,45.24375,-2884
-127.43125,45.24375,-2885
-127.4270833,45.24375,-2887
-127.4229167,45.24375,-2889
-127.41875,45.24375,-2892
-127.4145833,45.24375,-2895
-127.4104167,45.24375,-2899
-127.40625,45.24375,-2903
-127.4020833,45.24375,-2907
-127.3979167,45.24375,-2910
-127.39375,45.24375,-2915
-127.3895833,45.24375,-2924
-127.3854167,45.24375,-2933
-127.38125,45.24375,-2937
-127.3770833,45.24375,-2941
-127.3729167,45.24375,-2945
-127.36875,45.24375,-2949
-127.3645833,45.24375,-2950
-127.3604167,45.24375,-2950
-127.35625,45.24375,-2945
-127.3520833,45.24375,-2937
-127.3479167,45.24375,-2923
-127.34375,45.24375,-2909
-127.3395833,45.24375,-2902
-127.3354167,45.24375,-2896
-127.33125,45.24375,-2893
-127.3270833,45.24375,-2890
-127.3229167,45.24375,-2890
-127.31875,45.24375,-2889
-127.3145833,45.24375,-2888
-127.3104167,45.24375,-2888
-127.30625,45.24375,-2888
-127.3020833,45.24375,-2887
-127.2979167,45.24375,-2885
-127.29375,45.24375,-2883
-127.2895833,45.24375,-2888
-127.2854167,45.24375,-2890
-127.28125,45.24375,-2886
-127.2770833,45.24375,-2884
-127.2729167,45.24375,-2884
-127.26875,45.24375,-2885
-127.2645833,45.24375,-2886
-127.2604167,45.24375,-2888
-127.25625,45.24375,-2889
-127.2520833,45.24375,-2891
-127.2479167,45.24375,-2898
-127.24375,45.24375,-2901
-127.2395833,45.24375,-2894
-127.2354167,45.24375,-2889
-127.23125,45.24375,-2886
-127.2270833,45.24375,-2884
-127.2229167,45.24375,-2886
-127.21875,45.24375,-2880
-127.2145833,45.24375,-2881
-127.2104167,45.24375,-2881
-127.20625,45.24375,-2880
-127.2020833,45.24375,-2880
-127.1979167,45.24375,-2885
-127.19375,45.24375,-2888
-127.1895833,45.24375,-2887
-127.1854167,45.24375,-2887
-127.18125,45.24375,-2887
-127.1770833,45.24375,-2888
-127.1729167,45.24375,-2886
-127.16875,45.24375,-2885
-127.1645833,45.24375,-2885
-127.1604167,45.24375,-2884
-127.15625,45.24375,-2884
-127.1520833,45.24375,-2883
-127.1479167,45.24375,-2883
-127.14375,45.24375,-2883
-127.1395833,45.24375,-2882
-127.1354167,45.24375,-2881
-127.13125,45.24375,-2881
-127.1270833,45.24375,-2880
-127.1229167,45.24375,-2880
-127.11875,45.24375,-2879
-127.1145833,45.24375,-2878
-127.1104167,45.24375,-2878
-127.10625,45.24375,-2877
-127.1020833,45.24375,-2876
-127.0979167,45.24375,-2875
-127.09375,45.24375,-2874
-127.0895833,45.24375,-2874
-127.0854167,45.24375,-2874
-127.08125,45.24375,-2874
-127.0770833,45.24375,-2873
-127.0729167,45.24375,-2873
-127.06875,45.24375,-2873
-127.0645833,45.24375,-2873
-127.0604167,45.24375,-2873
-127.05625,45.24375,-2873
-127.0520833,45.24375,-2873
-127.0479167,45.24375,-2873
-127.04375,45.24375,-2872
-127.0395833,45.24375,-2871
-127.0354167,45.24375,-2870
-127.03125,45.24375,-2869
-127.0270833,45.24375,-2868
-127.0229167,45.24375,-2868
-127.01875,45.24375,-2867
-127.0145833,45.24375,-2867
-127.0104167,45.24375,-2866
-127.00625,45.24375,-2865
-127.0020833,45.24375,-2864
-127.4979167,45.24791667,-2894
-127.49375,45.24791667,-2895
-127.4895833,45.24791667,-2896
-127.4854167,45.24791667,-2896
-127.48125,45.24791667,-2902
-127.4770833,45.24791667,-2909
-127.4729167,45.24791667,-2940
-127.46875,45.24791667,-2967
-127.4645833,45.24791667,-2974
-127.4604167,45.24791667,-2979
-127.45625,45.24791667,-2971
-127.4520833,45.24791667,-2960
-127.4479167,45.24791667,-2921
-127.44375,45.24791667,-2888
-127.4395833,45.24791667,-2885
-127.4354167,45.24791667,-2883
-127.43125,45.24791667,-2884
-127.4270833,45.24791667,-2886
-127.4229167,45.24791667,-2888
-127.41875,45.24791667,-2890
-127.4145833,45.24791667,-2893
-127.4104167,45.24791667,-2896
-127.40625,45.24791667,-2900
-127.4020833,45.24791667,-2904
-127.3979167,45.24791667,-2907
-127.39375,45.24791667,-2911
-127.3895833,45.24791667,-2920
-127.3854167,45.24791667,-2928
-127.38125,45.24791667,-2932
-127.3770833,45.24791667,-2937
-127.3729167,45.24791667,-2941
-127.36875,45.24791667,-2944
-127.3645833,45.24791667,-2947
-127.3604167,45.24791667,-2948
-127.35625,45.24791667,-2946
-127.3520833,45.24791667,-2943
-127.3479167,45.24791667,-2930
-127.34375,45.24791667,-2919
-127.3395833,45.24791667,-2909
-127.3354167,45.24791667,-2901
-127.33125,45.24791667,-2898
-127.3270833,45.24791667,-2896
-127.3229167,45.24791667,-2894
-127.31875,45.24791667,-2892
-127.3145833,45.24791667,-2890
-127.3104167,45.24791667,-2888
-127.30625,45.24791667,-2890
-127.3020833,45.24791667,-2891
-127.2979167,45.24791667,-2891
-127.29375,45.24791667,-2891
-127.2895833,45.24791667,-2891
-127.2854167,45.24791667,-2891
-127.28125,45.24791667,-2889
-127.2770833,45.24791667,-2888
-127.2729167,45.24791667,-2886
-127.26875,45.24791667,-2885
-127.2645833,45.24791667,-2888
-127.2604167,45.24791667,-2890
-127.25625,45.24791667,-2892
-127.2520833,45.24791667,-2892
-127.2479167,45.24791667,-2890
-127.24375,45.24791667,-2888
-127.2395833,45.24791667,-2886
-127.2354167,45.24791667,-2885
-127.23125,45.24791667,-2887
-127.2270833,45.24791667,-2887
-127.2229167,45.24791667,-2883
-127.21875,45.24791667,-2881
-127.2145833,45.24791667,-2882
-127.2104167,45.24791667,-2884
-127.20625,45.24791667,-2886
-127.2020833,45.24791667,-2888
-127.1979167,45.24791667,-2889
-127.19375,45.24791667,-2889
-127.1895833,45.24791667,-2889
-127.1854167,45.24791667,-2889
-127.18125,45.24791667,-2889
-127.1770833,45.24791667,-2889
-127.1729167,45.24791667,-2888
-127.16875,45.24791667,-2887
-127.1645833,45.24791667,-2886
-127.1604167,45.24791667,-2885
-127.15625,45.24791667,-2885
-127.1520833,45.24791667,-2884
-127.1479167,45.24791667,-2884
-127.14375,45.24791667,-2883
-127.1395833,45.24791667,-2882
-127.1354167,45.24791667,-2882
-127.13125,45.24791667,-2881
-127.1270833,45.24791667,-2881
-127.1229167,45.24791667,-2880
-127.11875,45.24791667,-2879
-127.1145833,45.24791667,-2878
-127.1104167,45.24791667,-2877
-127.10625,45.24791667,-2876
-127.1020833,45.24791667,-2876
-127.0979167,45.24791667,-2875
-127.09375,45.24791667,-2875
-127.0895833,45.24791667,-2874
-127.0854167,45.24791667,-2874
-127.08125,45.24791667,-2874
-127.0770833,45.24791667,-2874
-127.0729167,45.24791667,-2874
-127.06875,45.24791667,-2873
-127.0645833,45.24791667,-2872
-127.0604167,45.24791667,-2872
-127.05625,45.24791667,-2871
-127.0520833,45.24791667,-2870
-127.0479167,45.24791667,-2870
-127.04375,45.24791667,-2870
-127.0395833,45.24791667,-2869
-127.0354167,45.24791667,-2868
-127.03125,45.24791667,-2867
-127.0270833,45.24791667,-2867
-127.0229167,45.24791667,-2867
-127.01875,45.24791667,-2866
-127.0145833,45.24791667,-2866
-127.0104167,45.24791667,-2865
-127.00625,45.24791667,-2865
-127.0020833,45.24791667,-2864
-127.4979167,45.25208333,-2893
-127.49375,45.25208333,-2894
-127.4895833,45.25208333,-2896
-127.4854167,45.25208333,-2898
-127.48125,45.25208333,-2902
-127.4770833,45.25208333,-2908
-127.4729167,45.25208333,-2932
-127.46875,45.25208333,-2954
-127.4645833,45.25208333,-2966
-127.4604167,45.25208333,-2977
-127.45625,45.25208333,-2974
-127.4520833,45.25208333,-2967
-127.4479167,45.25208333,-2924
-127.44375,45.25208333,-2887
-127.4395833,45.25208333,-2885
-127.4354167,45.25208333,-2883
-127.43125,45.25208333,-2883
-127.4270833,45.25208333,-2884
-127.4229167,45.25208333,-2886
-127.41875,45.25208333,-2888
-127.4145833,45.25208333,-2890
-127.4104167,45.25208333,-2893
-127.40625,45.25208333,-2897
-127.4020833,45.25208333,-2902
-127.3979167,45.25208333,-2905
-127.39375,45.25208333,-2910
-127.3895833,45.25208333,-2916
-127.3854167,45.25208333,-2922
-127.38125,45.25208333,-2927
-127.3770833,45.25208333,-2932
-127.3729167,45.25208333,-2936
-127.36875,45.25208333,-2941
-127.3645833,45.25208333,-2943
-127.3604167,45.25208333,-2945
-127.35625,45.25208333,-2945
-127.3520833,45.25208333,-2944
-127.3479167,45.25208333,-2936
-127.34375,45.25208333,-2928
-127.3395833,45.25208333,-2918
-127.3354167,45.25208333,-2909
-127.33125,45.25208333,-2904
-127.3270833,45.25208333,-2900
-127.3229167,45.25208333,-2897
-127.31875,45.25208333,-2894
-127.3145833,45.25208333,-2892
-127.3104167,45.25208333,-2890
-127.30625,45.25208333,-2892
-127.3020833,45.25208333,-2894
-127.2979167,45.25208333,-2896
-127.29375,45.25208333,-2896
-127.2895833,45.25208333,-2894
-127.2854167,45.25208333,-2893
-127.28125,45.25208333,-2893
-127.2770833,45.25208333,-2894
-127.2729167,45.25208333,-2892
-127.26875,45.25208333,-2891
-127.2645833,45.25208333,-2892
-127.2604167,45.25208333,-2893
-127.25625,45.25208333,-2893
-127.2520833,45.25208333,-2894
-127.2479167,45.25208333,-2892
-127.24375,45.25208333,-2891
-127.2395833,45.25208333,-2887
-127.2354167,45.25208333,-2885
-127.23125,45.25208333,-2886
-127.2270833,45.25208333,-2886
-127.2229167,45.25208333,-2886
-127.21875,45.25208333,-2885
-127.2145833,45.25208333,-2886
-127.2104167,45.25208333,-2888
-127.20625,45.25208333,-2890
-127.2020833,45.25208333,-2892
-127.1979167,45.25208333,-2892
-127.19375,45.25208333,-2891
-127.1895833,45.25208333,-2891
-127.1854167,45.25208333,-2891
-127.18125,45.25208333,-2890
-127.1770833,45.25208333,-2889
-127.1729167,45.25208333,-2888
-127.16875,45.25208333,-2888
-127.1645833,45.25208333,-2887
-127.1604167,45.25208333,-2887
-127.15625,45.25208333,-2886
-127.1520833,45.25208333,-2885
-127.1479167,45.25208333,-2884
-127.14375,45.25208333,-2884
-127.1395833,45.25208333,-2883
-127.1354167,45.25208333,-2882
-127.13125,45.25208333,-2881
-127.1270833,45.25208333,-2881
-127.1229167,45.25208333,-2880
-127.11875,45.25208333,-2879
-127.1145833,45.25208333,-2878
-127.1104167,45.25208333,-2877
-127.10625,45.25208333,-2877
-127.1020833,45.25208333,-2876
-127.0979167,45.25208333,-2876
-127.09375,45.25208333,-2875
-127.0895833,45.25208333,-2874
-127.0854167,45.25208333,-2873
-127.08125,45.25208333,-2873
-127.0770833,45.25208333,-2872
-127.0729167,45.25208333,-2871
-127.06875,45.25208333,-2871
-127.0645833,45.25208333,-2870
-127.0604167,45.25208333,-2869
-127.05625,45.25208333,-2868
-127.0520833,45.25208333,-2868
-127.0479167,45.25208333,-2868
-127.04375,45.25208333,-2868
-127.0395833,45.25208333,-2867
-127.0354167,45.25208333,-2867
-127.03125,45.25208333,-2867
-127.0270833,45.25208333,-2867
-127.0229167,45.25208333,-2867
-127.01875,45.25208333,-2867
-127.0145833,45.25208333,-2866
-127.0104167,45.25208333,-2866
-127.00625,45.25208333,-2865
-127.0020833,45.25208333,-2863
-127.4979167,45.25625,-2892
-127.49375,45.25625,-2893
-127.4895833,45.25625,-2895
-127.4854167,45.25625,-2897
-127.48125,45.25625,-2904
-127.4770833,45.25625,-2912
-127.4729167,45.25625,-2928
-127.46875,45.25625,-2945
-127.4645833,45.25625,-2961
-127.4604167,45.25625,-2976
-127.45625,45.25625,-2975
-127.4520833,45.25625,-2970
-127.4479167,45.25625,-2927
-127.44375,45.25625,-2889
-127.4395833,45.25625,-2885
-127.4354167,45.25625,-2881
-127.43125,45.25625,-2882
-127.4270833,45.25625,-2883
-127.4229167,45.25625,-2885
-127.41875,45.25625,-2887
-127.4145833,45.25625,-2889
-127.4104167,45.25625,-2891
-127.40625,45.25625,-2895
-127.4020833,45.25625,-2900
-127.3979167,45.25625,-2904
-127.39375,45.25625,-2908
-127.3895833,45.25625,-2913
-127.3854167,45.25625,-2918
-127.38125,45.25625,-2923
-127.3770833,45.25625,-2929
-127.3729167,45.25625,-2934
-127.36875,45.25625,-2938
-127.3645833,45.25625,-2941
-127.3604167,45.25625,-2944
-127.35625,45.25625,-2945
-127.3520833,45.25625,-2944
-127.3479167,45.25625,-2937
-127.34375,45.25625,-2930
-127.3395833,45.25625,-2922
-127.3354167,45.25625,-2914
-127.33125,45.25625,-2907
-127.3270833,45.25625,-2901
-127.3229167,45.25625,-2899
-127.31875,45.25625,-2897
-127.3145833,45.25625,-2896
-127.3104167,45.25625,-2896
-127.30625,45.25625,-2900
-127.3020833,45.25625,-2902
-127.2979167,45.25625,-2900
-127.29375,45.25625,-2897
-127.2895833,45.25625,-2894
-127.2854167,45.25625,-2892
-127.28125,45.25625,-2893
-127.2770833,45.25625,-2894
-127.2729167,45.25625,-2894
-127.26875,45.25625,-2894
-127.2645833,45.25625,-2894
-127.2604167,45.25625,-2894
-127.25625,45.25625,-2895
-127.2520833,45.25625,-2895
-127.2479167,45.25625,-2893
-127.24375,45.25625,-2892
-127.2395833,45.25625,-2890
-127.2354167,45.25625,-2890
-127.23125,45.25625,-2890
-127.2270833,45.25625,-2890
-127.2229167,45.25625,-2889
-127.21875,45.25625,-2889
-127.2145833,45.25625,-2891
-127.2104167,45.25625,-2892
-127.20625,45.25625,-2893
-127.2020833,45.25625,-2893
-127.1979167,45.25625,-2893
-127.19375,45.25625,-2893
-127.1895833,45.25625,-2892
-127.1854167,45.25625,-2892
-127.18125,45.25625,-2891
-127.1770833,45.25625,-2890
-127.1729167,45.25625,-2889
-127.16875,45.25625,-2889
-127.1645833,45.25625,-2889
-127.1604167,45.25625,-2888
-127.15625,45.25625,-2887
-127.1520833,45.25625,-2886
-127.1479167,45.25625,-2885
-127.14375,45.25625,-2884
-127.1395833,45.25625,-2883
-127.1354167,45.25625,-2882
-127.13125,45.25625,-2881
-127.1270833,45.25625,-2881
-127.1229167,45.25625,-2879
-127.11875,45.25625,-2878
-127.1145833,45.25625,-2878
-127.1104167,45.25625,-2877
-127.10625,45.25625,-2877
-127.1020833,45.25625,-2876
-127.0979167,45.25625,-2875
-127.09375,45.25625,-2874
-127.0895833,45.25625,-2873
-127.0854167,45.25625,-2872
-127.08125,45.25625,-2871
-127.0770833,45.25625,-2871
-127.0729167,45.25625,-2870
-127.06875,45.25625,-2869
-127.0645833,45.25625,-2869
-127.0604167,45.25625,-2869
-127.05625,45.25625,-2868
-127.0520833,45.25625,-2868
-127.0479167,45.25625,-2870
-127.04375,45.25625,-2871
-127.0395833,45.25625,-2870
-127.0354167,45.25625,-2869
-127.03125,45.25625,-2869
-127.0270833,45.25625,-2868
-127.0229167,45.25625,-2868
-127.01875,45.25625,-2867
-127.0145833,45.25625,-2867
-127.0104167,45.25625,-2866
-127.00625,45.25625,-2864
-127.0020833,45.25625,-2863
-127.4979167,45.26041667,-2891
-127.49375,45.26041667,-2892
-127.4895833,45.26041667,-2894
-127.4854167,45.26041667,-2896
-127.48125,45.26041667,-2905
-127.4770833,45.26041667,-2914
-127.4729167,45.26041667,-2928
-127.46875,45.26041667,-2943
-127.4645833,45.26041667,-2961
-127.4604167,45.26041667,-2976
-127.45625,45.26041667,-2975
-127.4520833,45.26041667,-2969
-127.4479167,45.26041667,-2928
-127.44375,45.26041667,-2892
-127.4395833,45.26041667,-2885
-127.4354167,45.26041667,-2880
-127.43125,45.26041667,-2881
-127.4270833,45.26041667,-2882
-127.4229167,45.26041667,-2884
-127.41875,45.26041667,-2885
-127.4145833,45.26041667,-2887
-127.4104167,45.26041667,-2890
-127.40625,45.26041667,-2894
-127.4020833,45.26041667,-2898
-127.3979167,45.26041667,-2902
-127.39375,45.26041667,-2906
-127.3895833,45.26041667,-2911
-127.3854167,45.26041667,-2916
-127.38125,45.26041667,-2921
-127.3770833,45.26041667,-2927
-127.3729167,45.26041667,-2932
-127.36875,45.26041667,-2937
-127.3645833,45.26041667,-2941
-127.3604167,45.26041667,-2944
-127.35625,45.26041667,-2945
-127.3520833,45.26041667,-2944
-127.3479167,45.26041667,-2937
-127.34375,45.26041667,-2929
-127.3395833,45.26041667,-2922
-127.3354167,45.26041667,-2915
-127.33125,45.26041667,-2910
-127.3270833,45.26041667,-2905
-127.3229167,45.26041667,-2904
-127.31875,45.26041667,-2903
-127.3145833,45.26041667,-2903
-127.3104167,45.26041667,-2903
-127.30625,45.26041667,-2905
-127.3020833,45.26041667,-2906
-127.2979167,45.26041667,-2901
-127.29375,45.26041667,-2897
-127.2895833,45.26041667,-2895
-127.2854167,45.26041667,-2893
-127.28125,45.26041667,-2893
-127.2770833,45.26041667,-2892
-127.2729167,45.26041667,-2891
-127.26875,45.26041667,-2891
-127.2645833,45.26041667,-2891
-127.2604167,45.26041667,-2892
-127.25625,45.26041667,-2896
-127.2520833,45.26041667,-2897
-127.2479167,45.26041667,-2894
-127.24375,45.26041667,-2892
-127.2395833,45.26041667,-2892
-127.2354167,45.26041667,-2893
-127.23125,45.26041667,-2893
-127.2270833,45.26041667,-2893
-127.2229167,45.26041667,-2893
-127.21875,45.26041667,-2893
-127.2145833,45.26041667,-2894
-127.2104167,45.26041667,-2895
-127.20625,45.26041667,-2895
-127.2020833,45.26041667,-2895
-127.1979167,45.26041667,-2895
-127.19375,45.26041667,-2895
-127.1895833,45.26041667,-2894
-127.1854167,45.26041667,-2893
-127.18125,45.26041667,-2892
-127.1770833,45.26041667,-2891
-127.1729167,45.26041667,-2890
-127.16875,45.26041667,-2889
-127.1645833,45.26041667,-2889
-127.1604167,45.26041667,-2888
-127.15625,45.26041667,-2887
-127.1520833,45.26041667,-2886
-127.1479167,45.26041667,-2885
-127.14375,45.26041667,-2884
-127.1395833,45.26041667,-2883
-127.1354167,45.26041667,-2882
-127.13125,45.26041667,-2881
-127.1270833,45.26041667,-2880
-127.1229167,45.26041667,-2879
-127.11875,45.26041667,-2878
-127.1145833,45.26041667,-2877
-127.1104167,45.26041667,-2877
-127.10625,45.26041667,-2876
-127.1020833,45.26041667,-2875
-127.0979167,45.26041667,-2874
-127.09375,45.26041667,-2872
-127.0895833,45.26041667,-2871
-127.0854167,45.26041667,-2870
-127.08125,45.26041667,-2871
-127.0770833,45.26041667,-2870
-127.0729167,45.26041667,-2869
-127.06875,45.26041667,-2868
-127.0645833,45.26041667,-2868
-127.0604167,45.26041667,-2868
-127.05625,45.26041667,-2867
-127.0520833,45.26041667,-2869
-127.0479167,45.26041667,-2873
-127.04375,45.26041667,-2874
-127.0395833,45.26041667,-2872
-127.0354167,45.26041667,-2870
-127.03125,45.26041667,-2869
-127.0270833,45.26041667,-2868
-127.0229167,45.26041667,-2867
-127.01875,45.26041667,-2867
-127.0145833,45.26041667,-2867
-127.0104167,45.26041667,-2866
-127.00625,45.26041667,-2865
-127.0020833,45.26041667,-2863
-127.4979167,45.26458333,-2891
-127.49375,45.26458333,-2892
-127.4895833,45.26458333,-2895
-127.4854167,45.26458333,-2898
-127.48125,45.26458333,-2906
-127.4770833,45.26458333,-2914
-127.4729167,45.26458333,-2931
-127.46875,45.26458333,-2948
-127.4645833,45.26458333,-2964
-127.4604167,45.26458333,-2977
-127.45625,45.26458333,-2974
-127.4520833,45.26458333,-2967
-127.4479167,45.26458333,-2929
-127.44375,45.26458333,-2894
-127.4395833,45.26458333,-2886
-127.4354167,45.26458333,-2880
-127.43125,45.26458333,-2880
-127.4270833,45.26458333,-2881
-127.4229167,45.26458333,-2882
-127.41875,45.26458333,-2883
-127.4145833,45.26458333,-2886
-127.4104167,45.26458333,-2888
-127.40625,45.26458333,-2892
-127.4020833,45.26458333,-2896
-127.3979167,45.26458333,-2900
-127.39375,45.26458333,-2905
-127.3895833,45.26458333,-2910
-127.3854167,45.26458333,-2914
-127.38125,45.26458333,-2920
-127.3770833,45.26458333,-2925
-127.3729167,45.26458333,-2930
-127.36875,45.26458333,-2934
-127.3645833,45.26458333,-2939
-127.3604167,45.26458333,-2943
-127.35625,45.26458333,-2944
-127.3520833,45.26458333,-2944
-127.3479167,45.26458333,-2940
-127.34375,45.26458333,-2936
-127.3395833,45.26458333,-2928
-127.3354167,45.26458333,-2922
-127.33125,45.26458333,-2917
-127.3270833,45.26458333,-2913
-127.3229167,45.26458333,-2911
-127.31875,45.26458333,-2909
-127.3145833,45.26458333,-2909
-127.3104167,45.26458333,-2909
-127.30625,45.26458333,-2906
-127.3020833,45.26458333,-2903
-127.2979167,45.26458333,-2900
-127.29375,45.26458333,-2897
-127.2895833,45.26458333,-2895
-127.2854167,45.26458333,-2894
-127.28125,45.26458333,-2892
-127.2770833,45.26458333,-2891
-127.2729167,45.26458333,-2890
-127.26875,45.26458333,-2889
-127.2645833,45.26458333,-2889
-127.2604167,45.26458333,-2890
-127.25625,45.26458333,-2894
-127.2520833,45.26458333,-2896
-127.2479167,45.26458333,-2896
-127.24375,45.26458333,-2895
-127.2395833,45.26458333,-2896
-127.2354167,45.26458333,-2896
-127.23125,45.26458333,-2895
-127.2270833,45.26458333,-2895
-127.2229167,45.26458333,-2896
-127.21875,45.26458333,-2898
-127.2145833,45.26458333,-2898
-127.2104167,45.26458333,-2898
-127.20625,45.26458333,-2897
-127.2020833,45.26458333,-2897
-127.1979167,45.26458333,-2896
-127.19375,45.26458333,-2895
-127.1895833,45.26458333,-2894
-127.1854167,45.26458333,-2894
-127.18125,45.26458333,-2893
-127.1770833,45.26458333,-2892
-127.1729167,45.26458333,-2891
-127.16875,45.26458333,-2890
-127.1645833,45.26458333,-2889
-127.1604167,45.26458333,-2888
-127.15625,45.26458333,-2886
-127.1520833,45.26458333,-2885
-127.1479167,45.26458333,-2884
-127.14375,45.26458333,-2883
-127.1395833,45.26458333,-2882
-127.1354167,45.26458333,-2881
-127.13125,45.26458333,-2880
-127.1270833,45.26458333,-2879
-127.1229167,45.26458333,-2878
-127.11875,45.26458333,-2877
-127.1145833,45.26458333,-2877
-127.1104167,45.26458333,-2876
-127.10625,45.26458333,-2875
-127.1020833,45.26458333,-2874
-127.0979167,45.26458333,-2873
-127.09375,45.26458333,-2872
-127.0895833,45.26458333,-2871
-127.0854167,45.26458333,-2870
-127.08125,45.26458333,-2869
-127.0770833,45.26458333,-2868
-127.0729167,45.26458333,-2868
-127.06875,45.26458333,-2867
-127.0645833,45.26458333,-2867
-127.0604167,45.26458333,-2866
-127.05625,45.26458333,-2873
-127.0520833,45.26458333,-2873
-127.0479167,45.26458333,-2877
-127.04375,45.26458333,-2877
-127.0395833,45.26458333,-2873
-127.0354167,45.26458333,-2870
-127.03125,45.26458333,-2869
-127.0270833,45.26458333,-2868
-127.0229167,45.26458333,-2868
-127.01875,45.26458333,-2867
-127.0145833,45.26458333,-2867
-127.0104167,45.26458333,-2866
-127.00625,45.26458333,-2865
-127.0020833,45.26458333,-2864
-127.4979167,45.26875,-2891
-127.49375,45.26875,-2893
-127.4895833,45.26875,-2898
-127.4854167,45.26875,-2903
-127.48125,45.26875,-2908
-127.4770833,45.26875,-2915
-127.4729167,45.26875,-2936
-127.46875,45.26875,-2956
-127.4645833,45.26875,-2968
-127.4604167,45.26875,-2977
-127.45625,45.26875,-2971
-127.4520833,45.26875,-2962
-127.4479167,45.26875,-2925
-127.44375,45.26875,-2893
-127.4395833,45.26875,-2885
-127.4354167,45.26875,-2879
-127.43125,45.26875,-2879
-127.4270833,45.26875,-2879
-127.4229167,45.26875,-2880
-127.41875,45.26875,-2881
-127.4145833,45.26875,-2884
-127.4104167,45.26875,-2887
-127.40625,45.26875,-2891
-127.4020833,45.26875,-2896
-127.3979167,45.26875,-2899
-127.39375,45.26875,-2903
-127.3895833,45.26875,-2907
-127.3854167,45.26875,-2912
-127.38125,45.26875,-2918
-127.3770833,45.26875,-2924
-127.3729167,45.26875,-2927
-127.36875,45.26875,-2930
-127.3645833,45.26875,-2935
-127.3604167,45.26875,-2939
-127.35625,45.26875,-2942
-127.3520833,45.26875,-2944
-127.3479167,45.26875,-2942
-127.34375,45.26875,-2940
-127.3395833,45.26875,-2934
-127.3354167,45.26875,-2928
-127.33125,45.26875,-2923
-127.3270833,45.26875,-2918
-127.3229167,45.26875,-2915
-127.31875,45.26875,-2913
-127.3145833,45.26875,-2912
-127.3104167,45.26875,-2910
-127.30625,45.26875,-2906
-127.3020833,45.26875,-2901
-127.2979167,45.26875,-2898
-127.29375,45.26875,-2896
-127.2895833,45.26875,-2894
-127.2854167,45.26875,-2893
-127.28125,45.26875,-2892
-127.2770833,45.26875,-2891
-127.2729167,45.26875,-2891
-127.26875,45.26875,-2892
-127.2645833,45.26875,-2892
-127.2604167,45.26875,-2893
-127.25625,45.26875,-2896
-127.2520833,45.26875,-2898
-127.2479167,45.26875,-2898
-127.24375,45.26875,-2898
-127.2395833,45.26875,-2898
-127.2354167,45.26875,-2898
-127.23125,45.26875,-2898
-127.2270833,45.26875,-2898
-127.2229167,45.26875,-2900
-127.21875,45.26875,-2901
-127.2145833,45.26875,-2901
-127.2104167,45.26875,-2901
-127.20625,45.26875,-2899
-127.2020833,45.26875,-2898
-127.1979167,45.26875,-2897
-127.19375,45.26875,-2895
-127.1895833,45.26875,-2895
-127.1854167,45.26875,-2894
-127.18125,45.26875,-2893
-127.1770833,45.26875,-2892
-127.1729167,45.26875,-2890
-127.16875,45.26875,-2889
-127.1645833,45.26875,-2888
-127.1604167,45.26875,-2887
-127.15625,45.26875,-2885
-127.1520833,45.26875,-2884
-127.1479167,45.26875,-2883
-127.14375,45.26875,-2882
-127.1395833,45.26875,-2881
-127.1354167,45.26875,-2881
-127.13125,45.26875,-2879
-127.1270833,45.26875,-2878
-127.1229167,45.26875,-2878
-127.11875,45.26875,-2877
-127.1145833,45.26875,-2876
-127.1104167,45.26875,-2875
-127.10625,45.26875,-2874
-127.1020833,45.26875,-2873
-127.0979167,45.26875,-2872
-127.09375,45.26875,-2870
-127.0895833,45.26875,-2868
-127.0854167,45.26875,-2866
-127.08125,45.26875,-2874
-127.0770833,45.26875,-2874
-127.0729167,45.26875,-2874
-127.06875,45.26875,-2874
-127.0645833,45.26875,-2874
-127.0604167,45.26875,-2873
-127.05625,45.26875,-2874
-127.0520833,45.26875,-2872
-127.0479167,45.26875,-2877
-127.04375,45.26875,-2876
-127.0395833,45.26875,-2873
-127.0354167,45.26875,-2871
-127.03125,45.26875,-2870
-127.0270833,45.26875,-2869
-127.0229167,45.26875,-2868
-127.01875,45.26875,-2868
-127.0145833,45.26875,-2867
-127.0104167,45.26875,-2866
-127.00625,45.26875,-2865
-127.0020833,45.26875,-2865
-127.4979167,45.27291667,-2891
-127.49375,45.27291667,-2894
-127.4895833,45.27291667,-2900
-127.4854167,45.27291667,-2905
-127.48125,45.27291667,-2910
-127.4770833,45.27291667,-2917
-127.4729167,45.27291667,-2940
-127.46875,45.27291667,-2962
-127.4645833,45.27291667,-2970
-127.4604167,45.27291667,-2975
-127.45625,45.27291667,-2967
-127.4520833,45.27291667,-2955
-127.4479167,45.27291667,-2920
-127.44375,45.27291667,-2889
-127.4395833,45.27291667,-2883
-127.4354167,45.27291667,-2877
-127.43125,45.27291667,-2877
-127.4270833,45.27291667,-2878
-127.4229167,45.27291667,-2879
-127.41875,45.27291667,-2880
-127.4145833,45.27291667,-2883
-127.4104167,45.27291667,-2886
-127.40625,45.27291667,-2890
-127.4020833,45.27291667,-2893
-127.3979167,45.27291667,-2897
-127.39375,45.27291667,-2900
-127.3895833,45.27291667,-2904
-127.3854167,45.27291667,-2908
-127.38125,45.27291667,-2916
-127.3770833,45.27291667,-2922
-127.3729167,45.27291667,-2924
-127.36875,45.27291667,-2927
-127.3645833,45.27291667,-2931
-127.3604167,45.27291667,-2935
-127.35625,45.27291667,-2940
-127.3520833,45.27291667,-2944
-127.3479167,45.27291667,-2943
-127.34375,45.27291667,-2942
-127.3395833,45.27291667,-2937
-127.3354167,45.27291667,-2932
-127.33125,45.27291667,-2926
-127.3270833,45.27291667,-2920
-127.3229167,45.27291667,-2917
-127.31875,45.27291667,-2914
-127.3145833,45.27291667,-2911
-127.3104167,45.27291667,-2909
-127.30625,45.27291667,-2905
-127.3020833,45.27291667,-2901
-127.2979167,45.27291667,-2897
-127.29375,45.27291667,-2895
-127.2895833,45.27291667,-2894
-127.2854167,45.27291667,-2893
-127.28125,45.27291667,-2893
-127.2770833,45.27291667,-2893
-127.2729167,45.27291667,-2894
-127.26875,45.27291667,-2895
-127.2645833,45.27291667,-2896
-127.2604167,45.27291667,-2897
-127.25625,45.27291667,-2900
-127.2520833,45.27291667,-2902
-127.2479167,45.27291667,-2902
-127.24375,45.27291667,-2901
-127.2395833,45.27291667,-2900
-127.2354167,45.27291667,-2900
-127.23125,45.27291667,-2901
-127.2270833,45.27291667,-2902
-127.2229167,45.27291667,-2903
-127.21875,45.27291667,-2903
-127.2145833,45.27291667,-2903
-127.2104167,45.27291667,-2902
-127.20625,45.27291667,-2901
-127.2020833,45.27291667,-2899
-127.1979167,45.27291667,-2898
-127.19375,45.27291667,-2896
-127.1895833,45.27291667,-2895
-127.1854167,45.27291667,-2894
-127.18125,45.27291667,-2891
-127.1770833,45.27291667,-2890
-127.1729167,45.27291667,-2889
-127.16875,45.27291667,-2887
-127.1645833,45.27291667,-2886
-127.1604167,45.27291667,-2885
-127.15625,45.27291667,-2884
-127.1520833,45.27291667,-2883
-127.1479167,45.27291667,-2883
-127.14375,45.27291667,-2882
-127.1395833,45.27291667,-2881
-127.1354167,45.27291667,-2881
-127.13125,45.27291667,-2879
-127.1270833,45.27291667,-2878
-127.1229167,45.27291667,-2877
-127.11875,45.27291667,-2875
-127.1145833,45.27291667,-2870
-127.1104167,45.27291667,-2868
-127.10625,45.27291667,-2878
-127.1020833,45.27291667,-2877
-127.0979167,45.27291667,-2877
-127.09375,45.27291667,-2877
-127.0895833,45.27291667,-2877
-127.0854167,45.27291667,-2877
-127.08125,45.27291667,-2876
-127.0770833,45.27291667,-2876
-127.0729167,45.27291667,-2876
-127.06875,45.27291667,-2875
-127.0645833,45.27291667,-2874
-127.0604167,45.27291667,-2874
-127.05625,45.27291667,-2874
-127.0520833,45.27291667,-2873
-127.0479167,45.27291667,-2872
-127.04375,45.27291667,-2872
-127.0395833,45.27291667,-2872
-127.0354167,45.27291667,-2871
-127.03125,45.27291667,-2870
-127.0270833,45.27291667,-2869
-127.0229167,45.27291667,-2868
-127.01875,45.27291667,-2868
-127.0145833,45.27291667,-2867
-127.0104167,45.27291667,-2867
-127.00625,45.27291667,-2866
-127.0020833,45.27291667,-2865
-127.4979167,45.27708333,-2891
-127.49375,45.27708333,-2893
-127.4895833,45.27708333,-2898
-127.4854167,45.27708333,-2903
-127.48125,45.27708333,-2910
-127.4770833,45.27708333,-2919
-127.4729167,45.27708333,-2943
-127.46875,45.27708333,-2964
-127.4645833,45.27708333,-2969
-127.4604167,45.27708333,-2972
-127.45625,45.27708333,-2957
-127.4520833,45.27708333,-2941
-127.4479167,45.27708333,-2912
-127.44375,45.27708333,-2886
-127.4395833,45.27708333,-2880
-127.4354167,45.27708333,-2876
-127.43125,45.27708333,-2876
-127.4270833,45.27708333,-2877
-127.4229167,45.27708333,-2878
-127.41875,45.27708333,-2880
-127.4145833,45.27708333,-2882
-127.4104167,45.27708333,-2884
-127.40625,45.27708333,-2887
-127.4020833,45.27708333,-2891
-127.3979167,45.27708333,-2894
-127.39375,45.27708333,-2898
-127.3895833,45.27708333,-2902
-127.3854167,45.27708333,-2906
-127.38125,45.27708333,-2913
-127.3770833,45.27708333,-2920
-127.3729167,45.27708333,-2922
-127.36875,45.27708333,-2924
-127.3645833,45.27708333,-2927
-127.3604167,45.27708333,-2930
-127.35625,45.27708333,-2936
-127.3520833,45.27708333,-2941
-127.3479167,45.27708333,-2942
-127.34375,45.27708333,-2943
-127.3395833,45.27708333,-2939
-127.3354167,45.27708333,-2934
-127.33125,45.27708333,-2927
-127.3270833,45.27708333,-2921
-127.3229167,45.27708333,-2917
-127.31875,45.27708333,-2913
-127.3145833,45.27708333,-2911
-127.3104167,45.27708333,-2909
-127.30625,45.27708333,-2907
-127.3020833,45.27708333,-2905
-127.2979167,45.27708333,-2901
-127.29375,45.27708333,-2898
-127.2895833,45.27708333,-2896
-127.2854167,45.27708333,-2895
-127.28125,45.27708333,-2895
-127.2770833,45.27708333,-2895
-127.2729167,45.27708333,-2896
-127.26875,45.27708333,-2897
-127.2645833,45.27708333,-2899
-127.2604167,45.27708333,-2900
-127.25625,45.27708333,-2903
-127.2520833,45.27708333,-2905
-127.2479167,45.27708333,-2905
-127.24375,45.27708333,-2904
-127.2395833,45.27708333,-2904
-127.2354167,45.27708333,-2904
-127.23125,45.27708333,-2905
-127.2270833,45.27708333,-2905
-127.2229167,45.27708333,-2905
-127.21875,45.27708333,-2904
-127.2145833,45.27708333,-2904
-127.2104167,45.27708333,-2903
-127.20625,45.27708333,-2902
-127.2020833,45.27708333,-2900
-127.1979167,45.27708333,-2899
-127.19375,45.27708333,-2897
-127.1895833,45.27708333,-2894
-127.1854167,45.27708333,-2893
-127.18125,45.27708333,-2891
-127.1770833,45.27708333,-2890
-127.1729167,45.27708333,-2889
-127.16875,45.27708333,-2888
-127.1645833,45.27708333,-2886
-127.1604167,45.27708333,-2885
-127.15625,45.27708333,-2885
-127.1520833,45.27708333,-2885
-127.1479167,45.27708333,-2885
-127.14375,45.27708333,-2885
-127.1395833,45.27708333,-2883
-127.1354167,45.27708333,-2882
-127.13125,45.27708333,-2882
-127.1270833,45.27708333,-2880
-127.1229167,45.27708333,-2876
-127.11875,45.27708333,-2874
-127.1145833,45.27708333,-2873
-127.1104167,45.27708333,-2872
-127.10625,45.27708333,-2879
-127.1020833,45.27708333,-2878
-127.0979167,45.27708333,-2878
-127.09375,45.27708333,-2878
-127.0895833,45.27708333,-2878
-127.0854167,45.27708333,-2877
-127.08125,45.27708333,-2877
-127.0770833,45.27708333,-2876
-127.0729167,45.27708333,-2876
-127.06875,45.27708333,-2875
-127.0645833,45.27708333,-2875
-127.0604167,45.27708333,-2874
-127.05625,45.27708333,-2873
-127.0520833,45.27708333,-2874
-127.0479167,45.27708333,-2873
-127.04375,45.27708333,-2872
-127.0395833,45.27708333,-2874
-127.0354167,45.27708333,-2873
-127.03125,45.27708333,-2871
-127.0270833,45.27708333,-2870
-127.0229167,45.27708333,-2869
-127.01875,45.27708333,-2869
-127.0145833,45.27708333,-2868
-127.0104167,45.27708333,-2867
-127.00625,45.27708333,-2866
-127.0020833,45.27708333,-2866
-127.4979167,45.28125,-2891
-127.49375,45.28125,-2893
-127.4895833,45.28125,-2897
-127.4854167,45.28125,-2901
-127.48125,45.28125,-2910
-127.4770833,45.28125,-2921
-127.4729167,45.28125,-2947
-127.46875,45.28125,-2969
-127.4645833,45.28125,-2971
-127.4604167,45.28125,-2969
-127.45625,45.28125,-2943
-127.4520833,45.28125,-2917
-127.4479167,45.28125,-2898
-127.44375,45.28125,-2881
-127.4395833,45.28125,-2877
-127.4354167,45.28125,-2874
-127.43125,45.28125,-2875
-127.4270833,45.28125,-2876
-127.4229167,45.28125,-2877
-127.41875,45.28125,-2879
-127.4145833,45.28125,-2881
-127.4104167,45.28125,-2883
-127.40625,45.28125,-2886
-127.4020833,45.28125,-2889
-127.3979167,45.28125,-2892
-127.39375,45.28125,-2896
-127.3895833,45.28125,-2899
-127.3854167,45.28125,-2903
-127.38125,45.28125,-2910
-127.3770833,45.28125,-2916
-127.3729167,45.28125,-2918
-127.36875,45.28125,-2921
-127.3645833,45.28125,-2922
-127.3604167,45.28125,-2924
-127.35625,45.28125,-2930
-127.3520833,45.28125,-2935
-127.3479167,45.28125,-2938
-127.34375,45.28125,-2940
-127.3395833,45.28125,-2938
-127.3354167,45.28125,-2936
-127.33125,45.28125,-2930
-127.3270833,45.28125,-2925
-127.3229167,45.28125,-2920
-127.31875,45.28125,-2915
-127.3145833,45.28125,-2913
-127.3104167,45.28125,-2911
-127.30625,45.28125,-2911
-127.3020833,45.28125,-2910
-127.2979167,45.28125,-2908
-127.29375,45.28125,-2905
-127.2895833,45.28125,-2904
-127.2854167,45.28125,-2902
-127.28125,45.28125,-2901
-127.2770833,45.28125,-2900
-127.2729167,45.28125,-2900
-127.26875,45.28125,-2901
-127.2645833,45.28125,-2903
-127.2604167,45.28125,-2905
-127.25625,45.28125,-2907
-127.2520833,45.28125,-2908
-127.2479167,45.28125,-2908
-127.24375,45.28125,-2908
-127.2395833,45.28125,-2908
-127.2354167,45.28125,-2908
-127.23125,45.28125,-2908
-127.2270833,45.28125,-2907
-127.2229167,45.28125,-2907
-127.21875,45.28125,-2906
-127.2145833,45.28125,-2904
-127.2104167,45.28125,-2903
-127.20625,45.28125,-2901
-127.2020833,45.28125,-2900
-127.1979167,45.28125,-2898
-127.19375,45.28125,-2897
-127.1895833,45.28125,-2894
-127.1854167,45.28125,-2893
-127.18125,45.28125,-2896
-127.1770833,45.28125,-2896
-127.1729167,45.28125,-2894
-127.16875,45.28125,-2893
-127.1645833,45.28125,-2893
-127.1604167,45.28125,-2892
-127.15625,45.28125,-2889
-127.1520833,45.28125,-2887
-127.1479167,45.28125,-2887
-127.14375,45.28125,-2887
-127.1395833,45.28125,-2886
-127.1354167,45.28125,-2885
-127.13125,45.28125,-2883
-127.1270833,45.28125,-2881
-127.1229167,45.28125,-2878
-127.11875,45.28125,-2877
-127.1145833,45.28125,-2879
-127.1104167,45.28125,-2881
-127.10625,45.28125,-2885
-127.1020833,45.28125,-2888
-127.0979167,45.28125,-2878
-127.09375,45.28125,-2878
-127.0895833,45.28125,-2878
-127.0854167,45.28125,-2878
-127.08125,45.28125,-2877
-127.0770833,45.28125,-2875
-127.0729167,45.28125,-2875
-127.06875,45.28125,-2874
-127.0645833,45.28125,-2873
-127.0604167,45.28125,-2874
-127.05625,45.28125,-2871
-127.0520833,45.28125,-2872
-127.0479167,45.28125,-2874
-127.04375,45.28125,-2874
-127.0395833,45.28125,-2874
-127.0354167,45.28125,-2874
-127.03125,45.28125,-2872
-127.0270833,45.28125,-2871
-127.0229167,45.28125,-2870
-127.01875,45.28125,-2869
-127.0145833,45.28125,-2868
-127.0104167,45.28125,-2867
-127.00625,45.28125,-2866
-127.0020833,45.28125,-2866
-127.4979167,45.28541667,-2891
-127.49375,45.28541667,-2894
-127.4895833,45.28541667,-2899
-127.4854167,45.28541667,-2904
-127.48125,45.28541667,-2912
-127.4770833,45.28541667,-2922
-127.4729167,45.28541667,-2950
-127.46875,45.28541667,-2975
-127.4645833,45.28541667,-2973
-127.4604167,45.28541667,-2967
-127.45625,45.28541667,-2930
-127.4520833,45.28541667,-2898
-127.4479167,45.28541667,-2888
-127.44375,45.28541667,-2880
-127.4395833,45.28541667,-2877
-127.4354167,45.28541667,-2874
-127.43125,45.28541667,-2874
-127.4270833,45.28541667,-2875
-127.4229167,45.28541667,-2876
-127.41875,45.28541667,-2878
-127.4145833,45.28541667,-2880
-127.4104167,45.28541667,-2882
-127.40625,45.28541667,-2884
-127.4020833,45.28541667,-2886
-127.3979167,45.28541667,-2890
-127.39375,45.28541667,-2893
-127.3895833,45.28541667,-2896
-127.3854167,45.28541667,-2900
-127.38125,45.28541667,-2905
-127.3770833,45.28541667,-2911
-127.3729167,45.28541667,-2914
-127.36875,45.28541667,-2918
-127.3645833,45.28541667,-2919
-127.3604167,45.28541667,-2920
-127.35625,45.28541667,-2925
-127.3520833,45.28541667,-2930
-127.3479167,45.28541667,-2933
-127.34375,45.28541667,-2936
-127.3395833,45.28541667,-2937
-127.3354167,45.28541667,-2938
-127.33125,45.28541667,-2936
-127.3270833,45.28541667,-2933
-127.3229167,45.28541667,-2927
-127.31875,45.28541667,-2922
-127.3145833,45.28541667,-2917
-127.3104167,45.28541667,-2913
-127.30625,45.28541667,-2913
-127.3020833,45.28541667,-2912
-127.2979167,45.28541667,-2911
-127.29375,45.28541667,-2909
-127.2895833,45.28541667,-2909
-127.2854167,45.28541667,-2908
-127.28125,45.28541667,-2908
-127.2770833,45.28541667,-2908
-127.2729167,45.28541667,-2910
-127.26875,45.28541667,-2911
-127.2645833,45.28541667,-2910
-127.2604167,45.28541667,-2910
-127.25625,45.28541667,-2910
-127.2520833,45.28541667,-2910
-127.2479167,45.28541667,-2911
-127.24375,45.28541667,-2912
-127.2395833,45.28541667,-2910
-127.2354167,45.28541667,-2909
-127.23125,45.28541667,-2909
-127.2270833,45.28541667,-2908
-127.2229167,45.28541667,-2907
-127.21875,45.28541667,-2906
-127.2145833,45.28541667,-2905
-127.2104167,45.28541667,-2903
-127.20625,45.28541667,-2902
-127.2020833,45.28541667,-2901
-127.1979167,45.28541667,-2899
-127.19375,45.28541667,-2897
-127.1895833,45.28541667,-2894
-127.1854167,45.28541667,-2894
-127.18125,45.28541667,-2900
-127.1770833,45.28541667,-2902
-127.1729167,45.28541667,-2898
-127.16875,45.28541667,-2897
-127.1645833,45.28541667,-2898
-127.1604167,45.28541667,-2898
-127.15625,45.28541667,-2895
-127.1520833,45.28541667,-2892
-127.1479167,45.28541667,-2889
-127.14375,45.28541667,-2887
-127.1395833,45.28541667,-2887
-127.1354167,45.28541667,-2887
-127.13125,45.28541667,-2884
-127.1270833,45.28541667,-2882
-127.1229167,45.28541667,-2882
-127.11875,45.28541667,-2880
-127.1145833,45.28541667,-2878
-127.1104167,45.28541667,-2878
-127.10625,45.28541667,-2882
-127.1020833,45.28541667,-2885
-127.0979167,45.28541667,-2888
-127.09375,45.28541667,-2890
-127.0895833,45.28541667,-2878
-127.0854167,45.28541667,-2878
-127.08125,45.28541667,-2877
-127.0770833,45.28541667,-2875
-127.0729167,45.28541667,-2874
-127.06875,45.28541667,-2874
-127.0645833,45.28541667,-2873
-127.0604167,45.28541667,-2874
-127.05625,45.28541667,-2872
-127.0520833,45.28541667,-2872
-127.0479167,45.28541667,-2873
-127.04375,45.28541667,-2873
-127.0395833,45.28541667,-2873
-127.0354167,45.28541667,-2873
-127.03125,45.28541667,-2873
-127.0270833,45.28541667,-2872
-127.0229167,45.28541667,-2871
-127.01875,45.28541667,-2870
-127.0145833,45.28541667,-2869
-127.0104167,45.28541667,-2868
-127.00625,45.28541667,-2867
-127.0020833,45.28541667,-2866
-127.4979167,45.28958333,-2893
-127.49375,45.28958333,-2896
-127.4895833,45.28958333,-2902
-127.4854167,45.28958333,-2909
-127.48125,45.28958333,-2917
-127.4770833,45.28958333,-2927
-127.4729167,45.28958333,-2952
-127.46875,45.28958333,-2974
-127.4645833,45.28958333,-2972
-127.4604167,45.28958333,-2965
-127.45625,45.28958333,-2925
-127.4520833,45.28958333,-2890
-127.4479167,45.28958333,-2886
-127.44375,45.28958333,-2882
-127.4395833,45.28958333,-2878
-127.4354167,45.28958333,-2875
-127.43125,45.28958333,-2875
-127.4270833,45.28958333,-2874
-127.4229167,45.28958333,-2875
-127.41875,45.28958333,-2877
-127.4145833,45.28958333,-2878
-127.4104167,45.28958333,-2880
-127.40625,45.28958333,-2882
-127.4020833,45.28958333,-2884
-127.3979167,45.28958333,-2888
-127.39375,45.28958333,-2891
-127.3895833,45.28958333,-2894
-127.3854167,45.28958333,-2898
-127.38125,45.28958333,-2902
-127.3770833,45.28958333,-2906
-127.3729167,45.28958333,-2910
-127.36875,45.28958333,-2914
-127.3645833,45.28958333,-2915
-127.3604167,45.28958333,-2917
-127.35625,45.28958333,-2920
-127.3520833,45.28958333,-2924
-127.3479167,45.28958333,-2928
-127.34375,45.28958333,-2932
-127.3395833,45.28958333,-2935
-127.3354167,45.28958333,-2937
-127.33125,45.28958333,-2938
-127.3270833,45.28958333,-2938
-127.3229167,45.28958333,-2936
-127.31875,45.28958333,-2933
-127.3145833,45.28958333,-2927
-127.3104167,45.28958333,-2922
-127.30625,45.28958333,-2919
-127.3020833,45.28958333,-2916
-127.2979167,45.28958333,-2915
-127.29375,45.28958333,-2915
-127.2895833,45.28958333,-2915
-127.2854167,45.28958333,-2916
-127.28125,45.28958333,-2916
-127.2770833,45.28958333,-2916
-127.2729167,45.28958333,-2917
-127.26875,45.28958333,-2917
-127.2645833,45.28958333,-2914
-127.2604167,45.28958333,-2912
-127.25625,45.28958333,-2912
-127.2520833,45.28958333,-2912
-127.2479167,45.28958333,-2913
-127.24375,45.28958333,-2913
-127.2395833,45.28958333,-2911
-127.2354167,45.28958333,-2909
-127.23125,45.28958333,-2908
-127.2270833,45.28958333,-2908
-127.2229167,45.28958333,-2908
-127.21875,45.28958333,-2908
-127.2145833,45.28958333,-2905
-127.2104167,45.28958333,-2902
-127.20625,45.28958333,-2902
-127.2020833,45.28958333,-2901
-127.1979167,45.28958333,-2901
-127.19375,45.28958333,-2899
-127.1895833,45.28958333,-2897
-127.1854167,45.28958333,-2896
-127.18125,45.28958333,-2900
-127.1770833,45.28958333,-2901
-127.1729167,45.28958333,-2898
-127.16875,45.28958333,-2896
-127.1645833,45.28958333,-2898
-127.1604167,45.28958333,-2899
-127.15625,45.28958333,-2899
-127.1520833,45.28958333,-2898
-127.1479167,45.28958333,-2893
-127.14375,45.28958333,-2891
-127.1395833,45.28958333,-2890
-127.1354167,45.28958333,-2889
-127.13125,45.28958333,-2888
-127.1270833,45.28958333,-2886
-127.1229167,45.28958333,-2885
-127.11875,45.28958333,-2884
-127.1145833,45.28958333,-2881
-127.1104167,45.28958333,-2881
-127.10625,45.28958333,-2882
-127.1020833,45.28958333,-2884
-127.0979167,45.28958333,-2885
-127.09375,45.28958333,-2887
-127.0895833,45.28958333,-2890
-127.0854167,45.28958333,-2896
-127.08125,45.28958333,-2900
-127.0770833,45.28958333,-2902
-127.0729167,45.28958333,-2872
-127.06875,45.28958333,-2873
-127.0645833,45.28958333,-2872
-127.0604167,45.28958333,-2873
-127.05625,45.28958333,-2872
-127.0520833,45.28958333,-2870
-127.0479167,45.28958333,-2871
-127.04375,45.28958333,-2870
-127.0395833,45.28958333,-2869
-127.0354167,45.28958333,-2870
-127.03125,45.28958333,-2873
-127.0270833,45.28958333,-2872
-127.0229167,45.28958333,-2871
-127.01875,45.28958333,-2870
-127.0145833,45.28958333,-2869
-127.0104167,45.28958333,-2868
-127.00625,45.28958333,-2867
-127.0020833,45.28958333,-2866
-127.4979167,45.29375,-2894
-127.49375,45.29375,-2898
-127.4895833,45.29375,-2904
-127.4854167,45.29375,-2910
-127.48125,45.29375,-2922
-127.4770833,45.29375,-2934
-127.4729167,45.29375,-2955
-127.46875,45.29375,-2973
-127.4645833,45.29375,-2970
-127.4604167,45.29375,-2964
-127.45625,45.29375,-2924
-127.4520833,45.29375,-2889
-127.4479167,45.29375,-2887
-127.44375,45.29375,-2885
-127.4395833,45.29375,-2881
-127.4354167,45.29375,-2877
-127.43125,45.29375,-2875
-127.4270833,45.29375,-2874
-127.4229167,45.29375,-2875
-127.41875,45.29375,-2876
-127.4145833,45.29375,-2877
-127.4104167,45.29375,-2879
-127.40625,45.29375,-2881
-127.4020833,45.29375,-2883
-127.3979167,45.29375,-2886
-127.39375,45.29375,-2889
-127.3895833,45.29375,-2892
-127.3854167,45.29375,-2895
-127.38125,45.29375,-2898
-127.3770833,45.29375,-2902
-127.3729167,45.29375,-2905
-127.36875,45.29375,-2909
-127.3645833,45.29375,-2910
-127.3604167,45.29375,-2912
-127.35625,45.29375,-2914
-127.3520833,45.29375,-2917
-127.3479167,45.29375,-2922
-127.34375,45.29375,-2927
-127.3395833,45.29375,-2930
-127.3354167,45.29375,-2933
-127.33125,45.29375,-2935
-127.3270833,45.29375,-2937
-127.3229167,45.29375,-2938
-127.31875,45.29375,-2938
-127.3145833,45.29375,-2936
-127.3104167,45.29375,-2933
-127.30625,45.29375,-2930
-127.3020833,45.29375,-2927
-127.2979167,45.29375,-2926
-127.29375,45.29375,-2924
-127.2895833,45.29375,-2924
-127.2854167,45.29375,-2923
-127.28125,45.29375,-2921
-127.2770833,45.29375,-2919
-127.2729167,45.29375,-2918
-127.26875,45.29375,-2917
-127.2645833,45.29375,-2916
-127.2604167,45.29375,-2915
-127.25625,45.29375,-2914
-127.2520833,45.29375,-2914
-127.2479167,45.29375,-2914
-127.24375,45.29375,-2914
-127.2395833,45.29375,-2911
-127.2354167,45.29375,-2909
-127.23125,45.29375,-2907
-127.2270833,45.29375,-2906
-127.2229167,45.29375,-2905
-127.21875,45.29375,-2904
-127.2145833,45.29375,-2902
-127.2104167,45.29375,-2900
-127.20625,45.29375,-2900
-127.2020833,45.29375,-2900
-127.1979167,45.29375,-2899
-127.19375,45.29375,-2899
-127.1895833,45.29375,-2899
-127.1854167,45.29375,-2900
-127.18125,45.29375,-2900
-127.1770833,45.29375,-2900
-127.1729167,45.29375,-2899
-127.16875,45.29375,-2897
-127.1645833,45.29375,-2895
-127.1604167,45.29375,-2895
-127.15625,45.29375,-2896
-127.1520833,45.29375,-2897
-127.1479167,45.29375,-2896
-127.14375,45.29375,-2895
-127.1395833,45.29375,-2893
-127.1354167,45.29375,-2892
-127.13125,45.29375,-2892
-127.1270833,45.29375,-2890
-127.1229167,45.29375,-2888
-127.11875,45.29375,-2886
-127.1145833,45.29375,-2886
-127.1104167,45.29375,-2886
-127.10625,45.29375,-2888
-127.1020833,45.29375,-2888
-127.0979167,45.29375,-2885
-127.09375,45.29375,-2884
-127.0895833,45.29375,-2886
-127.0854167,45.29375,-2888
-127.08125,45.29375,-2890
-127.0770833,45.29375,-2890
-127.0729167,45.29375,-2887
-127.06875,45.29375,-2887
-127.0645833,45.29375,-2892
-127.0604167,45.29375,-2895
-127.05625,45.29375,-2870
-127.0520833,45.29375,-2868
-127.0479167,45.29375,-2872
-127.04375,45.29375,-2871
-127.0395833,45.29375,-2869
-127.0354167,45.29375,-2867
-127.03125,45.29375,-2874
-127.0270833,45.29375,-2873
-127.0229167,45.29375,-2871
-127.01875,45.29375,-2869
-127.0145833,45.29375,-2868
-127.0104167,45.29375,-2868
-127.00625,45.29375,-2868
-127.0020833,45.29375,-2867
-127.4979167,45.29791667,-2894
-127.49375,45.29791667,-2897
-127.4895833,45.29791667,-2903
-127.4854167,45.29791667,-2910
-127.48125,45.29791667,-2925
-127.4770833,45.29791667,-2940
-127.4729167,45.29791667,-2957
-127.46875,45.29791667,-2972
-127.4645833,45.29791667,-2969
-127.4604167,45.29791667,-2962
-127.45625,45.29791667,-2924
-127.4520833,45.29791667,-2890
-127.4479167,45.29791667,-2890
-127.44375,45.29791667,-2888
-127.4395833,45.29791667,-2883
-127.4354167,45.29791667,-2879
-127.43125,45.29791667,-2876
-127.4270833,45.29791667,-2874
-127.4229167,45.29791667,-2874
-127.41875,45.29791667,-2875
-127.4145833,45.29791667,-2876
-127.4104167,45.29791667,-2878
-127.40625,45.29791667,-2880
-127.4020833,45.29791667,-2882
-127.3979167,45.29791667,-2884
-127.39375,45.29791667,-2886
-127.3895833,45.29791667,-2890
-127.3854167,45.29791667,-2893
-127.38125,45.29791667,-2896
-127.3770833,45.29791667,-2899
-127.3729167,45.29791667,-2902
-127.36875,45.29791667,-2905
-127.3645833,45.29791667,-2906
-127.3604167,45.29791667,-2908
-127.35625,45.29791667,-2909
-127.3520833,45.29791667,-2911
-127.3479167,45.29791667,-2915
-127.34375,45.29791667,-2919
-127.3395833,45.29791667,-2923
-127.3354167,45.29791667,-2926
-127.33125,45.29791667,-2929
-127.3270833,45.29791667,-2932
-127.3229167,45.29791667,-2933
-127.31875,45.29791667,-2934
-127.3145833,45.29791667,-2935
-127.3104167,45.29791667,-2935
-127.30625,45.29791667,-2933
-127.3020833,45.29791667,-2931
-127.2979167,45.29791667,-2929
-127.29375,45.29791667,-2926
-127.2895833,45.29791667,-2925
-127.2854167,45.29791667,-2923
-127.28125,45.29791667,-2921
-127.2770833,45.29791667,-2919
-127.2729167,45.29791667,-2918
-127.26875,45.29791667,-2917
-127.2645833,45.29791667,-2917
-127.2604167,45.29791667,-2917
-127.25625,45.29791667,-2915
-127.2520833,45.29791667,-2913
-127.2479167,45.29791667,-2913
-127.24375,45.29791667,-2912
-127.2395833,45.29791667,-2911
-127.2354167,45.29791667,-2909
-127.23125,45.29791667,-2906
-127.2270833,45.29791667,-2903
-127.2229167,45.29791667,-2900
-127.21875,45.29791667,-2899
-127.2145833,45.29791667,-2900
-127.2104167,45.29791667,-2900
-127.20625,45.29791667,-2901
-127.2020833,45.29791667,-2901
-127.1979167,45.29791667,-2898
-127.19375,45.29791667,-2897
-127.1895833,45.29791667,-2899
-127.1854167,45.29791667,-2900
-127.18125,45.29791667,-2900
-127.1770833,45.29791667,-2900
-127.1729167,45.29791667,-2900
-127.16875,45.29791667,-2899
-127.1645833,45.29791667,-2897
-127.1604167,45.29791667,-2894
-127.15625,45.29791667,-2894
-127.1520833,45.29791667,-2894
-127.1479167,45.29791667,-2894
-127.14375,45.29791667,-2894
-127.1395833,45.29791667,-2893
-127.1354167,45.29791667,-2892
-127.13125,45.29791667,-2894
-127.1270833,45.29791667,-2894
-127.1229167,45.29791667,-2891
-127.11875,45.29791667,-2889
-127.1145833,45.29791667,-2889
-127.1104167,45.29791667,-2890
-127.10625,45.29791667,-2892
-127.1020833,45.29791667,-2891
-127.0979167,45.29791667,-2887
-127.09375,45.29791667,-2884
-127.0895833,45.29791667,-2883
-127.0854167,45.29791667,-2882
-127.08125,45.29791667,-2881
-127.0770833,45.29791667,-2881
-127.0729167,45.29791667,-2882
-127.06875,45.29791667,-2884
-127.0645833,45.29791667,-2888
-127.0604167,45.29791667,-2889
-127.05625,45.29791667,-2886
-127.0520833,45.29791667,-2883
-127.0479167,45.29791667,-2893
-127.04375,45.29791667,-2891
-127.0395833,45.29791667,-2892
-127.0354167,45.29791667,-2895
-127.03125,45.29791667,-2870
-127.0270833,45.29791667,-2870
-127.0229167,45.29791667,-2869
-127.01875,45.29791667,-2869
-127.0145833,45.29791667,-2868
-127.0104167,45.29791667,-2868
-127.00625,45.29791667,-2868
-127.0020833,45.29791667,-2867
-127.4979167,45.30208333,-2895
-127.49375,45.30208333,-2897
-127.4895833,45.30208333,-2903
-127.4854167,45.30208333,-2911
-127.48125,45.30208333,-2929
-127.4770833,45.30208333,-2947
-127.4729167,45.30208333,-2960
-127.46875,45.30208333,-2972
-127.4645833,45.30208333,-2967
-127.4604167,45.30208333,-2959
-127.45625,45.30208333,-2923
-127.4520833,45.30208333,-2893
-127.4479167,45.30208333,-2892
-127.44375,45.30208333,-2891
-127.4395833,45.30208333,-2885
-127.4354167,45.30208333,-2880
-127.43125,45.30208333,-2877
-127.4270833,45.30208333,-2874
-127.4229167,45.30208333,-2874
-127.41875,45.30208333,-2874
-127.4145833,45.30208333,-2875
-127.4104167,45.30208333,-2877
-127.40625,45.30208333,-2878
-127.4020833,45.30208333,-2880
-127.3979167,45.30208333,-2882
-127.39375,45.30208333,-2884
-127.3895833,45.30208333,-2887
-127.3854167,45.30208333,-2890
-127.38125,45.30208333,-2893
-127.3770833,45.30208333,-2896
-127.3729167,45.30208333,-2899
-127.36875,45.30208333,-2901
-127.3645833,45.30208333,-2903
-127.3604167,45.30208333,-2904
-127.35625,45.30208333,-2906
-127.3520833,45.30208333,-2908
-127.3479167,45.30208333,-2911
-127.34375,45.30208333,-2913
-127.3395833,45.30208333,-2915
-127.3354167,45.30208333,-2916
-127.33125,45.30208333,-2920
-127.3270833,45.30208333,-2924
-127.3229167,45.30208333,-2925
-127.31875,45.30208333,-2926
-127.3145833,45.30208333,-2927
-127.3104167,45.30208333,-2928
-127.30625,45.30208333,-2927
-127.3020833,45.30208333,-2926
-127.2979167,45.30208333,-2925
-127.29375,45.30208333,-2923
-127.2895833,45.30208333,-2922
-127.2854167,45.30208333,-2921
-127.28125,45.30208333,-2919
-127.2770833,45.30208333,-2918
-127.2729167,45.30208333,-2917
-127.26875,45.30208333,-2916
-127.2645833,45.30208333,-2915
-127.2604167,45.30208333,-2914
-127.25625,45.30208333,-2913
-127.2520833,45.30208333,-2911
-127.2479167,45.30208333,-2910
-127.24375,45.30208333,-2909
-127.2395833,45.30208333,-2908
-127.2354167,45.30208333,-2907
-127.23125,45.30208333,-2904
-127.2270833,45.30208333,-2901
-127.2229167,45.30208333,-2898
-127.21875,45.30208333,-2896
-127.2145833,45.30208333,-2897
-127.2104167,45.30208333,-2897
-127.20625,45.30208333,-2898
-127.2020833,45.30208333,-2897
-127.1979167,45.30208333,-2895
-127.19375,45.30208333,-2895
-127.1895833,45.30208333,-2898
-127.1854167,45.30208333,-2900
-127.18125,45.30208333,-2900
-127.1770833,45.30208333,-2900
-127.1729167,45.30208333,-2900
-127.16875,45.30208333,-2899
-127.1645833,45.30208333,-2898
-127.1604167,45.30208333,-2896
-127.15625,45.30208333,-2895
-127.1520833,45.30208333,-2895
-127.1479167,45.30208333,-2895
-127.14375,45.30208333,-2894
-127.1395833,45.30208333,-2892
-127.1354167,45.30208333,-2891
-127.13125,45.30208333,-2892
-127.1270833,45.30208333,-2892
-127.1229167,45.30208333,-2892
-127.11875,45.30208333,-2891
-127.1145833,45.30208333,-2891
-127.1104167,45.30208333,-2891
-127.10625,45.30208333,-2892
-127.1020833,45.30208333,-2891
-127.0979167,45.30208333,-2888
-127.09375,45.30208333,-2885
-127.0895833,45.30208333,-2885
-127.0854167,45.30208333,-2884
-127.08125,45.30208333,-2881
-127.0770833,45.30208333,-2880
-127.0729167,45.30208333,-2880
-127.06875,45.30208333,-2880
-127.0645833,45.30208333,-2883
-127.0604167,45.30208333,-2883
-127.05625,45.30208333,-2879
-127.0520833,45.30208333,-2876
-127.0479167,45.30208333,-2873
-127.04375,45.30208333,-2871
-127.0395833,45.30208333,-2875
-127.0354167,45.30208333,-2871
-127.03125,45.30208333,-2864
-127.0270833,45.30208333,-2863
-127.0229167,45.30208333,-2867
-127.01875,45.30208333,-2869
-127.0145833,45.30208333,-2869
-127.0104167,45.30208333,-2868
-127.00625,45.30208333,-2867
-127.0020833,45.30208333,-2867
-127.4979167,45.30625,-2894
-127.49375,45.30625,-2896
-127.4895833,45.30625,-2901
-127.4854167,45.30625,-2908
-127.48125,45.30625,-2930
-127.4770833,45.30625,-2951
-127.4729167,45.30625,-2962
-127.46875,45.30625,-2971
-127.4645833,45.30625,-2964
-127.4604167,45.30625,-2954
-127.45625,45.30625,-2922
-127.4520833,45.30625,-2894
-127.4479167,45.30625,-2893
-127.44375,45.30625,-2891
-127.4395833,45.30625,-2886
-127.4354167,45.30625,-2881
-127.43125,45.30625,-2877
-127.4270833,45.30625,-2874
-127.4229167,45.30625,-2874
-127.41875,45.30625,-2874
-127.4145833,45.30625,-2875
-127.4104167,45.30625,-2876
-127.40625,45.30625,-2877
-127.4020833,45.30625,-2879
-127.3979167,45.30625,-2880
-127.39375,45.30625,-2882
-127.3895833,45.30625,-2885
-127.3854167,45.30625,-2887
-127.38125,45.30625,-2890
-127.3770833,45.30625,-2893
-127.3729167,45.30625,-2895
-127.36875,45.30625,-2898
-127.3645833,45.30625,-2899
-127.3604167,45.30625,-2901
-127.35625,45.30625,-2904
-127.3520833,45.30625,-2906
-127.3479167,45.30625,-2908
-127.34375,45.30625,-2909
-127.3395833,45.30625,-2909
-127.3354167,45.30625,-2910
-127.33125,45.30625,-2913
-127.3270833,45.30625,-2915
-127.3229167,45.30625,-2917
-127.31875,45.30625,-2919
-127.3145833,45.30625,-2920
-127.3104167,45.30625,-2921
-127.30625,45.30625,-2922
-127.3020833,45.30625,-2922
-127.2979167,45.30625,-2921
-127.29375,45.30625,-2920
-127.2895833,45.30625,-2919
-127.2854167,45.30625,-2919
-127.28125,45.30625,-2917
-127.2770833,45.30625,-2916
-127.2729167,45.30625,-2915
-127.26875,45.30625,-2914
-127.2645833,45.30625,-2912
-127.2604167,45.30625,-2911
-127.25625,45.30625,-2910
-127.2520833,45.30625,-2908
-127.2479167,45.30625,-2907
-127.24375,45.30625,-2906
-127.2395833,45.30625,-2905
-127.2354167,45.30625,-2904
-127.23125,45.30625,-2902
-127.2270833,45.30625,-2900
-127.2229167,45.30625,-2897
-127.21875,45.30625,-2895
-127.2145833,45.30625,-2894
-127.2104167,45.30625,-2894
-127.20625,45.30625,-2894
-127.2020833,45.30625,-2894
-127.1979167,45.30625,-2893
-127.19375,45.30625,-2893
-127.1895833,45.30625,-2896
-127.1854167,45.30625,-2899
-127.18125,45.30625,-2900
-127.1770833,45.30625,-2900
-127.1729167,45.30625,-2899
-127.16875,45.30625,-2898
-127.1645833,45.30625,-2898
-127.1604167,45.30625,-2897
-127.15625,45.30625,-2896
-127.1520833,45.30625,-2895
-127.1479167,45.30625,-2895
-127.14375,45.30625,-2895
-127.1395833,45.30625,-2894
-127.1354167,45.30625,-2893
-127.13125,45.30625,-2892
-127.1270833,45.30625,-2891
-127.1229167,45.30625,-2890
-127.11875,45.30625,-2890
-127.1145833,45.30625,-2889
-127.1104167,45.30625,-2889
-127.10625,45.30625,-2891
-127.1020833,45.30625,-2890
-127.0979167,45.30625,-2888
-127.09375,45.30625,-2887
-127.0895833,45.30625,-2888
-127.0854167,45.30625,-2888
-127.08125,45.30625,-2885
-127.0770833,45.30625,-2882
-127.0729167,45.30625,-2880
-127.06875,45.30625,-2880
-127.0645833,45.30625,-2882
-127.0604167,45.30625,-2881
-127.05625,45.30625,-2874
-127.0520833,45.30625,-2871
-127.0479167,45.30625,-2872
-127.04375,45.30625,-2872
-127.0395833,45.30625,-2872
-127.0354167,45.30625,-2870
-127.03125,45.30625,-2867
-127.0270833,45.30625,-2867
-127.0229167,45.30625,-2869
-127.01875,45.30625,-2870
-127.0145833,45.30625,-2868
-127.0104167,45.30625,-2867
-127.00625,45.30625,-2867
-127.0020833,45.30625,-2866
-127.4979167,45.31041667,-2891
-127.49375,45.31041667,-2894
-127.4895833,45.31041667,-2899
-127.4854167,45.31041667,-2906
-127.48125,45.31041667,-2931
-127.4770833,45.31041667,-2955
-127.4729167,45.31041667,-2965
-127.46875,45.31041667,-2972
-127.4645833,45.31041667,-2962
-127.4604167,45.31041667,-2950
-127.45625,45.31041667,-2922
-127.4520833,45.31041667,-2898
-127.4479167,45.31041667,-2895
-127.44375,45.31041667,-2891
-127.4395833,45.31041667,-2888
-127.4354167,45.31041667,-2884
-127.43125,45.31041667,-2881
-127.4270833,45.31041667,-2878
-127.4229167,45.31041667,-2876
-127.41875,45.31041667,-2874
-127.4145833,45.31041667,-2874
-127.4104167,45.31041667,-2875
-127.40625,45.31041667,-2876
-127.4020833,45.31041667,-2877
-127.3979167,45.31041667,-2879
-127.39375,45.31041667,-2880
-127.3895833,45.31041667,-2883
-127.3854167,45.31041667,-2885
-127.38125,45.31041667,-2888
-127.3770833,45.31041667,-2890
-127.3729167,45.31041667,-2893
-127.36875,45.31041667,-2895
-127.3645833,45.31041667,-2897
-127.3604167,45.31041667,-2899
-127.35625,45.31041667,-2901
-127.3520833,45.31041667,-2903
-127.3479167,45.31041667,-2905
-127.34375,45.31041667,-2906
-127.3395833,45.31041667,-2906
-127.3354167,45.31041667,-2906
-127.33125,45.31041667,-2908
-127.3270833,45.31041667,-2909
-127.3229167,45.31041667,-2912
-127.31875,45.31041667,-2914
-127.3145833,45.31041667,-2915
-127.3104167,45.31041667,-2916
-127.30625,45.31041667,-2916
-127.3020833,45.31041667,-2916
-127.2979167,45.31041667,-2915
-127.29375,45.31041667,-2915
-127.2895833,45.31041667,-2915
-127.2854167,45.31041667,-2914
-127.28125,45.31041667,-2913
-127.2770833,45.31041667,-2912
-127.2729167,45.31041667,-2911
-127.26875,45.31041667,-2910
-127.2645833,45.31041667,-2909
-127.2604167,45.31041667,-2908
-127.25625,45.31041667,-2907
-127.2520833,45.31041667,-2906
-127.2479167,45.31041667,-2905
-127.24375,45.31041667,-2904
-127.2395833,45.31041667,-2903
-127.2354167,45.31041667,-2901
-127.23125,45.31041667,-2900
-127.2270833,45.31041667,-2899
-127.2229167,45.31041667,-2898
-127.21875,45.31041667,-2897
-127.2145833,45.31041667,-2897
-127.2104167,45.31041667,-2896
-127.20625,45.31041667,-2896
-127.2020833,45.31041667,-2895
-127.1979167,45.31041667,-2894
-127.19375,45.31041667,-2894
-127.1895833,45.31041667,-2895
-127.1854167,45.31041667,-2897
-127.18125,45.31041667,-2898
-127.1770833,45.31041667,-2899
-127.1729167,45.31041667,-2897
-127.16875,45.31041667,-2896
-127.1645833,45.31041667,-2896
-127.1604167,45.31041667,-2896
-127.15625,45.31041667,-2895
-127.1520833,45.31041667,-2895
-127.1479167,45.31041667,-2895
-127.14375,45.31041667,-2895
-127.1395833,45.31041667,-2895
-127.1354167,45.31041667,-2894
-127.13125,45.31041667,-2892
-127.1270833,45.31041667,-2891
-127.1229167,45.31041667,-2892
-127.11875,45.31041667,-2891
-127.1145833,45.31041667,-2891
-127.1104167,45.31041667,-2890
-127.10625,45.31041667,-2889
-127.1020833,45.31041667,-2887
-127.0979167,45.31041667,-2886
-127.09375,45.31041667,-2885
-127.0895833,45.31041667,-2886
-127.0854167,45.31041667,-2886
-127.08125,45.31041667,-2886
-127.0770833,45.31041667,-2885
-127.0729167,45.31041667,-2883
-127.06875,45.31041667,-2883
-127.0645833,45.31041667,-2885
-127.0604167,45.31041667,-2883
-127.05625,45.31041667,-2875
-127.0520833,45.31041667,-2872
-127.0479167,45.31041667,-2875
-127.04375,45.31041667,-2875
-127.0395833,45.31041667,-2871
-127.0354167,45.31041667,-2870
-127.03125,45.31041667,-2872
-127.0270833,45.31041667,-2873
-127.0229167,45.31041667,-2872
-127.01875,45.31041667,-2870
-127.0145833,45.31041667,-2869
-127.0104167,45.31041667,-2868
-127.00625,45.31041667,-2866
-127.0020833,45.31041667,-2866
-127.4979167,45.31458333,-2889
-127.49375,45.31458333,-2893
-127.4895833,45.31458333,-2898
-127.4854167,45.31458333,-2906
-127.48125,45.31458333,-2931
-127.4770833,45.31458333,-2955
-127.4729167,45.31458333,-2965
-127.46875,45.31458333,-2972
-127.4645833,45.31458333,-2960
-127.4604167,45.31458333,-2947
-127.45625,45.31458333,-2924
-127.4520833,45.31458333,-2903
-127.4479167,45.31458333,-2897
-127.44375,45.31458333,-2891
-127.4395833,45.31458333,-2890
-127.4354167,45.31458333,-2888
-127.43125,45.31458333,-2885
-127.4270833,45.31458333,-2882
-127.4229167,45.31458333,-2878
-127.41875,45.31458333,-2875
-127.4145833,45.31458333,-2874
-127.4104167,45.31458333,-2874
-127.40625,45.31458333,-2875
-127.4020833,45.31458333,-2876
-127.3979167,45.31458333,-2877
-127.39375,45.31458333,-2879
-127.3895833,45.31458333,-2881
-127.3854167,45.31458333,-2884
-127.38125,45.31458333,-2886
-127.3770833,45.31458333,-2889
-127.3729167,45.31458333,-2891
-127.36875,45.31458333,-2894
-127.3645833,45.31458333,-2895
-127.3604167,45.31458333,-2897
-127.35625,45.31458333,-2899
-127.3520833,45.31458333,-2902
-127.3479167,45.31458333,-2903
-127.34375,45.31458333,-2904
-127.3395833,45.31458333,-2904
-127.3354167,45.31458333,-2904
-127.33125,45.31458333,-2905
-127.3270833,45.31458333,-2906
-127.3229167,45.31458333,-2907
-127.31875,45.31458333,-2909
-127.3145833,45.31458333,-2910
-127.3104167,45.31458333,-2911
-127.30625,45.31458333,-2911
-127.3020833,45.31458333,-2910
-127.2979167,45.31458333,-2910
-127.29375,45.31458333,-2910
-127.2895833,45.31458333,-2910
-127.2854167,45.31458333,-2910
-127.28125,45.31458333,-2909
-127.2770833,45.31458333,-2908
-127.2729167,45.31458333,-2907
-127.26875,45.31458333,-2907
-127.2645833,45.31458333,-2906
-127.2604167,45.31458333,-2906
-127.25625,45.31458333,-2905
-127.2520833,45.31458333,-2905
-127.2479167,45.31458333,-2904
-127.24375,45.31458333,-2903
-127.2395833,45.31458333,-2902
-127.2354167,45.31458333,-2901
-127.23125,45.31458333,-2900
-127.2270833,45.31458333,-2899
-127.2229167,45.31458333,-2898
-127.21875,45.31458333,-2898
-127.2145833,45.31458333,-2898
-127.2104167,45.31458333,-2898
-127.20625,45.31458333,-2897
-127.2020833,45.31458333,-2895
-127.1979167,45.31458333,-2894
-127.19375,45.31458333,-2893
-127.1895833,45.31458333,-2895
-127.1854167,45.31458333,-2896
-127.18125,45.31458333,-2896
-127.1770833,45.31458333,-2895
-127.1729167,45.31458333,-2895
-127.16875,45.31458333,-2894
-127.1645833,45.31458333,-2894
-127.1604167,45.31458333,-2893
-127.15625,45.31458333,-2893
-127.1520833,45.31458333,-2894
-127.1479167,45.31458333,-2894
-127.14375,45.31458333,-2895
-127.1395833,45.31458333,-2894
-127.1354167,45.31458333,-2893
-127.13125,45.31458333,-2892
-127.1270833,45.31458333,-2891
-127.1229167,45.31458333,-2891
-127.11875,45.31458333,-2891
-127.1145833,45.31458333,-2893
-127.1104167,45.31458333,-2892
-127.10625,45.31458333,-2888
-127.1020833,45.31458333,-2885
-127.0979167,45.31458333,-2884
-127.09375,45.31458333,-2882
-127.0895833,45.31458333,-2881
-127.0854167,45.31458333,-2881
-127.08125,45.31458333,-2883
-127.0770833,45.31458333,-2884
-127.0729167,45.31458333,-2883
-127.06875,45.31458333,-2884
-127.0645833,45.31458333,-2887
-127.0604167,45.31458333,-2886
-127.05625,45.31458333,-2879
-127.0520833,45.31458333,-2876
-127.0479167,45.31458333,-2877
-127.04375,45.31458333,-2876
-127.0395833,45.31458333,-2873
-127.0354167,45.31458333,-2872
-127.03125,45.31458333,-2874
-127.0270833,45.31458333,-2874
-127.0229167,45.31458333,-2872
-127.01875,45.31458333,-2871
-127.0145833,45.31458333,-2870
-127.0104167,45.31458333,-2868
-127.00625,45.31458333,-2866
-127.0020833,45.31458333,-2865
-127.4979167,45.31875,-2886
-127.49375,45.31875,-2891
-127.4895833,45.31875,-2897
-127.4854167,45.31875,-2905
-127.48125,45.31875,-2929
-127.4770833,45.31875,-2951
-127.4729167,45.31875,-2961
-127.46875,45.31875,-2970
-127.4645833,45.31875,-2958
-127.4604167,45.31875,-2946
-127.45625,45.31875,-2925
-127.4520833,45.31875,-2905
-127.4479167,45.31875,-2899
-127.44375,45.31875,-2893
-127.4395833,45.31875,-2891
-127.4354167,45.31875,-2888
-127.43125,45.31875,-2885
-127.4270833,45.31875,-2883
-127.4229167,45.31875,-2880
-127.41875,45.31875,-2877
-127.4145833,45.31875,-2875
-127.4104167,45.31875,-2874
-127.40625,45.31875,-2875
-127.4020833,45.31875,-2876
-127.3979167,45.31875,-2877
-127.39375,45.31875,-2878
-127.3895833,45.31875,-2881
-127.3854167,45.31875,-2883
-127.38125,45.31875,-2886
-127.3770833,45.31875,-2888
-127.3729167,45.31875,-2891
-127.36875,45.31875,-2893
-127.3645833,45.31875,-2895
-127.3604167,45.31875,-2896
-127.35625,45.31875,-2899
-127.3520833,45.31875,-2901
-127.3479167,45.31875,-2902
-127.34375,45.31875,-2902
-127.3395833,45.31875,-2902
-127.3354167,45.31875,-2902
-127.33125,45.31875,-2903
-127.3270833,45.31875,-2904
-127.3229167,45.31875,-2904
-127.31875,45.31875,-2905
-127.3145833,45.31875,-2906
-127.3104167,45.31875,-2907
-127.30625,45.31875,-2907
-127.3020833,45.31875,-2907
-127.2979167,45.31875,-2907
-127.29375,45.31875,-2906
-127.2895833,45.31875,-2906
-127.2854167,45.31875,-2906
-127.28125,45.31875,-2906
-127.2770833,45.31875,-2905
-127.2729167,45.31875,-2905
-127.26875,45.31875,-2904
-127.2645833,45.31875,-2904
-127.2604167,45.31875,-2903
-127.25625,45.31875,-2903
-127.2520833,45.31875,-2902
-127.2479167,45.31875,-2901
-127.24375,45.31875,-2900
-127.2395833,45.31875,-2900
-127.2354167,45.31875,-2899
-127.23125,45.31875,-2898
-127.2270833,45.31875,-2897
-127.2229167,45.31875,-2896
-127.21875,45.31875,-2895
-127.2145833,45.31875,-2895
-127.2104167,45.31875,-2895
-127.20625,45.31875,-2895
-127.2020833,45.31875,-2894
-127.1979167,45.31875,-2891
-127.19375,45.31875,-2891
-127.1895833,45.31875,-2893
-127.1854167,45.31875,-2894
-127.18125,45.31875,-2893
-127.1770833,45.31875,-2891
-127.1729167,45.31875,-2892
-127.16875,45.31875,-2892
-127.1645833,45.31875,-2892
-127.1604167,45.31875,-2892
-127.15625,45.31875,-2892
-127.1520833,45.31875,-2891
-127.1479167,45.31875,-2891
-127.14375,45.31875,-2892
-127.1395833,45.31875,-2893
-127.1354167,45.31875,-2894
-127.13125,45.31875,-2892
-127.1270833,45.31875,-2891
-127.1229167,45.31875,-2890
-127.11875,45.31875,-2890
-127.1145833,45.31875,-2892
-127.1104167,45.31875,-2891
-127.10625,45.31875,-2887
-127.1020833,45.31875,-2885
-127.0979167,45.31875,-2884
-127.09375,45.31875,-2883
-127.0895833,45.31875,-2881
-127.0854167,45.31875,-2880
-127.08125,45.31875,-2880
-127.0770833,45.31875,-2880
-127.0729167,45.31875,-2881
-127.06875,45.31875,-2882
-127.0645833,45.31875,-2883
-127.0604167,45.31875,-2883
-127.05625,45.31875,-2881
-127.0520833,45.31875,-2879
-127.0479167,45.31875,-2879
-127.04375,45.31875,-2877
-127.0395833,45.31875,-2873
-127.0354167,45.31875,-2873
-127.03125,45.31875,-2876
-127.0270833,45.31875,-2876
-127.0229167,45.31875,-2872
-127.01875,45.31875,-2870
-127.0145833,45.31875,-2869
-127.0104167,45.31875,-2868
-127.00625,45.31875,-2867
-127.0020833,45.31875,-2866
-127.4979167,45.32291667,-2884
-127.49375,45.32291667,-2888
-127.4895833,45.32291667,-2894
-127.4854167,45.32291667,-2902
-127.48125,45.32291667,-2925
-127.4770833,45.32291667,-2946
-127.4729167,45.32291667,-2958
-127.46875,45.32291667,-2968
-127.4645833,45.32291667,-2960
-127.4604167,45.32291667,-2950
-127.45625,45.32291667,-2927
-127.4520833,45.32291667,-2907
-127.4479167,45.32291667,-2902
-127.44375,45.32291667,-2898
-127.4395833,45.32291667,-2894
-127.4354167,45.32291667,-2890
-127.43125,45.32291667,-2886
-127.4270833,45.32291667,-2883
-127.4229167,45.32291667,-2882
-127.41875,45.32291667,-2880
-127.4145833,45.32291667,-2877
-127.4104167,45.32291667,-2874
-127.40625,45.32291667,-2876
-127.4020833,45.32291667,-2877
-127.3979167,45.32291667,-2878
-127.39375,45.32291667,-2878
-127.3895833,45.32291667,-2879
-127.3854167,45.32291667,-2881
-127.38125,45.32291667,-2885
-127.3770833,45.32291667,-2888
-127.3729167,45.32291667,-2890
-127.36875,45.32291667,-2892
-127.3645833,45.32291667,-2894
-127.3604167,45.32291667,-2896
-127.35625,45.32291667,-2898
-127.3520833,45.32291667,-2899
-127.3479167,45.32291667,-2900
-127.34375,45.32291667,-2900
-127.3395833,45.32291667,-2900
-127.3354167,45.32291667,-2900
-127.33125,45.32291667,-2901
-127.3270833,45.32291667,-2902
-127.3229167,45.32291667,-2902
-127.31875,45.32291667,-2902
-127.3145833,45.32291667,-2903
-127.3104167,45.32291667,-2903
-127.30625,45.32291667,-2904
-127.3020833,45.32291667,-2904
-127.2979167,45.32291667,-2904
-127.29375,45.32291667,-2903
-127.2895833,45.32291667,-2903
-127.2854167,45.32291667,-2903
-127.28125,45.32291667,-2903
-127.2770833,45.32291667,-2903
-127.2729167,45.32291667,-2902
-127.26875,45.32291667,-2901
-127.2645833,45.32291667,-2901
-127.2604167,45.32291667,-2901
-127.25625,45.32291667,-2900
-127.2520833,45.32291667,-2898
-127.2479167,45.32291667,-2897
-127.24375,45.32291667,-2896
-127.2395833,45.32291667,-2896
-127.2354167,45.32291667,-2896
-127.23125,45.32291667,-2895
-127.2270833,45.32291667,-2895
-127.2229167,45.32291667,-2894
-127.21875,45.32291667,-2893
-127.2145833,45.32291667,-2893
-127.2104167,45.32291667,-2893
-127.20625,45.32291667,-2892
-127.2020833,45.32291667,-2892
-127.1979167,45.32291667,-2891
-127.19375,45.32291667,-2891
-127.1895833,45.32291667,-2891
-127.1854167,45.32291667,-2891
-127.18125,45.32291667,-2891
-127.1770833,45.32291667,-2891
-127.1729167,45.32291667,-2890
-127.16875,45.32291667,-2889
-127.1645833,45.32291667,-2890
-127.1604167,45.32291667,-2891
-127.15625,45.32291667,-2890
-127.1520833,45.32291667,-2889
-127.1479167,45.32291667,-2890
-127.14375,45.32291667,-2891
-127.1395833,45.32291667,-2892
-127.1354167,45.32291667,-2892
-127.13125,45.32291667,-2889
-127.1270833,45.32291667,-2888
-127.1229167,45.32291667,-2889
-127.11875,45.32291667,-2889
-127.1145833,45.32291667,-2889
-127.1104167,45.32291667,-2888
-127.10625,45.32291667,-2884
-127.1020833,45.32291667,-2883
-127.0979167,45.32291667,-2883
-127.09375,45.32291667,-2883
-127.0895833,45.32291667,-2881
-127.0854167,45.32291667,-2880
-127.08125,45.32291667,-2881
-127.0770833,45.32291667,-2881
-127.0729167,45.32291667,-2881
-127.06875,45.32291667,-2881
-127.0645833,45.32291667,-2878
-127.0604167,45.32291667,-2878
-127.05625,45.32291667,-2879
-127.0520833,45.32291667,-2879
-127.0479167,45.32291667,-2878
-127.04375,45.32291667,-2877
-127.0395833,45.32291667,-2876
-127.0354167,45.32291667,-2876
-127.03125,45.32291667,-2878
-127.0270833,45.32291667,-2879
-127.0229167,45.32291667,-2876
-127.01875,45.32291667,-2874
-127.0145833,45.32291667,-2872
-127.0104167,45.32291667,-2870
-127.00625,45.32291667,-2869
-127.0020833,45.32291667,-2867
-127.4979167,45.32708333,-2883
-127.49375,45.32708333,-2887
-127.4895833,45.32708333,-2892
-127.4854167,45.32708333,-2899
-127.48125,45.32708333,-2920
-127.4770833,45.32708333,-2940
-127.4729167,45.32708333,-2955
-127.46875,45.32708333,-2968
-127.4645833,45.32708333,-2962
-127.4604167,45.32708333,-2954
-127.45625,45.32708333,-2929
-127.4520833,45.32708333,-2908
-127.4479167,45.32708333,-2904
-127.44375,45.32708333,-2901
-127.4395833,45.32708333,-2897
-127.4354167,45.32708333,-2894
-127.43125,45.32708333,-2889
-127.4270833,45.32708333,-2885
-127.4229167,45.32708333,-2884
-127.41875,45.32708333,-2883
-127.4145833,45.32708333,-2879
-127.4104167,45.32708333,-2876
-127.40625,45.32708333,-2877
-127.4020833,45.32708333,-2877
-127.3979167,45.32708333,-2877
-127.39375,45.32708333,-2878
-127.3895833,45.32708333,-2878
-127.3854167,45.32708333,-2880
-127.38125,45.32708333,-2884
-127.3770833,45.32708333,-2887
-127.3729167,45.32708333,-2890
-127.36875,45.32708333,-2892
-127.3645833,45.32708333,-2894
-127.3604167,45.32708333,-2896
-127.35625,45.32708333,-2897
-127.3520833,45.32708333,-2898
-127.3479167,45.32708333,-2898
-127.34375,45.32708333,-2898
-127.3395833,45.32708333,-2899
-127.3354167,45.32708333,-2899
-127.33125,45.32708333,-2899
-127.3270833,45.32708333,-2899
-127.3229167,45.32708333,-2900
-127.31875,45.32708333,-2900
-127.3145833,45.32708333,-2901
-127.3104167,45.32708333,-2902
-127.30625,45.32708333,-2902
-127.3020833,45.32708333,-2902
-127.2979167,45.32708333,-2902
-127.29375,45.32708333,-2902
-127.2895833,45.32708333,-2902
-127.2854167,45.32708333,-2901
-127.28125,45.32708333,-2901
-127.2770833,45.32708333,-2900
-127.2729167,45.32708333,-2900
-127.26875,45.32708333,-2900
-127.2645833,45.32708333,-2899
-127.2604167,45.32708333,-2898
-127.25625,45.32708333,-2896
-127.2520833,45.32708333,-2895
-127.2479167,45.32708333,-2895
-127.24375,45.32708333,-2894
-127.2395833,45.32708333,-2894
-127.2354167,45.32708333,-2894
-127.23125,45.32708333,-2893
-127.2270833,45.32708333,-2893
-127.2229167,45.32708333,-2892
-127.21875,45.32708333,-2892
-127.2145833,45.32708333,-2892
-127.2104167,45.32708333,-2891
-127.20625,45.32708333,-2890
-127.2020833,45.32708333,-2890
-127.1979167,45.32708333,-2891
-127.19375,45.32708333,-2891
-127.1895833,45.32708333,-2890
-127.1854167,45.32708333,-2890
-127.18125,45.32708333,-2890
-127.1770833,45.32708333,-2890
-127.1729167,45.32708333,-2889
-127.16875,45.32708333,-2889
-127.1645833,45.32708333,-2889
-127.1604167,45.32708333,-2889
-127.15625,45.32708333,-2888
-127.1520833,45.32708333,-2887
-127.1479167,45.32708333,-2889
-127.14375,45.32708333,-2889
-127.1395833,45.32708333,-2890
-127.1354167,45.32708333,-2889
-127.13125,45.32708333,-2887
-127.1270833,45.32708333,-2886
-127.1229167,45.32708333,-2887
-127.11875,45.32708333,-2888
-127.1145833,45.32708333,-2886
-127.1104167,45.32708333,-2884
-127.10625,45.32708333,-2883
-127.1020833,45.32708333,-2882
-127.0979167,45.32708333,-2882
-127.09375,45.32708333,-2882
-127.0895833,45.32708333,-2881
-127.0854167,45.32708333,-2880
-127.08125,45.32708333,-2879
-127.0770833,45.32708333,-2880
-127.0729167,45.32708333,-2883
-127.06875,45.32708333,-2882
-127.0645833,45.32708333,-2878
-127.0604167,45.32708333,-2876
-127.05625,45.32708333,-2877
-127.0520833,45.32708333,-2876
-127.0479167,45.32708333,-2875
-127.04375,45.32708333,-2874
-127.0395833,45.32708333,-2875
-127.0354167,45.32708333,-2876
-127.03125,45.32708333,-2878
-127.0270833,45.32708333,-2880
-127.0229167,45.32708333,-2880
-127.01875,45.32708333,-2878
-127.0145833,45.32708333,-2874
-127.0104167,45.32708333,-2872
-127.00625,45.32708333,-2871
-127.0020833,45.32708333,-2869
-127.4979167,45.33125,-2881
-127.49375,45.33125,-2886
-127.4895833,45.33125,-2892
-127.4854167,45.33125,-2898
-127.48125,45.33125,-2916
-127.4770833,45.33125,-2933
-127.4729167,45.33125,-2951
-127.46875,45.33125,-2968
-127.4645833,45.33125,-2963
-127.4604167,45.33125,-2956
-127.45625,45.33125,-2930
-127.4520833,45.33125,-2908
-127.4479167,45.33125,-2905
-127.44375,45.33125,-2902
-127.4395833,45.33125,-2900
-127.4354167,45.33125,-2897
-127.43125,45.33125,-2892
-127.4270833,45.33125,-2887
-127.4229167,45.33125,-2886
-127.41875,45.33125,-2885
-127.4145833,45.33125,-2882
-127.4104167,45.33125,-2879
-127.40625,45.33125,-2878
-127.4020833,45.33125,-2877
-127.3979167,45.33125,-2876
-127.39375,45.33125,-2876
-127.3895833,45.33125,-2878
-127.3854167,45.33125,-2880
-127.38125,45.33125,-2882
-127.3770833,45.33125,-2884
-127.3729167,45.33125,-2887
-127.36875,45.33125,-2890
-127.3645833,45.33125,-2893
-127.3604167,45.33125,-2896
-127.35625,45.33125,-2896
-127.3520833,45.33125,-2897
-127.3479167,45.33125,-2896
-127.34375,45.33125,-2896
-127.3395833,45.33125,-2898
-127.3354167,45.33125,-2899
-127.33125,45.33125,-2898
-127.3270833,45.33125,-2898
-127.3229167,45.33125,-2898
-127.31875,45.33125,-2899
-127.3145833,45.33125,-2900
-127.3104167,45.33125,-2901
-127.30625,45.33125,-2901
-127.3020833,45.33125,-2901
-127.2979167,45.33125,-2901
-127.29375,45.33125,-2901
-127.2895833,45.33125,-2900
-127.2854167,45.33125,-2899
-127.28125,45.33125,-2898
-127.2770833,45.33125,-2897
-127.2729167,45.33125,-2897
-127.26875,45.33125,-2897
-127.2645833,45.33125,-2896
-127.2604167,45.33125,-2895
-127.25625,45.33125,-2894
-127.2520833,45.33125,-2893
-127.2479167,45.33125,-2893
-127.24375,45.33125,-2893
-127.2395833,45.33125,-2893
-127.2354167,45.33125,-2892
-127.23125,45.33125,-2891
-127.2270833,45.33125,-2891
-127.2229167,45.33125,-2891
-127.21875,45.33125,-2890
-127.2145833,45.33125,-2890
-127.2104167,45.33125,-2890
-127.20625,45.33125,-2889
-127.2020833,45.33125,-2889
-127.1979167,45.33125,-2890
-127.19375,45.33125,-2890
-127.1895833,45.33125,-2889
-127.1854167,45.33125,-2889
-127.18125,45.33125,-2889
-127.1770833,45.33125,-2888
-127.1729167,45.33125,-2888
-127.16875,45.33125,-2888
-127.1645833,45.33125,-2887
-127.1604167,45.33125,-2886
-127.15625,45.33125,-2885
-127.1520833,45.33125,-2884
-127.1479167,45.33125,-2885
-127.14375,45.33125,-2886
-127.1395833,45.33125,-2887
-127.1354167,45.33125,-2887
-127.13125,45.33125,-2883
-127.1270833,45.33125,-2882
-127.1229167,45.33125,-2885
-127.11875,45.33125,-2886
-127.1145833,45.33125,-2883
-127.1104167,45.33125,-2881
-127.10625,45.33125,-2880
-127.1020833,45.33125,-2879
-127.0979167,45.33125,-2880
-127.09375,45.33125,-2880
-127.0895833,45.33125,-2880
-127.0854167,45.33125,-2879
-127.08125,45.33125,-2878
-127.0770833,45.33125,-2879
-127.0729167,45.33125,-2881
-127.06875,45.33125,-2881
-127.0645833,45.33125,-2878
-127.0604167,45.33125,-2877
-127.05625,45.33125,-2877
-127.0520833,45.33125,-2877
-127.0479167,45.33125,-2876
-127.04375,45.33125,-2875
-127.0395833,45.33125,-2875
-127.0354167,45.33125,-2874
-127.03125,45.33125,-2874
-127.0270833,45.33125,-2875
-127.0229167,45.33125,-2877
-127.01875,45.33125,-2877
-127.0145833,45.33125,-2876
-127.0104167,45.33125,-2874
-127.00625,45.33125,-2872
-127.0020833,45.33125,-2870
-127.4979167,45.33541667,-2879
-127.49375,45.33541667,-2885
-127.4895833,45.33541667,-2890
-127.4854167,45.33541667,-2896
-127.48125,45.33541667,-2910
-127.4770833,45.33541667,-2924
-127.4729167,45.33541667,-2948
-127.46875,45.33541667,-2968
-127.4645833,45.33541667,-2964
-127.4604167,45.33541667,-2958
-127.45625,45.33541667,-2932
-127.4520833,45.33541667,-2909
-127.4479167,45.33541667,-2905
-127.44375,45.33541667,-2902
-127.4395833,45.33541667,-2900
-127.4354167,45.33541667,-2898
-127.43125,45.33541667,-2894
-127.4270833,45.33541667,-2890
-127.4229167,45.33541667,-2887
-127.41875,45.33541667,-2885
-127.4145833,45.33541667,-2883
-127.4104167,45.33541667,-2882
-127.40625,45.33541667,-2881
-127.4020833,45.33541667,-2880
-127.3979167,45.33541667,-2877
-127.39375,45.33541667,-2876
-127.3895833,45.33541667,-2879
-127.3854167,45.33541667,-2881
-127.38125,45.33541667,-2882
-127.3770833,45.33541667,-2883
-127.3729167,45.33541667,-2886
-127.36875,45.33541667,-2889
-127.3645833,45.33541667,-2891
-127.3604167,45.33541667,-2894
-127.35625,45.33541667,-2895
-127.3520833,45.33541667,-2895
-127.3479167,45.33541667,-2894
-127.34375,45.33541667,-2894
-127.3395833,45.33541667,-2897
-127.3354167,45.33541667,-2898
-127.33125,45.33541667,-2897
-127.3270833,45.33541667,-2896
-127.3229167,45.33541667,-2896
-127.31875,45.33541667,-2897
-127.3145833,45.33541667,-2898
-127.3104167,45.33541667,-2899
-127.30625,45.33541667,-2900
-127.3020833,45.33541667,-2900
-127.2979167,45.33541667,-2899
-127.29375,45.33541667,-2899
-127.2895833,45.33541667,-2898
-127.2854167,45.33541667,-2897
-127.28125,45.33541667,-2896
-127.2770833,45.33541667,-2895
-127.2729167,45.33541667,-2894
-127.26875,45.33541667,-2894
-127.2645833,45.33541667,-2894
-127.2604167,45.33541667,-2893
-127.25625,45.33541667,-2892
-127.2520833,45.33541667,-2892
-127.2479167,45.33541667,-2892
-127.24375,45.33541667,-2892
-127.2395833,45.33541667,-2892
-127.2354167,45.33541667,-2891
-127.23125,45.33541667,-2890
-127.2270833,45.33541667,-2890
-127.2229167,45.33541667,-2890
-127.21875,45.33541667,-2889
-127.2145833,45.33541667,-2889
-127.2104167,45.33541667,-2889
-127.20625,45.33541667,-2889
-127.2020833,45.33541667,-2888
-127.1979167,45.33541667,-2888
-127.19375,45.33541667,-2888
-127.1895833,45.33541667,-2889
-127.1854167,45.33541667,-2889
-127.18125,45.33541667,-2887
-127.1770833,45.33541667,-2887
-127.1729167,45.33541667,-2887
-127.16875,45.33541667,-2887
-127.1645833,45.33541667,-2886
-127.1604167,45.33541667,-2886
-127.15625,45.33541667,-2885
-127.1520833,45.33541667,-2884
-127.1479167,45.33541667,-2883
-127.14375,45.33541667,-2883
-127.1395833,45.33541667,-2885
-127.1354167,45.33541667,-2885
-127.13125,45.33541667,-2881
-127.1270833,45.33541667,-2879
-127.1229167,45.33541667,-2880
-127.11875,45.33541667,-2880
-127.1145833,45.33541667,-2880
-127.1104167,45.33541667,-2880
-127.10625,45.33541667,-2880
-127.1020833,45.33541667,-2880
-127.0979167,45.33541667,-2879
-127.09375,45.33541667,-2878
-127.0895833,45.33541667,-2878
-127.0854167,45.33541667,-2879
-127.08125,45.33541667,-2880
-127.0770833,45.33541667,-2880
-127.0729167,45.33541667,-2880
-127.06875,45.33541667,-2879
-127.0645833,45.33541667,-2879
-127.0604167,45.33541667,-2878
-127.05625,45.33541667,-2878
-127.0520833,45.33541667,-2877
-127.0479167,45.33541667,-2877
-127.04375,45.33541667,-2877
-127.0395833,45.33541667,-2877
-127.0354167,45.33541667,-2877
-127.03125,45.33541667,-2875
-127.0270833,45.33541667,-2875
-127.0229167,45.33541667,-2875
-127.01875,45.33541667,-2875
-127.0145833,45.33541667,-2873
-127.0104167,45.33541667,-2871
-127.00625,45.33541667,-2869
-127.0020833,45.33541667,-2867
-127.4979167,45.33958333,-2877
-127.49375,45.33958333,-2883
-127.4895833,45.33958333,-2887
-127.4854167,45.33958333,-2892
-127.48125,45.33958333,-2903
-127.4770833,45.33958333,-2916
-127.4729167,45.33958333,-2945
-127.46875,45.33958333,-2969
-127.4645833,45.33958333,-2965
-127.4604167,45.33958333,-2959
-127.45625,45.33958333,-2934
-127.4520833,45.33958333,-2911
-127.4479167,45.33958333,-2907
-127.44375,45.33958333,-2903
-127.4395833,45.33958333,-2901
-127.4354167,45.33958333,-2899
-127.43125,45.33958333,-2896
-127.4270833,45.33958333,-2892
-127.4229167,45.33958333,-2889
-127.41875,45.33958333,-2886
-127.4145833,45.33958333,-2885
-127.4104167,45.33958333,-2883
-127.40625,45.33958333,-2883
-127.4020833,45.33958333,-2882
-127.3979167,45.33958333,-2878
-127.39375,45.33958333,-2875
-127.3895833,45.33958333,-2878
-127.3854167,45.33958333,-2881
-127.38125,45.33958333,-2881
-127.3770833,45.33958333,-2883
-127.3729167,45.33958333,-2885
-127.36875,45.33958333,-2888
-127.3645833,45.33958333,-2890
-127.3604167,45.33958333,-2892
-127.35625,45.33958333,-2894
-127.3520833,45.33958333,-2895
-127.3479167,45.33958333,-2894
-127.34375,45.33958333,-2894
-127.3395833,45.33958333,-2896
-127.3354167,45.33958333,-2897
-127.33125,45.33958333,-2896
-127.3270833,45.33958333,-2895
-127.3229167,45.33958333,-2894
-127.31875,45.33958333,-2894
-127.3145833,45.33958333,-2896
-127.3104167,45.33958333,-2897
-127.30625,45.33958333,-2898
-127.3020833,45.33958333,-2898
-127.2979167,45.33958333,-2898
-127.29375,45.33958333,-2897
-127.2895833,45.33958333,-2896
-127.2854167,45.33958333,-2896
-127.28125,45.33958333,-2894
-127.2770833,45.33958333,-2893
-127.2729167,45.33958333,-2893
-127.26875,45.33958333,-2892
-127.2645833,45.33958333,-2892
-127.2604167,45.33958333,-2892
-127.25625,45.33958333,-2892
-127.2520833,45.33958333,-2892
-127.2479167,45.33958333,-2891
-127.24375,45.33958333,-2891
-127.2395833,45.33958333,-2891
-127.2354167,45.33958333,-2890
-127.23125,45.33958333,-2890
-127.2270833,45.33958333,-2890
-127.2229167,45.33958333,-2889
-127.21875,45.33958333,-2889
-127.2145833,45.33958333,-2889
-127.2104167,45.33958333,-2888
-127.20625,45.33958333,-2888
-127.2020833,45.33958333,-2888
-127.1979167,45.33958333,-2887
-127.19375,45.33958333,-2887
-127.1895833,45.33958333,-2887
-127.1854167,45.33958333,-2887
-127.18125,45.33958333,-2886
-127.1770833,45.33958333,-2886
-127.1729167,45.33958333,-2886
-127.16875,45.33958333,-2886
-127.1645833,45.33958333,-2886
-127.1604167,45.33958333,-2886
-127.15625,45.33958333,-2886
-127.1520833,45.33958333,-2885
-127.1479167,45.33958333,-2883
-127.14375,45.33958333,-2882
-127.1395833,45.33958333,-2884
-127.1354167,45.33958333,-2884
-127.13125,45.33958333,-2882
-127.1270833,45.33958333,-2881
-127.1229167,45.33958333,-2879
-127.11875,45.33958333,-2879
-127.1145833,45.33958333,-2878
-127.1104167,45.33958333,-2878
-127.10625,45.33958333,-2878
-127.1020833,45.33958333,-2879
-127.0979167,45.33958333,-2880
-127.09375,45.33958333,-2880
-127.0895833,45.33958333,-2879
-127.0854167,45.33958333,-2880
-127.08125,45.33958333,-2880
-127.0770833,45.33958333,-2880
-127.0729167,45.33958333,-2877
-127.06875,45.33958333,-2877
-127.0645833,45.33958333,-2879
-127.0604167,45.33958333,-2880
-127.05625,45.33958333,-2878
-127.0520833,45.33958333,-2877
-127.0479167,45.33958333,-2876
-127.04375,45.33958333,-2876
-127.0395833,45.33958333,-2877
-127.0354167,45.33958333,-2877
-127.03125,45.33958333,-2875
-127.0270833,45.33958333,-2873
-127.0229167,45.33958333,-2871
-127.01875,45.33958333,-2870
-127.0145833,45.33958333,-2868
-127.0104167,45.33958333,-2867
-127.00625,45.33958333,-2866
-127.0020833,45.33958333,-2865
-127.4979167,45.34375,-2873
-127.49375,45.34375,-2878
-127.4895833,45.34375,-2883
-127.4854167,45.34375,-2889
-127.48125,45.34375,-2898
-127.4770833,45.34375,-2909
-127.4729167,45.34375,-2941
-127.46875,45.34375,-2968
-127.4645833,45.34375,-2964
-127.4604167,45.34375,-2958
-127.45625,45.34375,-2936
-127.4520833,45.34375,-2915
-127.4479167,45.34375,-2910
-127.44375,45.34375,-2905
-127.4395833,45.34375,-2902
-127.4354167,45.34375,-2900
-127.43125,45.34375,-2896
-127.4270833,45.34375,-2893
-127.4229167,45.34375,-2890
-127.41875,45.34375,-2887
-127.4145833,45.34375,-2886
-127.4104167,45.34375,-2884
-127.40625,45.34375,-2883
-127.4020833,45.34375,-2882
-127.3979167,45.34375,-2879
-127.39375,45.34375,-2876
-127.3895833,45.34375,-2877
-127.3854167,45.34375,-2879
-127.38125,45.34375,-2880
-127.3770833,45.34375,-2882
-127.3729167,45.34375,-2885
-127.36875,45.34375,-2887
-127.3645833,45.34375,-2890
-127.3604167,45.34375,-2892
-127.35625,45.34375,-2893
-127.3520833,45.34375,-2894
-127.3479167,45.34375,-2894
-127.34375,45.34375,-2895
-127.3395833,45.34375,-2895
-127.3354167,45.34375,-2895
-127.33125,45.34375,-2895
-127.3270833,45.34375,-2894
-127.3229167,45.34375,-2894
-127.31875,45.34375,-2894
-127.3145833,45.34375,-2895
-127.3104167,45.34375,-2896
-127.30625,45.34375,-2896
-127.3020833,45.34375,-2897
-127.2979167,45.34375,-2896
-127.29375,45.34375,-2895
-127.2895833,45.34375,-2895
-127.2854167,45.34375,-2895
-127.28125,45.34375,-2893
-127.2770833,45.34375,-2892
-127.2729167,45.34375,-2892
-127.26875,45.34375,-2891
-127.2645833,45.34375,-2891
-127.2604167,45.34375,-2891
-127.25625,45.34375,-2891
-127.2520833,45.34375,-2891
-127.2479167,45.34375,-2891
-127.24375,45.34375,-2891
-127.2395833,45.34375,-2890
-127.2354167,45.34375,-2889
-127.23125,45.34375,-2889
-127.2270833,45.34375,-2888
-127.2229167,45.34375,-2888
-127.21875,45.34375,-2888
-127.2145833,45.34375,-2887
-127.2104167,45.34375,-2887
-127.20625,45.34375,-2887
-127.2020833,45.34375,-2887
-127.1979167,45.34375,-2886
-127.19375,45.34375,-2885
-127.1895833,45.34375,-2886
-127.1854167,45.34375,-2886
-127.18125,45.34375,-2885
-127.1770833,45.34375,-2885
-127.1729167,45.34375,-2885
-127.16875,45.34375,-2885
-127.1645833,45.34375,-2884
-127.1604167,45.34375,-2884
-127.15625,45.34375,-2884
-127.1520833,45.34375,-2884
-127.1479167,45.34375,-2883
-127.14375,45.34375,-2882
-127.1395833,45.34375,-2882
-127.1354167,45.34375,-2881
-127.13125,45.34375,-2880
-127.1270833,45.34375,-2880
-127.1229167,45.34375,-2881
-127.11875,45.34375,-2881
-127.1145833,45.34375,-2879
-127.1104167,45.34375,-2877
-127.10625,45.34375,-2874
-127.1020833,45.34375,-2874
-127.0979167,45.34375,-2878
-127.09375,45.34375,-2881
-127.0895833,45.34375,-2881
-127.0854167,45.34375,-2881
-127.08125,45.34375,-2881
-127.0770833,45.34375,-2880
-127.0729167,45.34375,-2876
-127.06875,45.34375,-2875
-127.0645833,45.34375,-2877
-127.0604167,45.34375,-2878
-127.05625,45.34375,-2876
-127.0520833,45.34375,-2875
-127.0479167,45.34375,-2875
-127.04375,45.34375,-2874
-127.0395833,45.34375,-2872
-127.0354167,45.34375,-2871
-127.03125,45.34375,-2869
-127.0270833,45.34375,-2867
-127.0229167,45.34375,-2866
-127.01875,45.34375,-2866
-127.0145833,45.34375,-2866
-127.0104167,45.34375,-2865
-127.00625,45.34375,-2864
-127.0020833,45.34375,-2864
-127.4979167,45.34791667,-2869
-127.49375,45.34791667,-2874
-127.4895833,45.34791667,-2880
-127.4854167,45.34791667,-2886
-127.48125,45.34791667,-2893
-127.4770833,45.34791667,-2903
-127.4729167,45.34791667,-2935
-127.46875,45.34791667,-2963
-127.4645833,45.34791667,-2962
-127.4604167,45.34791667,-2958
-127.45625,45.34791667,-2941
-127.4520833,45.34791667,-2924
-127.4479167,45.34791667,-2915
-127.44375,45.34791667,-2907
-127.4395833,45.34791667,-2904
-127.4354167,45.34791667,-2900
-127.43125,45.34791667,-2897
-127.4270833,45.34791667,-2895
-127.4229167,45.34791667,-2892
-127.41875,45.34791667,-2890
-127.4145833,45.34791667,-2888
-127.4104167,45.34791667,-2886
-127.40625,45.34791667,-2884
-127.4020833,45.34791667,-2883
-127.3979167,45.34791667,-2880
-127.39375,45.34791667,-2878
-127.3895833,45.34791667,-2877
-127.3854167,45.34791667,-2877
-127.38125,45.34791667,-2880
-127.3770833,45.34791667,-2882
-127.3729167,45.34791667,-2884
-127.36875,45.34791667,-2887
-127.3645833,45.34791667,-2889
-127.3604167,45.34791667,-2891
-127.35625,45.34791667,-2891
-127.3520833,45.34791667,-2892
-127.3479167,45.34791667,-2893
-127.34375,45.34791667,-2894
-127.3395833,45.34791667,-2894
-127.3354167,45.34791667,-2893
-127.33125,45.34791667,-2893
-127.3270833,45.34791667,-2893
-127.3229167,45.34791667,-2894
-127.31875,45.34791667,-2894
-127.3145833,45.34791667,-2894
-127.3104167,45.34791667,-2894
-127.30625,45.34791667,-2895
-127.3020833,45.34791667,-2896
-127.2979167,45.34791667,-2895
-127.29375,45.34791667,-2894
-127.2895833,45.34791667,-2894
-127.2854167,45.34791667,-2894
-127.28125,45.34791667,-2892
-127.2770833,45.34791667,-2891
-127.2729167,45.34791667,-2891
-127.26875,45.34791667,-2891
-127.2645833,45.34791667,-2891
-127.2604167,45.34791667,-2890
-127.25625,45.34791667,-2890
-127.2520833,45.34791667,-2890
-127.2479167,45.34791667,-2890
-127.24375,45.34791667,-2890
-127.2395833,45.34791667,-2889
-127.2354167,45.34791667,-2889
-127.23125,45.34791667,-2887
-127.2270833,45.34791667,-2886
-127.2229167,45.34791667,-2886
-127.21875,45.34791667,-2886
-127.2145833,45.34791667,-2886
-127.2104167,45.34791667,-2885
-127.20625,45.34791667,-2885
-127.2020833,45.34791667,-2885
-127.1979167,45.34791667,-2885
-127.19375,45.34791667,-2884
-127.1895833,45.34791667,-2884
-127.1854167,45.34791667,-2884
-127.18125,45.34791667,-2884
-127.1770833,45.34791667,-2884
-127.1729167,45.34791667,-2883
-127.16875,45.34791667,-2883
-127.1645833,45.34791667,-2883
-127.1604167,45.34791667,-2882
-127.15625,45.34791667,-2882
-127.1520833,45.34791667,-2882
-127.1479167,45.34791667,-2881
-127.14375,45.34791667,-2881
-127.1395833,45.34791667,-2881
-127.1354167,45.34791667,-2880
-127.13125,45.34791667,-2878
-127.1270833,45.34791667,-2877
-127.1229167,45.34791667,-2878
-127.11875,45.34791667,-2879
-127.1145833,45.34791667,-2879
-127.1104167,45.34791667,-2877
-127.10625,45.34791667,-2873
-127.1020833,45.34791667,-2872
-127.0979167,45.34791667,-2875
-127.09375,45.34791667,-2877
-127.0895833,45.34791667,-2878
-127.0854167,45.34791667,-2880
-127.08125,45.34791667,-2882
-127.0770833,45.34791667,-2882
-127.0729167,45.34791667,-2878
-127.06875,45.34791667,-2875
-127.0645833,45.34791667,-2875
-127.0604167,45.34791667,-2873
-127.05625,45.34791667,-2871
-127.0520833,45.34791667,-2870
-127.0479167,45.34791667,-2869
-127.04375,45.34791667,-2869
-127.0395833,45.34791667,-2867
-127.0354167,45.34791667,-2866
-127.03125,45.34791667,-2865
-127.0270833,45.34791667,-2864
-127.0229167,45.34791667,-2864
-127.01875,45.34791667,-2864
-127.0145833,45.34791667,-2864
-127.0104167,45.34791667,-2864
-127.00625,45.34791667,-2864
-127.0020833,45.34791667,-2863
-127.4979167,45.35208333,-2867
-127.49375,45.35208333,-2871
-127.4895833,45.35208333,-2876
-127.4854167,45.35208333,-2882
-127.48125,45.35208333,-2889
-127.4770833,45.35208333,-2898
-127.4729167,45.35208333,-2925
-127.46875,45.35208333,-2950
-127.4645833,45.35208333,-2955
-127.4604167,45.35208333,-2959
-127.45625,45.35208333,-2948
-127.4520833,45.35208333,-2937
-127.4479167,45.35208333,-2922
-127.44375,45.35208333,-2908
-127.4395833,45.35208333,-2905
-127.4354167,45.35208333,-2901
-127.43125,45.35208333,-2899
-127.4270833,45.35208333,-2896
-127.4229167,45.35208333,-2895
-127.41875,45.35208333,-2893
-127.4145833,45.35208333,-2890
-127.4104167,45.35208333,-2887
-127.40625,45.35208333,-2886
-127.4020833,45.35208333,-2885
-127.3979167,45.35208333,-2883
-127.39375,45.35208333,-2881
-127.3895833,45.35208333,-2879
-127.3854167,45.35208333,-2878
-127.38125,45.35208333,-2879
-127.3770833,45.35208333,-2881
-127.3729167,45.35208333,-2884
-127.36875,45.35208333,-2886
-127.3645833,45.35208333,-2888
-127.3604167,45.35208333,-2889
-127.35625,45.35208333,-2890
-127.3520833,45.35208333,-2890
-127.3479167,45.35208333,-2891
-127.34375,45.35208333,-2892
-127.3395833,45.35208333,-2892
-127.3354167,45.35208333,-2892
-127.33125,45.35208333,-2892
-127.3270833,45.35208333,-2891
-127.3229167,45.35208333,-2892
-127.31875,45.35208333,-2892
-127.3145833,45.35208333,-2892
-127.3104167,45.35208333,-2892
-127.30625,45.35208333,-2893
-127.3020833,45.35208333,-2894
-127.2979167,45.35208333,-2895
-127.29375,45.35208333,-2895
-127.2895833,45.35208333,-2894
-127.2854167,45.35208333,-2893
-127.28125,45.35208333,-2892
-127.2770833,45.35208333,-2891
-127.2729167,45.35208333,-2891
-127.26875,45.35208333,-2891
-127.2645833,45.35208333,-2890
-127.2604167,45.35208333,-2890
-127.25625,45.35208333,-2889
-127.2520833,45.35208333,-2889
-127.2479167,45.35208333,-2889
-127.24375,45.35208333,-2888
-127.2395833,45.35208333,-2888
-127.2354167,45.35208333,-2888
-127.23125,45.35208333,-2887
-127.2270833,45.35208333,-2886
-127.2229167,45.35208333,-2886
-127.21875,45.35208333,-2885
-127.2145833,45.35208333,-2885
-127.2104167,45.35208333,-2884
-127.20625,45.35208333,-2884
-127.2020833,45.35208333,-2884
-127.1979167,45.35208333,-2884
-127.19375,45.35208333,-2883
-127.1895833,45.35208333,-2883
-127.1854167,45.35208333,-2882
-127.18125,45.35208333,-2882
-127.1770833,45.35208333,-2882
-127.1729167,45.35208333,-2881
-127.16875,45.35208333,-2881
-127.1645833,45.35208333,-2881
-127.1604167,45.35208333,-2881
-127.15625,45.35208333,-2880
-127.1520833,45.35208333,-2880
-127.1479167,45.35208333,-2879
-127.14375,45.35208333,-2879
-127.1395833,45.35208333,-2879
-127.1354167,45.35208333,-2879
-127.13125,45.35208333,-2877
-127.1270833,45.35208333,-2876
-127.1229167,45.35208333,-2876
-127.11875,45.35208333,-2876
-127.1145833,45.35208333,-2875
-127.1104167,45.35208333,-2875
-127.10625,45.35208333,-2875
-127.1020833,45.35208333,-2875
-127.0979167,45.35208333,-2875
-127.09375,45.35208333,-2874
-127.0895833,45.35208333,-2874
-127.0854167,45.35208333,-2875
-127.08125,45.35208333,-2878
-127.0770833,45.35208333,-2878
-127.0729167,45.35208333,-2875
-127.06875,45.35208333,-2873
-127.0645833,45.35208333,-2870
-127.0604167,45.35208333,-2868
-127.05625,45.35208333,-2867
-127.0520833,45.35208333,-2865
-127.0479167,45.35208333,-2865
-127.04375,45.35208333,-2864
-127.0395833,45.35208333,-2864
-127.0354167,45.35208333,-2863
-127.03125,45.35208333,-2862
-127.0270833,45.35208333,-2862
-127.0229167,45.35208333,-2861
-127.01875,45.35208333,-2861
-127.0145833,45.35208333,-2860
-127.0104167,45.35208333,-2860
-127.00625,45.35208333,-2860
-127.0020833,45.35208333,-2860
-127.4979167,45.35625,-2864
-127.49375,45.35625,-2867
-127.4895833,45.35625,-2872
-127.4854167,45.35625,-2877
-127.48125,45.35625,-2885
-127.4770833,45.35625,-2894
-127.4729167,45.35625,-2916
-127.46875,45.35625,-2938
-127.4645833,45.35625,-2950
-127.4604167,45.35625,-2960
-127.45625,45.35625,-2955
-127.4520833,45.35625,-2948
-127.4479167,45.35625,-2928
-127.44375,45.35625,-2909
-127.4395833,45.35625,-2905
-127.4354167,45.35625,-2901
-127.43125,45.35625,-2899
-127.4270833,45.35625,-2897
-127.4229167,45.35625,-2895
-127.41875,45.35625,-2894
-127.4145833,45.35625,-2891
-127.4104167,45.35625,-2889
-127.40625,45.35625,-2888
-127.4020833,45.35625,-2886
-127.3979167,45.35625,-2884
-127.39375,45.35625,-2882
-127.3895833,45.35625,-2882
-127.3854167,45.35625,-2881
-127.38125,45.35625,-2880
-127.3770833,45.35625,-2881
-127.3729167,45.35625,-2883
-127.36875,45.35625,-2886
-127.3645833,45.35625,-2887
-127.3604167,45.35625,-2888
-127.35625,45.35625,-2889
-127.3520833,45.35625,-2889
-127.3479167,45.35625,-2890
-127.34375,45.35625,-2891
-127.3395833,45.35625,-2891
-127.3354167,45.35625,-2891
-127.33125,45.35625,-2891
-127.3270833,45.35625,-2891
-127.3229167,45.35625,-2891
-127.31875,45.35625,-2891
-127.3145833,45.35625,-2891
-127.3104167,45.35625,-2891
-127.30625,45.35625,-2893
-127.3020833,45.35625,-2893
-127.2979167,45.35625,-2894
-127.29375,45.35625,-2894
-127.2895833,45.35625,-2894
-127.2854167,45.35625,-2894
-127.28125,45.35625,-2892
-127.2770833,45.35625,-2890
-127.2729167,45.35625,-2891
-127.26875,45.35625,-2891
-127.2645833,45.35625,-2890
-127.2604167,45.35625,-2890
-127.25625,45.35625,-2889
-127.2520833,45.35625,-2889
-127.2479167,45.35625,-2888
-127.24375,45.35625,-2888
-127.2395833,45.35625,-2888
-127.2354167,45.35625,-2888
-127.23125,45.35625,-2887
-127.2270833,45.35625,-2887
-127.2229167,45.35625,-2886
-127.21875,45.35625,-2885
-127.2145833,45.35625,-2884
-127.2104167,45.35625,-2884
-127.20625,45.35625,-2884
-127.2020833,45.35625,-2883
-127.1979167,45.35625,-2882
-127.19375,45.35625,-2882
-127.1895833,45.35625,-2882
-127.1854167,45.35625,-2881
-127.18125,45.35625,-2881
-127.1770833,45.35625,-2881
-127.1729167,45.35625,-2880
-127.16875,45.35625,-2880
-127.1645833,45.35625,-2880
-127.1604167,45.35625,-2879
-127.15625,45.35625,-2879
-127.1520833,45.35625,-2879
-127.1479167,45.35625,-2878
-127.14375,45.35625,-2877
-127.1395833,45.35625,-2877
-127.1354167,45.35625,-2876
-127.13125,45.35625,-2876
-127.1270833,45.35625,-2876
-127.1229167,45.35625,-2877
-127.11875,45.35625,-2876
-127.1145833,45.35625,-2873
-127.1104167,45.35625,-2872
-127.10625,45.35625,-2875
-127.1020833,45.35625,-2875
-127.0979167,45.35625,-2874
-127.09375,45.35625,-2873
-127.0895833,45.35625,-2872
-127.0854167,45.35625,-2871
-127.08125,45.35625,-2871
-127.0770833,45.35625,-2871
-127.0729167,45.35625,-2870
-127.06875,45.35625,-2869
-127.0645833,45.35625,-2867
-127.0604167,45.35625,-2865
-127.05625,45.35625,-2864
-127.0520833,45.35625,-2863
-127.0479167,45.35625,-2862
-127.04375,45.35625,-2861
-127.0395833,45.35625,-2861
-127.0354167,45.35625,-2860
-127.03125,45.35625,-2858
-127.0270833,45.35625,-2858
-127.0229167,45.35625,-2858
-127.01875,45.35625,-2858
-127.0145833,45.35625,-2857
-127.0104167,45.35625,-2857
-127.00625,45.35625,-2856
-127.0020833,45.35625,-2857
-127.4979167,45.36041667,-2861
-127.49375,45.36041667,-2863
-127.4895833,45.36041667,-2868
-127.4854167,45.36041667,-2873
-127.48125,45.36041667,-2880
-127.4770833,45.36041667,-2889
-127.4729167,45.36041667,-2905
-127.46875,45.36041667,-2921
-127.4645833,45.36041667,-2942
-127.4604167,45.36041667,-2961
-127.45625,45.36041667,-2959
-127.4520833,45.36041667,-2955
-127.4479167,45.36041667,-2932
-127.44375,45.36041667,-2912
-127.4395833,45.36041667,-2907
-127.4354167,45.36041667,-2902
-127.43125,45.36041667,-2899
-127.4270833,45.36041667,-2897
-127.4229167,45.36041667,-2896
-127.41875,45.36041667,-2894
-127.4145833,45.36041667,-2893
-127.4104167,45.36041667,-2891
-127.40625,45.36041667,-2889
-127.4020833,45.36041667,-2888
-127.3979167,45.36041667,-2886
-127.39375,45.36041667,-2885
-127.3895833,45.36041667,-2883
-127.3854167,45.36041667,-2882
-127.38125,45.36041667,-2881
-127.3770833,45.36041667,-2881
-127.3729167,45.36041667,-2883
-127.36875,45.36041667,-2884
-127.3645833,45.36041667,-2886
-127.3604167,45.36041667,-2888
-127.35625,45.36041667,-2888
-127.3520833,45.36041667,-2889
-127.3479167,45.36041667,-2889
-127.34375,45.36041667,-2890
-127.3395833,45.36041667,-2890
-127.3354167,45.36041667,-2890
-127.33125,45.36041667,-2890
-127.3270833,45.36041667,-2890
-127.3229167,45.36041667,-2890
-127.31875,45.36041667,-2890
-127.3145833,45.36041667,-2891
-127.3104167,45.36041667,-2891
-127.30625,45.36041667,-2892
-127.3020833,45.36041667,-2892
-127.2979167,45.36041667,-2893
-127.29375,45.36041667,-2893
-127.2895833,45.36041667,-2893
-127.2854167,45.36041667,-2892
-127.28125,45.36041667,-2891
-127.2770833,45.36041667,-2890
-127.2729167,45.36041667,-2891
-127.26875,45.36041667,-2891
-127.2645833,45.36041667,-2890
-127.2604167,45.36041667,-2889
-127.25625,45.36041667,-2889
-127.2520833,45.36041667,-2889
-127.2479167,45.36041667,-2889
-127.24375,45.36041667,-2888
-127.2395833,45.36041667,-2887
-127.2354167,45.36041667,-2887
-127.23125,45.36041667,-2887
-127.2270833,45.36041667,-2886
-127.2229167,45.36041667,-2885
-127.21875,45.36041667,-2885
-127.2145833,45.36041667,-2884
-127.2104167,45.36041667,-2884
-127.20625,45.36041667,-2884
-127.2020833,45.36041667,-2883
-127.1979167,45.36041667,-2882
-127.19375,45.36041667,-2881
-127.1895833,45.36041667,-2881
-127.1854167,45.36041667,-2880
-127.18125,45.36041667,-2880
-127.1770833,45.36041667,-2879
-127.1729167,45.36041667,-2879
-127.16875,45.36041667,-2879
-127.1645833,45.36041667,-2879
-127.1604167,45.36041667,-2878
-127.15625,45.36041667,-2878
-127.1520833,45.36041667,-2878
-127.1479167,45.36041667,-2877
-127.14375,45.36041667,-2877
-127.1395833,45.36041667,-2875
-127.1354167,45.36041667,-2874
-127.13125,45.36041667,-2875
-127.1270833,45.36041667,-2875
-127.1229167,45.36041667,-2875
-127.11875,45.36041667,-2875
-127.1145833,45.36041667,-2873
-127.1104167,45.36041667,-2872
-127.10625,45.36041667,-2873
-127.1020833,45.36041667,-2873
-127.0979167,45.36041667,-2871
-127.09375,45.36041667,-2870
-127.0895833,45.36041667,-2869
-127.0854167,45.36041667,-2868
-127.08125,45.36041667,-2867
-127.0770833,45.36041667,-2867
-127.0729167,45.36041667,-2866
-127.06875,45.36041667,-2866
-127.0645833,45.36041667,-2864
-127.0604167,45.36041667,-2863
-127.05625,45.36041667,-2861
-127.0520833,45.36041667,-2860
-127.0479167,45.36041667,-2859
-127.04375,45.36041667,-2858
-127.0395833,45.36041667,-2858
-127.0354167,45.36041667,-2857
-127.03125,45.36041667,-2856
-127.0270833,45.36041667,-2855
-127.0229167,45.36041667,-2855
-127.01875,45.36041667,-2856
-127.0145833,45.36041667,-2856
-127.0104167,45.36041667,-2856
-127.00625,45.36041667,-2855
-127.0020833,45.36041667,-2855
-127.4979167,45.36458333,-2858
-127.49375,45.36458333,-2860
-127.4895833,45.36458333,-2864
-127.4854167,45.36458333,-2868
-127.48125,45.36458333,-2876
-127.4770833,45.36458333,-2883
-127.4729167,45.36458333,-2892
-127.46875,45.36458333,-2904
-127.4645833,45.36458333,-2935
-127.4604167,45.36458333,-2961
-127.45625,45.36458333,-2960
-127.4520833,45.36458333,-2957
-127.4479167,45.36458333,-2939
-127.44375,45.36458333,-2922
-127.4395833,45.36458333,-2912
-127.4354167,45.36458333,-2903
-127.43125,45.36458333,-2901
-127.4270833,45.36458333,-2899
-127.4229167,45.36458333,-2897
-127.41875,45.36458333,-2896
-127.4145833,45.36458333,-2894
-127.4104167,45.36458333,-2892
-127.40625,45.36458333,-2891
-127.4020833,45.36458333,-2889
-127.3979167,45.36458333,-2888
-127.39375,45.36458333,-2886
-127.3895833,45.36458333,-2885
-127.3854167,45.36458333,-2884
-127.38125,45.36458333,-2882
-127.3770833,45.36458333,-2881
-127.3729167,45.36458333,-2882
-127.36875,45.36458333,-2883
-127.3645833,45.36458333,-2884
-127.3604167,45.36458333,-2886
-127.35625,45.36458333,-2887
-127.3520833,45.36458333,-2888
-127.3479167,45.36458333,-2889
-127.34375,45.36458333,-2889
-127.3395833,45.36458333,-2889
-127.3354167,45.36458333,-2889
-127.33125,45.36458333,-2889
-127.3270833,45.36458333,-2888
-127.3229167,45.36458333,-2888
-127.31875,45.36458333,-2888
-127.3145833,45.36458333,-2890
-127.3104167,45.36458333,-2891
-127.30625,45.36458333,-2891
-127.3020833,45.36458333,-2891
-127.2979167,45.36458333,-2892
-127.29375,45.36458333,-2892
-127.2895833,45.36458333,-2891
-127.2854167,45.36458333,-2890
-127.28125,45.36458333,-2890
-127.2770833,45.36458333,-2890
-127.2729167,45.36458333,-2890
-127.26875,45.36458333,-2890
-127.2645833,45.36458333,-2889
-127.2604167,45.36458333,-2888
-127.25625,45.36458333,-2888
-127.2520833,45.36458333,-2888
-127.2479167,45.36458333,-2888
-127.24375,45.36458333,-2888
-127.2395833,45.36458333,-2886
-127.2354167,45.36458333,-2885
-127.23125,45.36458333,-2885
-127.2270833,45.36458333,-2885
-127.2229167,45.36458333,-2885
-127.21875,45.36458333,-2884
-127.2145833,45.36458333,-2884
-127.2104167,45.36458333,-2884
-127.20625,45.36458333,-2883
-127.2020833,45.36458333,-2882
-127.1979167,45.36458333,-2882
-127.19375,45.36458333,-2882
-127.1895833,45.36458333,-2881
-127.1854167,45.36458333,-2880
-127.18125,45.36458333,-2879
-127.1770833,45.36458333,-2879
-127.1729167,45.36458333,-2879
-127.16875,45.36458333,-2878
-127.1645833,45.36458333,-2878
-127.1604167,45.36458333,-2877
-127.15625,45.36458333,-2877
-127.1520833,45.36458333,-2876
-127.1479167,45.36458333,-2876
-127.14375,45.36458333,-2876
-127.1395833,45.36458333,-2875
-127.1354167,45.36458333,-2874
-127.13125,45.36458333,-2874
-127.1270833,45.36458333,-2874
-127.1229167,45.36458333,-2873
-127.11875,45.36458333,-2872
-127.1145833,45.36458333,-2872
-127.1104167,45.36458333,-2871
-127.10625,45.36458333,-2870
-127.1020833,45.36458333,-2869
-127.0979167,45.36458333,-2868
-127.09375,45.36458333,-2867
-127.0895833,45.36458333,-2866
-127.0854167,45.36458333,-2866
-127.08125,45.36458333,-2866
-127.0770833,45.36458333,-2865
-127.0729167,45.36458333,-2864
-127.06875,45.36458333,-2863
-127.0645833,45.36458333,-2862
-127.0604167,45.36458333,-2861
-127.05625,45.36458333,-2859
-127.0520833,45.36458333,-2857
-127.0479167,45.36458333,-2856
-127.04375,45.36458333,-2856
-127.0395833,45.36458333,-2856
-127.0354167,45.36458333,-2856
-127.03125,45.36458333,-2856
-127.0270833,45.36458333,-2855
-127.0229167,45.36458333,-2855
-127.01875,45.36458333,-2855
-127.0145833,45.36458333,-2856
-127.0104167,45.36458333,-2855
-127.00625,45.36458333,-2854
-127.0020833,45.36458333,-2853
-127.4979167,45.36875,-2857
-127.49375,45.36875,-2858
-127.4895833,45.36875,-2861
-127.4854167,45.36875,-2865
-127.48125,45.36875,-2871
-127.4770833,45.36875,-2877
-127.4729167,45.36875,-2885
-127.46875,45.36875,-2895
-127.4645833,45.36875,-2930
-127.4604167,45.36875,-2960
-127.45625,45.36875,-2960
-127.4520833,45.36875,-2958
-127.4479167,45.36875,-2948
-127.44375,45.36875,-2937
-127.4395833,45.36875,-2921
-127.4354167,45.36875,-2906
-127.43125,45.36875,-2903
-127.4270833,45.36875,-2900
-127.4229167,45.36875,-2898
-127.41875,45.36875,-2897
-127.4145833,45.36875,-2895
-127.4104167,45.36875,-2893
-127.40625,45.36875,-2892
-127.4020833,45.36875,-2890
-127.3979167,45.36875,-2889
-127.39375,45.36875,-2887
-127.3895833,45.36875,-2886
-127.3854167,45.36875,-2885
-127.38125,45.36875,-2883
-127.3770833,45.36875,-2881
-127.3729167,45.36875,-2881
-127.36875,45.36875,-2882
-127.3645833,45.36875,-2883
-127.3604167,45.36875,-2885
-127.35625,45.36875,-2886
-127.3520833,45.36875,-2888
-127.3479167,45.36875,-2888
-127.34375,45.36875,-2888
-127.3395833,45.36875,-2889
-127.3354167,45.36875,-2889
-127.33125,45.36875,-2888
-127.3270833,45.36875,-2888
-127.3229167,45.36875,-2888
-127.31875,45.36875,-2888
-127.3145833,45.36875,-2889
-127.3104167,45.36875,-2890
-127.30625,45.36875,-2891
-127.3020833,45.36875,-2891
-127.2979167,45.36875,-2891
-127.29375,45.36875,-2890
-127.2895833,45.36875,-2889
-127.2854167,45.36875,-2889
-127.28125,45.36875,-2890
-127.2770833,45.36875,-2890
-127.2729167,45.36875,-2889
-127.26875,45.36875,-2888
-127.2645833,45.36875,-2887
-127.2604167,45.36875,-2887
-127.25625,45.36875,-2887
-127.2520833,45.36875,-2887
-127.2479167,45.36875,-2887
-127.24375,45.36875,-2887
-127.2395833,45.36875,-2886
-127.2354167,45.36875,-2885
-127.23125,45.36875,-2885
-127.2270833,45.36875,-2885
-127.2229167,45.36875,-2884
-127.21875,45.36875,-2883
-127.2145833,45.36875,-2883
-127.2104167,45.36875,-2883
-127.20625,45.36875,-2882
-127.2020833,45.36875,-2882
-127.1979167,45.36875,-2882
-127.19375,45.36875,-2881
-127.1895833,45.36875,-2880
-127.1854167,45.36875,-2880
-127.18125,45.36875,-2880
-127.1770833,45.36875,-2879
-127.1729167,45.36875,-2879
-127.16875,45.36875,-2878
-127.1645833,45.36875,-2878
-127.1604167,45.36875,-2877
-127.15625,45.36875,-2877
-127.1520833,45.36875,-2876
-127.1479167,45.36875,-2876
-127.14375,45.36875,-2875
-127.1395833,45.36875,-2874
-127.1354167,45.36875,-2874
-127.13125,45.36875,-2873
-127.1270833,45.36875,-2872
-127.1229167,45.36875,-2871
-127.11875,45.36875,-2870
-127.1145833,45.36875,-2870
-127.1104167,45.36875,-2869
-127.10625,45.36875,-2868
-127.1020833,45.36875,-2867
-127.0979167,45.36875,-2865
-127.09375,45.36875,-2864
-127.0895833,45.36875,-2864
-127.0854167,45.36875,-2864
-127.08125,45.36875,-2864
-127.0770833,45.36875,-2864
-127.0729167,45.36875,-2863
-127.06875,45.36875,-2862
-127.0645833,45.36875,-2862
-127.0604167,45.36875,-2861
-127.05625,45.36875,-2859
-127.0520833,45.36875,-2857
-127.0479167,45.36875,-2856
-127.04375,45.36875,-2855
-127.0395833,45.36875,-2857
-127.0354167,45.36875,-2857
-127.03125,45.36875,-2856
-127.0270833,45.36875,-2856
-127.0229167,45.36875,-2855
-127.01875,45.36875,-2854
-127.0145833,45.36875,-2854
-127.0104167,45.36875,-2854
-127.00625,45.36875,-2853
-127.0020833,45.36875,-2852
-127.4979167,45.37291667,-2857
-127.49375,45.37291667,-2858
-127.4895833,45.37291667,-2860
-127.4854167,45.37291667,-2862
-127.48125,45.37291667,-2866
-127.4770833,45.37291667,-2871
-127.4729167,45.37291667,-2879
-127.46875,45.37291667,-2889
-127.4645833,45.37291667,-2918
-127.4604167,45.37291667,-2944
-127.45625,45.37291667,-2952
-127.4520833,45.37291667,-2959
-127.4479167,45.37291667,-2956
-127.44375,45.37291667,-2950
-127.4395833,45.37291667,-2928
-127.4354167,45.37291667,-2909
-127.43125,45.37291667,-2905
-127.4270833,45.37291667,-2901
-127.4229167,45.37291667,-2899
-127.41875,45.37291667,-2897
-127.4145833,45.37291667,-2896
-127.4104167,45.37291667,-2894
-127.40625,45.37291667,-2893
-127.4020833,45.37291667,-2891
-127.3979167,45.37291667,-2890
-127.39375,45.37291667,-2889
-127.3895833,45.37291667,-2888
-127.3854167,45.37291667,-2886
-127.38125,45.37291667,-2884
-127.3770833,45.37291667,-2883
-127.3729167,45.37291667,-2881
-127.36875,45.37291667,-2881
-127.3645833,45.37291667,-2882
-127.3604167,45.37291667,-2884
-127.35625,45.37291667,-2885
-127.3520833,45.37291667,-2887
-127.3479167,45.37291667,-2887
-127.34375,45.37291667,-2888
-127.3395833,45.37291667,-2888
-127.3354167,45.37291667,-2888
-127.33125,45.37291667,-2888
-127.3270833,45.37291667,-2888
-127.3229167,45.37291667,-2888
-127.31875,45.37291667,-2888
-127.3145833,45.37291667,-2888
-127.3104167,45.37291667,-2889
-127.30625,45.37291667,-2889
-127.3020833,45.37291667,-2890
-127.2979167,45.37291667,-2889
-127.29375,45.37291667,-2889
-127.2895833,45.37291667,-2888
-127.2854167,45.37291667,-2887
-127.28125,45.37291667,-2888
-127.2770833,45.37291667,-2889
-127.2729167,45.37291667,-2889
-127.26875,45.37291667,-2888
-127.2645833,45.37291667,-2887
-127.2604167,45.37291667,-2886
-127.25625,45.37291667,-2887
-127.2520833,45.37291667,-2887
-127.2479167,45.37291667,-2886
-127.24375,45.37291667,-2886
-127.2395833,45.37291667,-2885
-127.2354167,45.37291667,-2884
-127.23125,45.37291667,-2883
-127.2270833,45.37291667,-2883
-127.2229167,45.37291667,-2883
-127.21875,45.37291667,-2883
-127.2145833,45.37291667,-2883
-127.2104167,45.37291667,-2883
-127.20625,45.37291667,-2883
-127.2020833,45.37291667,-2882
-127.1979167,45.37291667,-2882
-127.19375,45.37291667,-2881
-127.1895833,45.37291667,-2880
-127.1854167,45.37291667,-2880
-127.18125,45.37291667,-2880
-127.1770833,45.37291667,-2880
-127.1729167,45.37291667,-2879
-127.16875,45.37291667,-2878
-127.1645833,45.37291667,-2878
-127.1604167,45.37291667,-2878
-127.15625,45.37291667,-2877
-127.1520833,45.37291667,-2876
-127.1479167,45.37291667,-2875
-127.14375,45.37291667,-2874
-127.1395833,45.37291667,-2873
-127.1354167,45.37291667,-2872
-127.13125,45.37291667,-2871
-127.1270833,45.37291667,-2870
-127.1229167,45.37291667,-2869
-127.11875,45.37291667,-2868
-127.1145833,45.37291667,-2868
-127.1104167,45.37291667,-2868
-127.10625,45.37291667,-2866
-127.1020833,45.37291667,-2865
-127.0979167,45.37291667,-2863
-127.09375,45.37291667,-2862
-127.0895833,45.37291667,-2862
-127.0854167,45.37291667,-2862
-127.08125,45.37291667,-2862
-127.0770833,45.37291667,-2862
-127.0729167,45.37291667,-2862
-127.06875,45.37291667,-2862
-127.0645833,45.37291667,-2862
-127.0604167,45.37291667,-2862
-127.05625,45.37291667,-2861
-127.0520833,45.37291667,-2859
-127.0479167,45.37291667,-2858
-127.04375,45.37291667,-2858
-127.0395833,45.37291667,-2858
-127.0354167,45.37291667,-2857
-127.03125,45.37291667,-2856
-127.0270833,45.37291667,-2855
-127.0229167,45.37291667,-2854
-127.01875,45.37291667,-2854
-127.0145833,45.37291667,-2854
-127.0104167,45.37291667,-2854
-127.00625,45.37291667,-2853
-127.0020833,45.37291667,-2852
-127.4979167,45.37708333,-2856
-127.49375,45.37708333,-2859
-127.4895833,45.37708333,-2859
-127.4854167,45.37708333,-2859
-127.48125,45.37708333,-2862
-127.4770833,45.37708333,-2865
-127.4729167,45.37708333,-2872
-127.46875,45.37708333,-2880
-127.4645833,45.37708333,-2896
-127.4604167,45.37708333,-2914
-127.45625,45.37708333,-2938
-127.4520833,45.37708333,-2959
-127.4479167,45.37708333,-2958
-127.44375,45.37708333,-2955
-127.4395833,45.37708333,-2934
-127.4354167,45.37708333,-2916
-127.43125,45.37708333,-2910
-127.4270833,45.37708333,-2905
-127.4229167,45.37708333,-2902
-127.41875,45.37708333,-2899
-127.4145833,45.37708333,-2897
-127.4104167,45.37708333,-2895
-127.40625,45.37708333,-2894
-127.4020833,45.37708333,-2892
-127.3979167,45.37708333,-2891
-127.39375,45.37708333,-2890
-127.3895833,45.37708333,-2889
-127.3854167,45.37708333,-2888
-127.38125,45.37708333,-2887
-127.3770833,45.37708333,-2885
-127.3729167,45.37708333,-2884
-127.36875,45.37708333,-2882
-127.3645833,45.37708333,-2882
-127.3604167,45.37708333,-2883
-127.35625,45.37708333,-2883
-127.3520833,45.37708333,-2884
-127.3479167,45.37708333,-2886
-127.34375,45.37708333,-2887
-127.3395833,45.37708333,-2887
-127.3354167,45.37708333,-2887
-127.33125,45.37708333,-2887
-127.3270833,45.37708333,-2887
-127.3229167,45.37708333,-2887
-127.31875,45.37708333,-2886
-127.3145833,45.37708333,-2887
-127.3104167,45.37708333,-2887
-127.30625,45.37708333,-2888
-127.3020833,45.37708333,-2888
-127.2979167,45.37708333,-2888
-127.29375,45.37708333,-2888
-127.2895833,45.37708333,-2887
-127.2854167,45.37708333,-2887
-127.28125,45.37708333,-2887
-127.2770833,45.37708333,-2887
-127.2729167,45.37708333,-2888
-127.26875,45.37708333,-2888
-127.2645833,45.37708333,-2887
-127.2604167,45.37708333,-2887
-127.25625,45.37708333,-2887
-127.2520833,45.37708333,-2887
-127.2479167,45.37708333,-2885
-127.24375,45.37708333,-2884
-127.2395833,45.37708333,-2884
-127.2354167,45.37708333,-2883
-127.23125,45.37708333,-2882
-127.2270833,45.37708333,-2881
-127.2229167,45.37708333,-2882
-127.21875,45.37708333,-2882
-127.2145833,45.37708333,-2882
-127.2104167,45.37708333,-2882
-127.20625,45.37708333,-2882
-127.2020833,45.37708333,-2882
-127.1979167,45.37708333,-2881
-127.19375,45.37708333,-2881
-127.1895833,45.37708333,-2880
-127.1854167,45.37708333,-2880
-127.18125,45.37708333,-2879
-127.1770833,45.37708333,-2879
-127.1729167,45.37708333,-2878
-127.16875,45.37708333,-2878
-127.1645833,45.37708333,-2878
-127.1604167,45.37708333,-2877
-127.15625,45.37708333,-2875
-127.1520833,45.37708333,-2874
-127.1479167,45.37708333,-2873
-127.14375,45.37708333,-2872
-127.1395833,45.37708333,-2871
-127.1354167,45.37708333,-2869
-127.13125,45.37708333,-2868
-127.1270833,45.37708333,-2867
-127.1229167,45.37708333,-2866
-127.11875,45.37708333,-2866
-127.1145833,45.37708333,-2866
-127.1104167,45.37708333,-2866
-127.10625,45.37708333,-2864
-127.1020833,45.37708333,-2863
-127.0979167,45.37708333,-2862
-127.09375,45.37708333,-2862
-127.0895833,45.37708333,-2861
-127.0854167,45.37708333,-2861
-127.08125,45.37708333,-2861
-127.0770833,45.37708333,-2861
-127.0729167,45.37708333,-2862
-127.06875,45.37708333,-2862
-127.0645833,45.37708333,-2862
-127.0604167,45.37708333,-2862
-127.05625,45.37708333,-2861
-127.0520833,45.37708333,-2860
-127.0479167,45.37708333,-2859
-127.04375,45.37708333,-2859
-127.0395833,45.37708333,-2858
-127.0354167,45.37708333,-2857
-127.03125,45.37708333,-2856
-127.0270833,45.37708333,-2855
-127.0229167,45.37708333,-2854
-127.01875,45.37708333,-2853
-127.0145833,45.37708333,-2853
-127.0104167,45.37708333,-2853
-127.00625,45.37708333,-2852
-127.0020833,45.37708333,-2851
-127.4979167,45.38125,-2855
-127.49375,45.38125,-2857
-127.4895833,45.38125,-2857
-127.4854167,45.38125,-2857
-127.48125,45.38125,-2859
-127.4770833,45.38125,-2862
-127.4729167,45.38125,-2867
-127.46875,45.38125,-2872
-127.4645833,45.38125,-2882
-127.4604167,45.38125,-2895
-127.45625,45.38125,-2929
-127.4520833,45.38125,-2959
-127.4479167,45.38125,-2959
-127.44375,45.38125,-2957
-127.4395833,45.38125,-2943
-127.4354167,45.38125,-2929
-127.43125,45.38125,-2918
-127.4270833,45.38125,-2908
-127.4229167,45.38125,-2904
-127.41875,45.38125,-2900
-127.4145833,45.38125,-2899
-127.4104167,45.38125,-2897
-127.40625,45.38125,-2895
-127.4020833,45.38125,-2894
-127.3979167,45.38125,-2893
-127.39375,45.38125,-2891
-127.3895833,45.38125,-2890
-127.3854167,45.38125,-2889
-127.38125,45.38125,-2888
-127.3770833,45.38125,-2887
-127.3729167,45.38125,-2886
-127.36875,45.38125,-2885
-127.3645833,45.38125,-2884
-127.3604167,45.38125,-2883
-127.35625,45.38125,-2884
-127.3520833,45.38125,-2884
-127.3479167,45.38125,-2885
-127.34375,45.38125,-2885
-127.3395833,45.38125,-2886
-127.3354167,45.38125,-2886
-127.33125,45.38125,-2886
-127.3270833,45.38125,-2886
-127.3229167,45.38125,-2886
-127.31875,45.38125,-2886
-127.3145833,45.38125,-2886
-127.3104167,45.38125,-2886
-127.30625,45.38125,-2887
-127.3020833,45.38125,-2887
-127.2979167,45.38125,-2888
-127.29375,45.38125,-2888
-127.2895833,45.38125,-2888
-127.2854167,45.38125,-2888
-127.28125,45.38125,-2888
-127.2770833,45.38125,-2887
-127.2729167,45.38125,-2887
-127.26875,45.38125,-2887
-127.2645833,45.38125,-2887
-127.2604167,45.38125,-2887
-127.25625,45.38125,-2886
-127.2520833,45.38125,-2885
-127.2479167,45.38125,-2884
-127.24375,45.38125,-2883
-127.2395833,45.38125,-2883
-127.2354167,45.38125,-2882
-127.23125,45.38125,-2881
-127.2270833,45.38125,-2881
-127.2229167,45.38125,-2881
-127.21875,45.38125,-2881
-127.2145833,45.38125,-2881
-127.2104167,45.38125,-2881
-127.20625,45.38125,-2881
-127.2020833,45.38125,-2881
-127.1979167,45.38125,-2881
-127.19375,45.38125,-2880
-127.1895833,45.38125,-2881
-127.1854167,45.38125,-2880
-127.18125,45.38125,-2880
-127.1770833,45.38125,-2879
-127.1729167,45.38125,-2878
-127.16875,45.38125,-2877
-127.1645833,45.38125,-2876
-127.1604167,45.38125,-2875
-127.15625,45.38125,-2873
-127.1520833,45.38125,-2872
-127.1479167,45.38125,-2871
-127.14375,45.38125,-2870
-127.1395833,45.38125,-2869
-127.1354167,45.38125,-2867
-127.13125,45.38125,-2867
-127.1270833,45.38125,-2866
-127.1229167,45.38125,-2865
-127.11875,45.38125,-2865
-127.1145833,45.38125,-2865
-127.1104167,45.38125,-2864
-127.10625,45.38125,-2864
-127.1020833,45.38125,-2863
-127.0979167,45.38125,-2863
-127.09375,45.38125,-2862
-127.0895833,45.38125,-2861
-127.0854167,45.38125,-2861
-127.08125,45.38125,-2861
-127.0770833,45.38125,-2861
-127.0729167,45.38125,-2861
-127.06875,45.38125,-2861
-127.0645833,45.38125,-2861
-127.0604167,45.38125,-2860
-127.05625,45.38125,-2860
-127.0520833,45.38125,-2859
-127.0479167,45.38125,-2859
-127.04375,45.38125,-2859
-127.0395833,45.38125,-2858
-127.0354167,45.38125,-2857
-127.03125,45.38125,-2856
-127.0270833,45.38125,-2855
-127.0229167,45.38125,-2854
-127.01875,45.38125,-2853
-127.0145833,45.38125,-2853
-127.0104167,45.38125,-2852
-127.00625,45.38125,-2851
-127.0020833,45.38125,-2850
-127.4979167,45.38541667,-2854
-127.49375,45.38541667,-2854
-127.4895833,45.38541667,-2855
-127.4854167,45.38541667,-2855
-127.48125,45.38541667,-2857
-127.4770833,45.38541667,-2860
-127.4729167,45.38541667,-2863
-127.46875,45.38541667,-2867
-127.4645833,45.38541667,-2877
-127.4604167,45.38541667,-2889
-127.45625,45.38541667,-2918
-127.4520833,45.38541667,-2946
-127.4479167,45.38541667,-2953
-127.44375,45.38541667,-2959
-127.4395833,45.38541667,-2953
-127.4354167,45.38541667,-2946
-127.43125,45.38541667,-2928
-127.4270833,45.38541667,-2911
-127.4229167,45.38541667,-2907
-127.41875,45.38541667,-2903
-127.4145833,45.38541667,-2901
-127.4104167,45.38541667,-2899
-127.40625,45.38541667,-2897
-127.4020833,45.38541667,-2895
-127.3979167,45.38541667,-2894
-127.39375,45.38541667,-2893
-127.3895833,45.38541667,-2891
-127.3854167,45.38541667,-2890
-127.38125,45.38541667,-2889
-127.3770833,45.38541667,-2888
-127.3729167,45.38541667,-2887
-127.36875,45.38541667,-2886
-127.3645833,45.38541667,-2885
-127.3604167,45.38541667,-2885
-127.35625,45.38541667,-2885
-127.3520833,45.38541667,-2886
-127.3479167,45.38541667,-2886
-127.34375,45.38541667,-2886
-127.3395833,45.38541667,-2885
-127.3354167,45.38541667,-2885
-127.33125,45.38541667,-2885
-127.3270833,45.38541667,-2885
-127.3229167,45.38541667,-2885
-127.31875,45.38541667,-2885
-127.3145833,45.38541667,-2885
-127.3104167,45.38541667,-2885
-127.30625,45.38541667,-2886
-127.3020833,45.38541667,-2887
-127.2979167,45.38541667,-2887
-127.29375,45.38541667,-2887
-127.2895833,45.38541667,-2887
-127.2854167,45.38541667,-2887
-127.28125,45.38541667,-2887
-127.2770833,45.38541667,-2887
-127.2729167,45.38541667,-2886
-127.26875,45.38541667,-2886
-127.2645833,45.38541667,-2887
-127.2604167,45.38541667,-2886
-127.25625,45.38541667,-2885
-127.2520833,45.38541667,-2883
-127.2479167,45.38541667,-2882
-127.24375,45.38541667,-2881
-127.2395833,45.38541667,-2881
-127.2354167,45.38541667,-2881
-127.23125,45.38541667,-2881
-127.2270833,45.38541667,-2880
-127.2229167,45.38541667,-2880
-127.21875,45.38541667,-2880
-127.2145833,45.38541667,-2880
-127.2104167,45.38541667,-2880
-127.20625,45.38541667,-2880
-127.2020833,45.38541667,-2880
-127.1979167,45.38541667,-2879
-127.19375,45.38541667,-2879
-127.1895833,45.38541667,-2879
-127.1854167,45.38541667,-2879
-127.18125,45.38541667,-2878
-127.1770833,45.38541667,-2877
-127.1729167,45.38541667,-2876
-127.16875,45.38541667,-2875
-127.1645833,45.38541667,-2874
-127.1604167,45.38541667,-2873
-127.15625,45.38541667,-2872
-127.1520833,45.38541667,-2871
-127.1479167,45.38541667,-2870
-127.14375,45.38541667,-2869
-127.1395833,45.38541667,-2868
-127.1354167,45.38541667,-2867
-127.13125,45.38541667,-2866
-127.1270833,45.38541667,-2866
-127.1229167,45.38541667,-2865
-127.11875,45.38541667,-2865
-127.1145833,45.38541667,-2865
-127.1104167,45.38541667,-2865
-127.10625,45.38541667,-2865
-127.1020833,45.38541667,-2864
-127.0979167,45.38541667,-2863
-127.09375,45.38541667,-2863
-127.0895833,45.38541667,-2862
-127.0854167,45.38541667,-2861
-127.08125,45.38541667,-2861
-127.0770833,45.38541667,-2861
-127.0729167,45.38541667,-2861
-127.06875,45.38541667,-2860
-127.0645833,45.38541667,-2860
-127.0604167,45.38541667,-2859
-127.05625,45.38541667,-2859
-127.0520833,45.38541667,-2859
-127.0479167,45.38541667,-2859
-127.04375,45.38541667,-2858
-127.0395833,45.38541667,-2857
-127.0354167,45.38541667,-2856
-127.03125,45.38541667,-2855
-127.0270833,45.38541667,-2854
-127.0229167,45.38541667,-2853
-127.01875,45.38541667,-2853
-127.0145833,45.38541667,-2852
-127.0104167,45.38541667,-2851
-127.00625,45.38541667,-2850
-127.0020833,45.38541667,-2850
-127.4979167,45.38958333,-2852
-127.49375,45.38958333,-2851
-127.4895833,45.38958333,-2853
-127.4854167,45.38958333,-2854
-127.48125,45.38958333,-2854
-127.4770833,45.38958333,-2855
-127.4729167,45.38958333,-2858
-127.46875,45.38958333,-2862
-127.4645833,45.38958333,-2871
-127.4604167,45.38958333,-2880
-127.45625,45.38958333,-2897
-127.4520833,45.38958333,-2914
-127.4479167,45.38958333,-2937
-127.44375,45.38958333,-2957
-127.4395833,45.38958333,-2958
-127.4354167,45.38958333,-2955
-127.43125,45.38958333,-2934
-127.4270833,45.38958333,-2915
-127.4229167,45.38958333,-2911
-127.41875,45.38958333,-2907
-127.4145833,45.38958333,-2903
-127.4104167,45.38958333,-2900
-127.40625,45.38958333,-2899
-127.4020833,45.38958333,-2898
-127.3979167,45.38958333,-2896
-127.39375,45.38958333,-2894
-127.3895833,45.38958333,-2893
-127.3854167,45.38958333,-2891
-127.38125,45.38958333,-2890
-127.3770833,45.38958333,-2890
-127.3729167,45.38958333,-2889
-127.36875,45.38958333,-2889
-127.3645833,45.38958333,-2887
-127.3604167,45.38958333,-2886
-127.35625,45.38958333,-2886
-127.3520833,45.38958333,-2886
-127.3479167,45.38958333,-2886
-127.34375,45.38958333,-2885
-127.3395833,45.38958333,-2886
-127.3354167,45.38958333,-2886
-127.33125,45.38958333,-2886
-127.3270833,45.38958333,-2886
-127.3229167,45.38958333,-2886
-127.31875,45.38958333,-2886
-127.3145833,45.38958333,-2884
-127.3104167,45.38958333,-2884
-127.30625,45.38958333,-2884
-127.3020833,45.38958333,-2885
-127.2979167,45.38958333,-2886
-127.29375,45.38958333,-2887
-127.2895833,45.38958333,-2887
-127.2854167,45.38958333,-2886
-127.28125,45.38958333,-2886
-127.2770833,45.38958333,-2886
-127.2729167,45.38958333,-2886
-127.26875,45.38958333,-2885
-127.2645833,45.38958333,-2885
-127.2604167,45.38958333,-2884
-127.25625,45.38958333,-2883
-127.2520833,45.38958333,-2882
-127.2479167,45.38958333,-2881
-127.24375,45.38958333,-2881
-127.2395833,45.38958333,-2880
-127.2354167,45.38958333,-2879
-127.23125,45.38958333,-2879
-127.2270833,45.38958333,-2879
-127.2229167,45.38958333,-2879
-127.21875,45.38958333,-2878
-127.2145833,45.38958333,-2878
-127.2104167,45.38958333,-2878
-127.20625,45.38958333,-2878
-127.2020833,45.38958333,-2878
-127.1979167,45.38958333,-2877
-127.19375,45.38958333,-2877
-127.1895833,45.38958333,-2876
-127.1854167,45.38958333,-2876
-127.18125,45.38958333,-2875
-127.1770833,45.38958333,-2874
-127.1729167,45.38958333,-2873
-127.16875,45.38958333,-2872
-127.1645833,45.38958333,-2872
-127.1604167,45.38958333,-2871
-127.15625,45.38958333,-2871
-127.1520833,45.38958333,-2870
-127.1479167,45.38958333,-2869
-127.14375,45.38958333,-2868
-127.1395833,45.38958333,-2868
-127.1354167,45.38958333,-2867
-127.13125,45.38958333,-2867
-127.1270833,45.38958333,-2867
-127.1229167,45.38958333,-2866
-127.11875,45.38958333,-2866
-127.1145833,45.38958333,-2866
-127.1104167,45.38958333,-2865
-127.10625,45.38958333,-2865
-127.1020833,45.38958333,-2864
-127.0979167,45.38958333,-2863
-127.09375,45.38958333,-2862
-127.0895833,45.38958333,-2862
-127.0854167,45.38958333,-2862
-127.08125,45.38958333,-2861
-127.0770833,45.38958333,-2861
-127.0729167,45.38958333,-2860
-127.06875,45.38958333,-2860
-127.0645833,45.38958333,-2859
-127.0604167,45.38958333,-2859
-127.05625,45.38958333,-2859
-127.0520833,45.38958333,-2858
-127.0479167,45.38958333,-2858
-127.04375,45.38958333,-2857
-127.0395833,45.38958333,-2856
-127.0354167,45.38958333,-2855
-127.03125,45.38958333,-2854
-127.0270833,45.38958333,-2853
-127.0229167,45.38958333,-2853
-127.01875,45.38958333,-2853
-127.0145833,45.38958333,-2852
-127.0104167,45.38958333,-2851
-127.00625,45.38958333,-2850
-127.0020833,45.38958333,-2850
-127.4979167,45.39375,-2847
-127.49375,45.39375,-2848
-127.4895833,45.39375,-2851
-127.4854167,45.39375,-2853
-127.48125,45.39375,-2852
-127.4770833,45.39375,-2851
-127.4729167,45.39375,-2855
-127.46875,45.39375,-2858
-127.4645833,45.39375,-2864
-127.4604167,45.39375,-2869
-127.45625,45.39375,-2879
-127.4520833,45.39375,-2892
-127.4479167,45.39375,-2923
-127.44375,45.39375,-2951
-127.4395833,45.39375,-2955
-127.4354167,45.39375,-2958
-127.43125,45.39375,-2945
-127.4270833,45.39375,-2932
-127.4229167,45.39375,-2921
-127.41875,45.39375,-2911
-127.4145833,45.39375,-2906
-127.4104167,45.39375,-2903
-127.40625,45.39375,-2902
-127.4020833,45.39375,-2900
-127.3979167,45.39375,-2898
-127.39375,45.39375,-2895
-127.3895833,45.39375,-2894
-127.3854167,45.39375,-2893
-127.38125,45.39375,-2893
-127.3770833,45.39375,-2892
-127.3729167,45.39375,-2891
-127.36875,45.39375,-2889
-127.3645833,45.39375,-2888
-127.3604167,45.39375,-2888
-127.35625,45.39375,-2887
-127.3520833,45.39375,-2886
-127.3479167,45.39375,-2886
-127.34375,45.39375,-2885
-127.3395833,45.39375,-2885
-127.3354167,45.39375,-2885
-127.33125,45.39375,-2886
-127.3270833,45.39375,-2886
-127.3229167,45.39375,-2886
-127.31875,45.39375,-2886
-127.3145833,45.39375,-2885
-127.3104167,45.39375,-2884
-127.30625,45.39375,-2884
-127.3020833,45.39375,-2884
-127.2979167,45.39375,-2885
-127.29375,45.39375,-2885
-127.2895833,45.39375,-2885
-127.2854167,45.39375,-2884
-127.28125,45.39375,-2885
-127.2770833,45.39375,-2885
-127.2729167,45.39375,-2884
-127.26875,45.39375,-2884
-127.2645833,45.39375,-2883
-127.2604167,45.39375,-2882
-127.25625,45.39375,-2881
-127.2520833,45.39375,-2880
-127.2479167,45.39375,-2880
-127.24375,45.39375,-2880
-127.2395833,45.39375,-2879
-127.2354167,45.39375,-2879
-127.23125,45.39375,-2878
-127.2270833,45.39375,-2878
-127.2229167,45.39375,-2878
-127.21875,45.39375,-2877
-127.2145833,45.39375,-2877
-127.2104167,45.39375,-2877
-127.20625,45.39375,-2877
-127.2020833,45.39375,-2877
-127.1979167,45.39375,-2876
-127.19375,45.39375,-2875
-127.1895833,45.39375,-2874
-127.1854167,45.39375,-2874
-127.18125,45.39375,-2873
-127.1770833,45.39375,-2872
-127.1729167,45.39375,-2871
-127.16875,45.39375,-2871
-127.1645833,45.39375,-2871
-127.1604167,45.39375,-2870
-127.15625,45.39375,-2870
-127.1520833,45.39375,-2870
-127.1479167,45.39375,-2869
-127.14375,45.39375,-2868
-127.1395833,45.39375,-2868
-127.1354167,45.39375,-2868
-127.13125,45.39375,-2868
-127.1270833,45.39375,-2867
-127.1229167,45.39375,-2867
-127.11875,45.39375,-2867
-127.1145833,45.39375,-2866
-127.1104167,45.39375,-2865
-127.10625,45.39375,-2865
-127.1020833,45.39375,-2864
-127.0979167,45.39375,-2863
-127.09375,45.39375,-2862
-127.0895833,45.39375,-2862
-127.0854167,45.39375,-2862
-127.08125,45.39375,-2861
-127.0770833,45.39375,-2861
-127.0729167,45.39375,-2860
-127.06875,45.39375,-2859
-127.0645833,45.39375,-2859
-127.0604167,45.39375,-2859
-127.05625,45.39375,-2858
-127.0520833,45.39375,-2858
-127.0479167,45.39375,-2857
-127.04375,45.39375,-2857
-127.0395833,45.39375,-2856
-127.0354167,45.39375,-2855
-127.03125,45.39375,-2854
-127.0270833,45.39375,-2853
-127.0229167,45.39375,-2853
-127.01875,45.39375,-2852
-127.0145833,45.39375,-2851
-127.0104167,45.39375,-2851
-127.00625,45.39375,-2851
-127.0020833,45.39375,-2850
-127.4979167,45.39791667,-2843
-127.49375,45.39791667,-2845
-127.4895833,45.39791667,-2848
-127.4854167,45.39791667,-2850
-127.48125,45.39791667,-2850
-127.4770833,45.39791667,-2851
-127.4729167,45.39791667,-2854
-127.46875,45.39791667,-2857
-127.4645833,45.39791667,-2859
-127.4604167,45.39791667,-2862
-127.45625,45.39791667,-2872
-127.4520833,45.39791667,-2883
-127.4479167,45.39791667,-2904
-127.44375,45.39791667,-2924
-127.4395833,45.39791667,-2943
-127.4354167,45.39791667,-2959
-127.43125,45.39791667,-2954
-127.4270833,45.39791667,-2947
-127.4229167,45.39791667,-2928
-127.41875,45.39791667,-2912
-127.4145833,45.39791667,-2908
-127.4104167,45.39791667,-2904
-127.40625,45.39791667,-2904
-127.4020833,45.39791667,-2903
-127.3979167,45.39791667,-2900
-127.39375,45.39791667,-2897
-127.3895833,45.39791667,-2895
-127.3854167,45.39791667,-2894
-127.38125,45.39791667,-2894
-127.3770833,45.39791667,-2894
-127.3729167,45.39791667,-2892
-127.36875,45.39791667,-2890
-127.3645833,45.39791667,-2889
-127.3604167,45.39791667,-2889
-127.35625,45.39791667,-2888
-127.3520833,45.39791667,-2887
-127.3479167,45.39791667,-2886
-127.34375,45.39791667,-2886
-127.3395833,45.39791667,-2885
-127.3354167,45.39791667,-2885
-127.33125,45.39791667,-2885
-127.3270833,45.39791667,-2885
-127.3229167,45.39791667,-2885
-127.31875,45.39791667,-2885
-127.3145833,45.39791667,-2885
-127.3104167,45.39791667,-2885
-127.30625,45.39791667,-2884
-127.3020833,45.39791667,-2883
-127.2979167,45.39791667,-2884
-127.29375,45.39791667,-2884
-127.2895833,45.39791667,-2884
-127.2854167,45.39791667,-2884
-127.28125,45.39791667,-2883
-127.2770833,45.39791667,-2883
-127.2729167,45.39791667,-2882
-127.26875,45.39791667,-2882
-127.2645833,45.39791667,-2881
-127.2604167,45.39791667,-2881
-127.25625,45.39791667,-2880
-127.2520833,45.39791667,-2879
-127.2479167,45.39791667,-2879
-127.24375,45.39791667,-2879
-127.2395833,45.39791667,-2879
-127.2354167,45.39791667,-2878
-127.23125,45.39791667,-2877
-127.2270833,45.39791667,-2877
-127.2229167,45.39791667,-2876
-127.21875,45.39791667,-2876
-127.2145833,45.39791667,-2875
-127.2104167,45.39791667,-2875
-127.20625,45.39791667,-2875
-127.2020833,45.39791667,-2875
-127.1979167,45.39791667,-2874
-127.19375,45.39791667,-2874
-127.1895833,45.39791667,-2873
-127.1854167,45.39791667,-2873
-127.18125,45.39791667,-2872
-127.1770833,45.39791667,-2871
-127.1729167,45.39791667,-2872
-127.16875,45.39791667,-2871
-127.1645833,45.39791667,-2871
-127.1604167,45.39791667,-2871
-127.15625,45.39791667,-2871
-127.1520833,45.39791667,-2871
-127.1479167,45.39791667,-2870
-127.14375,45.39791667,-2869
-127.1395833,45.39791667,-2869
-127.1354167,45.39791667,-2869
-127.13125,45.39791667,-2868
-127.1270833,45.39791667,-2868
-127.1229167,45.39791667,-2867
-127.11875,45.39791667,-2866
-127.1145833,45.39791667,-2865
-127.1104167,45.39791667,-2865
-127.10625,45.39791667,-2864
-127.1020833,45.39791667,-2864
-127.0979167,45.39791667,-2863
-127.09375,45.39791667,-2862
-127.0895833,45.39791667,-2862
-127.0854167,45.39791667,-2862
-127.08125,45.39791667,-2861
-127.0770833,45.39791667,-2861
-127.0729167,45.39791667,-2860
-127.06875,45.39791667,-2859
-127.0645833,45.39791667,-2859
-127.0604167,45.39791667,-2858
-127.05625,45.39791667,-2858
-127.0520833,45.39791667,-2858
-127.0479167,45.39791667,-2857
-127.04375,45.39791667,-2856
-127.0395833,45.39791667,-2855
-127.0354167,45.39791667,-2854
-127.03125,45.39791667,-2853
-127.0270833,45.39791667,-2852
-127.0229167,45.39791667,-2852
-127.01875,45.39791667,-2851
-127.0145833,45.39791667,-2851
-127.0104167,45.39791667,-2850
-127.00625,45.39791667,-2850
-127.0020833,45.39791667,-2850
-127.4979167,45.40208333,-2841
-127.49375,45.40208333,-2842
-127.4895833,45.40208333,-2844
-127.4854167,45.40208333,-2846
-127.48125,45.40208333,-2847
-127.4770833,45.40208333,-2849
-127.4729167,45.40208333,-2851
-127.46875,45.40208333,-2853
-127.4645833,45.40208333,-2855
-127.4604167,45.40208333,-2857
-127.45625,45.40208333,-2864
-127.4520833,45.40208333,-2872
-127.4479167,45.40208333,-2882
-127.44375,45.40208333,-2895
-127.4395833,45.40208333,-2929
-127.4354167,45.40208333,-2959
-127.43125,45.40208333,-2957
-127.4270833,45.40208333,-2953
-127.4229167,45.40208333,-2936
-127.41875,45.40208333,-2920
-127.4145833,45.40208333,-2912
-127.4104167,45.40208333,-2906
-127.40625,45.40208333,-2906
-127.4020833,45.40208333,-2906
-127.3979167,45.40208333,-2902
-127.39375,45.40208333,-2899
-127.3895833,45.40208333,-2898
-127.3854167,45.40208333,-2898
-127.38125,45.40208333,-2897
-127.3770833,45.40208333,-2896
-127.3729167,45.40208333,-2893
-127.36875,45.40208333,-2891
-127.3645833,45.40208333,-2890
-127.3604167,45.40208333,-2890
-127.35625,45.40208333,-2889
-127.3520833,45.40208333,-2888
-127.3479167,45.40208333,-2887
-127.34375,45.40208333,-2886
-127.3395833,45.40208333,-2886
-127.3354167,45.40208333,-2886
-127.33125,45.40208333,-2885
-127.3270833,45.40208333,-2885
-127.3229167,45.40208333,-2885
-127.31875,45.40208333,-2885
-127.3145833,45.40208333,-2885
-127.3104167,45.40208333,-2885
-127.30625,45.40208333,-2883
-127.3020833,45.40208333,-2883
-127.2979167,45.40208333,-2883
-127.29375,45.40208333,-2883
-127.2895833,45.40208333,-2883
-127.2854167,45.40208333,-2883
-127.28125,45.40208333,-2883
-127.2770833,45.40208333,-2883
-127.2729167,45.40208333,-2882
-127.26875,45.40208333,-2881
-127.2645833,45.40208333,-2880
-127.2604167,45.40208333,-2879
-127.25625,45.40208333,-2878
-127.2520833,45.40208333,-2878
-127.2479167,45.40208333,-2878
-127.24375,45.40208333,-2877
-127.2395833,45.40208333,-2877
-127.2354167,45.40208333,-2877
-127.23125,45.40208333,-2876
-127.2270833,45.40208333,-2875
-127.2229167,45.40208333,-2874
-127.21875,45.40208333,-2874
-127.2145833,45.40208333,-2873
-127.2104167,45.40208333,-2873
-127.20625,45.40208333,-2873
-127.2020833,45.40208333,-2873
-127.1979167,45.40208333,-2873
-127.19375,45.40208333,-2873
-127.1895833,45.40208333,-2873
-127.1854167,45.40208333,-2873
-127.18125,45.40208333,-2872
-127.1770833,45.40208333,-2872
-127.1729167,45.40208333,-2872
-127.16875,45.40208333,-2872
-127.1645833,45.40208333,-2872
-127.1604167,45.40208333,-2872
-127.15625,45.40208333,-2871
-127.1520833,45.40208333,-2871
-127.1479167,45.40208333,-2870
-127.14375,45.40208333,-2870
-127.1395833,45.40208333,-2869
-127.1354167,45.40208333,-2868
-127.13125,45.40208333,-2868
-127.1270833,45.40208333,-2867
-127.1229167,45.40208333,-2866
-127.11875,45.40208333,-2866
-127.1145833,45.40208333,-2865
-127.1104167,45.40208333,-2864
-127.10625,45.40208333,-2864
-127.1020833,45.40208333,-2863
-127.0979167,45.40208333,-2863
-127.09375,45.40208333,-2862
-127.0895833,45.40208333,-2862
-127.0854167,45.40208333,-2861
-127.08125,45.40208333,-2861
-127.0770833,45.40208333,-2860
-127.0729167,45.40208333,-2859
-127.06875,45.40208333,-2859
-127.0645833,45.40208333,-2858
-127.0604167,45.40208333,-2858
-127.05625,45.40208333,-2858
-127.0520833,45.40208333,-2857
-127.0479167,45.40208333,-2856
-127.04375,45.40208333,-2855
-127.0395833,45.40208333,-2854
-127.0354167,45.40208333,-2854
-127.03125,45.40208333,-2853
-127.0270833,45.40208333,-2852
-127.0229167,45.40208333,-2851
-127.01875,45.40208333,-2851
-127.0145833,45.40208333,-2850
-127.0104167,45.40208333,-2850
-127.00625,45.40208333,-2850
-127.0020833,45.40208333,-2849
-127.4979167,45.40625,-2838
-127.49375,45.40625,-2840
-127.4895833,45.40625,-2841
-127.4854167,45.40625,-2843
-127.48125,45.40625,-2844
-127.4770833,45.40625,-2846
-127.4729167,45.40625,-2848
-127.46875,45.40625,-2850
-127.4645833,45.40625,-2851
-127.4604167,45.40625,-2853
-127.45625,45.40625,-2857
-127.4520833,45.40625,-2862
-127.4479167,45.40625,-2871
-127.44375,45.40625,-2883
-127.4395833,45.40625,-2909
-127.4354167,45.40625,-2934
-127.43125,45.40625,-2948
-127.4270833,45.40625,-2958
-127.4229167,45.40625,-2949
-127.41875,45.40625,-2940
-127.4145833,45.40625,-2925
-127.4104167,45.40625,-2913
-127.40625,45.40625,-2910
-127.4020833,45.40625,-2907
-127.3979167,45.40625,-2904
-127.39375,45.40625,-2902
-127.3895833,45.40625,-2902
-127.3854167,45.40625,-2902
-127.38125,45.40625,-2900
-127.3770833,45.40625,-2899
-127.3729167,45.40625,-2897
-127.36875,45.40625,-2895
-127.3645833,45.40625,-2893
-127.3604167,45.40625,-2892
-127.35625,45.40625,-2891
-127.3520833,45.40625,-2890
-127.3479167,45.40625,-2888
-127.34375,45.40625,-2887
-127.3395833,45.40625,-2887
-127.3354167,45.40625,-2887
-127.33125,45.40625,-2886
-127.3270833,45.40625,-2885
-127.3229167,45.40625,-2885
-127.31875,45.40625,-2885
-127.3145833,45.40625,-2885
-127.3104167,45.40625,-2885
-127.30625,45.40625,-2884
-127.3020833,45.40625,-2883
-127.2979167,45.40625,-2883
-127.29375,45.40625,-2883
-127.2895833,45.40625,-2883
-127.2854167,45.40625,-2882
-127.28125,45.40625,-2882
-127.2770833,45.40625,-2882
-127.2729167,45.40625,-2882
-127.26875,45.40625,-2882
-127.2645833,45.40625,-2880
-127.2604167,45.40625,-2879
-127.25625,45.40625,-2878
-127.2520833,45.40625,-2877
-127.2479167,45.40625,-2876
-127.24375,45.40625,-2876
-127.2395833,45.40625,-2875
-127.2354167,45.40625,-2875
-127.23125,45.40625,-2874
-127.2270833,45.40625,-2873
-127.2229167,45.40625,-2873
-127.21875,45.40625,-2872
-127.2145833,45.40625,-2872
-127.2104167,45.40625,-2872
-127.20625,45.40625,-2872
-127.2020833,45.40625,-2872
-127.1979167,45.40625,-2872
-127.19375,45.40625,-2872
-127.1895833,45.40625,-2873
-127.1854167,45.40625,-2873
-127.18125,45.40625,-2874
-127.1770833,45.40625,-2874
-127.1729167,45.40625,-2873
-127.16875,45.40625,-2872
-127.1645833,45.40625,-2872
-127.1604167,45.40625,-2872
-127.15625,45.40625,-2871
-127.1520833,45.40625,-2871
-127.1479167,45.40625,-2870
-127.14375,45.40625,-2869
-127.1395833,45.40625,-2868
-127.1354167,45.40625,-2867
-127.13125,45.40625,-2867
-127.1270833,45.40625,-2866
-127.1229167,45.40625,-2865
-127.11875,45.40625,-2864
-127.1145833,45.40625,-2864
-127.1104167,45.40625,-2863
-127.10625,45.40625,-2863
-127.1020833,45.40625,-2862
-127.0979167,45.40625,-2862
-127.09375,45.40625,-2861
-127.0895833,45.40625,-2861
-127.0854167,45.40625,-2861
-127.08125,45.40625,-2860
-127.0770833,45.40625,-2860
-127.0729167,45.40625,-2859
-127.06875,45.40625,-2858
-127.0645833,45.40625,-2858
-127.0604167,45.40625,-2857
-127.05625,45.40625,-2857
-127.0520833,45.40625,-2857
-127.0479167,45.40625,-2856
-127.04375,45.40625,-2855
-127.0395833,45.40625,-2854
-127.0354167,45.40625,-2853
-127.03125,45.40625,-2852
-127.0270833,45.40625,-2851
-127.0229167,45.40625,-2851
-127.01875,45.40625,-2850
-127.0145833,45.40625,-2850
-127.0104167,45.40625,-2849
-127.00625,45.40625,-2849
-127.0020833,45.40625,-2849
-127.4979167,45.41041667,-2837
-127.49375,45.41041667,-2839
-127.4895833,45.41041667,-2841
-127.4854167,45.41041667,-2843
-127.48125,45.41041667,-2844
-127.4770833,45.41041667,-2845
-127.4729167,45.41041667,-2847
-127.46875,45.41041667,-2848
-127.4645833,45.41041667,-2849
-127.4604167,45.41041667,-2850
-127.45625,45.41041667,-2852
-127.4520833,45.41041667,-2854
-127.4479167,45.41041667,-2863
-127.44375,45.41041667,-2872
-127.4395833,45.41041667,-2884
-127.4354167,45.41041667,-2899
-127.43125,45.41041667,-2933
-127.4270833,45.41041667,-2961
-127.4229167,45.41041667,-2956
-127.41875,45.41041667,-2949
-127.4145833,45.41041667,-2936
-127.4104167,45.41041667,-2923
-127.40625,45.41041667,-2916
-127.4020833,45.41041667,-2910
-127.3979167,45.41041667,-2908
-127.39375,45.41041667,-2907
-127.3895833,45.41041667,-2906
-127.3854167,45.41041667,-2906
-127.38125,45.41041667,-2903
-127.3770833,45.41041667,-2901
-127.3729167,45.41041667,-2899
-127.36875,45.41041667,-2898
-127.3645833,45.41041667,-2897
-127.3604167,45.41041667,-2895
-127.35625,45.41041667,-2894
-127.3520833,45.41041667,-2892
-127.3479167,45.41041667,-2890
-127.34375,45.41041667,-2888
-127.3395833,45.41041667,-2888
-127.3354167,45.41041667,-2888
-127.33125,45.41041667,-2886
-127.3270833,45.41041667,-2885
-127.3229167,45.41041667,-2885
-127.31875,45.41041667,-2885
-127.3145833,45.41041667,-2885
-127.3104167,45.41041667,-2885
-127.30625,45.41041667,-2883
-127.3020833,45.41041667,-2882
-127.2979167,45.41041667,-2882
-127.29375,45.41041667,-2882
-127.2895833,45.41041667,-2882
-127.2854167,45.41041667,-2882
-127.28125,45.41041667,-2882
-127.2770833,45.41041667,-2881
-127.2729167,45.41041667,-2881
-127.26875,45.41041667,-2880
-127.2645833,45.41041667,-2879
-127.2604167,45.41041667,-2878
-127.25625,45.41041667,-2877
-127.2520833,45.41041667,-2876
-127.2479167,45.41041667,-2875
-127.24375,45.41041667,-2875
-127.2395833,45.41041667,-2874
-127.2354167,45.41041667,-2874
-127.23125,45.41041667,-2873
-127.2270833,45.41041667,-2873
-127.2229167,45.41041667,-2872
-127.21875,45.41041667,-2872
-127.2145833,45.41041667,-2872
-127.2104167,45.41041667,-2872
-127.20625,45.41041667,-2872
-127.2020833,45.41041667,-2873
-127.1979167,45.41041667,-2873
-127.19375,45.41041667,-2873
-127.1895833,45.41041667,-2873
-127.1854167,45.41041667,-2874
-127.18125,45.41041667,-2875
-127.1770833,45.41041667,-2875
-127.1729167,45.41041667,-2873
-127.16875,45.41041667,-2873
-127.1645833,45.41041667,-2872
-127.1604167,45.41041667,-2872
-127.15625,45.41041667,-2871
-127.1520833,45.41041667,-2870
-127.1479167,45.41041667,-2869
-127.14375,45.41041667,-2868
-127.1395833,45.41041667,-2867
-127.1354167,45.41041667,-2867
-127.13125,45.41041667,-2866
-127.1270833,45.41041667,-2865
-127.1229167,45.41041667,-2864
-127.11875,45.41041667,-2864
-127.1145833,45.41041667,-2863
-127.1104167,45.41041667,-2863
-127.10625,45.41041667,-2862
-127.1020833,45.41041667,-2862
-127.0979167,45.41041667,-2861
-127.09375,45.41041667,-2860
-127.0895833,45.41041667,-2860
-127.0854167,45.41041667,-2860
-127.08125,45.41041667,-2859
-127.0770833,45.41041667,-2859
-127.0729167,45.41041667,-2858
-127.06875,45.41041667,-2858
-127.0645833,45.41041667,-2857
-127.0604167,45.41041667,-2856
-127.05625,45.41041667,-2856
-127.0520833,45.41041667,-2856
-127.0479167,45.41041667,-2856
-127.04375,45.41041667,-2855
-127.0395833,45.41041667,-2854
-127.0354167,45.41041667,-2853
-127.03125,45.41041667,-2852
-127.0270833,45.41041667,-2850
-127.0229167,45.41041667,-2849
-127.01875,45.41041667,-2849
-127.0145833,45.41041667,-2849
-127.0104167,45.41041667,-2849
-127.00625,45.41041667,-2848
-127.0020833,45.41041667,-2848
-127.4979167,45.41458333,-2837
-127.49375,45.41458333,-2838
-127.4895833,45.41458333,-2840
-127.4854167,45.41458333,-2843
-127.48125,45.41458333,-2844
-127.4770833,45.41458333,-2845
-127.4729167,45.41458333,-2846
-127.46875,45.41458333,-2847
-127.4645833,45.41458333,-2848
-127.4604167,45.41458333,-2848
-127.45625,45.41458333,-2849
-127.4520833,45.41458333,-2850
-127.4479167,45.41458333,-2853
-127.44375,45.41458333,-2856
-127.4395833,45.41458333,-2867
-127.4354167,45.41458333,-2882
-127.43125,45.41458333,-2919
-127.4270833,45.41458333,-2951
-127.4229167,45.41458333,-2951
-127.41875,45.41458333,-2951
-127.4145833,45.41458333,-2946
-127.4104167,45.41458333,-2940
-127.40625,45.41458333,-2926
-127.4020833,45.41458333,-2915
-127.3979167,45.41458333,-2913
-127.39375,45.41458333,-2912
-127.3895833,45.41458333,-2910
-127.3854167,45.41458333,-2908
-127.38125,45.41458333,-2905
-127.3770833,45.41458333,-2903
-127.3729167,45.41458333,-2901
-127.36875,45.41458333,-2900
-127.3645833,45.41458333,-2900
-127.3604167,45.41458333,-2899
-127.35625,45.41458333,-2896
-127.3520833,45.41458333,-2893
-127.3479167,45.41458333,-2892
-127.34375,45.41458333,-2891
-127.3395833,45.41458333,-2889
-127.3354167,45.41458333,-2888
-127.33125,45.41458333,-2887
-127.3270833,45.41458333,-2886
-127.3229167,45.41458333,-2886
-127.31875,45.41458333,-2886
-127.3145833,45.41458333,-2885
-127.3104167,45.41458333,-2884
-127.30625,45.41458333,-2883
-127.3020833,45.41458333,-2882
-127.2979167,45.41458333,-2882
-127.29375,45.41458333,-2881
-127.2895833,45.41458333,-2881
-127.2854167,45.41458333,-2881
-127.28125,45.41458333,-2881
-127.2770833,45.41458333,-2880
-127.2729167,45.41458333,-2880
-127.26875,45.41458333,-2879
-127.2645833,45.41458333,-2878
-127.2604167,45.41458333,-2877
-127.25625,45.41458333,-2876
-127.2520833,45.41458333,-2875
-127.2479167,45.41458333,-2875
-127.24375,45.41458333,-2874
-127.2395833,45.41458333,-2874
-127.2354167,45.41458333,-2874
-127.23125,45.41458333,-2873
-127.2270833,45.41458333,-2873
-127.2229167,45.41458333,-2873
-127.21875,45.41458333,-2873
-127.2145833,45.41458333,-2873
-127.2104167,45.41458333,-2873
-127.20625,45.41458333,-2872
-127.2020833,45.41458333,-2872
-127.1979167,45.41458333,-2873
-127.19375,45.41458333,-2873
-127.1895833,45.41458333,-2873
-127.1854167,45.41458333,-2874
-127.18125,45.41458333,-2874
-127.1770833,45.41458333,-2874
-127.1729167,45.41458333,-2874
-127.16875,45.41458333,-2873
-127.1645833,45.41458333,-2873
-127.1604167,45.41458333,-2872
-127.15625,45.41458333,-2870
-127.1520833,45.41458333,-2869
-127.1479167,45.41458333,-2868
-127.14375,45.41458333,-2868
-127.1395833,45.41458333,-2867
-127.1354167,45.41458333,-2866
-127.13125,45.41458333,-2865
-127.1270833,45.41458333,-2865
-127.1229167,45.41458333,-2863
-127.11875,45.41458333,-2863
-127.1145833,45.41458333,-2862
-127.1104167,45.41458333,-2862
-127.10625,45.41458333,-2862
-127.1020833,45.41458333,-2861
-127.0979167,45.41458333,-2860
-127.09375,45.41458333,-2860
-127.0895833,45.41458333,-2859
-127.0854167,45.41458333,-2858
-127.08125,45.41458333,-2858
-127.0770833,45.41458333,-2858
-127.0729167,45.41458333,-2858
-127.06875,45.41458333,-2857
-127.0645833,45.41458333,-2856
-127.0604167,45.41458333,-2855
-127.05625,45.41458333,-2855
-127.0520833,45.41458333,-2855
-127.0479167,45.41458333,-2855
-127.04375,45.41458333,-2855
-127.0395833,45.41458333,-2854
-127.0354167,45.41458333,-2853
-127.03125,45.41458333,-2852
-127.0270833,45.41458333,-2850
-127.0229167,45.41458333,-2849
-127.01875,45.41458333,-2849
-127.0145833,45.41458333,-2848
-127.0104167,45.41458333,-2848
-127.00625,45.41458333,-2848
-127.0020833,45.41458333,-2848
-127.4979167,45.41875,-2837
-127.49375,45.41875,-2838
-127.4895833,45.41875,-2839
-127.4854167,45.41875,-2841
-127.48125,45.41875,-2842
-127.4770833,45.41875,-2843
-127.4729167,45.41875,-2844
-127.46875,45.41875,-2845
-127.4645833,45.41875,-2848
-127.4604167,45.41875,-2851
-127.45625,45.41875,-2848
-127.4520833,45.41875,-2845
-127.4479167,45.41875,-2845
-127.44375,45.41875,-2846
-127.4395833,45.41875,-2867
-127.4354167,45.41875,-2881
-127.43125,45.41875,-2927
-127.4270833,45.41875,-2944
-127.4229167,45.41875,-2954
-127.41875,45.41875,-2963
-127.4145833,45.41875,-2959
-127.4104167,45.41875,-2953
-127.40625,45.41875,-2935
-127.4020833,45.41875,-2921
-127.3979167,45.41875,-2919
-127.39375,45.41875,-2918
-127.3895833,45.41875,-2916
-127.3854167,45.41875,-2914
-127.38125,45.41875,-2911
-127.3770833,45.41875,-2909
-127.3729167,45.41875,-2906
-127.36875,45.41875,-2904
-127.3645833,45.41875,-2903
-127.3604167,45.41875,-2902
-127.35625,45.41875,-2898
-127.3520833,45.41875,-2896
-127.3479167,45.41875,-2896
-127.34375,45.41875,-2896
-127.3395833,45.41875,-2892
-127.3354167,45.41875,-2889
-127.33125,45.41875,-2888
-127.3270833,45.41875,-2887
-127.3229167,45.41875,-2888
-127.31875,45.41875,-2888
-127.3145833,45.41875,-2885
-127.3104167,45.41875,-2882
-127.30625,45.41875,-2882
-127.3020833,45.41875,-2881
-127.2979167,45.41875,-2881
-127.29375,45.41875,-2880
-127.2895833,45.41875,-2880
-127.2854167,45.41875,-2879
-127.28125,45.41875,-2879
-127.2770833,45.41875,-2879
-127.2729167,45.41875,-2879
-127.26875,45.41875,-2878
-127.2645833,45.41875,-2877
-127.2604167,45.41875,-2876
-127.25625,45.41875,-2875
-127.2520833,45.41875,-2875
-127.2479167,45.41875,-2875
-127.24375,45.41875,-2875
-127.2395833,45.41875,-2874
-127.2354167,45.41875,-2874
-127.23125,45.41875,-2874
-127.2270833,45.41875,-2874
-127.2229167,45.41875,-2874
-127.21875,45.41875,-2874
-127.2145833,45.41875,-2874
-127.2104167,45.41875,-2874
-127.20625,45.41875,-2873
-127.2020833,45.41875,-2873
-127.1979167,45.41875,-2873
-127.19375,45.41875,-2873
-127.1895833,45.41875,-2873
-127.1854167,45.41875,-2873
-127.18125,45.41875,-2873
-127.1770833,45.41875,-2873
-127.1729167,45.41875,-2873
-127.16875,45.41875,-2873
-127.1645833,45.41875,-2872
-127.1604167,45.41875,-2871
-127.15625,45.41875,-2870
-127.1520833,45.41875,-2869
-127.1479167,45.41875,-2868
-127.14375,45.41875,-2867
-127.1395833,45.41875,-2866
-127.1354167,45.41875,-2865
-127.13125,45.41875,-2865
-127.1270833,45.41875,-2864
-127.1229167,45.41875,-2863
-127.11875,45.41875,-2862
-127.1145833,45.41875,-2862
-127.1104167,45.41875,-2861
-127.10625,45.41875,-2861
-127.1020833,45.41875,-2860
-127.0979167,45.41875,-2860
-127.09375,45.41875,-2859
-127.0895833,45.41875,-2858
-127.0854167,45.41875,-2857
-127.08125,45.41875,-2856
-127.0770833,45.41875,-2856
-127.0729167,45.41875,-2857
-127.06875,45.41875,-2856
-127.0645833,45.41875,-2855
-127.0604167,45.41875,-2854
-127.05625,45.41875,-2854
-127.0520833,45.41875,-2854
-127.0479167,45.41875,-2854
-127.04375,45.41875,-2853
-127.0395833,45.41875,-2853
-127.0354167,45.41875,-2852
-127.03125,45.41875,-2850
-127.0270833,45.41875,-2849
-127.0229167,45.41875,-2849
-127.01875,45.41875,-2848
-127.0145833,45.41875,-2848
-127.0104167,45.41875,-2848
-127.00625,45.41875,-2848
-127.0020833,45.41875,-2847
-127.4979167,45.42291667,-2836
-127.49375,45.42291667,-2836
-127.4895833,45.42291667,-2837
-127.4854167,45.42291667,-2838
-127.48125,45.42291667,-2837
-127.4770833,45.42291667,-2836
-127.4729167,45.42291667,-2840
-127.46875,45.42291667,-2844
-127.4645833,45.42291667,-2843
-127.4604167,45.42291667,-2844
-127.45625,45.42291667,-2869
-127.4520833,45.42291667,-2867
-127.4479167,45.42291667,-2861
-127.44375,45.42291667,-2849
-127.4395833,45.42291667,-2850
-127.4354167,45.42291667,-2853
-127.43125,45.42291667,-2855
-127.4270833,45.42291667,-2861
-127.4229167,45.42291667,-2868
-127.41875,45.42291667,-2880
-127.4145833,45.42291667,-2892
-127.4104167,45.42291667,-2922
-127.40625,45.42291667,-2935
-127.4020833,45.42291667,-2928
-127.3979167,45.42291667,-2925
-127.39375,45.42291667,-2923
-127.3895833,45.42291667,-2921
-127.3854167,45.42291667,-2919
-127.38125,45.42291667,-2916
-127.3770833,45.42291667,-2914
-127.3729167,45.42291667,-2911
-127.36875,45.42291667,-2909
-127.3645833,45.42291667,-2908
-127.3604167,45.42291667,-2906
-127.35625,45.42291667,-2902
-127.3520833,45.42291667,-2899
-127.3479167,45.42291667,-2899
-127.34375,45.42291667,-2899
-127.3395833,45.42291667,-2895
-127.3354167,45.42291667,-2891
-127.33125,45.42291667,-2890
-127.3270833,45.42291667,-2889
-127.3229167,45.42291667,-2888
-127.31875,45.42291667,-2887
-127.3145833,45.42291667,-2885
-127.3104167,45.42291667,-2882
-127.30625,45.42291667,-2882
-127.3020833,45.42291667,-2881
-127.2979167,45.42291667,-2880
-127.29375,45.42291667,-2880
-127.2895833,45.42291667,-2879
-127.2854167,45.42291667,-2878
-127.28125,45.42291667,-2878
-127.2770833,45.42291667,-2878
-127.2729167,45.42291667,-2878
-127.26875,45.42291667,-2878
-127.2645833,45.42291667,-2877
-127.2604167,45.42291667,-2876
-127.25625,45.42291667,-2876
-127.2520833,45.42291667,-2875
-127.2479167,45.42291667,-2875
-127.24375,45.42291667,-2875
-127.2395833,45.42291667,-2875
-127.2354167,45.42291667,-2875
-127.23125,45.42291667,-2875
-127.2270833,45.42291667,-2875
-127.2229167,45.42291667,-2874
-127.21875,45.42291667,-2874
-127.2145833,45.42291667,-2874
-127.2104167,45.42291667,-2874
-127.20625,45.42291667,-2874
-127.2020833,45.42291667,-2873
-127.1979167,45.42291667,-2873
-127.19375,45.42291667,-2873
-127.1895833,45.42291667,-2872
-127.1854167,45.42291667,-2872
-127.18125,45.42291667,-2872
-127.1770833,45.42291667,-2872
-127.1729167,45.42291667,-2872
-127.16875,45.42291667,-2872
-127.1645833,45.42291667,-2872
-127.1604167,45.42291667,-2871
-127.15625,45.42291667,-2870
-127.1520833,45.42291667,-2869
-127.1479167,45.42291667,-2868
-127.14375,45.42291667,-2867
-127.1395833,45.42291667,-2866
-127.1354167,45.42291667,-2865
-127.13125,45.42291667,-2863
-127.1270833,45.42291667,-2863
-127.1229167,45.42291667,-2862
-127.11875,45.42291667,-2862
-127.1145833,45.42291667,-2861
-127.1104167,45.42291667,-2861
-127.10625,45.42291667,-2859
-127.1020833,45.42291667,-2859
-127.0979167,45.42291667,-2858
-127.09375,45.42291667,-2858
-127.0895833,45.42291667,-2857
-127.0854167,45.42291667,-2856
-127.08125,45.42291667,-2856
-127.0770833,45.42291667,-2855
-127.0729167,45.42291667,-2855
-127.06875,45.42291667,-2855
-127.0645833,45.42291667,-2853
-127.0604167,45.42291667,-2853
-127.05625,45.42291667,-2853
-127.0520833,45.42291667,-2853
-127.0479167,45.42291667,-2853
-127.04375,45.42291667,-2852
-127.0395833,45.42291667,-2852
-127.0354167,45.42291667,-2851
-127.03125,45.42291667,-2849
-127.0270833,45.42291667,-2848
-127.0229167,45.42291667,-2848
-127.01875,45.42291667,-2847
-127.0145833,45.42291667,-2848
-127.0104167,45.42291667,-2847
-127.00625,45.42291667,-2847
-127.0020833,45.42291667,-2846
-127.4979167,45.42708333,-2835
-127.49375,45.42708333,-2836
-127.4895833,45.42708333,-2836
-127.4854167,45.42708333,-2835
-127.48125,45.42708333,-2854
-127.4770833,45.42708333,-2851
-127.4729167,45.42708333,-2840
-127.46875,45.42708333,-2841
-127.4645833,45.42708333,-2841
-127.4604167,45.42708333,-2842
-127.45625,45.42708333,-2845
-127.4520833,45.42708333,-2847
-127.4479167,45.42708333,-2848
-127.44375,45.42708333,-2848
-127.4395833,45.42708333,-2849
-127.4354167,45.42708333,-2850
-127.43125,45.42708333,-2852
-127.4270833,45.42708333,-2855
-127.4229167,45.42708333,-2859
-127.41875,45.42708333,-2865
-127.4145833,45.42708333,-2870
-127.4104167,45.42708333,-2885
-127.40625,45.42708333,-2941
-127.4020833,45.42708333,-2938
-127.3979167,45.42708333,-2925
-127.39375,45.42708333,-2914
-127.3895833,45.42708333,-2915
-127.3854167,45.42708333,-2915
-127.38125,45.42708333,-2916
-127.3770833,45.42708333,-2917
-127.3729167,45.42708333,-2915
-127.36875,45.42708333,-2913
-127.3645833,45.42708333,-2910
-127.3604167,45.42708333,-2906
-127.35625,45.42708333,-2904
-127.3520833,45.42708333,-2902
-127.3479167,45.42708333,-2901
-127.34375,45.42708333,-2900
-127.3395833,45.42708333,-2897
-127.3354167,45.42708333,-2894
-127.33125,45.42708333,-2892
-127.3270833,45.42708333,-2890
-127.3229167,45.42708333,-2887
-127.31875,45.42708333,-2885
-127.3145833,45.42708333,-2884
-127.3104167,45.42708333,-2882
-127.30625,45.42708333,-2881
-127.3020833,45.42708333,-2880
-127.2979167,45.42708333,-2880
-127.29375,45.42708333,-2879
-127.2895833,45.42708333,-2879
-127.2854167,45.42708333,-2879
-127.28125,45.42708333,-2878
-127.2770833,45.42708333,-2878
-127.2729167,45.42708333,-2878
-127.26875,45.42708333,-2878
-127.2645833,45.42708333,-2877
-127.2604167,45.42708333,-2877
-127.25625,45.42708333,-2877
-127.2520833,45.42708333,-2876
-127.2479167,45.42708333,-2876
-127.24375,45.42708333,-2876
-127.2395833,45.42708333,-2876
-127.2354167,45.42708333,-2876
-127.23125,45.42708333,-2876
-127.2270833,45.42708333,-2875
-127.2229167,45.42708333,-2875
-127.21875,45.42708333,-2874
-127.2145833,45.42708333,-2874
-127.2104167,45.42708333,-2874
-127.20625,45.42708333,-2874
-127.2020833,45.42708333,-2874
-127.1979167,45.42708333,-2873
-127.19375,45.42708333,-2873
-127.1895833,45.42708333,-2872
-127.1854167,45.42708333,-2871
-127.18125,45.42708333,-2871
-127.1770833,45.42708333,-2871
-127.1729167,45.42708333,-2871
-127.16875,45.42708333,-2871
-127.1645833,45.42708333,-2871
-127.1604167,45.42708333,-2870
-127.15625,45.42708333,-2869
-127.1520833,45.42708333,-2868
-127.1479167,45.42708333,-2867
-127.14375,45.42708333,-2865
-127.1395833,45.42708333,-2864
-127.1354167,45.42708333,-2863
-127.13125,45.42708333,-2862
-127.1270833,45.42708333,-2861
-127.1229167,45.42708333,-2861
-127.11875,45.42708333,-2861
-127.1145833,45.42708333,-2860
-127.1104167,45.42708333,-2859
-127.10625,45.42708333,-2858
-127.1020833,45.42708333,-2857
-127.0979167,45.42708333,-2857
-127.09375,45.42708333,-2857
-127.0895833,45.42708333,-2856
-127.0854167,45.42708333,-2855
-127.08125,45.42708333,-2855
-127.0770833,45.42708333,-2854
-127.0729167,45.42708333,-2854
-127.06875,45.42708333,-2854
-127.0645833,45.42708333,-2853
-127.0604167,45.42708333,-2852
-127.05625,45.42708333,-2852
-127.0520833,45.42708333,-2852
-127.0479167,45.42708333,-2851
-127.04375,45.42708333,-2850
-127.0395833,45.42708333,-2850
-127.0354167,45.42708333,-2849
-127.03125,45.42708333,-2848
-127.0270833,45.42708333,-2848
-127.0229167,45.42708333,-2847
-127.01875,45.42708333,-2847
-127.0145833,45.42708333,-2848
-127.0104167,45.42708333,-2848
-127.00625,45.42708333,-2847
-127.0020833,45.42708333,-2846
-127.4979167,45.43125,-2836
-127.49375,45.43125,-2835
-127.4895833,45.43125,-2836
-127.4854167,45.43125,-2836
-127.48125,45.43125,-2836
-127.4770833,45.43125,-2836
-127.4729167,45.43125,-2837
-127.46875,45.43125,-2838
-127.4645833,45.43125,-2839
-127.4604167,45.43125,-2841
-127.45625,45.43125,-2843
-127.4520833,45.43125,-2845
-127.4479167,45.43125,-2847
-127.44375,45.43125,-2847
-127.4395833,45.43125,-2848
-127.4354167,45.43125,-2848
-127.43125,45.43125,-2849
-127.4270833,45.43125,-2850
-127.4229167,45.43125,-2853
-127.41875,45.43125,-2857
-127.4145833,45.43125,-2919
-127.4104167,45.43125,-2923
-127.40625,45.43125,-2940
-127.4020833,45.43125,-2947
-127.3979167,45.43125,-2935
-127.39375,45.43125,-2924
-127.3895833,45.43125,-2919
-127.3854167,45.43125,-2915
-127.38125,45.43125,-2916
-127.3770833,45.43125,-2916
-127.3729167,45.43125,-2915
-127.36875,45.43125,-2914
-127.3645833,45.43125,-2910
-127.3604167,45.43125,-2906
-127.35625,45.43125,-2904
-127.3520833,45.43125,-2903
-127.3479167,45.43125,-2901
-127.34375,45.43125,-2900
-127.3395833,45.43125,-2896
-127.3354167,45.43125,-2893
-127.33125,45.43125,-2892
-127.3270833,45.43125,-2890
-127.3229167,45.43125,-2887
-127.31875,45.43125,-2885
-127.3145833,45.43125,-2883
-127.3104167,45.43125,-2882
-127.30625,45.43125,-2881
-127.3020833,45.43125,-2881
-127.2979167,45.43125,-2880
-127.29375,45.43125,-2880
-127.2895833,45.43125,-2880
-127.2854167,45.43125,-2880
-127.28125,45.43125,-2879
-127.2770833,45.43125,-2879
-127.2729167,45.43125,-2879
-127.26875,45.43125,-2879
-127.2645833,45.43125,-2879
-127.2604167,45.43125,-2879
-127.25625,45.43125,-2878
-127.2520833,45.43125,-2878
-127.2479167,45.43125,-2878
-127.24375,45.43125,-2877
-127.2395833,45.43125,-2877
-127.2354167,45.43125,-2877
-127.23125,45.43125,-2876
-127.2270833,45.43125,-2876
-127.2229167,45.43125,-2875
-127.21875,45.43125,-2874
-127.2145833,45.43125,-2874
-127.2104167,45.43125,-2873
-127.20625,45.43125,-2873
-127.2020833,45.43125,-2873
-127.1979167,45.43125,-2873
-127.19375,45.43125,-2872
-127.1895833,45.43125,-2871
-127.1854167,45.43125,-2871
-127.18125,45.43125,-2871
-127.1770833,45.43125,-2870
-127.1729167,45.43125,-2870
-127.16875,45.43125,-2870
-127.1645833,45.43125,-2869
-127.1604167,45.43125,-2869
-127.15625,45.43125,-2868
-127.1520833,45.43125,-2867
-127.1479167,45.43125,-2866
-127.14375,45.43125,-2864
-127.1395833,45.43125,-2863
-127.1354167,45.43125,-2862
-127.13125,45.43125,-2861
-127.1270833,45.43125,-2861
-127.1229167,45.43125,-2861
-127.11875,45.43125,-2860
-127.1145833,45.43125,-2859
-127.1104167,45.43125,-2857
-127.10625,45.43125,-2857
-127.1020833,45.43125,-2856
-127.0979167,45.43125,-2856
-127.09375,45.43125,-2856
-127.0895833,45.43125,-2855
-127.0854167,45.43125,-2855
-127.08125,45.43125,-2854
-127.0770833,45.43125,-2854
-127.0729167,45.43125,-2854
-127.06875,45.43125,-2853
-127.0645833,45.43125,-2852
-127.0604167,45.43125,-2851
-127.05625,45.43125,-2851
-127.0520833,45.43125,-2851
-127.0479167,45.43125,-2849
-127.04375,45.43125,-2848
-127.0395833,45.43125,-2848
-127.0354167,45.43125,-2848
-127.03125,45.43125,-2847
-127.0270833,45.43125,-2847
-127.0229167,45.43125,-2846
-127.01875,45.43125,-2846
-127.0145833,45.43125,-2846
-127.0104167,45.43125,-2846
-127.00625,45.43125,-2846
-127.0020833,45.43125,-2846
-127.4979167,45.43541667,-2837
-127.49375,45.43541667,-2836
-127.4895833,45.43541667,-2835
-127.4854167,45.43541667,-2835
-127.48125,45.43541667,-2835
-127.4770833,45.43541667,-2835
-127.4729167,45.43541667,-2836
-127.46875,45.43541667,-2836
-127.4645833,45.43541667,-2837
-127.4604167,45.43541667,-2839
-127.45625,45.43541667,-2840
-127.4520833,45.43541667,-2842
-127.4479167,45.43541667,-2844
-127.44375,45.43541667,-2845
-127.4395833,45.43541667,-2846
-127.4354167,45.43541667,-2846
-127.43125,45.43541667,-2850
-127.4270833,45.43541667,-2850
-127.4229167,45.43541667,-2853
-127.41875,45.43541667,-2860
-127.4145833,45.43541667,-2880
-127.4104167,45.43541667,-2896
-127.40625,45.43541667,-2926
-127.4020833,45.43541667,-2949
-127.3979167,45.43541667,-2944
-127.39375,45.43541667,-2937
-127.3895833,45.43541667,-2928
-127.3854167,45.43541667,-2920
-127.38125,45.43541667,-2918
-127.3770833,45.43541667,-2917
-127.3729167,45.43541667,-2916
-127.36875,45.43541667,-2915
-127.3645833,45.43541667,-2912
-127.3604167,45.43541667,-2910
-127.35625,45.43541667,-2907
-127.3520833,45.43541667,-2904
-127.3479167,45.43541667,-2902
-127.34375,45.43541667,-2900
-127.3395833,45.43541667,-2898
-127.3354167,45.43541667,-2895
-127.33125,45.43541667,-2893
-127.3270833,45.43541667,-2891
-127.3229167,45.43541667,-2889
-127.31875,45.43541667,-2887
-127.3145833,45.43541667,-2885
-127.3104167,45.43541667,-2883
-127.30625,45.43541667,-2882
-127.3020833,45.43541667,-2881
-127.2979167,45.43541667,-2882
-127.29375,45.43541667,-2882
-127.2895833,45.43541667,-2881
-127.2854167,45.43541667,-2881
-127.28125,45.43541667,-2881
-127.2770833,45.43541667,-2881
-127.2729167,45.43541667,-2881
-127.26875,45.43541667,-2881
-127.2645833,45.43541667,-2881
-127.2604167,45.43541667,-2880
-127.25625,45.43541667,-2879
-127.2520833,45.43541667,-2878
-127.2479167,45.43541667,-2878
-127.24375,45.43541667,-2878
-127.2395833,45.43541667,-2877
-127.2354167,45.43541667,-2877
-127.23125,45.43541667,-2877
-127.2270833,45.43541667,-2876
-127.2229167,45.43541667,-2875
-127.21875,45.43541667,-2874
-127.2145833,45.43541667,-2873
-127.2104167,45.43541667,-2873
-127.20625,45.43541667,-2873
-127.2020833,45.43541667,-2873
-127.1979167,45.43541667,-2872
-127.19375,45.43541667,-2871
-127.1895833,45.43541667,-2871
-127.1854167,45.43541667,-2870
-127.18125,45.43541667,-2870
-127.1770833,45.43541667,-2869
-127.1729167,45.43541667,-2869
-127.16875,45.43541667,-2868
-127.1645833,45.43541667,-2868
-127.1604167,45.43541667,-2868
-127.15625,45.43541667,-2867
-127.1520833,45.43541667,-2867
-127.1479167,45.43541667,-2866
-127.14375,45.43541667,-2865
-127.1395833,45.43541667,-2863
-127.1354167,45.43541667,-2862
-127.13125,45.43541667,-2861
-127.1270833,45.43541667,-2861
-127.1229167,45.43541667,-2859
-127.11875,45.43541667,-2858
-127.1145833,45.43541667,-2858
-127.1104167,45.43541667,-2857
-127.10625,45.43541667,-2856
-127.1020833,45.43541667,-2856
-127.0979167,45.43541667,-2855
-127.09375,45.43541667,-2855
-127.0895833,45.43541667,-2854
-127.0854167,45.43541667,-2854
-127.08125,45.43541667,-2854
-127.0770833,45.43541667,-2854
-127.0729167,45.43541667,-2853
-127.06875,45.43541667,-2852
-127.0645833,45.43541667,-2851
-127.0604167,45.43541667,-2851
-127.05625,45.43541667,-2851
-127.0520833,45.43541667,-2850
-127.0479167,45.43541667,-2849
-127.04375,45.43541667,-2848
-127.0395833,45.43541667,-2847
-127.0354167,45.43541667,-2846
-127.03125,45.43541667,-2846
-127.0270833,45.43541667,-2845
-127.0229167,45.43541667,-2845
-127.01875,45.43541667,-2844
-127.0145833,45.43541667,-2844
-127.0104167,45.43541667,-2844
-127.00625,45.43541667,-2845
-127.0020833,45.43541667,-2844
-127.4979167,45.43958333,-2837
-127.49375,45.43958333,-2836
-127.4895833,45.43958333,-2836
-127.4854167,45.43958333,-2836
-127.48125,45.43958333,-2836
-127.4770833,45.43958333,-2835
-127.4729167,45.43958333,-2835
-127.46875,45.43958333,-2835
-127.4645833,45.43958333,-2836
-127.4604167,45.43958333,-2837
-127.45625,45.43958333,-2838
-127.4520833,45.43958333,-2840
-127.4479167,45.43958333,-2843
-127.44375,45.43958333,-2843
-127.4395833,45.43958333,-2846
-127.4354167,45.43958333,-2849
-127.43125,45.43958333,-2848
-127.4270833,45.43958333,-2848
-127.4229167,45.43958333,-2851
-127.41875,45.43958333,-2854
-127.4145833,45.43958333,-2860
-127.4104167,45.43958333,-2871
-127.40625,45.43958333,-2909
-127.4020833,45.43958333,-2941
-127.3979167,45.43958333,-2942
-127.39375,45.43958333,-2943
-127.3895833,45.43958333,-2935
-127.3854167,45.43958333,-2928
-127.38125,45.43958333,-2924
-127.3770833,45.43958333,-2920
-127.3729167,45.43958333,-2918
-127.36875,45.43958333,-2917
-127.3645833,45.43958333,-2915
-127.3604167,45.43958333,-2913
-127.35625,45.43958333,-2911
-127.3520833,45.43958333,-2909
-127.3479167,45.43958333,-2907
-127.34375,45.43958333,-2904
-127.3395833,45.43958333,-2901
-127.3354167,45.43958333,-2898
-127.33125,45.43958333,-2896
-127.3270833,45.43958333,-2894
-127.3229167,45.43958333,-2892
-127.31875,45.43958333,-2890
-127.3145833,45.43958333,-2888
-127.3104167,45.43958333,-2886
-127.30625,45.43958333,-2884
-127.3020833,45.43958333,-2883
-127.2979167,45.43958333,-2884
-127.29375,45.43958333,-2884
-127.2895833,45.43958333,-2883
-127.2854167,45.43958333,-2882
-127.28125,45.43958333,-2882
-127.2770833,45.43958333,-2881
-127.2729167,45.43958333,-2881
-127.26875,45.43958333,-2881
-127.2645833,45.43958333,-2881
-127.2604167,45.43958333,-2880
-127.25625,45.43958333,-2880
-127.2520833,45.43958333,-2879
-127.2479167,45.43958333,-2878
-127.24375,45.43958333,-2877
-127.2395833,45.43958333,-2877
-127.2354167,45.43958333,-2877
-127.23125,45.43958333,-2877
-127.2270833,45.43958333,-2877
-127.2229167,45.43958333,-2875
-127.21875,45.43958333,-2874
-127.2145833,45.43958333,-2873
-127.2104167,45.43958333,-2873
-127.20625,45.43958333,-2872
-127.2020833,45.43958333,-2871
-127.1979167,45.43958333,-2871
-127.19375,45.43958333,-2870
-127.1895833,45.43958333,-2870
-127.1854167,45.43958333,-2870
-127.18125,45.43958333,-2869
-127.1770833,45.43958333,-2868
-127.1729167,45.43958333,-2868
-127.16875,45.43958333,-2868
-127.1645833,45.43958333,-2867
-127.1604167,45.43958333,-2866
-127.15625,45.43958333,-2866
-127.1520833,45.43958333,-2865
-127.1479167,45.43958333,-2865
-127.14375,45.43958333,-2865
-127.1395833,45.43958333,-2864
-127.1354167,45.43958333,-2863
-127.13125,45.43958333,-2862
-127.1270833,45.43958333,-2861
-127.1229167,45.43958333,-2860
-127.11875,45.43958333,-2859
-127.1145833,45.43958333,-2858
-127.1104167,45.43958333,-2857
-127.10625,45.43958333,-2855
-127.1020833,45.43958333,-2855
-127.0979167,45.43958333,-2854
-127.09375,45.43958333,-2854
-127.0895833,45.43958333,-2853
-127.0854167,45.43958333,-2853
-127.08125,45.43958333,-2853
-127.0770833,45.43958333,-2852
-127.0729167,45.43958333,-2852
-127.06875,45.43958333,-2851
-127.0645833,45.43958333,-2851
-127.0604167,45.43958333,-2850
-127.05625,45.43958333,-2849
-127.0520833,45.43958333,-2849
-127.0479167,45.43958333,-2848
-127.04375,45.43958333,-2848
-127.0395833,45.43958333,-2847
-127.0354167,45.43958333,-2845
-127.03125,45.43958333,-2844
-127.0270833,45.43958333,-2844
-127.0229167,45.43958333,-2844
-127.01875,45.43958333,-2844
-127.0145833,45.43958333,-2844
-127.0104167,45.43958333,-2843
-127.00625,45.43958333,-2843
-127.0020833,45.43958333,-2843
-127.4979167,45.44375,-2837
-127.49375,45.44375,-2836
-127.4895833,45.44375,-2836
-127.4854167,45.44375,-2836
-127.48125,45.44375,-2836
-127.4770833,45.44375,-2835
-127.4729167,45.44375,-2835
-127.46875,45.44375,-2835
-127.4645833,45.44375,-2834
-127.4604167,45.44375,-2834
-127.45625,45.44375,-2834
-127.4520833,45.44375,-2835
-127.4479167,45.44375,-2840
-127.44375,45.44375,-2844
-127.4395833,45.44375,-2846
-127.4354167,45.44375,-2847
-127.43125,45.44375,-2846
-127.4270833,45.44375,-2846
-127.4229167,45.44375,-2848
-127.41875,45.44375,-2850
-127.4145833,45.44375,-2853
-127.4104167,45.44375,-2859
-127.40625,45.44375,-2877
-127.4020833,45.44375,-2897
-127.3979167,45.44375,-2923
-127.39375,45.44375,-2945
-127.3895833,45.44375,-2939
-127.3854167,45.44375,-2934
-127.38125,45.44375,-2928
-127.3770833,45.44375,-2923
-127.3729167,45.44375,-2921
-127.36875,45.44375,-2920
-127.3645833,45.44375,-2918
-127.3604167,45.44375,-2917
-127.35625,45.44375,-2915
-127.3520833,45.44375,-2913
-127.3479167,45.44375,-2911
-127.34375,45.44375,-2910
-127.3395833,45.44375,-2907
-127.3354167,45.44375,-2905
-127.33125,45.44375,-2902
-127.3270833,45.44375,-2899
-127.3229167,45.44375,-2897
-127.31875,45.44375,-2894
-127.3145833,45.44375,-2892
-127.3104167,45.44375,-2890
-127.30625,45.44375,-2888
-127.3020833,45.44375,-2887
-127.2979167,45.44375,-2886
-127.29375,45.44375,-2885
-127.2895833,45.44375,-2884
-127.2854167,45.44375,-2883
-127.28125,45.44375,-2883
-127.2770833,45.44375,-2882
-127.2729167,45.44375,-2882
-127.26875,45.44375,-2882
-127.2645833,45.44375,-2881
-127.2604167,45.44375,-2881
-127.25625,45.44375,-2880
-127.2520833,45.44375,-2880
-127.2479167,45.44375,-2879
-127.24375,45.44375,-2878
-127.2395833,45.44375,-2878
-127.2354167,45.44375,-2878
-127.23125,45.44375,-2878
-127.2270833,45.44375,-2877
-127.2229167,45.44375,-2875
-127.21875,45.44375,-2874
-127.2145833,45.44375,-2873
-127.2104167,45.44375,-2872
-127.20625,45.44375,-2871
-127.2020833,45.44375,-2871
-127.1979167,45.44375,-2871
-127.19375,45.44375,-2870
-127.1895833,45.44375,-2870
-127.1854167,45.44375,-2869
-127.18125,45.44375,-2868
-127.1770833,45.44375,-2867
-127.1729167,45.44375,-2867
-127.16875,45.44375,-2866
-127.1645833,45.44375,-2865
-127.1604167,45.44375,-2865
-127.15625,45.44375,-2864
-127.1520833,45.44375,-2864
-127.1479167,45.44375,-2864
-127.14375,45.44375,-2864
-127.1395833,45.44375,-2864
-127.1354167,45.44375,-2863
-127.13125,45.44375,-2862
-127.1270833,45.44375,-2861
-127.1229167,45.44375,-2860
-127.11875,45.44375,-2859
-127.1145833,45.44375,-2858
-127.1104167,45.44375,-2857
-127.10625,45.44375,-2855
-127.1020833,45.44375,-2855
-127.0979167,45.44375,-2854
-127.09375,45.44375,-2854
-127.0895833,45.44375,-2852
-127.0854167,45.44375,-2852
-127.08125,45.44375,-2851
-127.0770833,45.44375,-2851
-127.0729167,45.44375,-2851
-127.06875,45.44375,-2850
-127.0645833,45.44375,-2850
-127.0604167,45.44375,-2849
-127.05625,45.44375,-2848
-127.0520833,45.44375,-2848
-127.0479167,45.44375,-2847
-127.04375,45.44375,-2846
-127.0395833,45.44375,-2846
-127.0354167,45.44375,-2845
-127.03125,45.44375,-2844
-127.0270833,45.44375,-2843
-127.0229167,45.44375,-2844
-127.01875,45.44375,-2844
-127.0145833,45.44375,-2843
-127.0104167,45.44375,-2842
-127.00625,45.44375,-2842
-127.0020833,45.44375,-2842
-127.4979167,45.44791667,-2837
-127.49375,45.44791667,-2836
-127.4895833,45.44791667,-2835
-127.4854167,45.44791667,-2835
-127.48125,45.44791667,-2835
-127.4770833,45.44791667,-2834
-127.4729167,45.44791667,-2834
-127.46875,45.44791667,-2834
-127.4645833,45.44791667,-2835
-127.4604167,45.44791667,-2835
-127.45625,45.44791667,-2837
-127.4520833,45.44791667,-2838
-127.4479167,45.44791667,-2840
-127.44375,45.44791667,-2842
-127.4395833,45.44791667,-2843
-127.4354167,45.44791667,-2844
-127.43125,45.44791667,-2844
-127.4270833,45.44791667,-2844
-127.4229167,45.44791667,-2846
-127.41875,45.44791667,-2847
-127.4145833,45.44791667,-2848
-127.4104167,45.44791667,-2849
-127.40625,45.44791667,-2854
-127.4020833,45.44791667,-2864
-127.3979167,45.44791667,-2904
-127.39375,45.44791667,-2937
-127.3895833,45.44791667,-2935
-127.3854167,45.44791667,-2934
-127.38125,45.44791667,-2931
-127.3770833,45.44791667,-2928
-127.3729167,45.44791667,-2925
-127.36875,45.44791667,-2922
-127.3645833,45.44791667,-2921
-127.3604167,45.44791667,-2919
-127.35625,45.44791667,-2917
-127.3520833,45.44791667,-2915
-127.3479167,45.44791667,-2914
-127.34375,45.44791667,-2914
-127.3395833,45.44791667,-2913
-127.3354167,45.44791667,-2912
-127.33125,45.44791667,-2910
-127.3270833,45.44791667,-2909
-127.3229167,45.44791667,-2907
-127.31875,45.44791667,-2904
-127.3145833,45.44791667,-2900
-127.3104167,45.44791667,-2897
-127.30625,45.44791667,-2894
-127.3020833,45.44791667,-2892
-127.2979167,45.44791667,-2889
-127.29375,45.44791667,-2887
-127.2895833,45.44791667,-2886
-127.2854167,45.44791667,-2886
-127.28125,45.44791667,-2886
-127.2770833,45.44791667,-2886
-127.2729167,45.44791667,-2885
-127.26875,45.44791667,-2884
-127.2645833,45.44791667,-2884
-127.2604167,45.44791667,-2883
-127.25625,45.44791667,-2882
-127.2520833,45.44791667,-2882
-127.2479167,45.44791667,-2881
-127.24375,45.44791667,-2880
-127.2395833,45.44791667,-2880
-127.2354167,45.44791667,-2880
-127.23125,45.44791667,-2879
-127.2270833,45.44791667,-2877
-127.2229167,45.44791667,-2875
-127.21875,45.44791667,-2874
-127.2145833,45.44791667,-2873
-127.2104167,45.44791667,-2872
-127.20625,45.44791667,-2872
-127.2020833,45.44791667,-2871
-127.1979167,45.44791667,-2871
-127.19375,45.44791667,-2871
-127.1895833,45.44791667,-2870
-127.1854167,45.44791667,-2869
-127.18125,45.44791667,-2868
-127.1770833,45.44791667,-2867
-127.1729167,45.44791667,-2866
-127.16875,45.44791667,-2865
-127.1645833,45.44791667,-2864
-127.1604167,45.44791667,-2863
-127.15625,45.44791667,-2864
-127.1520833,45.44791667,-2864
-127.1479167,45.44791667,-2864
-127.14375,45.44791667,-2863
-127.1395833,45.44791667,-2863
-127.1354167,45.44791667,-2862
-127.13125,45.44791667,-2862
-127.1270833,45.44791667,-2861
-127.1229167,45.44791667,-2860
-127.11875,45.44791667,-2859
-127.1145833,45.44791667,-2858
-127.1104167,45.44791667,-2857
-127.10625,45.44791667,-2856
-127.1020833,45.44791667,-2855
-127.0979167,45.44791667,-2854
-127.09375,45.44791667,-2854
-127.0895833,45.44791667,-2852
-127.0854167,45.44791667,-2852
-127.08125,45.44791667,-2851
-127.0770833,45.44791667,-2851
-127.0729167,45.44791667,-2849
-127.06875,45.44791667,-2848
-127.0645833,45.44791667,-2848
-127.0604167,45.44791667,-2848
-127.05625,45.44791667,-2847
-127.0520833,45.44791667,-2847
-127.0479167,45.44791667,-2846
-127.04375,45.44791667,-2845
-127.0395833,45.44791667,-2845
-127.0354167,45.44791667,-2844
-127.03125,45.44791667,-2843
-127.0270833,45.44791667,-2843
-127.0229167,45.44791667,-2843
-127.01875,45.44791667,-2842
-127.0145833,45.44791667,-2842
-127.0104167,45.44791667,-2841
-127.00625,45.44791667,-2841
-127.0020833,45.44791667,-2841
-127.4979167,45.45208333,-2834
-127.49375,45.45208333,-2834
-127.4895833,45.45208333,-2833
-127.4854167,45.45208333,-2833
-127.48125,45.45208333,-2838
-127.4770833,45.45208333,-2841
-127.4729167,45.45208333,-2837
-127.46875,45.45208333,-2834
-127.4645833,45.45208333,-2834
-127.4604167,45.45208333,-2835
-127.45625,45.45208333,-2837
-127.4520833,45.45208333,-2838
-127.4479167,45.45208333,-2839
-127.44375,45.45208333,-2841
-127.4395833,45.45208333,-2842
-127.4354167,45.45208333,-2843
-127.43125,45.45208333,-2843
-127.4270833,45.45208333,-2843
-127.4229167,45.45208333,-2844
-127.41875,45.45208333,-2845
-127.4145833,45.45208333,-2844
-127.4104167,45.45208333,-2844
-127.40625,45.45208333,-2846
-127.4020833,45.45208333,-2852
-127.3979167,45.45208333,-2879
-127.39375,45.45208333,-2903
-127.3895833,45.45208333,-2915
-127.3854167,45.45208333,-2925
-127.38125,45.45208333,-2924
-127.3770833,45.45208333,-2923
-127.3729167,45.45208333,-2922
-127.36875,45.45208333,-2921
-127.3645833,45.45208333,-2920
-127.3604167,45.45208333,-2918
-127.35625,45.45208333,-2916
-127.3520833,45.45208333,-2915
-127.3479167,45.45208333,-2915
-127.34375,45.45208333,-2916
-127.3395833,45.45208333,-2916
-127.3354167,45.45208333,-2916
-127.33125,45.45208333,-2916
-127.3270833,45.45208333,-2915
-127.3229167,45.45208333,-2915
-127.31875,45.45208333,-2913
-127.3145833,45.45208333,-2908
-127.3104167,45.45208333,-2903
-127.30625,45.45208333,-2900
-127.3020833,45.45208333,-2897
-127.2979167,45.45208333,-2894
-127.29375,45.45208333,-2892
-127.2895833,45.45208333,-2891
-127.2854167,45.45208333,-2889
-127.28125,45.45208333,-2889
-127.2770833,45.45208333,-2888
-127.2729167,45.45208333,-2887
-127.26875,45.45208333,-2886
-127.2645833,45.45208333,-2885
-127.2604167,45.45208333,-2885
-127.25625,45.45208333,-2883
-127.2520833,45.45208333,-2882
-127.2479167,45.45208333,-2881
-127.24375,45.45208333,-2880
-127.2395833,45.45208333,-2879
-127.2354167,45.45208333,-2879
-127.23125,45.45208333,-2878
-127.2270833,45.45208333,-2876
-127.2229167,45.45208333,-2874
-127.21875,45.45208333,-2873
-127.2145833,45.45208333,-2872
-127.2104167,45.45208333,-2871
-127.20625,45.45208333,-2871
-127.2020833,45.45208333,-2871
-127.1979167,45.45208333,-2871
-127.19375,45.45208333,-2872
-127.1895833,45.45208333,-2870
-127.1854167,45.45208333,-2869
-127.18125,45.45208333,-2869
-127.1770833,45.45208333,-2868
-127.1729167,45.45208333,-2866
-127.16875,45.45208333,-2864
-127.1645833,45.45208333,-2864
-127.1604167,45.45208333,-2864
-127.15625,45.45208333,-2863
-127.1520833,45.45208333,-2863
-127.1479167,45.45208333,-2864
-127.14375,45.45208333,-2864
-127.1395833,45.45208333,-2862
-127.1354167,45.45208333,-2861
-127.13125,45.45208333,-2861
-127.1270833,45.45208333,-2861
-127.1229167,45.45208333,-2860
-127.11875,45.45208333,-2859
-127.1145833,45.45208333,-2858
-127.1104167,45.45208333,-2857
-127.10625,45.45208333,-2856
-127.1020833,45.45208333,-2855
-127.0979167,45.45208333,-2854
-127.09375,45.45208333,-2854
-127.0895833,45.45208333,-2853
-127.0854167,45.45208333,-2852
-127.08125,45.45208333,-2851
-127.0770833,45.45208333,-2851
-127.0729167,45.45208333,-2850
-127.06875,45.45208333,-2849
-127.0645833,45.45208333,-2848
-127.0604167,45.45208333,-2847
-127.05625,45.45208333,-2846
-127.0520833,45.45208333,-2845
-127.0479167,45.45208333,-2845
-127.04375,45.45208333,-2844
-127.0395833,45.45208333,-2844
-127.0354167,45.45208333,-2843
-127.03125,45.45208333,-2843
-127.0270833,45.45208333,-2842
-127.0229167,45.45208333,-2842
-127.01875,45.45208333,-2841
-127.0145833,45.45208333,-2841
-127.0104167,45.45208333,-2840
-127.00625,45.45208333,-2840
-127.0020833,45.45208333,-2839
-127.4979167,45.45625,-2836
-127.49375,45.45625,-2834
-127.4895833,45.45625,-2834
-127.4854167,45.45625,-2834
-127.48125,45.45625,-2836
-127.4770833,45.45625,-2837
-127.4729167,45.45625,-2836
-127.46875,45.45625,-2834
-127.4645833,45.45625,-2834
-127.4604167,45.45625,-2833
-127.45625,45.45625,-2834
-127.4520833,45.45625,-2835
-127.4479167,45.45625,-2836
-127.44375,45.45625,-2838
-127.4395833,45.45625,-2839
-127.4354167,45.45625,-2840
-127.43125,45.45625,-2841
-127.4270833,45.45625,-2841
-127.4229167,45.45625,-2841
-127.41875,45.45625,-2841
-127.4145833,45.45625,-2842
-127.4104167,45.45625,-2842
-127.40625,45.45625,-2843
-127.4020833,45.45625,-2845
-127.3979167,45.45625,-2852
-127.39375,45.45625,-2864
-127.3895833,45.45625,-2897
-127.3854167,45.45625,-2924
-127.38125,45.45625,-2920
-127.3770833,45.45625,-2916
-127.3729167,45.45625,-2917
-127.36875,45.45625,-2917
-127.3645833,45.45625,-2917
-127.3604167,45.45625,-2918
-127.35625,45.45625,-2917
-127.3520833,45.45625,-2916
-127.3479167,45.45625,-2917
-127.34375,45.45625,-2917
-127.3395833,45.45625,-2917
-127.3354167,45.45625,-2918
-127.33125,45.45625,-2918
-127.3270833,45.45625,-2918
-127.3229167,45.45625,-2917
-127.31875,45.45625,-2917
-127.3145833,45.45625,-2914
-127.3104167,45.45625,-2911
-127.30625,45.45625,-2907
-127.3020833,45.45625,-2902
-127.2979167,45.45625,-2900
-127.29375,45.45625,-2899
-127.2895833,45.45625,-2897
-127.2854167,45.45625,-2895
-127.28125,45.45625,-2890
-127.2770833,45.45625,-2887
-127.2729167,45.45625,-2885
-127.26875,45.45625,-2883
-127.2645833,45.45625,-2883
-127.2604167,45.45625,-2882
-127.25625,45.45625,-2881
-127.2520833,45.45625,-2880
-127.2479167,45.45625,-2879
-127.24375,45.45625,-2878
-127.2395833,45.45625,-2876
-127.2354167,45.45625,-2875
-127.23125,45.45625,-2876
-127.2270833,45.45625,-2875
-127.2229167,45.45625,-2873
-127.21875,45.45625,-2870
-127.2145833,45.45625,-2870
-127.2104167,45.45625,-2869
-127.20625,45.45625,-2871
-127.2020833,45.45625,-2871
-127.1979167,45.45625,-2870
-127.19375,45.45625,-2869
-127.1895833,45.45625,-2869
-127.1854167,45.45625,-2869
-127.18125,45.45625,-2868
-127.1770833,45.45625,-2867
-127.1729167,45.45625,-2866
-127.16875,45.45625,-2865
-127.1645833,45.45625,-2865
-127.1604167,45.45625,-2864
-127.15625,45.45625,-2864
-127.1520833,45.45625,-2863
-127.1479167,45.45625,-2864
-127.14375,45.45625,-2864
-127.1395833,45.45625,-2862
-127.1354167,45.45625,-2862
-127.13125,45.45625,-2861
-127.1270833,45.45625,-2861
-127.1229167,45.45625,-2860
-127.11875,45.45625,-2859
-127.1145833,45.45625,-2858
-127.1104167,45.45625,-2857
-127.10625,45.45625,-2856
-127.1020833,45.45625,-2855
-127.0979167,45.45625,-2854
-127.09375,45.45625,-2854
-127.0895833,45.45625,-2853
-127.0854167,45.45625,-2852
-127.08125,45.45625,-2851
-127.0770833,45.45625,-2850
-127.0729167,45.45625,-2850
-127.06875,45.45625,-2849
-127.0645833,45.45625,-2848
-127.0604167,45.45625,-2847
-127.05625,45.45625,-2846
-127.0520833,45.45625,-2845
-127.0479167,45.45625,-2845
-127.04375,45.45625,-2844
-127.0395833,45.45625,-2843
-127.0354167,45.45625,-2842
-127.03125,45.45625,-2842
-127.0270833,45.45625,-2841
-127.0229167,45.45625,-2841
-127.01875,45.45625,-2841
-127.0145833,45.45625,-2840
-127.0104167,45.45625,-2840
-127.00625,45.45625,-2839
-127.0020833,45.45625,-2839
-127.4979167,45.46041667,-2836
-127.49375,45.46041667,-2835
-127.4895833,45.46041667,-2835
-127.4854167,45.46041667,-2835
-127.48125,45.46041667,-2835
-127.4770833,45.46041667,-2836
-127.4729167,45.46041667,-2834
-127.46875,45.46041667,-2833
-127.4645833,45.46041667,-2832
-127.4604167,45.46041667,-2832
-127.45625,45.46041667,-2832
-127.4520833,45.46041667,-2832
-127.4479167,45.46041667,-2833
-127.44375,45.46041667,-2834
-127.4395833,45.46041667,-2836
-127.4354167,45.46041667,-2837
-127.43125,45.46041667,-2838
-127.4270833,45.46041667,-2839
-127.4229167,45.46041667,-2839
-127.41875,45.46041667,-2839
-127.4145833,45.46041667,-2839
-127.4104167,45.46041667,-2840
-127.40625,45.46041667,-2840
-127.4020833,45.46041667,-2841
-127.3979167,45.46041667,-2842
-127.39375,45.46041667,-2849
-127.3895833,45.46041667,-2883
-127.3854167,45.46041667,-2911
-127.38125,45.46041667,-2914
-127.3770833,45.46041667,-2917
-127.3729167,45.46041667,-2916
-127.36875,45.46041667,-2915
-127.3645833,45.46041667,-2916
-127.3604167,45.46041667,-2916
-127.35625,45.46041667,-2916
-127.3520833,45.46041667,-2916
-127.3479167,45.46041667,-2916
-127.34375,45.46041667,-2916
-127.3395833,45.46041667,-2917
-127.3354167,45.46041667,-2917
-127.33125,45.46041667,-2917
-127.3270833,45.46041667,-2917
-127.3229167,45.46041667,-2917
-127.31875,45.46041667,-2917
-127.3145833,45.46041667,-2917
-127.3104167,45.46041667,-2915
-127.30625,45.46041667,-2913
-127.3020833,45.46041667,-2911
-127.2979167,45.46041667,-2907
-127.29375,45.46041667,-2903
-127.2895833,45.46041667,-2901
-127.2854167,45.46041667,-2897
-127.28125,45.46041667,-2891
-127.2770833,45.46041667,-2886
-127.2729167,45.46041667,-2884
-127.26875,45.46041667,-2882
-127.2645833,45.46041667,-2881
-127.2604167,45.46041667,-2880
-127.25625,45.46041667,-2880
-127.2520833,45.46041667,-2879
-127.2479167,45.46041667,-2877
-127.24375,45.46041667,-2875
-127.2395833,45.46041667,-2874
-127.2354167,45.46041667,-2873
-127.23125,45.46041667,-2874
-127.2270833,45.46041667,-2874
-127.2229167,45.46041667,-2872
-127.21875,45.46041667,-2869
-127.2145833,45.46041667,-2868
-127.2104167,45.46041667,-2868
-127.20625,45.46041667,-2870
-127.2020833,45.46041667,-2872
-127.1979167,45.46041667,-2870
-127.19375,45.46041667,-2869
-127.1895833,45.46041667,-2868
-127.1854167,45.46041667,-2868
-127.18125,45.46041667,-2868
-127.1770833,45.46041667,-2868
-127.1729167,45.46041667,-2866
-127.16875,45.46041667,-2865
-127.1645833,45.46041667,-2865
-127.1604167,45.46041667,-2864
-127.15625,45.46041667,-2863
-127.1520833,45.46041667,-2863
-127.1479167,45.46041667,-2864
-127.14375,45.46041667,-2864
-127.1395833,45.46041667,-2863
-127.1354167,45.46041667,-2862
-127.13125,45.46041667,-2862
-127.1270833,45.46041667,-2861
-127.1229167,45.46041667,-2860
-127.11875,45.46041667,-2859
-127.1145833,45.46041667,-2858
-127.1104167,45.46041667,-2857
-127.10625,45.46041667,-2856
-127.1020833,45.46041667,-2855
-127.0979167,45.46041667,-2854
-127.09375,45.46041667,-2853
-127.0895833,45.46041667,-2852
-127.0854167,45.46041667,-2851
-127.08125,45.46041667,-2850
-127.0770833,45.46041667,-2850
-127.0729167,45.46041667,-2850
-127.06875,45.46041667,-2849
-127.0645833,45.46041667,-2848
-127.0604167,45.46041667,-2847
-127.05625,45.46041667,-2846
-127.0520833,45.46041667,-2846
-127.0479167,45.46041667,-2845
-127.04375,45.46041667,-2844
-127.0395833,45.46041667,-2843
-127.0354167,45.46041667,-2842
-127.03125,45.46041667,-2842
-127.0270833,45.46041667,-2841
-127.0229167,45.46041667,-2840
-127.01875,45.46041667,-2839
-127.0145833,45.46041667,-2839
-127.0104167,45.46041667,-2838
-127.00625,45.46041667,-2838
-127.0020833,45.46041667,-2837
-127.4979167,45.46458333,-2836
-127.49375,45.46458333,-2836
-127.4895833,45.46458333,-2835
-127.4854167,45.46458333,-2835
-127.48125,45.46458333,-2834
-127.4770833,45.46458333,-2834
-127.4729167,45.46458333,-2833
-127.46875,45.46458333,-2831
-127.4645833,45.46458333,-2831
-127.4604167,45.46458333,-2830
-127.45625,45.46458333,-2830
-127.4520833,45.46458333,-2830
-127.4479167,45.46458333,-2831
-127.44375,45.46458333,-2832
-127.4395833,45.46458333,-2834
-127.4354167,45.46458333,-2835
-127.43125,45.46458333,-2836
-127.4270833,45.46458333,-2837
-127.4229167,45.46458333,-2837
-127.41875,45.46458333,-2837
-127.4145833,45.46458333,-2838
-127.4104167,45.46458333,-2838
-127.40625,45.46458333,-2839
-127.4020833,45.46458333,-2839
-127.3979167,45.46458333,-2840
-127.39375,45.46458333,-2843
-127.3895833,45.46458333,-2856
-127.3854167,45.46458333,-2872
-127.38125,45.46458333,-2900
-127.3770833,45.46458333,-2921
-127.3729167,45.46458333,-2919
-127.36875,45.46458333,-2916
-127.3645833,45.46458333,-2915
-127.3604167,45.46458333,-2914
-127.35625,45.46458333,-2914
-127.3520833,45.46458333,-2914
-127.3479167,45.46458333,-2915
-127.34375,45.46458333,-2915
-127.3395833,45.46458333,-2916
-127.3354167,45.46458333,-2916
-127.33125,45.46458333,-2916
-127.3270833,45.46458333,-2916
-127.3229167,45.46458333,-2916
-127.31875,45.46458333,-2916
-127.3145833,45.46458333,-2916
-127.3104167,45.46458333,-2916
-127.30625,45.46458333,-2916
-127.3020833,45.46458333,-2915
-127.2979167,45.46458333,-2911
-127.29375,45.46458333,-2907
-127.2895833,45.46458333,-2903
-127.2854167,45.46458333,-2899
-127.28125,45.46458333,-2893
-127.2770833,45.46458333,-2888
-127.2729167,45.46458333,-2886
-127.26875,45.46458333,-2883
-127.2645833,45.46458333,-2881
-127.2604167,45.46458333,-2880
-127.25625,45.46458333,-2879
-127.2520833,45.46458333,-2877
-127.2479167,45.46458333,-2876
-127.24375,45.46458333,-2874
-127.2395833,45.46458333,-2875
-127.2354167,45.46458333,-2874
-127.23125,45.46458333,-2873
-127.2270833,45.46458333,-2871
-127.2229167,45.46458333,-2870
-127.21875,45.46458333,-2868
-127.2145833,45.46458333,-2866
-127.2104167,45.46458333,-2865
-127.20625,45.46458333,-2868
-127.2020833,45.46458333,-2870
-127.1979167,45.46458333,-2871
-127.19375,45.46458333,-2871
-127.1895833,45.46458333,-2869
-127.1854167,45.46458333,-2867
-127.18125,45.46458333,-2868
-127.1770833,45.46458333,-2868
-127.1729167,45.46458333,-2867
-127.16875,45.46458333,-2865
-127.1645833,45.46458333,-2865
-127.1604167,45.46458333,-2864
-127.15625,45.46458333,-2864
-127.1520833,45.46458333,-2863
-127.1479167,45.46458333,-2863
-127.14375,45.46458333,-2862
-127.1395833,45.46458333,-2862
-127.1354167,45.46458333,-2861
-127.13125,45.46458333,-2861
-127.1270833,45.46458333,-2860
-127.1229167,45.46458333,-2859
-127.11875,45.46458333,-2859
-127.1145833,45.46458333,-2858
-127.1104167,45.46458333,-2857
-127.10625,45.46458333,-2856
-127.1020833,45.46458333,-2856
-127.0979167,45.46458333,-2854
-127.09375,45.46458333,-2853
-127.0895833,45.46458333,-2852
-127.0854167,45.46458333,-2851
-127.08125,45.46458333,-2850
-127.0770833,45.46458333,-2850
-127.0729167,45.46458333,-2849
-127.06875,45.46458333,-2849
-127.0645833,45.46458333,-2848
-127.0604167,45.46458333,-2847
-127.05625,45.46458333,-2846
-127.0520833,45.46458333,-2845
-127.0479167,45.46458333,-2844
-127.04375,45.46458333,-2844
-127.0395833,45.46458333,-2843
-127.0354167,45.46458333,-2843
-127.03125,45.46458333,-2842
-127.0270833,45.46458333,-2841
-127.0229167,45.46458333,-2840
-127.01875,45.46458333,-2839
-127.0145833,45.46458333,-2839
-127.0104167,45.46458333,-2838
-127.00625,45.46458333,-2837
-127.0020833,45.46458333,-2836
-127.4979167,45.46875,-2836
-127.49375,45.46875,-2835
-127.4895833,45.46875,-2834
-127.4854167,45.46875,-2834
-127.48125,45.46875,-2833
-127.4770833,45.46875,-2832
-127.4729167,45.46875,-2832
-127.46875,45.46875,-2831
-127.4645833,45.46875,-2830
-127.4604167,45.46875,-2830
-127.45625,45.46875,-2830
-127.4520833,45.46875,-2830
-127.4479167,45.46875,-2830
-127.44375,45.46875,-2831
-127.4395833,45.46875,-2832
-127.4354167,45.46875,-2833
-127.43125,45.46875,-2834
-127.4270833,45.46875,-2835
-127.4229167,45.46875,-2836
-127.41875,45.46875,-2837
-127.4145833,45.46875,-2838
-127.4104167,45.46875,-2839
-127.40625,45.46875,-2839
-127.4020833,45.46875,-2839
-127.3979167,45.46875,-2840
-127.39375,45.46875,-2841
-127.3895833,45.46875,-2843
-127.3854167,45.46875,-2849
-127.38125,45.46875,-2873
-127.3770833,45.46875,-2895
-127.3729167,45.46875,-2907
-127.36875,45.46875,-2917
-127.3645833,45.46875,-2915
-127.3604167,45.46875,-2914
-127.35625,45.46875,-2914
-127.3520833,45.46875,-2913
-127.3479167,45.46875,-2914
-127.34375,45.46875,-2914
-127.3395833,45.46875,-2914
-127.3354167,45.46875,-2914
-127.33125,45.46875,-2915
-127.3270833,45.46875,-2915
-127.3229167,45.46875,-2916
-127.31875,45.46875,-2916
-127.3145833,45.46875,-2916
-127.3104167,45.46875,-2916
-127.30625,45.46875,-2916
-127.3020833,45.46875,-2915
-127.2979167,45.46875,-2914
-127.29375,45.46875,-2912
-127.2895833,45.46875,-2908
-127.2854167,45.46875,-2903
-127.28125,45.46875,-2898
-127.2770833,45.46875,-2893
-127.2729167,45.46875,-2889
-127.26875,45.46875,-2885
-127.2645833,45.46875,-2883
-127.2604167,45.46875,-2880
-127.25625,45.46875,-2878
-127.2520833,45.46875,-2877
-127.2479167,45.46875,-2876
-127.24375,45.46875,-2876
-127.2395833,45.46875,-2874
-127.2354167,45.46875,-2864
-127.23125,45.46875,-2863
-127.2270833,45.46875,-2864
-127.2229167,45.46875,-2866
-127.21875,45.46875,-2866
-127.2145833,45.46875,-2870
-127.2104167,45.46875,-2872
-127.20625,45.46875,-2871
-127.2020833,45.46875,-2871
-127.1979167,45.46875,-2871
-127.19375,45.46875,-2871
-127.1895833,45.46875,-2869
-127.1854167,45.46875,-2868
-127.18125,45.46875,-2867
-127.1770833,45.46875,-2866
-127.1729167,45.46875,-2866
-127.16875,45.46875,-2867
-127.1645833,45.46875,-2866
-127.1604167,45.46875,-2866
-127.15625,45.46875,-2866
-127.1520833,45.46875,-2866
-127.1479167,45.46875,-2863
-127.14375,45.46875,-2862
-127.1395833,45.46875,-2861
-127.1354167,45.46875,-2861
-127.13125,45.46875,-2860
-127.1270833,45.46875,-2859
-127.1229167,45.46875,-2859
-127.11875,45.46875,-2859
-127.1145833,45.46875,-2858
-127.1104167,45.46875,-2857
-127.10625,45.46875,-2857
-127.1020833,45.46875,-2857
-127.0979167,45.46875,-2856
-127.09375,45.46875,-2854
-127.0895833,45.46875,-2852
-127.0854167,45.46875,-2851
-127.08125,45.46875,-2851
-127.0770833,45.46875,-2851
-127.0729167,45.46875,-2850
-127.06875,45.46875,-2849
-127.0645833,45.46875,-2848
-127.0604167,45.46875,-2846
-127.05625,45.46875,-2845
-127.0520833,45.46875,-2844
-127.0479167,45.46875,-2844
-127.04375,45.46875,-2844
-127.0395833,45.46875,-2843
-127.0354167,45.46875,-2843
-127.03125,45.46875,-2842
-127.0270833,45.46875,-2841
-127.0229167,45.46875,-2840
-127.01875,45.46875,-2839
-127.0145833,45.46875,-2839
-127.0104167,45.46875,-2838
-127.00625,45.46875,-2837
-127.0020833,45.46875,-2836
-127.4979167,45.47291667,-2836
-127.49375,45.47291667,-2835
-127.4895833,45.47291667,-2834
-127.4854167,45.47291667,-2834
-127.48125,45.47291667,-2833
-127.4770833,45.47291667,-2832
-127.4729167,45.47291667,-2831
-127.46875,45.47291667,-2831
-127.4645833,45.47291667,-2830
-127.4604167,45.47291667,-2830
-127.45625,45.47291667,-2830
-127.4520833,45.47291667,-2829
-127.4479167,45.47291667,-2829
-127.44375,45.47291667,-2829
-127.4395833,45.47291667,-2830
-127.4354167,45.47291667,-2832
-127.43125,45.47291667,-2833
-127.4270833,45.47291667,-2835
-127.4229167,45.47291667,-2836
-127.41875,45.47291667,-2838
-127.4145833,45.47291667,-2838
-127.4104167,45.47291667,-2839
-127.40625,45.47291667,-2839
-127.4020833,45.47291667,-2839
-127.3979167,45.47291667,-2840
-127.39375,45.47291667,-2840
-127.3895833,45.47291667,-2841
-127.3854167,45.47291667,-2843
-127.38125,45.47291667,-2849
-127.3770833,45.47291667,-2859
-127.3729167,45.47291667,-2884
-127.36875,45.47291667,-2905
-127.3645833,45.47291667,-2911
-127.3604167,45.47291667,-2916
-127.35625,45.47291667,-2914
-127.3520833,45.47291667,-2913
-127.3479167,45.47291667,-2913
-127.34375,45.47291667,-2913
-127.3395833,45.47291667,-2913
-127.3354167,45.47291667,-2912
-127.33125,45.47291667,-2913
-127.3270833,45.47291667,-2914
-127.3229167,45.47291667,-2915
-127.31875,45.47291667,-2915
-127.3145833,45.47291667,-2916
-127.3104167,45.47291667,-2916
-127.30625,45.47291667,-2915
-127.3020833,45.47291667,-2915
-127.2979167,45.47291667,-2916
-127.29375,45.47291667,-2916
-127.2895833,45.47291667,-2913
-127.2854167,45.47291667,-2911
-127.28125,45.47291667,-2908
-127.2770833,45.47291667,-2904
-127.2729167,45.47291667,-2897
-127.26875,45.47291667,-2892
-127.2645833,45.47291667,-2883
-127.2604167,45.47291667,-2879
-127.25625,45.47291667,-2878
-127.2520833,45.47291667,-2876
-127.2479167,45.47291667,-2873
-127.24375,45.47291667,-2874
-127.2395833,45.47291667,-2867
-127.2354167,45.47291667,-2866
-127.23125,45.47291667,-2870
-127.2270833,45.47291667,-2866
-127.2229167,45.47291667,-2861
-127.21875,45.47291667,-2868
-127.2145833,45.47291667,-2877
-127.2104167,45.47291667,-2879
-127.20625,45.47291667,-2875
-127.2020833,45.47291667,-2872
-127.1979167,45.47291667,-2869
-127.19375,45.47291667,-2867
-127.1895833,45.47291667,-2869
-127.1854167,45.47291667,-2869
-127.18125,45.47291667,-2866
-127.1770833,45.47291667,-2864
-127.1729167,45.47291667,-2864
-127.16875,45.47291667,-2864
-127.1645833,45.47291667,-2864
-127.1604167,45.47291667,-2865
-127.15625,45.47291667,-2868
-127.1520833,45.47291667,-2868
-127.1479167,45.47291667,-2865
-127.14375,45.47291667,-2862
-127.1395833,45.47291667,-2861
-127.1354167,45.47291667,-2860
-127.13125,45.47291667,-2859
-127.1270833,45.47291667,-2859
-127.1229167,45.47291667,-2859
-127.11875,45.47291667,-2858
-127.1145833,45.47291667,-2857
-127.1104167,45.47291667,-2857
-127.10625,45.47291667,-2857
-127.1020833,45.47291667,-2857
-127.0979167,45.47291667,-2855
-127.09375,45.47291667,-2853
-127.0895833,45.47291667,-2852
-127.0854167,45.47291667,-2852
-127.08125,45.47291667,-2852
-127.0770833,45.47291667,-2852
-127.0729167,45.47291667,-2850
-127.06875,45.47291667,-2848
-127.0645833,45.47291667,-2847
-127.0604167,45.47291667,-2846
-127.05625,45.47291667,-2845
-127.0520833,45.47291667,-2845
-127.0479167,45.47291667,-2844
-127.04375,45.47291667,-2844
-127.0395833,45.47291667,-2843
-127.0354167,45.47291667,-2842
-127.03125,45.47291667,-2841
-127.0270833,45.47291667,-2841
-127.0229167,45.47291667,-2840
-127.01875,45.47291667,-2839
-127.0145833,45.47291667,-2839
-127.0104167,45.47291667,-2838
-127.00625,45.47291667,-2837
-127.0020833,45.47291667,-2837
-127.4979167,45.47708333,-2836
-127.49375,45.47708333,-2835
-127.4895833,45.47708333,-2834
-127.4854167,45.47708333,-2834
-127.48125,45.47708333,-2833
-127.4770833,45.47708333,-2832
-127.4729167,45.47708333,-2831
-127.46875,45.47708333,-2831
-127.4645833,45.47708333,-2830
-127.4604167,45.47708333,-2830
-127.45625,45.47708333,-2830
-127.4520833,45.47708333,-2830
-127.4479167,45.47708333,-2830
-127.44375,45.47708333,-2830
-127.4395833,45.47708333,-2830
-127.4354167,45.47708333,-2831
-127.43125,45.47708333,-2833
-127.4270833,45.47708333,-2835
-127.4229167,45.47708333,-2837
-127.41875,45.47708333,-2838
-127.4145833,45.47708333,-2839
-127.4104167,45.47708333,-2839
-127.40625,45.47708333,-2839
-127.4020833,45.47708333,-2840
-127.3979167,45.47708333,-2840
-127.39375,45.47708333,-2840
-127.3895833,45.47708333,-2841
-127.3854167,45.47708333,-2841
-127.38125,45.47708333,-2842
-127.3770833,45.47708333,-2844
-127.3729167,45.47708333,-2854
-127.36875,45.47708333,-2866
-127.3645833,45.47708333,-2884
-127.3604167,45.47708333,-2899
-127.35625,45.47708333,-2907
-127.3520833,45.47708333,-2912
-127.3479167,45.47708333,-2912
-127.34375,45.47708333,-2912
-127.3395833,45.47708333,-2912
-127.3354167,45.47708333,-2912
-127.33125,45.47708333,-2912
-127.3270833,45.47708333,-2913
-127.3229167,45.47708333,-2914
-127.31875,45.47708333,-2914
-127.3145833,45.47708333,-2914
-127.3104167,45.47708333,-2914
-127.30625,45.47708333,-2915
-127.3020833,45.47708333,-2915
-127.2979167,45.47708333,-2918
-127.29375,45.47708333,-2919
-127.2895833,45.47708333,-2903
-127.2854167,45.47708333,-2910
-127.28125,45.47708333,-2915
-127.2770833,45.47708333,-2914
-127.2729167,45.47708333,-2907
-127.26875,45.47708333,-2896
-127.2645833,45.47708333,-2886
-127.2604167,45.47708333,-2883
-127.25625,45.47708333,-2879
-127.2520833,45.47708333,-2882
-127.2479167,45.47708333,-2874
-127.24375,45.47708333,-2871
-127.2395833,45.47708333,-2871
-127.2354167,45.47708333,-2855
-127.23125,45.47708333,-2852
-127.2270833,45.47708333,-2855
-127.2229167,45.47708333,-2852
-127.21875,45.47708333,-2857
-127.2145833,45.47708333,-2862
-127.2104167,45.47708333,-2861
-127.20625,45.47708333,-2863
-127.2020833,45.47708333,-2863
-127.1979167,45.47708333,-2861
-127.19375,45.47708333,-2867
-127.1895833,45.47708333,-2873
-127.1854167,45.47708333,-2873
-127.18125,45.47708333,-2870
-127.1770833,45.47708333,-2866
-127.1729167,45.47708333,-2862
-127.16875,45.47708333,-2861
-127.1645833,45.47708333,-2862
-127.1604167,45.47708333,-2864
-127.15625,45.47708333,-2866
-127.1520833,45.47708333,-2866
-127.1479167,45.47708333,-2863
-127.14375,45.47708333,-2861
-127.1395833,45.47708333,-2860
-127.1354167,45.47708333,-2859
-127.13125,45.47708333,-2859
-127.1270833,45.47708333,-2859
-127.1229167,45.47708333,-2858
-127.11875,45.47708333,-2858
-127.1145833,45.47708333,-2857
-127.1104167,45.47708333,-2857
-127.10625,45.47708333,-2856
-127.1020833,45.47708333,-2855
-127.0979167,45.47708333,-2853
-127.09375,45.47708333,-2852
-127.0895833,45.47708333,-2853
-127.0854167,45.47708333,-2854
-127.08125,45.47708333,-2853
-127.0770833,45.47708333,-2852
-127.0729167,45.47708333,-2850
-127.06875,45.47708333,-2848
-127.0645833,45.47708333,-2847
-127.0604167,45.47708333,-2846
-127.05625,45.47708333,-2846
-127.0520833,45.47708333,-2845
-127.0479167,45.47708333,-2845
-127.04375,45.47708333,-2844
-127.0395833,45.47708333,-2843
-127.0354167,45.47708333,-2842
-127.03125,45.47708333,-2841
-127.0270833,45.47708333,-2840
-127.0229167,45.47708333,-2839
-127.01875,45.47708333,-2838
-127.0145833,45.47708333,-2839
-127.0104167,45.47708333,-2838
-127.00625,45.47708333,-2837
-127.0020833,45.47708333,-2836
-127.4979167,45.48125,-2835
-127.49375,45.48125,-2835
-127.4895833,45.48125,-2834
-127.4854167,45.48125,-2834
-127.48125,45.48125,-2833
-127.4770833,45.48125,-2833
-127.4729167,45.48125,-2832
-127.46875,45.48125,-2832
-127.4645833,45.48125,-2832
-127.4604167,45.48125,-2831
-127.45625,45.48125,-2831
-127.4520833,45.48125,-2831
-127.4479167,45.48125,-2831
-127.44375,45.48125,-2831
-127.4395833,45.48125,-2832
-127.4354167,45.48125,-2832
-127.43125,45.48125,-2833
-127.4270833,45.48125,-2834
-127.4229167,45.48125,-2836
-127.41875,45.48125,-2837
-127.4145833,45.48125,-2838
-127.4104167,45.48125,-2839
-127.40625,45.48125,-2840
-127.4020833,45.48125,-2840
-127.3979167,45.48125,-2840
-127.39375,45.48125,-2840
-127.3895833,45.48125,-2840
-127.3854167,45.48125,-2840
-127.38125,45.48125,-2840
-127.3770833,45.48125,-2841
-127.3729167,45.48125,-2842
-127.36875,45.48125,-2845
-127.3645833,45.48125,-2855
-127.3604167,45.48125,-2864
-127.35625,45.48125,-2874
-127.3520833,45.48125,-2884
-127.3479167,45.48125,-2896
-127.34375,45.48125,-2906
-127.3395833,45.48125,-2909
-127.3354167,45.48125,-2911
-127.33125,45.48125,-2911
-127.3270833,45.48125,-2912
-127.3229167,45.48125,-2912
-127.31875,45.48125,-2913
-127.3145833,45.48125,-2913
-127.3104167,45.48125,-2914
-127.30625,45.48125,-2899
-127.3020833,45.48125,-2902
-127.2979167,45.48125,-2907
-127.29375,45.48125,-2908
-127.2895833,45.48125,-2906
-127.2854167,45.48125,-2912
-127.28125,45.48125,-2917
-127.2770833,45.48125,-2913
-127.2729167,45.48125,-2912
-127.26875,45.48125,-2904
-127.2645833,45.48125,-2896
-127.2604167,45.48125,-2898
-127.25625,45.48125,-2882
-127.2520833,45.48125,-2876
-127.2479167,45.48125,-2872
-127.24375,45.48125,-2867
-127.2395833,45.48125,-2862
-127.2354167,45.48125,-2860
-127.23125,45.48125,-2849
-127.2270833,45.48125,-2849
-127.2229167,45.48125,-2846
-127.21875,45.48125,-2850
-127.2145833,45.48125,-2860
-127.2104167,45.48125,-2849
-127.20625,45.48125,-2855
-127.2020833,45.48125,-2858
-127.1979167,45.48125,-2855
-127.19375,45.48125,-2858
-127.1895833,45.48125,-2867
-127.1854167,45.48125,-2868
-127.18125,45.48125,-2864
-127.1770833,45.48125,-2863
-127.1729167,45.48125,-2863
-127.16875,45.48125,-2864
-127.1645833,45.48125,-2870
-127.1604167,45.48125,-2871
-127.15625,45.48125,-2865
-127.1520833,45.48125,-2861
-127.1479167,45.48125,-2860
-127.14375,45.48125,-2859
-127.1395833,45.48125,-2859
-127.1354167,45.48125,-2858
-127.13125,45.48125,-2858
-127.1270833,45.48125,-2858
-127.1229167,45.48125,-2858
-127.11875,45.48125,-2858
-127.1145833,45.48125,-2856
-127.1104167,45.48125,-2855
-127.10625,45.48125,-2855
-127.1020833,45.48125,-2854
-127.0979167,45.48125,-2852
-127.09375,45.48125,-2852
-127.0895833,45.48125,-2853
-127.0854167,45.48125,-2854
-127.08125,45.48125,-2852
-127.0770833,45.48125,-2851
-127.0729167,45.48125,-2849
-127.06875,45.48125,-2847
-127.0645833,45.48125,-2846
-127.0604167,45.48125,-2846
-127.05625,45.48125,-2846
-127.0520833,45.48125,-2846
-127.0479167,45.48125,-2846
-127.04375,45.48125,-2845
-127.0395833,45.48125,-2843
-127.0354167,45.48125,-2842
-127.03125,45.48125,-2841
-127.0270833,45.48125,-2841
-127.0229167,45.48125,-2840
-127.01875,45.48125,-2839
-127.0145833,45.48125,-2839
-127.0104167,45.48125,-2838
-127.00625,45.48125,-2837
-127.0020833,45.48125,-2836
-127.4979167,45.48541667,-2836
-127.49375,45.48541667,-2836
-127.4895833,45.48541667,-2835
-127.4854167,45.48541667,-2835
-127.48125,45.48541667,-2835
-127.4770833,45.48541667,-2834
-127.4729167,45.48541667,-2834
-127.46875,45.48541667,-2833
-127.4645833,45.48541667,-2833
-127.4604167,45.48541667,-2833
-127.45625,45.48541667,-2833
-127.4520833,45.48541667,-2833
-127.4479167,45.48541667,-2833
-127.44375,45.48541667,-2833
-127.4395833,45.48541667,-2833
-127.4354167,45.48541667,-2833
-127.43125,45.48541667,-2833
-127.4270833,45.48541667,-2833
-127.4229167,45.48541667,-2834
-127.41875,45.48541667,-2836
-127.4145833,45.48541667,-2837
-127.4104167,45.48541667,-2838
-127.40625,45.48541667,-2839
-127.4020833,45.48541667,-2839
-127.3979167,45.48541667,-2839
-127.39375,45.48541667,-2839
-127.3895833,45.48541667,-2839
-127.3854167,45.48541667,-2839
-127.38125,45.48541667,-2840
-127.3770833,45.48541667,-2840
-127.3729167,45.48541667,-2841
-127.36875,45.48541667,-2842
-127.3645833,45.48541667,-2844
-127.3604167,45.48541667,-2847
-127.35625,45.48541667,-2853
-127.3520833,45.48541667,-2858
-127.3479167,45.48541667,-2863
-127.34375,45.48541667,-2868
-127.3395833,45.48541667,-2872
-127.3354167,45.48541667,-2878
-127.33125,45.48541667,-2891
-127.3270833,45.48541667,-2902
-127.3229167,45.48541667,-2905
-127.31875,45.48541667,-2908
-127.3145833,45.48541667,-2913
-127.3104167,45.48541667,-2916
-127.30625,45.48541667,-2890
-127.3020833,45.48541667,-2905
-127.2979167,45.48541667,-2906
-127.29375,45.48541667,-2909
-127.2895833,45.48541667,-2910
-127.2854167,45.48541667,-2909
-127.28125,45.48541667,-2909
-127.2770833,45.48541667,-2907
-127.2729167,45.48541667,-2913
-127.26875,45.48541667,-2904
-127.2645833,45.48541667,-2894
-127.2604167,45.48541667,-2899
-127.25625,45.48541667,-2888
-127.2520833,45.48541667,-2881
-127.2479167,45.48541667,-2878
-127.24375,45.48541667,-2872
-127.2395833,45.48541667,-2868
-127.2354167,45.48541667,-2867
-127.23125,45.48541667,-2850
-127.2270833,45.48541667,-2848
-127.2229167,45.48541667,-2844
-127.21875,45.48541667,-2853
-127.2145833,45.48541667,-2858
-127.2104167,45.48541667,-2855
-127.20625,45.48541667,-2849
-127.2020833,45.48541667,-2847
-127.1979167,45.48541667,-2862
-127.19375,45.48541667,-2855
-127.1895833,45.48541667,-2857
-127.1854167,45.48541667,-2862
-127.18125,45.48541667,-2864
-127.1770833,45.48541667,-2862
-127.1729167,45.48541667,-2863
-127.16875,45.48541667,-2862
-127.1645833,45.48541667,-2857
-127.1604167,45.48541667,-2865
-127.15625,45.48541667,-2862
-127.1520833,45.48541667,-2860
-127.1479167,45.48541667,-2860
-127.14375,45.48541667,-2860
-127.1395833,45.48541667,-2860
-127.1354167,45.48541667,-2859
-127.13125,45.48541667,-2859
-127.1270833,45.48541667,-2859
-127.1229167,45.48541667,-2859
-127.11875,45.48541667,-2858
-127.1145833,45.48541667,-2857
-127.1104167,45.48541667,-2856
-127.10625,45.48541667,-2855
-127.1020833,45.48541667,-2854
-127.0979167,45.48541667,-2853
-127.09375,45.48541667,-2853
-127.0895833,45.48541667,-2854
-127.0854167,45.48541667,-2854
-127.08125,45.48541667,-2852
-127.0770833,45.48541667,-2851
-127.0729167,45.48541667,-2849
-127.06875,45.48541667,-2848
-127.0645833,45.48541667,-2847
-127.0604167,45.48541667,-2846
-127.05625,45.48541667,-2846
-127.0520833,45.48541667,-2845
-127.0479167,45.48541667,-2845
-127.04375,45.48541667,-2844
-127.0395833,45.48541667,-2842
-127.0354167,45.48541667,-2841
-127.03125,45.48541667,-2841
-127.0270833,45.48541667,-2840
-127.0229167,45.48541667,-2841
-127.01875,45.48541667,-2840
-127.0145833,45.48541667,-2839
-127.0104167,45.48541667,-2838
-127.00625,45.48541667,-2837
-127.0020833,45.48541667,-2836
-127.4979167,45.48958333,-2838
-127.49375,45.48958333,-2837
-127.4895833,45.48958333,-2837
-127.4854167,45.48958333,-2837
-127.48125,45.48958333,-2837
-127.4770833,45.48958333,-2837
-127.4729167,45.48958333,-2836
-127.46875,45.48958333,-2835
-127.4645833,45.48958333,-2835
-127.4604167,45.48958333,-2835
-127.45625,45.48958333,-2834
-127.4520833,45.48958333,-2834
-127.4479167,45.48958333,-2833
-127.44375,45.48958333,-2833
-127.4395833,45.48958333,-2833
-127.4354167,45.48958333,-2833
-127.43125,45.48958333,-2833
-127.4270833,45.48958333,-2833
-127.4229167,45.48958333,-2834
-127.41875,45.48958333,-2834
-127.4145833,45.48958333,-2836
-127.4104167,45.48958333,-2837
-127.40625,45.48958333,-2837
-127.4020833,45.48958333,-2838
-127.3979167,45.48958333,-2839
-127.39375,45.48958333,-2839
-127.3895833,45.48958333,-2839
-127.3854167,45.48958333,-2839
-127.38125,45.48958333,-2839
-127.3770833,45.48958333,-2839
-127.3729167,45.48958333,-2840
-127.36875,45.48958333,-2840
-127.3645833,45.48958333,-2841
-127.3604167,45.48958333,-2842
-127.35625,45.48958333,-2845
-127.3520833,45.48958333,-2848
-127.3479167,45.48958333,-2849
-127.34375,45.48958333,-2851
-127.3395833,45.48958333,-2853
-127.3354167,45.48958333,-2857
-127.33125,45.48958333,-2866
-127.3270833,45.48958333,-2874
-127.3229167,45.48958333,-2852
-127.31875,45.48958333,-2883
-127.3145833,45.48958333,-2864
-127.3104167,45.48958333,-2867
-127.30625,45.48958333,-2913
-127.3020833,45.48958333,-2906
-127.2979167,45.48958333,-2902
-127.29375,45.48958333,-2907
-127.2895833,45.48958333,-2907
-127.2854167,45.48958333,-2903
-127.28125,45.48958333,-2899
-127.2770833,45.48958333,-2893
-127.2729167,45.48958333,-2897
-127.26875,45.48958333,-2899
-127.2645833,45.48958333,-2897
-127.2604167,45.48958333,-2899
-127.25625,45.48958333,-2894
-127.2520833,45.48958333,-2885
-127.2479167,45.48958333,-2884
-127.24375,45.48958333,-2874
-127.2395833,45.48958333,-2867
-127.2354167,45.48958333,-2863
-127.23125,45.48958333,-2866
-127.2270833,45.48958333,-2846
-127.2229167,45.48958333,-2846
-127.21875,45.48958333,-2854
-127.2145833,45.48958333,-2855
-127.2104167,45.48958333,-2863
-127.20625,45.48958333,-2854
-127.2020833,45.48958333,-2849
-127.1979167,45.48958333,-2851
-127.19375,45.48958333,-2858
-127.1895833,45.48958333,-2848
-127.1854167,45.48958333,-2851
-127.18125,45.48958333,-2860
-127.1770833,45.48958333,-2854
-127.1729167,45.48958333,-2863
-127.16875,45.48958333,-2855
-127.1645833,45.48958333,-2845
-127.1604167,45.48958333,-2845
-127.15625,45.48958333,-2863
-127.1520833,45.48958333,-2859
-127.1479167,45.48958333,-2860
-127.14375,45.48958333,-2867
-127.1395833,45.48958333,-2870
-127.1354167,45.48958333,-2870
-127.13125,45.48958333,-2866
-127.1270833,45.48958333,-2862
-127.1229167,45.48958333,-2860
-127.11875,45.48958333,-2858
-127.1145833,45.48958333,-2858
-127.1104167,45.48958333,-2857
-127.10625,45.48958333,-2855
-127.1020833,45.48958333,-2854
-127.0979167,45.48958333,-2854
-127.09375,45.48958333,-2855
-127.0895833,45.48958333,-2856
-127.0854167,45.48958333,-2855
-127.08125,45.48958333,-2853
-127.0770833,45.48958333,-2851
-127.0729167,45.48958333,-2850
-127.06875,45.48958333,-2849
-127.0645833,45.48958333,-2849
-127.0604167,45.48958333,-2848
-127.05625,45.48958333,-2847
-127.0520833,45.48958333,-2846
-127.0479167,45.48958333,-2845
-127.04375,45.48958333,-2844
-127.0395833,45.48958333,-2842
-127.0354167,45.48958333,-2842
-127.03125,45.48958333,-2841
-127.0270833,45.48958333,-2841
-127.0229167,45.48958333,-2841
-127.01875,45.48958333,-2840
-127.0145833,45.48958333,-2839
-127.0104167,45.48958333,-2838
-127.00625,45.48958333,-2837
-127.0020833,45.48958333,-2836
-127.4979167,45.49375,-2839
-127.49375,45.49375,-2839
-127.4895833,45.49375,-2839
-127.4854167,45.49375,-2839
-127.48125,45.49375,-2839
-127.4770833,45.49375,-2838
-127.4729167,45.49375,-2837
-127.46875,45.49375,-2836
-127.4645833,45.49375,-2835
-127.4604167,45.49375,-2835
-127.45625,45.49375,-2834
-127.4520833,45.49375,-2834
-127.4479167,45.49375,-2833
-127.44375,45.49375,-2833
-127.4395833,45.49375,-2833
-127.4354167,45.49375,-2833
-127.43125,45.49375,-2833
-127.4270833,45.49375,-2832
-127.4229167,45.49375,-2832
-127.41875,45.49375,-2833
-127.4145833,45.49375,-2834
-127.4104167,45.49375,-2835
-127.40625,45.49375,-2836
-127.4020833,45.49375,-2837
-127.3979167,45.49375,-2838
-127.39375,45.49375,-2838
-127.3895833,45.49375,-2838
-127.3854167,45.49375,-2838
-127.38125,45.49375,-2838
-127.3770833,45.49375,-2837
-127.3729167,45.49375,-2839
-127.36875,45.49375,-2840
-127.3645833,45.49375,-2841
-127.3604167,45.49375,-2841
-127.35625,45.49375,-2840
-127.3520833,45.49375,-2840
-127.3479167,45.49375,-2843
-127.34375,45.49375,-2845
-127.3395833,45.49375,-2849
-127.3354167,45.49375,-2849
-127.33125,45.49375,-2849
-127.3270833,45.49375,-2854
-127.3229167,45.49375,-2868
-127.31875,45.49375,-2883
-127.3145833,45.49375,-2864
-127.3104167,45.49375,-2867
-127.30625,45.49375,-2863
-127.3020833,45.49375,-2864
-127.2979167,45.49375,-2874
-127.29375,45.49375,-2891
-127.2895833,45.49375,-2898
-127.2854167,45.49375,-2900
-127.28125,45.49375,-2895
-127.2770833,45.49375,-2892
-127.2729167,45.49375,-2890
-127.26875,45.49375,-2894
-127.2645833,45.49375,-2892
-127.2604167,45.49375,-2888
-127.25625,45.49375,-2895
-127.2520833,45.49375,-2894
-127.2479167,45.49375,-2884
-127.24375,45.49375,-2877
-127.2395833,45.49375,-2877
-127.2354167,45.49375,-2867
-127.23125,45.49375,-2865
-127.2270833,45.49375,-2859
-127.2229167,45.49375,-2848
-127.21875,45.49375,-2835
-127.2145833,45.49375,-2850
-127.2104167,45.49375,-2855
-127.20625,45.49375,-2851
-127.2020833,45.49375,-2845
-127.1979167,45.49375,-2860
-127.19375,45.49375,-2865
-127.1895833,45.49375,-2850
-127.1854167,45.49375,-2845
-127.18125,45.49375,-2855
-127.1770833,45.49375,-2859
-127.1729167,45.49375,-2850
-127.16875,45.49375,-2853
-127.1645833,45.49375,-2840
-127.1604167,45.49375,-2848
-127.15625,45.49375,-2860
-127.1520833,45.49375,-2870
-127.1479167,45.49375,-2881
-127.14375,45.49375,-2882
-127.1395833,45.49375,-2878
-127.1354167,45.49375,-2867
-127.13125,45.49375,-2862
-127.1270833,45.49375,-2859
-127.1229167,45.49375,-2858
-127.11875,45.49375,-2855
-127.1145833,45.49375,-2852
-127.1104167,45.49375,-2851
-127.10625,45.49375,-2855
-127.1020833,45.49375,-2857
-127.0979167,45.49375,-2856
-127.09375,45.49375,-2855
-127.0895833,45.49375,-2854
-127.0854167,45.49375,-2854
-127.08125,45.49375,-2854
-127.0770833,45.49375,-2852
-127.0729167,45.49375,-2849
-127.06875,45.49375,-2847
-127.0645833,45.49375,-2847
-127.0604167,45.49375,-2847
-127.05625,45.49375,-2848
-127.0520833,45.49375,-2847
-127.0479167,45.49375,-2844
-127.04375,45.49375,-2843
-127.0395833,45.49375,-2842
-127.0354167,45.49375,-2842
-127.03125,45.49375,-2843
-127.0270833,45.49375,-2842
-127.0229167,45.49375,-2840
-127.01875,45.49375,-2839
-127.0145833,45.49375,-2840
-127.0104167,45.49375,-2839
-127.00625,45.49375,-2837
-127.0020833,45.49375,-2836
-127.4979167,45.49791667,-2841
-127.49375,45.49791667,-2841
-127.4895833,45.49791667,-2841
-127.4854167,45.49791667,-2841
-127.48125,45.49791667,-2840
-127.4770833,45.49791667,-2839
-127.4729167,45.49791667,-2838
-127.46875,45.49791667,-2837
-127.4645833,45.49791667,-2836
-127.4604167,45.49791667,-2836
-127.45625,45.49791667,-2835
-127.4520833,45.49791667,-2835
-127.4479167,45.49791667,-2834
-127.44375,45.49791667,-2834
-127.4395833,45.49791667,-2833
-127.4354167,45.49791667,-2833
-127.43125,45.49791667,-2832
-127.4270833,45.49791667,-2832
-127.4229167,45.49791667,-2832
-127.41875,45.49791667,-2832
-127.4145833,45.49791667,-2832
-127.4104167,45.49791667,-2833
-127.40625,45.49791667,-2833
-127.4020833,45.49791667,-2834
-127.3979167,45.49791667,-2835
-127.39375,45.49791667,-2837
-127.3895833,45.49791667,-2837
-127.3854167,45.49791667,-2838
-127.38125,45.49791667,-2839
-127.3770833,45.49791667,-2839
-127.3729167,45.49791667,-2836
-127.36875,45.49791667,-2834
-127.3645833,45.49791667,-2830
-127.3604167,45.49791667,-2834
-127.35625,45.49791667,-2836
-127.3520833,45.49791667,-2834
-127.3479167,45.49791667,-2836
-127.34375,45.49791667,-2839
-127.3395833,45.49791667,-2843
-127.3354167,45.49791667,-2840
-127.33125,45.49791667,-2836
-127.3270833,45.49791667,-2845
-127.3229167,45.49791667,-2853
-127.31875,45.49791667,-2860
-127.3145833,45.49791667,-2858
-127.3104167,45.49791667,-2853
-127.30625,45.49791667,-2857
-127.3020833,45.49791667,-2848
-127.2979167,45.49791667,-2847
-127.29375,45.49791667,-2847
-127.2895833,45.49791667,-2864
-127.2854167,45.49791667,-2890
-127.28125,45.49791667,-2882
-127.2770833,45.49791667,-2885
-127.2729167,45.49791667,-2889
-127.26875,45.49791667,-2893
-127.2645833,45.49791667,-2885
-127.2604167,45.49791667,-2884
-127.25625,45.49791667,-2894
-127.2520833,45.49791667,-2892
-127.2479167,45.49791667,-2897
-127.24375,45.49791667,-2881
-127.2395833,45.49791667,-2883
-127.2354167,45.49791667,-2877
-127.23125,45.49791667,-2868
-127.2270833,45.49791667,-2869
-127.2229167,45.49791667,-2854
-127.21875,45.49791667,-2847
-127.2145833,45.49791667,-2828
-127.2104167,45.49791667,-2859
-127.20625,45.49791667,-2844
-127.2020833,45.49791667,-2840
-127.1979167,45.49791667,-2861
-127.19375,45.49791667,-2872
-127.1895833,45.49791667,-2858
-127.1854167,45.49791667,-2843
-127.18125,45.49791667,-2847
-127.1770833,45.49791667,-2853
-127.1729167,45.49791667,-2859
-127.16875,45.49791667,-2879
-127.1645833,45.49791667,-2870
-127.1604167,45.49791667,-2868
-127.15625,45.49791667,-2872
-127.1520833,45.49791667,-2880
-127.1479167,45.49791667,-2890
-127.14375,45.49791667,-2897
-127.1395833,45.49791667,-2889
-127.1354167,45.49791667,-2878
-127.13125,45.49791667,-2871
-127.1270833,45.49791667,-2870
-127.1229167,45.49791667,-2872
-127.11875,45.49791667,-2865
-127.1145833,45.49791667,-2856
-127.1104167,45.49791667,-2857
-127.10625,45.49791667,-2861
-127.1020833,45.49791667,-2861
-127.0979167,45.49791667,-2857
-127.09375,45.49791667,-2854
-127.0895833,45.49791667,-2852
-127.0854167,45.49791667,-2851
-127.08125,45.49791667,-2852
-127.0770833,45.49791667,-2851
-127.0729167,45.49791667,-2848
-127.06875,45.49791667,-2846
-127.0645833,45.49791667,-2845
-127.0604167,45.49791667,-2845
-127.05625,45.49791667,-2847
-127.0520833,45.49791667,-2846
-127.0479167,45.49791667,-2842
-127.04375,45.49791667,-2840
-127.0395833,45.49791667,-2840
-127.0354167,45.49791667,-2841
-127.03125,45.49791667,-2843
-127.0270833,45.49791667,-2843
-127.0229167,45.49791667,-2841
-127.01875,45.49791667,-2839
-127.0145833,45.49791667,-2840
-127.0104167,45.49791667,-2839
-127.00625,45.49791667,-2838
-127.0020833,45.49791667,-2837
