long,lat,ps_q_test_data,ps_q_predicted,residual
-125.1833362,42.30000085,-76.69737244,-43.241227400434454,-33.45614503956554
-130.4333363,42.18333418,-7.195796013,-11.73776216937938,4.54196615637938
-127.9833363,51.28333436,-20.15999985,3.76206261486062,-23.92206246486062
-123.5500029,43.35000087,31.79475021,30.4985226111158,1.296227598884201
-132.6500031,46.73333427,-6.302155495,-9.144791391219023,2.842635896219023
-126.4666696,43.81666754,-8.036196709,-8.699109690579252,0.662912981579252
-131.8333364,40.90000082,-4.705937386,-7.766224771130738,3.0602873851307386
-130.4333363,42.30000085,-7.908306122,-9.636189417588959,1.727883295588959
-126.7000029,49.18333432,-34.76547241,-9.769357407996164,-24.996115002003837
-119.0000028,53.61666774,50.05701065,44.02390319827404,6.033107451725961
-128.6833363,38.56666744,-29.52482224,-22.677972242739287,-6.846849997260712
-121.5666695,47.08333427,8.38992691,21.82103268949419,-13.431105779494189
-129.9666697,46.50000093,-0.176672921,-4.1949067471359935,4.018233826135994
-126.3500029,44.63333423,-12.46659851,-17.137962415194345,4.671363905194344
-125.8833363,50.000001,108.3290939,60.30796930006407,48.02112459993593
-129.7333363,40.90000082,-3.620010614,2.397076068820657,-6.017086682820657
-121.8000028,47.08333427,24.8902092,4.514928566139114,20.37528063386089
-122.0333362,42.30000085,42.67178726,16.778906294594066,25.892880965405936
-124.7166696,46.26666759,-51.07536316,-37.88410737061427,-13.191255789385735
-129.500003,44.16666755,-37.23230362,-9.1382956085921,-28.0940080114079
-122.3833362,50.93333435,62.22934723,24.217512486192295,38.01183474380771
-120.0500028,47.90000096,-10.31496716,-14.859057792937925,4.544090632937925
-129.7333363,48.60000097,4.960481644,-6.303485394418609,11.26396703841861
-128.450003,38.10000076,-27.49339676,-24.077516692137067,-3.4158800678629326
-129.7333363,45.45000091,-6.760111809,-7.555221536012007,0.7951097270120071
-124.3666696,51.28333436,112.4356918,38.96888437481954,73.46680742518046
-131.8333364,39.73333413,-35.66654205,-32.59967306925358,-3.0668689807464133
-119.3500028,49.76666766,27.10905075,-14.124909657930514,41.23396040793052
-129.0333363,41.7166675,-3.648114204,-3.951094649506064,0.30298044550606384
-122.8500029,40.66666748,-21.51113701,14.714576763002242,-36.22571377300224
-130.3166697,39.8500008,-30.64443588,-40.9219623691014,10.277526489101401
-128.450003,42.76666752,-14.46618271,-7.169795874566112,-7.296386835433888
-121.2166695,42.53333418,-0.950800538,11.046048074707572,-11.996848612707572
-130.0833363,48.01666763,27.96353912,-6.374718512321346,34.338257632321344
-127.4000029,43.81666754,-10.07868099,-8.534087804359626,-1.544593185640375
-123.6666695,40.08333413,-7.371976852,-7.9653181633387575,0.5933413113387571
-122.7333362,45.33333424,-21.1632309,-20.97640770541779,-0.18682319458220675
-130.6666697,40.55000081,-6.676496506,-8.035679384038605,1.359182878038605
-122.5000028,50.11666767,-34.35029221,19.37737628408669,-53.727668494086686
-131.250003,51.05000102,-19.04173088,-16.957262192412102,-2.084468687587897
-121.1000028,49.18333432,3.721830606,14.938162012798413,-11.216331406798414
-123.6666695,44.05000088,36.63098907,40.07444115449884,-3.443452084498844
-129.850003,45.33333424,-1.538333893,-7.196355826921715,5.658021933921715
-122.7333362,39.26666745,77.13337708,30.117888424796273,47.015488655203725
-130.200003,46.15000092,-26.43765068,-4.670701522497989,-21.76694915750201
-124.0166695,51.28333436,-9.022903442,29.934260537560686,-38.95716397956069
-124.3666696,50.58333434,18.14769173,10.086331263122785,8.061360466877213
-131.600003,52.33333438,37.12283707,22.352369088365357,14.770467981634646
-119.0000028,41.25000082,44.96936798,9.015886747155218,35.95348123284478
-127.2833363,49.18333432,-47.25289917,-33.968215863038694,-13.284683306961306
-124.7166696,40.43333414,-78.05440521,-27.8474816772179,-50.2069235327821
-129.3833363,40.08333413,-58.84812164,-57.56024468884727,-1.2878769511527324
-121.3333362,38.56666744,-42.8659668,-31.34366984174818,-11.522296958251822
-121.8000028,41.01666749,17.59547997,9.619874269043622,7.975605700956377
-130.3166697,51.98333437,-11.05015182,-7.245544817789327,-3.8046070022106733
-127.2833363,53.3833344,40.45225525,18.260909347737226,22.191345902262775
-121.9166695,38.10000076,-36.71696854,-22.356215871883965,-14.360752668116039
-125.4166696,44.28333422,-83.03570557,-33.93943740872695,-49.09626816127305
-126.0000029,43.11666753,-26.56963158,-20.701352631339155,-5.868278948660844
-127.8666696,51.16666769,-3.715803146,3.31285077034402,-7.02865391634402
-132.7666697,51.05000102,-1.007831335,0.9075065333639841,-1.9153378683639843
-120.7500028,39.50000079,44.58989334,36.04147122378357,8.548422116216436
-122.2666695,41.60000083,5.899012566,11.845923211751535,-5.946910645751535
-128.5666696,40.90000082,0.691271305,4.581941767301642,-3.8906704623016424
-131.600003,50.81666768,-5.306775093,-6.047998417802491,0.7412233248024913
-122.3833362,51.75000103,-43.6836586,-3.114563169316017,-40.56909543068399
-122.2666695,41.25000082,10.16464615,11.69664162439727,-1.5319954743972701
-124.3666696,53.3833344,-0.531260908,4.809390406648098,-5.340651314648098
-126.7000029,41.48333416,-9.084424973,-0.4101082077006844,-8.674316765299317
-133.0000031,48.71666764,-21.41934013,-13.767384397670716,-7.651955732329283
-130.900003,45.56666758,1.632546306,-5.953291124482475,7.585837430482475
-126.9333363,52.91666772,85.94498444,-4.628951385695704,90.5739358256957
-122.0333362,51.05000102,-47.07424927,17.69058101127447,-64.76483028127447
-128.6833363,50.46666768,-107.468895,-63.36775264252947,-44.101142357470536
-125.0666696,44.98333423,-29.23491096,-29.810126375975674,0.5752154159756735
-126.9333363,50.81666768,-15.00830364,6.647017501136702,-21.655321141136703
-131.1333364,44.40000089,-24.5425396,-9.742218190635155,-14.800321409364846
-129.500003,49.65000099,4.938327789,3.4430888116670495,1.4952389773329502
-119.4666695,46.26666759,-21.49023819,-24.82260419195965,3.332366001959649
-131.7166697,48.36666763,-14.38464069,-13.465897042985567,-0.9187436470144323
-127.6333363,45.21666757,-12.12204933,-8.67555042511782,-3.44649890488218
-132.8833364,39.26666745,-20.99128723,-18.47586095671085,-2.515426273289151
-131.1333364,52.21666771,79.6809082,10.791044593360914,68.8898636066391
-129.500003,44.40000089,1.168243647,-8.09130959083344,9.25955323783344
-124.8333362,51.05000102,-8.719913483,0.38064054341856574,-9.100554026418564
-123.6666695,40.90000082,11.55309105,12.937992189285177,-1.3849011392851764
-121.9166695,44.86666756,17.64155388,9.81985140217021,7.82170247782979
-119.0000028,51.75000103,43.65081787,6.723678028169911,36.92713984183008
-126.8166696,42.30000085,18.78673553,0.7724702370491757,18.014265292950824
-130.4333363,43.5833342,-16.70945168,-12.018945562788922,-4.690506117211079
-119.2333361,39.38333412,-11.6331501,-1.0775899756019955,-10.555560124398005
-124.8333362,44.75000089,-26.95210838,-18.09461393374078,-8.857494446259217
-120.8666695,50.35000101,-7.09532547,8.34046405363274,-15.435789523632739
-130.200003,49.88333433,-1.726620078,0.029419611801054516,-1.7560396898010546
-124.6000029,39.73333413,-39.91442108,-31.96928188462139,-7.945139195378605
-121.9166695,40.78333415,-13.24343014,-7.669396178053384,-5.574033961946615
-124.7166696,44.51666756,-29.51634026,-26.214851831043067,-3.301488428956933
-128.450003,53.73333441,-7.691832542,-1.720274414786626,-5.971558127213374
-121.8000028,49.53333432,-79.76548004,6.907442697667395,-86.67292273766739
-120.9833362,41.48333416,-2.26995635,12.695433638028948,-14.96538998802895
-124.1333362,45.91666758,-12.75954151,-19.812122381822338,7.052580871822338
-119.1166694,43.81666754,25.98698044,19.17075482767008,6.816225612329919
-123.4333362,38.56666744,-19.77153397,19.591876268750685,-39.36341023875069
-126.4666696,44.16666755,-9.190096855,-12.023250380898798,2.8331535258987977
-121.6833362,41.13333416,26.68476105,7.981629806980721,18.70313124301928
-131.950003,50.35000101,1.304535627,-1.9071336939043821,3.211669320904382
-121.5666695,51.63333437,10.34594345,0.09362229589691971,10.25232115410308
-124.7166696,43.93333421,-42.64741516,-27.699562206005258,-14.947852953994744
-127.6333363,51.16666769,0.036781579,7.610909878496042,-7.574128299496041
-119.3500028,43.2333342,1.771705866,4.97693077971585,-3.2052249137158504
-130.200003,39.38333412,-17.45602226,-16.41679336010132,-1.0392288998986814
-132.8833364,44.28333422,-14.22885418,-10.108168532663953,-4.120685647336048
-124.1333362,52.91666772,3.077739954,5.00031154591197,-1.9225715919119697
-122.5000028,46.38333426,3.846320868,-6.3585981748065805,10.20491904280658
-126.7000029,43.46666754,-12.70275307,-9.93376344325748,-2.7689896267425205
-125.3000029,46.50000093,-43.85813141,-34.131739521272735,-9.726391888727264
-130.4333363,52.68333439,-12.81502628,15.838155875475708,-28.653182155475708
-125.6500029,49.76666766,75.95226288,54.871551928744715,21.08071095125529
-127.1666696,48.1333343,-22.51259232,-18.364994587923885,-4.147597732076115
-125.7666696,43.70000087,-37.55083084,-35.97000801527544,-1.5808228247245637
-123.7833362,46.6166676,40.028759,7.818988419851126,32.20977058014888
-122.0333362,53.96666775,-23.41563416,-13.717990084698023,-9.697644075301977
-130.0833363,46.6166676,-2.204981804,-5.734300536503062,3.5293187325030617
-122.6166695,53.26666773,-4.220438004,-13.017040664169953,8.796602660169953
-132.7666697,41.95000084,-11.34496403,-10.536987772654868,-0.8079762573451319
-128.100003,41.7166675,-7.295795441,-3.673158242341066,-3.6226371986589343
-121.8000028,48.36666763,51.59294128,-3.3299974134179924,54.92293869341799
-125.8833363,45.56666758,-25.71447754,-22.70453653987124,-3.0099410001287623
-122.3833362,38.21666743,-24.85687447,6.605090698485496,-31.4619651684855
-124.6000029,44.51666756,-29.65450668,-27.274551232379164,-2.379955447620837
-129.0333363,52.91666772,16.11544228,7.520896445826699,8.594545834173301
-122.0333362,39.8500008,-18.3635807,-37.26998527797781,18.90640457797781
-123.0833362,43.00000086,-19.19775772,12.603147534812857,-31.800905254812854
-130.7833363,44.40000089,-0.773329556,-6.2213539514299185,5.448024395429918
-122.2666695,43.5833342,29.22591782,7.558755172520551,21.667162647479447
-125.1833362,44.05000088,-56.11671066,-34.36652500113355,-21.75018565886645
-130.4333363,43.35000087,-8.163412094,-10.964864161515353,2.8014520675153527
-121.4500028,47.20000094,6.784890175,22.23219836620508,-15.447308191205078
-119.1166694,40.2000008,60.92185974,-1.9814105702604536,62.90327031026045
-119.4666695,47.78333429,-11.91650772,-16.080184352756444,4.163676632756443
-126.8166696,42.18333418,9.317015648,0.7724702370491757,8.544545410950825
-131.950003,51.05000102,-0.014526337,-7.60722352279493,7.59269718579493
-122.2666695,44.05000088,-0.133904234,4.022465488296971,-4.156369722296971
-133.0000031,48.83333431,-9.821331024,-6.642214454939562,-3.1791165690604375
-128.2166696,53.15000106,23.91506386,-6.6629171523574735,30.577981012357473
-129.6166697,51.98333437,4.100636482,-3.8268077913837413,7.927444273383741
-120.5166695,46.85000094,-9.963996887,-12.366665373879421,2.4026684868794206
-129.9666697,47.43333428,-7.93553257,-5.486742838862167,-2.4487897311378335
-130.3166697,40.66666748,1.904140949,2.1858786536373804,-0.28173770463738035
-127.750003,44.40000089,-3.101676464,-8.67555042511782,5.573873961117819
-128.3333363,45.1000009,-5.922931671,-8.098563777935508,2.1756321069355087
-119.4666695,50.81666768,-37.82072449,-31.599995489794466,-6.220729000205537
-124.4833362,40.08333413,-22.93366241,-25.53742935875159,2.6037669487515913
-128.450003,51.63333437,-31.0686779,-6.450958542974841,-24.61771935702516
-122.1500028,38.3333341,11.89960003,-0.11808078074772758,12.017680810747727
-132.6500031,51.5166677,-6.195027351,-6.698248949816784,0.5032215988167836
-127.9833363,47.78333429,-4.688410759,-7.662670891078421,2.974260132078421
-132.4166697,38.91666744,-22.64400291,-17.08130322051904,-5.5626996894809615
-130.6666697,39.26666745,-14.9651413,-18.008201096612463,3.0430597966124626
-132.1833364,49.30000099,-12.36965084,-9.849989150978818,-2.5196616890211825
-130.4333363,50.46666768,9.26080513,-0.7582108264317298,10.01901595643173
-126.1166696,41.13333416,-7.418000221,-1.618542272137896,-5.799457948862104
-127.5166696,47.90000096,-1.241449118,-10.115506713265454,8.874057595265453
-120.9833362,40.90000082,-3.600515604,17.92725947788682,-21.527775081886823
-128.6833363,45.56666758,-2.657203674,-7.2257048137971,4.5685011397971005
-119.9333361,52.10000104,17.5878315,13.89542791833718,3.69240358166282
-125.5333362,50.23333434,32.41082001,23.058259001514884,9.352561008485118
-121.1000028,39.96666747,40.53702164,50.700279335428974,-10.163257695428975
-127.6333363,52.56666772,-11.00385952,-1.1184100990495214,-9.88544942095048
-125.4166696,39.96666747,-43.03628159,-38.09947882798087,-4.936802762019134
-119.2333361,51.63333437,-24.97000885,-12.195867540786244,-12.774141309213755
-122.9666695,42.06666751,43.74359894,17.726576234195548,26.01702270580445
-125.5333362,51.16666769,-71.14173126,10.458262894079548,-81.59999415407955
-127.8666696,43.5833342,-18.19278908,-10.081555949974593,-8.111233130025408
-128.3333363,43.93333421,3.142726421,-9.079478081011617,12.222204502011618
-122.5000028,53.26666773,-17.60863304,-4.957928398456572,-12.65070464154343
-125.0666696,44.75000089,-34.98044205,-30.322536396232774,-4.6579056537672265
-132.0666697,46.85000094,-14.2118721,-11.15864778495459,-3.0532243150454104
-119.1166694,48.71666764,38.51015472,9.2809145579434,29.229240162056605
-124.9500029,41.7166675,-2.632040501,-31.817270940204235,29.185230439204236
-120.9833362,45.45000091,5.415047646,-5.0082721938333545,10.423319839833354
-125.3000029,40.08333413,-30.17288971,-32.051471424653265,1.878581714653265
-119.1166694,44.16666755,7.344222069,21.77143137184713,-14.427209302847128
-119.0000028,51.5166677,63.64331436,5.742940368768867,57.900373991231135
-126.7000029,46.73333427,-12.81775665,-11.391628047885781,-1.4261286021142183
-127.4000029,48.71666764,-41.55496979,-27.053471268660584,-14.501498521339418
-120.5166695,38.56666744,46.32852554,9.663895570302646,36.66462996969736
-132.8833364,40.55000081,-12.89062405,-9.217153461876306,-3.6734705881236938
-130.550003,50.23333434,-3.355498552,-1.549101319515873,-1.8063972324841269
-132.7666697,43.11666753,-12.62076283,-10.927066024281691,-1.693696805718309
-122.7333362,47.31666761,-52.27396393,-39.76890010641144,-12.505063823588564
-124.6000029,39.38333412,-59.10882568,-38.374711518165114,-20.73411416183489
-129.150003,51.28333436,-8.526996613,-1.9648849253738057,-6.562111687626194
-132.1833364,38.80000078,-14.88520622,-17.08130322051904,2.196097000519039
-120.9833362,43.46666754,-8.381144524,10.96627786849606,-19.34742239249606
-121.3333362,41.36666749,-2.058284998,1.6340389240957944,-3.6923239220957944
-127.6333363,49.65000099,-40.66946793,-34.13618287946933,-6.533285050530672
-125.1833362,43.5833342,-44.26906967,-43.782697282093665,-0.48637238790633575
-119.2333361,42.41666751,19.72685814,12.354429758631237,7.372428381368763
-131.250003,41.95000084,-8.080690384,-7.493934182974486,-0.5867562010255147
-119.9333361,47.55000095,-4.797969818,-11.360486621117571,6.562516803117571
-126.1166696,42.65000085,37.95291519,3.351369013556831,34.601546176443165
-121.1000028,40.2000008,30.9558754,19.686282934923756,11.269592465076244
-122.6166695,44.40000089,-30.71356201,-6.270493793680861,-24.44306821631914
-128.450003,45.80000092,-1.991842747,-7.62125821541089,5.62941546841089
-123.7833362,50.81666768,107.2036819,34.925911124444674,72.27777077555533
-119.5833361,45.68333425,-47.03597641,-27.677495602681347,-19.358480807318657
-126.3500029,51.63333437,12.26988792,17.46998633777611,-5.200098417776109
-120.4000028,51.28333436,45.4829483,20.640020535421925,24.84292776457807
-125.7666696,40.78333415,-6.184161186,-17.79379209983543,11.609630913835428
-131.0166697,51.16666769,-26.41464043,-14.080550164117545,-12.334090265882454
-120.9833362,40.08333413,11.93697071,31.54657904163526,-19.609608331635258
-132.300003,46.73333427,-8.74809742,-11.92194387148517,3.1738464514851703
-132.0666697,43.11666753,-13.64109325,-15.660941279884018,2.0198480298840167
-130.3166697,46.50000093,-8.988529205,-5.586207588381479,-3.402321616618522
-126.1166696,44.63333423,-18.19980812,-17.752103391960325,-0.44770472803967465
-121.1000028,42.18333418,1.887196302,13.327055642198506,-11.439859340198506
-125.6500029,40.31666747,-1.601567507,-26.579347701455525,24.977780194455526
-132.1833364,48.71666764,-8.916806221,-2.8969517804618974,-6.0198544405381025
-125.8833363,42.41666751,19.2951088,-4.131763967495671,23.426872767495674
-126.5833363,44.86666756,-5.800579071,-15.813834188983606,10.013255117983606
-129.500003,52.91666772,-23.52053261,-1.8692227657131737,-21.651309844286825
-119.2333361,49.06666765,36.57156754,-2.067420594772527,38.638988134772525
-120.2833361,48.83333431,50.89825058,31.169745851756723,19.72850472824328
-120.0500028,48.25000096,-2.392256975,10.78252308796797,-13.17478006296797
-122.6166695,39.15000078,25.24946976,19.720510864462472,5.528958895537528
-127.1666696,49.76666766,-32.88425446,-19.767587389690977,-13.116667070309024
-130.7833363,49.18333432,4.407486916,-7.2491172976898826,11.656604213689882
-132.7666697,46.26666759,-10.31873798,-11.416167343328938,1.0974293633289385
-124.0166695,38.91666744,-4.332687378,-55.823168561763325,51.49048118376332
-127.1666696,42.53333418,-1.18671155,0.7724702370491757,-1.9591817870491757
-119.0000028,38.80000078,-21.06442451,-2.6472813698709263,-18.41714314012907
-131.950003,52.91666772,87.71794891,78.91815461181876,8.79979429818124
-125.7666696,45.21666757,-41.08465576,-27.686469738998827,-13.39818602100117
-122.6166695,48.25000096,-82.06578064,-52.06283043299592,-30.002950207004076
-120.4000028,37.98333409,2.959747314,20.95299497035269,-17.99324765635269
-131.7166697,48.4833343,-12.47637844,-13.725100195815227,1.248721755815227
-126.0000029,53.85000108,17.65163231,-1.0381580408827067,18.689790350882706
-122.0333362,39.15000078,-41.8366127,-19.360552487197552,-22.47606021280245
-120.1666695,45.91666758,2.030430555,-10.05316749240242,12.08359804740242
-132.8833364,43.93333421,-13.44908047,-10.108168532663953,-3.340911937336047
-121.4500028,52.56666772,9.988154411,0.2335063490639903,9.75464806193601
-119.1166694,39.61666746,-20.9081974,0.646850301964107,-21.555047701964106
-127.0500029,47.08333427,-10.78483963,-10.586916954006561,-0.19792267599343916
-123.2000029,43.35000087,5.879885674,22.027487508422965,-16.147601834422964
-132.7666697,44.40000089,-16.21450233,-9.742218190635155,-6.472284139364843
-131.0166697,49.06666765,40.37970352,-9.168970489008467,49.548674009008465
-123.6666695,48.4833343,87.5799408,58.4450403832766,29.134900416723404
-124.0166695,53.15000106,14.81443882,-1.4099717987834828,16.224410618783484
-124.4833362,48.71666764,78.66451263,50.80995612689598,27.85455650310402
-122.0333362,43.5833342,63.65137482,11.726148007984415,51.92522681201559
-124.6000029,41.13333416,-57.86009216,-24.28786393159431,-33.57222822840569
-120.0500028,42.65000085,15.76760006,9.252524950281627,6.515075109718373
-122.9666695,44.40000089,-14.83332443,5.83078433085087,-20.66410876085087
-123.0833362,42.76666752,48.70549393,12.120636956224747,36.58485697377526
-119.5833361,48.1333343,-19.74742126,-16.762394941884395,-2.9850263181156045
-119.2333361,48.60000097,30.94795418,-9.102355963848725,40.050310143848726
-124.1333362,50.000001,74.33343506,-0.15112186196058314,74.48455692196059
-123.3166695,38.68333411,32.73448944,25.237673784221666,7.496815655778331
-125.4166696,40.66666748,-25.52872467,-22.67262796833558,-2.85609670166442
-127.4000029,45.80000092,-8.76415062,-8.67555042511782,-0.08860019488218107
-131.8333364,52.56666772,85.44708252,-16.40947903335042,101.85656155335042
-126.5833363,50.35000101,94.03659821,29.308495880239665,64.72810232976033
-128.9166696,47.31666761,-4.197846413,-4.68136978123968,0.48352336823968045
-131.7166697,53.73333441,-17.07800484,0.01950041949532131,-17.09750525949532
-122.8500029,53.96666775,-7.945148468,-14.919384898013538,6.974236430013538
-123.3166695,43.35000087,9.399737358,25.107336842407634,-15.707599484407634
-128.5666696,52.33333438,5.257191658,-1.6027952288548541,6.859986886854854
-123.9000029,38.21666743,-85.57430267,-60.97712165143928,-24.59718101856071
-125.4166696,45.56666758,-45.87814331,-40.74923138311815,-5.128911926881848
-129.150003,50.11666767,-29.17656898,-19.341369248517047,-9.835199731482952
-130.3166697,45.68333425,-18.52871704,-4.163504371927395,-14.365212668072605
-130.200003,51.28333436,-31.26698303,-17.190124741172493,-14.076858288827506
-131.0166697,45.21666757,-0.158820778,-5.606968951155266,5.448148173155266
-125.3000029,47.43333428,-28.45960236,-20.330734424463394,-8.128867935536608
-119.8166695,53.85000108,21.34398842,27.767331530056197,-6.423343110056198
-131.1333364,43.35000087,-9.082308769,-12.449049856928903,3.3667410879289026
-120.7500028,46.73333427,-24.01036263,0.43409791780145124,-24.44446054780145
-128.3333363,48.83333431,-9.438058853,-11.338800303172018,1.9007414501720188
-120.7500028,42.18333418,11.94452667,22.691596695832253,-10.747070025832253
-131.1333364,39.15000078,-18.38742447,-18.546458499940954,0.15903402994095472
-129.6166697,45.33333424,-5.134280205,-7.196355826921715,2.062075621921715
-130.7833363,48.01666763,-10.89474583,-9.758873034068799,-1.135872795931201
-130.6666697,41.95000084,-7.819808006,-5.980462746317572,-1.8393452596824273
-120.9833362,44.05000088,-21.26776505,5.589983984505417,-26.857749034505417
-126.2333363,43.46666754,-8.961286545,-10.852083794548296,1.8907972495482959
-126.2333363,41.83333417,-14.0571146,-5.03756912908942,-9.01954547091058
-127.9833363,42.53333418,-18.590662,-5.417623690411131,-13.173038309588868
-127.4000029,40.66666748,-22.96901131,-5.380668833547918,-17.58834247645208
-129.7333363,41.13333416,-7.90455246,0.25838677005650024,-8.1629392300565
-122.6166695,52.45000105,-13.35685158,-7.628713302907623,-5.728138277092378
-130.4333363,39.96666747,-54.92487335,-44.63770543754028,-10.287167912459715
-120.8666695,46.03333425,98.84616089,8.793416925003752,90.05274396499624
-128.3333363,45.21666757,-2.885716915,-7.62125821541089,4.73554130041089
-120.5166695,43.11666753,14.01321602,15.615702138279762,-1.6024861182797618
-128.450003,46.26666759,-7.003353119,-6.929806368047355,-0.0735467509526444
-131.8333364,41.36666749,-0.782968163,-6.7831940705544636,6.000225907554464
-130.900003,48.36666763,-9.064807892,-10.031314135302674,0.9665062433026748
-127.4000029,41.95000084,-4.949462891,3.1977468303055177,-8.147209721305517
-131.950003,37.98333409,-16.11001968,-22.483270111202565,6.373250431202564
-129.850003,45.68333425,2.02542305,-6.315720249301517,8.341143299301518
-127.4000029,53.61666774,58.7684021,24.842177374792588,33.92622472520742
-122.9666695,44.75000089,-24.9439106,-8.827490730067362,-16.116419869932635
-129.7333363,49.76666766,16.90081596,-2.0909725063191558,18.991788466319154
-119.2333361,47.55000095,-16.62034988,-20.134656526592718,3.5143066465927184
-131.4833364,51.40000103,-19.96021271,-9.705921299853234,-10.254291410146767
-129.0333363,44.05000088,14.61842728,-9.263990214590068,23.88241749459007
-123.6666695,48.1333343,-3.384422302,31.022454287862853,-34.406876589862854
-128.5666696,40.08333413,-69.40122986,-54.9953723263658,-14.405857533634197
-123.2000029,44.63333423,-4.251994133,1.3934062859231269,-5.645400418923127
-132.7666697,39.8500008,-51.24105072,-40.01874045161816,-11.22231026838184
-121.3333362,50.11666767,117.9280396,-1.74819140658081,119.67623100658082
-127.8666696,40.31666747,-9.980434418,-25.143172927587973,15.162738509587973
-122.2666695,44.16666755,-44.25658798,6.161121743553181,-50.41770972355318
-122.9666695,48.4833343,-30.59032631,-14.969564293751201,-15.620762016248797
-132.5333364,48.25000096,-9.697698593,-13.747432703707137,4.049734110707137
-120.0500028,41.7166675,-3.021029472,6.371478340678401,-9.392507812678401
-129.500003,49.76666766,13.38935089,3.4430888116670495,9.94626207833295
-127.5166696,40.90000082,-44.38734818,-2.782315665053477,-41.60503251494652
-132.7666697,38.91666744,-14.41221905,-17.08130322051904,2.6690841705190405
-131.250003,50.000001,-4.787752151,-7.445890194524726,2.6581380435247253
-131.1333364,40.90000082,-2.258029461,-1.1192254375648407,-1.1388040234351593
-119.9333361,47.43333428,-5.211004257,-10.061077787157052,4.850073530157052
-130.7833363,49.53333432,-5.203845978,-5.73445960928852,0.5306136312885199
-124.1333362,50.81666768,101.8711777,15.185540585191882,86.68563711480812
-119.2333361,39.15000078,-13.39577103,-0.8039489408136568,-12.591822089186344
-131.1333364,41.60000083,-14.4253397,-6.943166748680474,-7.4821729513195265
-125.7666696,42.53333418,3.236276627,-13.85131988790626,17.08759651490626
-119.2333361,48.95000098,24.77284813,-2.067420594772527,26.84026872477253
-120.0500028,52.10000104,-6.036128044,7.183796533387549,-13.219924577387548
-123.5500029,53.73333441,-19.75420189,-6.310838745675552,-13.443363144324449
-123.9000029,38.91666744,20.01668739,4.657770198505937,15.358917191494065
-121.8000028,40.31666747,25.85998535,12.68884277612229,13.17114257387771
-130.3166697,50.23333434,-6.314971924,-2.489290027847155,-3.825681896152845
-129.850003,41.60000083,-14.07826614,-4.020067516712681,-10.05819862328732
-122.9666695,49.53333432,-35.1978302,1.5229968501478919,-36.72082705014789
-129.6166697,53.26666773,-5.109500885,5.198567893244278,-10.308068778244278
-127.1666696,51.98333437,15.59051704,14.66105048948405,0.9294665505159507
-120.0500028,44.16666755,-8.216171265,15.08803622763928,-23.30420749263928
-123.6666695,43.93333421,32.38703918,34.062195808703926,-1.675156628703924
-132.8833364,53.03333439,-63.33825302,-49.50245364803568,-13.83579937196432
-123.2000029,44.51666756,-8.131041527,21.00925461837063,-29.14029614537063
-121.4500028,45.1000009,4.704439163,3.327196589490541,1.377242573509459
-121.8000028,42.88333419,-6.500076294,16.70609497934505,-23.20617127334505
-121.4500028,45.21666757,5.184492111,3.063056334390275,2.121435776609725
-128.5666696,48.71666764,0.323105454,-7.509738090515296,7.832843544515296
-119.8166695,44.28333422,35.50895691,15.81278621231127,19.696170697688732
-132.1833364,48.01666763,-19.72828484,-11.02936757098993,-8.698917269010071
-120.2833361,51.40000103,3.439067841,11.773332111451804,-8.334264270451804
-125.4166696,44.05000088,-82.50699615,-51.68068143363638,-30.826314716363626
-121.8000028,52.68333439,-2.218793392,14.332682102104345,-16.551475494104345
-125.3000029,50.93333435,55.0383606,40.113597327483646,14.924763272516351
-125.4166696,53.85000108,-11.85246944,-6.8285909634235695,-5.023878476576431
-120.5166695,48.95000098,30.46129608,26.23763117257075,4.223664907429249
-120.0500028,47.20000094,-43.46603775,-4.264818898256795,-39.20121885174321
-131.600003,51.63333437,-12.52441406,-11.628871972631192,-0.895542087368808
-128.3333363,39.73333413,-32.80681992,-32.553028697033255,-0.25379122296674694
-125.6500029,53.61666774,-14.7700367,0.40130360757933786,-15.171340307579339
-119.2333361,50.46666768,-63.01034927,-28.60946684004989,-34.40088242995011
-122.0333362,44.51666756,5.320100784,0.21011903449582436,5.1099817495041755
-125.3000029,40.90000082,-41.81918716,-28.054109096290663,-13.765078063709336
-123.4333362,40.08333413,-3.436744213,8.549810129086966,-11.986554342086965
-132.0666697,53.26666773,78.60810089,62.638401621958764,15.96969926804124
-131.250003,46.73333427,33.08501434,-9.724872746738953,42.809887086738954
-123.6666695,50.11666767,-41.05998993,9.386065902718588,-50.446055832718585
-126.3500029,39.73333413,-24.76330757,-28.42840699178681,3.665099421786813
-119.7000028,42.06666751,34.35069656,13.828527252784673,20.52216930721533
-132.4166697,42.65000085,-7.540855408,-10.986742859478928,3.445887451478929
-130.900003,46.26666759,-30.94856834,-5.11784806974344,-25.830720270256563
-126.5833363,42.41666751,2.587151051,-4.271746420052721,6.858897471052721
-132.4166697,51.98333437,-19.81409645,-17.353218470514744,-2.4608779794852573
-124.4833362,53.15000106,14.19024754,3.9567865008442484,10.23346103915575
-126.2333363,38.21666743,-24.17821312,-24.008731463925464,-0.16948165607453447
-128.800003,40.08333413,-73.5853653,-58.58926366898126,-14.996101631018746
-127.6333363,38.45000077,-33.57647705,-26.653920176456268,-6.9225568735437335
-120.4000028,44.98333423,6.108687401,1.6845485651595613,4.424138835840439
-132.8833364,51.8666677,0.4890275,-14.726037499556286,15.215064999556287
-120.9833362,39.15000078,22.05965614,6.147476076750369,15.912180063249632
-125.4166696,46.85000094,-33.85693359,-32.766684656915736,-1.0902489330842613
-120.8666695,50.23333434,3.863303423,1.0684539760566076,2.7948494469433927
-124.3666696,50.93333435,-28.29966736,25.63685540618088,-53.936522766180886
-123.7833362,42.30000085,44.70861053,23.781478590586392,20.92713193941361
-120.8666695,43.35000087,-6.321923256,13.939440909311617,-20.26136416531162
-129.3833363,46.96666761,-0.414426655,-4.546669273040625,4.1322426180406255
-121.8000028,44.05000088,87.36322021,26.20852229680099,61.154697913199
-130.3166697,42.53333418,-8.338927269,-9.03401526621439,0.6950879972143902
-130.3166697,50.81666768,1.765039682,-17.347304328260297,19.112344010260298
-121.8000028,50.23333434,93.42943573,5.17644460658239,88.2529911234176
-130.0833363,38.80000078,-7.128922462,-16.881493810943493,9.752571348943492
-129.500003,50.46666768,-63.82077408,-47.96052824705744,-15.86024583294256
-125.5333362,50.70000101,-22.93769073,3.0410879620978837,-25.978778692097883
-130.3166697,53.50000107,5.897776604,0.8775830569296942,5.020193547070305
-121.3333362,51.8666677,18.21744537,0.4888451971409293,17.72860017285907
-120.6333361,38.91666744,32.97882843,41.52308381698994,-8.544255386989938
-121.9166695,38.68333411,-36.61655807,-12.606587122828754,-24.009970947171247
-124.3666696,45.21666757,-59.26229477,-36.391277030238705,-22.871017739761292
-131.250003,44.16666755,-24.34316635,-12.007569045756362,-12.335597304243638
-125.1833362,40.08333413,-23.9780407,-32.164631309752686,8.186590609752685
-132.7666697,47.43333428,-2.607406855,-6.882489885692083,4.275083030692083
-125.5333362,51.28333436,33.78872681,13.060607125339386,20.728119684660612
-130.4333363,52.80000106,-19.04261589,2.4246586311895704,-21.46727452118957
-128.2166696,45.91666758,-7.65831089,-8.838140105237725,1.1798292152377252
-125.1833362,47.43333428,-17.92072296,-26.737139349412804,8.816416389412804
-129.7333363,43.5833342,-20.02732849,-15.386494630148135,-4.640833859851863
-128.800003,41.95000084,-3.020979166,-6.774259253203303,3.7532800872033025
-131.250003,39.61666746,-29.98925972,-28.30061816239929,-1.688641557600711
-128.5666696,41.13333416,-6.675038338,0.7794278738391476,-7.454466211839148
-119.4666695,46.03333425,-20.73692894,-26.524100156076415,5.787171216076416
-124.0166695,43.35000087,44.2403183,20.131240099208238,24.10907820079176
-120.7500028,37.98333409,-19.55215263,-24.293651502190936,4.741498872190938
-125.1833362,44.98333423,-23.75463867,-29.143353293788067,5.3887146237880685
-122.5000028,41.13333416,96.25363922,26.050184172388533,70.20345504761147
-132.8833364,46.26666759,-13.69139767,-11.416167343328938,-2.2752303266710623
-126.8166696,43.35000087,-10.10066986,-9.785838022221059,-0.3148318377789412
-125.0666696,53.61666774,-17.02952194,-5.290931403148884,-11.738590536851115
-127.5166696,50.58333434,-7.656474113,5.109991053925032,-12.766465166925032
-127.1666696,41.13333416,23.98443604,15.962155050672806,8.022280989327193
-122.5000028,48.36666763,-62.1413002,-31.85504009569941,-30.28626010430059
-124.2500029,52.21666771,16.34707451,11.269697267367865,5.077377242632133
-120.2833361,45.45000091,-21.70776367,-8.028648956334804,-13.679114713665195
-119.2333361,49.88333433,12.7949791,-7.321879297622516,20.116858397622515
-127.1666696,44.05000088,-8.040999413,-6.2503855367342425,-1.7906138762657573
-130.3166697,38.45000077,-34.52220535,-26.213724115351067,-8.308481234648934
-130.900003,50.35000101,-10.73650074,-5.414854795579503,-5.3216459444204975
-127.2833363,49.88333433,-15.13162041,-11.291272840163305,-3.8403475698366947
-132.0666697,48.36666763,-5.052467346,-10.573728934455504,5.521261588455504
-130.7833363,50.23333434,-8.031236649,-5.505485249971416,-2.525751399028584
-124.2500029,48.1333343,1.97187376,-20.281820402041394,22.253694162041395
-119.4666695,52.68333439,31.65216255,49.83876458763478,-18.186602037634778
-120.1666695,46.6166676,24.61705589,-7.45628098563791,32.07333687563791
-126.2333363,50.23333434,96.60723877,52.92954286069983,43.67769590930016
-129.9666697,48.83333431,-20.9716835,-5.431997830348707,-15.539685669651295
-122.6166695,50.46666768,-21.94880867,4.475060575607661,-26.42386924560766
-122.9666695,40.08333413,78.68578339,29.295931526713446,49.38985186328655
-125.1833362,41.95000084,-35.37839127,-37.6060033734709,2.2276121034708964
-124.7166696,47.08333427,-35.43415451,-37.754827156649604,2.320672646649605
-130.3166697,40.2000008,-70.86139679,-49.27097263797388,-21.590424152026124
-128.5666696,47.90000096,-5.80466938,-5.104670924719409,-0.6999984552805909
-128.800003,43.70000087,-31.79262543,-10.213504433783168,-21.579120996216833
-127.5166696,43.46666754,-13.98661423,-9.548081302419094,-4.438532927580907
-124.8333362,39.50000079,-48.03109741,-30.202864577523034,-17.828232832476967
-126.7000029,45.45000091,-5.637438774,-11.843622152876476,6.206183378876476
-132.300003,46.38333426,-17.10071564,-14.919245721618895,-2.181469918381106
-121.4500028,52.45000105,-18.7592907,0.5920863506276746,-19.351377050627676
-126.3500029,49.76666766,23.37332916,42.54195794873945,-19.16862878873945
-128.5666696,53.73333441,21.81988716,-16.281411714654727,38.10129887465473
-132.8833364,42.53333418,-15.59621143,-10.986742859478928,-4.609468570521072
-121.2166695,43.46666754,-0.841302097,15.912375998252562,-16.753678095252564
-127.5166696,50.81666768,-13.83909988,10.075509560735387,-23.914609440735386
-120.6333361,51.05000102,18.35653305,21.423727954979505,-3.0671949049795053
-123.4333362,46.26666759,21.39869308,27.699702616156486,-6.301009536156485
-124.4833362,41.01666749,-40.14689255,-16.661550470166905,-23.485342079833092
-128.2166696,39.03333411,-10.42062283,-13.599957280571164,3.179334450571165
-123.5500029,38.3333341,3.017296076,6.2138067153639,-3.1965106393638996
-128.3333363,43.46666754,-40.51501846,-10.005871238817548,-30.509147221182452
-131.4833364,50.81666768,-9.054748535,-8.594872567172576,-0.4598759678274238
-132.7666697,40.08333413,-58.14264679,-40.11657630444707,-18.02607048555293
-119.8166695,50.000001,38.36306,4.6458940553382115,33.71716594466179
-124.0166695,45.68333425,-18.4957428,3.45570361405569,-21.951446414055688
-131.1333364,49.76666766,-9.255685806,-4.548580839486085,-4.707104966513915
-127.0500029,47.31666761,-9.065340042,-9.719640101353182,0.6543000593531811
-126.9333363,50.46666768,25.2251606,19.618159054615745,5.607001545384254
-123.2000029,42.88333419,14.87607193,9.761785758424278,5.114286171575722
-123.6666695,47.90000096,55.88573456,45.028253330248106,10.857481229751897
-129.9666697,41.48333416,-10.76045704,-3.1528790657653394,-7.607577974234661
-120.9833362,48.01666763,52.16868591,32.74853913850509,19.420146771494913
-119.2333361,46.38333426,-41.72725677,-33.28150540223742,-8.445751367762576
-123.9000029,39.8500008,7.918056488,8.961839279788663,-1.0437827917886624
-123.0833362,44.51666756,-17.75374603,20.422093647785896,-38.175839677785895
-132.5333364,41.83333417,-18.96549606,-9.930705291341903,-9.034790768658096
-123.7833362,50.58333434,83.51385498,30.29669660266206,53.217158377337945
-119.0000028,48.71666764,35.67581177,-19.31816709937818,54.99397886937818
-119.4666695,47.90000096,-12.30446148,-15.989719918097675,3.6852584380976747
-126.2333363,43.11666753,-21.82857704,-10.836914421834605,-10.991662618165394
-126.1166696,50.70000101,11.58837986,5.211351440508287,6.377028419491713
-132.1833364,40.78333415,-11.75200176,-6.9387019703550905,-4.81329978964491
-124.8333362,38.68333411,-35.2489357,-30.647054319377176,-4.601881380622821
-128.6833363,53.73333441,5.161265373,-16.281411714654727,21.442677087654726
-123.6666695,50.70000101,-5.683274269,34.925911124444674,-40.609185393444676
-121.6833362,46.6166676,-28.45617294,24.584929414256038,-53.04110235425604
-123.0833362,49.41666765,36.70495987,-22.52695692244071,59.231916792440714
-130.550003,39.61666746,-31.93732452,-25.83947609780962,-6.097848422190381
-131.0166697,49.88333433,-7.367329597,-4.807708366867831,-2.5596212301321692
-120.9833362,42.88333419,40.32049561,12.249534950965753,28.07096065903425
-119.9333361,50.23333434,18.63997078,11.304040892085004,7.335929887914995
-127.6333363,48.60000097,-26.79442596,-15.786594947046641,-11.00783101295336
-119.7000028,44.40000089,65.49938965,10.378460560230865,55.120929089769135
-121.2166695,48.25000096,-10.5995779,26.018237410273798,-36.6178153102738
-119.8166695,39.73333413,13.87442875,5.183753416948126,8.690675333051875
-132.4166697,44.98333423,-16.97723389,-11.521141160494203,-5.456092729505798
-122.7333362,50.000001,107.0492706,22.437822499580438,84.61144810041957
-131.4833364,42.18333418,-13.36941242,-12.834011858622889,-0.5354005613771111
-121.2166695,51.63333437,-10.52405643,1.7877224890492156,-12.311778919049216
-125.0666696,47.08333427,-42.65477371,-34.63116445677275,-8.02360925322725
-132.7666697,39.61666746,-30.92325401,-28.549751743177,-2.3735022668229995
-130.7833363,41.95000084,-3.658598423,-5.980462746317572,2.3218643233175724
-132.8833364,53.61666774,79.16756439,45.58056447808157,33.586999911918426
-120.2833361,51.5166677,2.28587985,5.791422809621001,-3.505542959621001
-122.8500029,44.86666756,-24.73096466,-15.2443675086102,-9.486597151389802
-125.6500029,42.65000085,-9.059411049,-26.222159946079532,17.16274889707953
-123.4333362,51.28333436,81.60009003,32.52859561016355,49.071494419836455
-125.8833363,38.45000077,-25.20005989,-22.867658316733348,-2.332401573266651
-130.900003,38.68333411,-21.02841568,-17.285132305576536,-3.743283374423463
-130.3166697,38.80000078,-20.52119064,-17.72713111866792,-2.7940595213320805
-119.1166694,53.15000106,83.8155365,32.89231185252686,50.923224647473134
-124.0166695,42.53333418,8.864948273,25.83340941482252,-16.96846114182252
-121.2166695,53.61666774,54.09755325,11.73320817848151,42.364345071518485
-128.5666696,47.08333427,-9.567299843,-6.412540634328008,-3.154759208671993
-129.3833363,46.03333425,-7.851187706,-4.212186852953069,-3.639000853046931
-119.1166694,40.43333414,-19.89662361,4.336115798775409,-24.23273940877541
-123.9000029,53.26666773,6.420490265,-3.920252558878911,10.34074282387891
-125.7666696,50.23333434,9.749818802,50.78936511507276,-41.03954631307276
-120.6333361,53.26666773,31.04366302,6.9787303079756215,24.06493271202438
-123.7833362,46.15000092,-3.749703884,14.801326780389306,-18.551030664389305
-120.4000028,48.01666763,-2.073775291,25.364111019500744,-27.437886310500744
-119.5833361,42.30000085,31.35930252,12.578853699705418,18.78044882029458
-129.7333363,39.03333411,-19.04269409,-16.583404610733176,-2.4592894792668254
-123.5500029,52.56666772,-6.701231003,-4.995947361861672,-1.7052836411383279
-128.9166696,44.05000088,17.88581657,-8.953016016038458,26.838832586038457
-126.4666696,40.55000081,-4.398191452,5.2005009393851855,-9.598692391385185
-126.2333363,52.56666772,74.06065369,24.870141613295484,49.19051207670451
-126.5833363,44.28333422,-5.388890266,-9.736866166405555,4.347975900405555
-124.1333362,39.50000079,-28.93334198,-14.692678230224766,-14.240663749775235
-123.5500029,53.61666774,2.08368969,-8.435666044264757,10.519355734264757
-125.3000029,40.31666747,11.63320923,-26.80627218784593,38.43948141784593
-132.0666697,42.30000085,-14.6886425,-12.173453469307987,-2.5151890306920137
-125.7666696,51.05000102,26.77425766,19.29125449105123,7.48300316894877
-123.5500029,44.63333423,59.15893555,30.249382312947425,28.909553237052577
-122.6166695,48.36666763,-54.22202301,-57.89566992297068,3.673646912970682
-129.3833363,48.4833343,12.00231552,-5.40366154737446,17.405977067374458
-126.3500029,51.05000102,62.79685974,17.78547363570866,45.01138610429135
-122.6166695,47.43333428,-15.1890316,-42.07255094321065,26.88351934321065
-119.3500028,42.53333418,-0.388084352,10.32892516137458,-10.71700951337458
-127.5166696,51.28333436,-6.321135521,8.060121723012642,-14.381257244012643
-127.750003,49.65000099,-48.26370621,-36.19036861354819,-12.073337596451815
-123.3166695,46.73333427,60.61984634,16.982294736457444,43.63755160354256
-119.5833361,51.8666677,24.83651352,0.7088021015053294,24.12771141849467
-120.9833362,40.66666748,39.16158295,33.98754040773408,5.174042542265923
-127.9833363,45.91666758,-10.44393349,-9.1719593335239,-1.2719741564760998
-127.6333363,46.03333425,-7.110342979,-8.971448870867562,1.8611058918675614
-124.0166695,41.25000082,-0.631037474,-4.950452568057798,4.319415094057798
-132.300003,39.96666747,-35.11190033,-45.336860020304776,10.224959690304779
-122.2666695,44.75000089,10.20026493,-5.751089270323032,15.951354200323031
-120.6333361,45.33333424,-6.612659454,-2.6528537064708146,-3.9598057475291855
-133.0000031,44.98333423,-21.92203522,-11.521141160494203,-10.400894059505799
-123.6666695,47.43333428,59.92722702,25.424643074484933,34.50258394551506
-128.450003,42.30000085,-7.891561508,-6.692490312041493,-1.1990711959585063
-130.4333363,47.31666761,-0.267598361,-7.376344931993751,7.108746570993751
-130.0833363,40.78333415,34.8412056,2.706832570743057,32.13437302925694
-126.2333363,48.1333343,-22.34300041,-20.74080792806825,-1.6021924819317483
-128.9166696,42.30000085,-9.717535973,-7.251564815727921,-2.4659711572720795
-127.8666696,51.63333437,-14.24295616,5.715108360875244,-19.958064520875244
-119.9333361,41.7166675,24.71538544,19.773961243363857,4.941424196636142
-121.9166695,43.70000087,53.28240204,7.656729565004272,45.62567247499573
-131.950003,48.01666763,7.718565941,-9.37422192953364,17.09278787053364
-130.7833363,45.1000009,-5.012073517,-4.559057773541184,-0.453015743458816
-119.2333361,41.7166675,18.35701942,11.848034082065503,6.508985337934497
-125.8833363,43.81666754,-29.00751877,-25.096937229037355,-3.910581540962646
-125.6500029,47.20000094,-12.13115406,-24.69599695807726,12.56484289807726
-130.0833363,40.66666748,8.221281052,1.1223835834679312,7.098897468532069
-130.3166697,40.78333415,95.11769867,2.1858786536373804,92.93182001636262
-132.4166697,52.91666772,23.41536903,-43.66101003039879,67.07637906039879
-121.9166695,38.91666744,-23.10098839,-23.399182752215232,0.29819436221523077
-122.9666695,51.5166677,11.68152618,21.251733523287132,-9.570207343287132
-127.6333363,40.31666747,-10.69785213,-21.392005985917542,10.694153855917543
-123.3166695,38.10000076,-8.882634163,4.527863584026393,-13.410497747026394
-129.7333363,53.73333441,16.28141975,16.936665711588013,-0.6552459615880117
-121.4500028,40.08333413,118.0748825,34.35571059178759,83.71917190821242
-131.250003,40.90000082,-2.445853233,-1.4112789634294296,-1.0345742695705702
-121.2166695,42.76666752,0.322205544,7.8010757276926235,-7.4788701836926235
-120.9833362,51.8666677,-25.13879395,0.3784022480585812,-25.51719619805858
-126.5833363,43.46666754,-3.888827085,-9.93376344325748,6.0449363582574795
-130.550003,40.43333414,6.625161171,-7.902825590166726,14.527986761166726
-122.3833362,45.56666758,-37.79445267,1.2107919451794686,-39.005244615179464
-122.2666695,42.30000085,45.33056259,16.72316001992491,28.607402570075088
-124.0166695,51.75000103,5.323176384,2.191295944962424,3.131880439037576
-130.6666697,41.25000082,-5.434536934,-2.678596903833601,-2.7559400301663985
-128.2166696,40.08333413,-69.77036285,-53.76894061648035,-16.001422233519648
-120.1666695,39.38333412,-2.828315258,55.05134776860262,-57.879663026602614
-120.5166695,42.30000085,31.84213638,18.337702398351173,13.504433981648827
-130.3166697,43.5833342,-11.74790668,-13.19702996990004,1.4491232899000401
-119.2333361,48.25000096,-7.77821064,-16.87662257046176,9.098411930461758
-129.850003,47.55000095,-11.17341042,-6.358230402932069,-4.815180017067931
-126.4666696,46.38333426,-18.402071,-14.633280474182866,-3.768790525817133
-124.0166695,43.93333421,19.15300179,13.638783212216541,5.51421857778346
-124.4833362,39.50000079,-48.11165237,-39.07610014594885,-9.035552224051152
-124.3666696,49.06666765,75.46399689,39.64017985424983,35.823817035750174
-122.0333362,45.91666758,31.58370209,4.826075588604819,26.75762650139518
-121.3333362,41.83333417,-1.455425143,9.02198738949498,-10.477412532494979
-123.4333362,40.2000008,-3.738449812,9.485929763430136,-13.224379575430135
-119.7000028,46.96666761,-18.86321831,-28.60109166335395,9.737873353353951
-121.3333362,43.5833342,22.88259125,14.390899689897743,8.491691560102257
-129.6166697,44.51666756,9.839794159,-9.96843814562671,19.80823230462671
-123.2000029,45.1000009,11.64210224,3.712253475557091,7.929848764442909
-129.2666697,41.48333416,9.647738457,-1.322248155706251,10.969986612706252
-131.8333364,38.68333411,-5.576030731,-17.21453476234643,11.638504031346432
-120.8666695,41.13333416,3.275465012,23.137905910136315,-19.862440898136313
-120.5166695,47.20000094,82.27103424,7.894415065544793,74.37661917445521
-124.8333362,51.63333437,30.25464439,27.018892082378688,3.2357523076213113
-125.5333362,46.85000094,-17.84498596,-31.75592822477956,13.91094226477956
-124.9500029,49.76666766,-30.80952072,-0.3084930814105567,-30.50102763858944
-119.7000028,48.01666763,-25.04046249,-20.911663161209834,-4.128799328790166
-131.7166697,40.2000008,-40.15647125,-40.34159055038032,0.18511930038031466
-119.2333361,40.66666748,-1.788173914,15.522058369564666,-17.310232283564666
-130.7833363,43.11666753,-22.01726532,-11.517967239447616,-10.499298080552384
-130.7833363,50.81666768,-7.836226463,-15.086025125875315,7.249798662875315
-119.5833361,49.41666765,-60.87433624,-19.0423615768944,-41.8319746631056
-124.1333362,43.81666754,13.93988323,0.21951817327110895,13.720365056728891
-132.300003,47.90000096,-3.878300667,-11.02936757098993,7.15106690398993
-126.0000029,50.81666768,5.983941078,10.312694026730107,-4.328752948730107
-131.8333364,45.21666757,-19.68377304,-13.977616936845816,-5.706156103154182
-127.4000029,52.33333438,15.52007008,-10.877457723129853,26.397527803129854
-127.2833363,43.70000087,-7.438223839,-9.788992438785154,2.3507685997851544
-119.9333361,39.73333413,4.9904356,23.416073349661602,-18.425637749661604
-130.4333363,48.1333343,8.48773098,-8.370586297973281,16.85831727797328
-131.7166697,41.95000084,-3.709204197,-13.74360845667644,10.03440425967644
-131.3666697,43.11666753,-19.74003601,-15.124085335066724,-4.615950674933277
-124.8333362,46.03333425,-21.89893532,-36.52105340796784,14.622118087967841
-119.1166694,50.46666768,-49.20568085,-16.009748486653734,-33.195932363346266
-132.5333364,45.91666758,-14.87132645,-11.416167343328938,-3.4551591066710614
-119.3500028,51.40000103,10.83895969,2.5150515051390987,8.323908184860901
-132.6500031,46.50000093,-11.76953697,-11.416167343328938,-0.3533696266710624
-125.5333362,53.96666775,-29.49194145,-10.91164529671137,-18.58029615328863
-129.2666697,52.33333438,3.433503866,-2.1562922066540797,5.58979607265408
-124.1333362,38.91666744,-39.26511383,-44.61897930430768,5.353865474307682
-129.150003,47.08333427,-6.279091835,-4.70296386942488,-1.57612796557512
-132.6500031,53.26666773,77.8127594,34.29101977651046,43.521739623489545
-122.1500028,37.98333409,-1.091421843,-11.476568429429948,10.385146586429947
-121.2166695,46.6166676,35.82735443,25.105013734420957,10.722340695579042
-128.5666696,39.15000078,-2.304100275,-13.265726876622352,10.961626601622353
-119.5833361,42.41666751,28.66452599,10.586437938336006,18.078088051663997
-129.0333363,45.56666758,-8.624028206,-7.423612748417502,-1.2004154575824986
-124.0166695,46.6166676,-33.27250671,-19.362703133218513,-13.909803576781488
-120.1666695,45.68333425,-41.06179047,-14.532652248044986,-26.529138221955012
-131.950003,46.03333425,-13.60358334,-10.686931649764498,-2.9166516902355024
-120.8666695,43.11666753,-0.093686581,21.530741247779954,-21.624427828779954
-128.800003,51.28333436,-13.58453083,-5.104602853397256,-8.479927976602745
-121.4500028,47.08333427,28.81700897,30.608891955728094,-1.791882985728094
-126.5833363,38.45000077,-27.82961464,-24.95135877474149,-2.8782558652585095
-120.9833362,48.4833343,58.22480392,30.50464927635659,27.720154643643408
-127.4000029,52.91666772,22.36898041,13.997686466638864,8.371293943361135
-126.9333363,53.26666773,11.14374733,15.49485110912881,-4.35110377912881
-126.4666696,44.05000088,-7.752029419,-9.095727865224877,1.3436984462248764
-129.7333363,44.98333423,-7.410157204,-5.391913048869271,-2.018244155130729
-119.5833361,41.13333416,-0.731650829,16.82286211966859,-17.554512948668588
-128.2166696,47.43333428,-10.28168488,-7.294647881888934,-2.9870369981110665
-120.4000028,46.26666759,-38.23338699,-5.6814978326638546,-32.55188915733615
-129.7333363,38.56666744,-19.20731926,-24.66571622446582,5.458396964465823
-129.0333363,52.45000105,22.68841553,-2.447478653793977,25.135894183793976
-127.2833363,49.53333432,-41.72834015,-27.87612839600532,-13.85221175399468
-121.3333362,45.68333425,-35.03733826,-9.893499871004774,-25.143838388995224
-127.2833363,48.60000097,-43.75131226,-28.353861916866798,-15.397450343133201
-120.8666695,39.15000078,18.2432766,18.271060779824815,-0.027784179824813293
-120.2833361,42.65000085,1.632718563,18.18730127125238,-16.55458270825238
-129.150003,41.95000084,4.386764526,-6.69825631121345,11.08502083721345
-122.5000028,52.56666772,-67.26276398,-9.59286192965756,-57.66990205034244
-119.8166695,41.13333416,3.506370544,6.54508907504729,-3.03871853104729
-131.8333364,45.45000091,-11.33743191,-13.977616936845816,2.640185026845817
-130.4333363,48.95000098,4.510385513,-7.387996904891856,11.898382417891856
-129.3833363,48.1333343,-7.968333244,-4.734363764729909,-3.2339694792700913
-121.8000028,52.56666772,9.870182991,2.814204151063028,7.055978839936972
-124.7166696,43.46666754,-55.15098953,-30.466876449922548,-24.68411308007745
-121.4500028,46.50000093,93.65013123,20.64553715074877,73.00459407925123
-127.8666696,52.21666771,-7.159570694,-4.205527554487793,-2.9540431395122075
-128.800003,47.55000095,-7.135799408,-4.6642906960741515,-2.471508711925848
-132.4166697,48.95000098,-7.995729446,-11.24364928198697,3.24791983598697
-131.950003,45.1000009,-28.33340454,-11.306292879570915,-17.027111660429085
-131.3666697,53.15000106,-2.98000598,7.3811313190716525,-10.361137299071652
-128.3333363,48.60000097,-3.286632776,-9.44452213664378,6.157889360643781
-131.3666697,52.45000105,61.53432083,8.50695450420797,53.02736632579203
-133.0000031,39.61666746,-31.16156387,-28.549751743177,-2.611812126822997
-131.0166697,46.6166676,2.586607218,-5.675698171133809,8.26230538913381
-128.9166696,44.16666755,2.627884865,-8.70382232856213,11.33170719356213
-129.7333363,48.71666764,-27.64268303,-6.303485394418609,-21.339197635581392
-130.200003,41.48333416,-8.403644562,-3.2774184068996424,-5.126226155100358
-121.1000028,52.56666772,-27.80418205,7.339731102776069,-35.14391315277607
-129.7333363,41.83333417,-14.77928543,-4.678804866326656,-10.100480563673344
-130.6666697,41.36666749,1.075706244,-3.4933757268332424,4.569081970833242
-125.5333362,40.90000082,-21.38139915,-26.18201822513497,4.800619075134971
-127.6333363,39.26666745,-12.39569664,-17.196779506079203,4.801082866079202
-123.4333362,42.65000085,18.740345,29.091128453974257,-10.350783453974255
-129.9666697,53.15000106,26.36043549,4.2569311556136045,22.103504334386397
-123.9000029,51.8666677,0.01143536,-0.9631693719042913,0.9746047319042913
-124.7166696,44.98333423,-28.18367195,-32.27915759651531,4.095485646515311
-126.7000029,52.21666771,47.85276031,-2.0109484797496817,49.86370878974968
-124.4833362,44.51666756,-26.50038338,-28.542876316943286,2.0424929369432867
-131.250003,50.81666768,-11.71697617,-2.7398005611878116,-8.977175608812189
-127.4000029,53.73333441,64.45553589,31.618082582296925,32.83745330770307
-121.4500028,45.33333424,69.40505219,3.162422855489285,66.24262933451072
-126.5833363,41.25000082,-6.311617851,-0.6422040074344086,-5.669413843565591
-130.0833363,46.03333425,13.66169357,-4.702103897706589,18.36379746770659
-126.5833363,49.88333433,51.42044067,48.74466043539903,2.675780234600971
-121.3333362,39.73333413,-19.66558075,10.776373266607786,-30.441954016607788
-119.3500028,51.75000103,-13.13817787,0.764701090373197,-13.902878960373197
-128.100003,49.06666765,-26.30283737,-24.27131069347046,-2.0315266765295377
-132.0666697,51.40000103,-5.438036919,-11.518120601378058,6.080083682378058
-127.750003,38.3333341,-25.67959595,-25.076315737066686,-0.6032802129333135
-132.7666697,44.51666756,-16.01523018,-11.521141160494203,-4.494089019505797
-131.0166697,51.28333436,-7.108880043,-13.502655132927469,6.393775089927469
-125.4166696,51.16666769,84.72371674,45.00495939377855,39.71875734622145
-126.1166696,45.56666758,-16.41241264,-15.589166661967818,-0.8232459780321815
-122.5000028,51.28333436,49.47467804,5.750149923019174,43.72452811698083
-125.0666696,42.06666751,-12.18345833,-30.57366321327667,18.39020488327667
-126.8166696,51.05000102,-11.93770885,13.217187122669781,-25.15489597266978
-119.3500028,44.63333423,27.49521637,9.35721769136858,18.13799867863142
-131.600003,40.43333414,-2.446162701,-6.524506959602022,4.078344258602023
-131.4833364,49.06666765,-22.81622505,-9.875650662674282,-12.940574387325718
-131.4833364,44.75000089,-28.07502747,-13.757353357008972,-14.317674112991027
-128.100003,45.91666758,-6.730405807,-8.573108925176033,1.8427031181760327
-128.800003,41.83333417,-0.979708016,-4.965447602973081,3.9857395869730814
-122.9666695,42.76666752,51.63679123,9.099922928062869,42.53686830193713
-126.2333363,42.65000085,24.7304306,3.351369013556831,21.379061586443168
-123.3166695,42.65000085,47.0506897,21.018531687566753,26.032158012433246
-120.4000028,50.70000101,-62.00654602,-9.296992084396464,-52.70955393560354
-131.600003,38.10000076,-21.09632683,-22.483270111202565,1.3869432812025657
-119.5833361,47.78333429,-8.082199097,-16.304608293830622,8.222409196830622
-125.0666696,48.01666763,-44.81354904,-34.60853003555219,-10.205019004447806
-130.900003,43.11666753,-24.34911919,-12.95446669913402,-11.39465249086598
-122.3833362,46.03333425,12.92643642,-2.2191878267981977,15.145624246798198
-120.2833361,44.75000089,-43.12229919,-0.7296171260188806,-42.39268206398112
-129.500003,42.76666752,-5.879055977,-8.238340046214576,2.359284069214576
-128.100003,46.26666759,-13.79723263,-8.573108925176033,-5.224123704823967
-132.5333364,44.40000089,-15.28669167,-8.50559006815817,-6.781101601841829
-120.6333361,41.25000082,15.69035625,17.891906633372987,-2.201550383372986
-123.7833362,48.1333343,7.1015625,27.63782443401819,-20.53626193401819
-132.7666697,48.60000097,-8.11073494,-13.767384397670716,5.656649457670715
-130.4333363,46.15000092,54.32797241,-5.079010437810881,59.40698284781088
-121.6833362,43.35000087,19.59904861,15.559829361808099,4.039219248191902
-123.6666695,48.25000096,21.29096413,34.85955896449534,-13.568594834495343
-132.5333364,51.75000103,-5.293288231,-8.135468008239135,2.842179777239135
-119.5833361,40.08333413,-44.62198639,8.159334589355298,-52.78132097935529
-128.450003,40.08333413,-67.79165649,-53.65578073138091,-14.135875758619086
-129.3833363,45.21666757,-9.041242599,-5.4216844409032765,-3.6195581580967238
-121.5666695,44.28333422,-21.01247406,18.772102280130383,-39.784576340130386
-119.8166695,53.73333441,38.85543442,27.152839086550397,11.702595333449604
-129.7333363,46.26666759,10.67819881,-8.142394694659359,18.820593504659357
-130.4333363,47.90000096,-5.519382477,-8.7662975982325,3.2469151212325
-123.9000029,45.1000009,56.33987045,39.218903418935554,17.120967031064446
-128.3333363,49.30000099,-22.62746239,-23.996162061652868,1.368699671652866
-131.1333364,49.53333432,-10.44488239,-5.530330667708684,-4.914551722291316
-125.5333362,41.7166675,-22.5545311,-32.05618200563134,9.501650905631344
-127.1666696,53.15000106,-49.3243103,18.867981265008233,-68.19229156500823
-122.1500028,40.55000081,-64.37808228,-18.638045854248666,-45.740036425751335
-119.1166694,50.000001,31.58032799,1.2714973276378583,30.30883066236214
-126.1166696,50.35000101,64.06145477,35.627272074910785,28.434182695089213
-124.3666696,45.33333424,-44.83045959,-35.09965222440025,-9.730807365599745
-131.8333364,52.10000104,-54.30145264,-39.2414078818871,-15.060044758112902
-132.8833364,53.3833344,39.72655487,40.33056686063972,-0.6040119906397194
-129.9666697,43.35000087,-2.262295961,-10.534543051408754,8.272247090408754
-128.5666696,42.41666751,-11.36743832,-6.692490312041493,-4.674948007958506
-128.5666696,41.36666749,-6.346977234,0.2797029634465833,-6.626680197446583
-124.2500029,46.26666759,-42.94585037,-36.74125628492301,-6.204594085076991
-120.6333361,47.78333429,-3.247423887,18.754993415039632,-22.002417302039632
-132.0666697,39.38333412,-25.24146652,-20.235287020818355,-5.006179499181645
-132.0666697,38.21666743,-23.51769257,-24.48769047665344,0.9699979066534397
-130.550003,47.90000096,11.7811451,-8.7662975982325,20.5474426982325
-132.6500031,47.43333428,-5.454886436,-6.882489885692083,1.427603449692083
-122.8500029,40.55000081,44.52080917,-1.8240073632797615,46.34481653327976
-125.8833363,40.55000081,-8.804934502,-10.640231836197477,1.8352973341974774
-124.6000029,44.75000089,-30.00872993,-20.728367496413142,-9.280362433586859
-121.9166695,41.01666749,-35.64629745,-4.506086533753919,-31.14021091624608
-127.8666696,42.65000085,7.660248756,-5.417623690411131,13.077872446411131
-131.8333364,48.1333343,-8.10498333,-10.19036849534254,2.08538516534254
-121.8000028,39.96666747,-8.259540558,7.4184769036910065,-15.678017461691006
-130.4333363,51.40000103,-29.86124611,-17.19546854546947,-12.66577756453053
-127.8666696,49.18333432,-45.47668076,-29.5838799956347,-15.892800764365301
-124.4833362,47.43333428,-45.9500885,-34.639350926115924,-11.310737573884076
-129.2666697,44.63333423,14.80809784,-7.0307485205067355,21.838846360506736
-123.5500029,51.98333437,-13.89149857,12.799937985939213,-26.691436555939212
-121.9166695,48.71666764,77.30207825,-13.211692176433761,90.51377042643375
-132.300003,46.15000092,-14.32184887,-14.910749307132479,0.5889004371324784
-124.4833362,48.01666763,-50.82234573,-18.702264987611613,-32.12008074238839
-121.5666695,49.65000099,44.15086746,4.768930367370474,39.38193709262953
-120.8666695,47.20000094,-10.33400249,3.1540578448750614,-13.488060334875062
-119.2333361,44.86666756,-19.19002151,6.194495819385653,-25.384517329385655
-129.850003,53.96666775,17.04994965,6.760738653201289,10.289210996798708
-125.6500029,46.26666759,-25.92100334,-24.688812029161983,-1.2321913108380151
-130.4333363,45.68333425,-16.65022278,-4.163504371927395,-12.486718408072605
-132.5333364,46.73333427,-4.504114151,-9.144791391219023,4.6406772402190235
-122.7333362,48.01666763,-18.62338448,-38.819532311359616,20.196147831359617
-119.9333361,50.46666768,35.50166321,3.346522154200836,32.15514105579916
-125.4166696,38.45000077,-7.813894272,-23.289788718427502,15.475894446427503
-132.8833364,42.88333419,-12.49024963,-12.074538394111519,-0.41571123588848025
-127.0500029,45.1000009,-7.077943802,-10.875830914203734,3.7978871122037337
-127.2833363,43.11666753,-3.655770302,-10.385895457973696,6.730125155973695
-126.7000029,48.71666764,-26.99560928,-19.1886098673971,-7.806999412602899
-122.7333362,42.76666752,-10.53489876,3.1104233818457994,-13.6453221418458
-129.500003,45.45000091,-4.92539978,-6.605613769508189,1.6802139895081885
-131.8333364,41.25000082,-6.010452271,-7.548290030752101,1.537837759752101
-119.9333361,41.13333416,0.129140705,20.69319064719859,-20.56404994219859
-124.7166696,47.66666762,-44.3731575,-32.75908537883785,-11.614072121162145
-130.0833363,51.75000103,-14.39309216,-10.613463285183041,-3.779628874816959
-124.7166696,51.05000102,32.51067352,9.036345623123225,23.474327896876773
-130.4333363,46.26666759,37.26736069,-5.079010437810881,42.346371127810876
-124.3666696,52.21666771,0.214846402,13.032886384113036,-12.818039982113037
-121.5666695,48.4833343,-28.14780807,-0.49329529420452195,-27.654512775795478
-129.850003,48.83333431,-24.84267807,-6.303485394418609,-18.539192675581393
-121.4500028,46.73333427,63.31586838,25.242812666847673,38.07305571315233
-131.600003,45.33333424,-14.58032227,-13.893271940297366,-0.6870503297026342
-121.4500028,39.15000078,-46.36170578,-13.285050970931033,-33.07665480906897
-120.2833361,53.73333441,6.259914398,12.861508009496674,-6.601593611496674
-124.2500029,53.61666774,9.803543091,4.649505689367278,5.1540374016327215
-120.5166695,41.60000083,5.808017731,16.108080192638674,-10.300062461638674
-120.9833362,45.68333425,-17.28311348,-13.296607322167299,-3.986506157832702
-121.8000028,46.85000094,179.1639404,13.130705424435394,166.0332349755646
-123.6666695,52.33333438,4.142483711,-2.1087261981254692,6.251209909125469
-130.900003,53.73333441,24.35968018,-5.154701475428629,29.51438165542863
-120.0500028,46.03333425,9.160209656,-2.752856495176178,11.913066151176178
-124.8333362,43.00000086,-0.065867752,-30.34574581360844,30.27987806160844
-122.8500029,42.65000085,-18.60934258,6.281728784985557,-24.891071364985557
-126.9333363,51.63333437,-25.85526276,10.880711749705238,-36.73597450970524
-119.1166694,45.33333424,-14.31563759,-24.30714286911717,9.991505279117169
-129.7333363,40.66666748,2.775369644,6.692236504927433,-3.9168668609274326
-122.8500029,46.26666759,-13.46061039,2.729791494583397,-16.190401884583395
-123.4333362,44.86666756,51.42235565,46.30599364856762,5.116362001432378
-120.4000028,43.93333421,35.60681915,16.969204216535946,18.637614933464054
-123.7833362,46.50000093,38.56943512,13.789321438723732,24.78011368127627
-130.3166697,48.83333431,-4.507278442,-6.1883117610000475,1.681033319000048
-127.750003,42.18333418,-12.76038933,-5.217755592485641,-7.542633737514359
-121.4500028,47.31666761,3.398480415,9.826736463165645,-6.428256048165645
-123.3166695,40.55000081,30.66640663,13.334443838439201,17.331962791560798
-130.900003,43.93333421,-18.96891785,-8.50189982875506,-10.467018021244941
-132.7666697,48.83333431,-12.39872932,-13.767384397670716,1.3686550776707165
-132.6500031,41.95000084,-23.74941826,-10.536987772654868,-13.21243048734513
-128.9166696,52.33333438,16.72916603,0.8975165409876957,15.831649489012303
-129.850003,42.88333419,-14.71570587,-11.695089904358882,-3.0206159656411184
-120.5166695,42.76666752,-9.669376373,18.647720077609343,-28.31709645060934
-121.4500028,42.65000085,18.41420364,10.818172298086777,7.596031341913223
-132.1833364,47.55000095,-8.756575584,-11.02936757098993,2.2727919869899296
-125.1833362,43.81666754,-41.77584457,-34.61106818776608,-7.164776382233917
-123.6666695,50.000001,10.18451405,8.42092276714621,1.76359128285379
-131.250003,45.45000091,3.035705805,-7.867580785984399,10.903286590984399
-131.250003,46.6166676,17.76638603,-9.929266373398914,27.695652403398913
-123.6666695,39.96666747,24.86907387,17.391180811359767,7.477893058640234
-126.0000029,44.40000089,-29.58470917,-27.710502269226833,-1.8742069007731672
-120.4000028,49.65000099,-7.1208601,19.029934138497197,-26.1507942384972
-127.0500029,43.81666754,-9.383710861,-8.551184269542832,-0.8325265914571691
-120.1666695,42.18333418,24.53355598,20.390280009438104,4.143275970561895
-123.9000029,48.01666763,21.30447769,36.468195197353225,-15.163717507353226
-127.6333363,40.90000082,10.17103004,18.798607056223354,-8.627577016223354
-129.150003,40.66666748,9.618922234,7.126197330967235,2.492724903032764
-128.5666696,47.66666762,-10.80525112,-5.291075648434359,-5.514175471565641
-131.1333364,44.98333423,0.253110409,-7.867580785984399,8.1206911949844
-123.3166695,46.38333426,84.63188171,23.818104433565477,60.81377727643452
-119.3500028,51.8666677,-26.68645096,6.7211274946841595,-33.407578454684156
-124.6000029,46.03333425,-44.3614006,-42.2451214195252,-2.1162791804748053
-129.0333363,44.75000089,-12.99595261,-8.232779437767048,-4.763173172232952
-123.7833362,39.8500008,19.12644768,16.65949279789116,2.466954882108837
-123.6666695,47.78333429,78.58416748,48.64088278478019,29.943284695219816
-125.5333362,43.70000087,-66.03964233,-69.99683067906761,3.957188349067607
-128.800003,38.68333411,-8.920524597,-16.947839245693874,8.027314648693874
-128.5666696,42.18333418,-7.784041405,-6.774259253203303,-1.0097821517966974
-127.2833363,52.45000105,-83.28200531,-10.927149078977326,-72.35485623102268
-129.850003,52.56666772,-10.73178864,1.6099692198422233,-12.341757859842224
-121.2166695,40.78333415,54.65430069,18.71848265193734,35.93581803806266
-120.7500028,49.18333432,78.42086029,29.554634036906442,48.86622625309355
-119.3500028,39.15000078,11.49391079,0.20425888419117766,11.289651905808821
-128.6833363,42.18333418,-8.522711754,-6.774259253203303,-1.748452500796697
-131.4833364,48.71666764,-18.14382935,-9.174754761773531,-8.96907458822647
-126.9333363,49.30000099,-37.6123848,-13.10486690854153,-24.50751789145847
-122.0333362,47.55000095,-73.48020172,-61.42658796295388,-12.053613757046115
-127.5166696,49.76666766,-28.96012497,-26.591974623159903,-2.368150346840096
-120.5166695,39.61666746,90.60571289,52.14901722259451,38.4566956674055
-132.0666697,44.05000088,-14.73314571,-12.914823495787891,-1.8183222142121096
-124.0166695,44.98333423,47.45010757,20.572228385770433,26.877879184229567
-120.1666695,44.63333423,-25.1044178,11.604380968474972,-36.70879876847497
-120.8666695,42.76666752,64.62687683,15.187989971960915,49.43888685803908
-130.200003,44.16666755,-27.33594513,-9.1382956085921,-18.197649521407897
-124.1333362,48.60000097,79.04114532,32.268787291680724,46.772358028319275
-122.2666695,41.48333416,49.18131256,14.94403299927208,34.23727956072792
-129.0333363,45.91666758,-7.934155464,-6.261651443006871,-1.672504020993129
-121.9166695,43.35000087,38.7984848,10.791206192851343,28.007278607148656
-120.8666695,51.16666769,-8.199489594,4.18908348509994,-12.388573079099938
-124.1333362,47.43333428,-31.89777756,-26.634201706533176,-5.2635758534668255
-119.8166695,41.36666749,24.42730141,21.982133947577392,2.4451674624226065
-120.0500028,40.43333414,53.98828506,9.566987663907756,44.42129739609224
-125.1833362,40.55000081,-49.39759445,-28.167268981390112,-21.230325468609887
-128.100003,40.78333415,32.22595978,4.597843550354164,27.628116229645833
-124.8333362,47.43333428,-50.53128433,-27.01073306927353,-23.520551260726467
-122.0333362,46.15000092,4.320637703,10.544611430377659,-6.2239737273776585
-124.3666696,41.95000084,-38.55887985,-27.836317650149574,-10.722562199850422
-131.1333364,48.1333343,-7.270606041,-10.780534944619115,3.509928903619115
-132.4166697,40.2000008,-18.70632553,-31.13299374108799,12.42666821108799
-132.6500031,39.03333411,-15.89802933,-17.08130322051904,1.1832738905190396
-121.5666695,52.68333439,-3.594347715,13.009227477175186,-16.603575192175185
-131.600003,52.21666771,-47.027668,10.875026396863912,-57.90269439686391
-130.0833363,53.15000106,3.174070358,-3.2206534803303146,6.394723838330314
-121.4500028,44.63333423,-31.20113754,4.002203561138075,-35.20334110113808
-126.7000029,41.13333416,-1.25986433,-0.8816160442357102,-0.3782482857642899
-130.200003,47.31666761,-8.997822762,-6.391842218898534,-2.6059805431014658
-127.9833363,48.36666763,-4.067856312,-7.089548515044351,3.021692203044351
-131.1333364,42.76666752,-13.95508862,-12.236928171510138,-1.7181604484898614
-120.7500028,46.50000093,-37.54764175,20.891924281045394,-58.43956603104539
-126.5833363,49.41666765,-29.46346474,-6.549566976357889,-22.91389776364211
-125.3000029,38.68333411,-13.91673183,-23.6585517589732,9.7418199289732
-122.3833362,53.85000108,18.30141449,-12.788695706010374,31.09011019601037
-124.2500029,44.05000088,-15.09730816,-3.372843842253826,-11.724464317746175
-133.0000031,42.41666751,-14.13200855,-10.986742859478928,-3.1452656905210716
-125.1833362,46.15000092,-25.80123901,-35.31028490735461,9.509045897354607
-122.3833362,48.1333343,-102.1596451,-68.9316762267751,-33.22796887322491
-131.600003,48.83333431,-15.39955807,-11.764921212796024,-3.634636857203976
-129.7333363,38.10000076,-15.13764954,-24.54505555676576,9.40740601676576
-130.7833363,44.75000089,-1.981889844,-5.910202809208478,3.928312965208478
-131.0166697,49.53333432,-11.42784977,-6.779211670164644,-4.648638099835356
-131.1333364,42.30000085,-16.25445557,-11.080048958258532,-5.174406611741469
-128.6833363,39.50000079,-11.79620647,-18.297673988077353,6.501467518077353
-128.450003,52.91666772,4.624911308,2.0612846981082877,2.563626609891712
-121.8000028,51.5166677,9.173360825,7.660729080110192,1.5126317448898075
-129.6166697,50.58333434,-79.67425537,-43.898767817668414,-35.77548755233158
-129.2666697,38.10000076,-24.51341057,-22.55450785083127,-1.95890271916873
-122.3833362,50.46666768,35.17341995,18.834805256100225,16.33861469389978
-128.450003,38.80000078,-8.862359047,-14.712075132306884,5.849716085306884
-124.2500029,52.10000104,2.150051355,14.31527101044571,-12.165219655445709
-119.5833361,53.3833344,47.59550858,18.44373107363251,29.15177750636749
-119.0000028,48.1333343,-48.30731964,-25.645300162259076,-22.662019477740927
-129.500003,42.65000085,-5.159556389,-6.785214509486431,1.625658120486431
-126.8166696,47.31666761,-12.86144829,-12.203651449558517,-0.6577968404414829
-121.9166695,47.20000094,-39.5451355,-28.38259214841907,-11.16254335158093
-128.100003,39.73333413,-37.2260704,-32.726134484340236,-4.499935915659762
-131.950003,51.28333436,-7.290792465,-11.779587263041018,4.488794798041018
-130.6666697,50.93333435,-9.926109314,-15.85050937261038,5.924400058610381
-131.0166697,47.78333429,-7.080274582,-10.251649454847797,3.171374872847797
-120.2833361,49.30000099,47.94762039,22.81353299150975,25.134087398490248
-125.3000029,51.5166677,41.20508957,43.588524955951996,-2.383435385951998
-122.1500028,51.40000103,-30.38097763,6.126917969358292,-36.50789559935829
-121.1000028,39.61666746,48.74983978,19.418723172006317,29.331116607993685
-126.0000029,46.96666761,-35.51718903,-20.251545767135568,-15.26564326286443
-128.100003,46.38333426,-13.06427193,-8.573108925176033,-4.491163004823967
-119.3500028,45.68333425,-50.54232788,-31.8309114307316,-18.711416449268402
-127.8666696,39.15000078,-11.58976555,-17.043114417294127,5.453348867294128
-119.2333361,52.68333439,-53.25004196,-6.112211482681624,-47.137830477318374
-130.4333363,48.01666763,-19.43909454,-8.51937174735831,-10.91972279264169
-122.0333362,41.83333417,-35.57040024,17.8637393608903,-53.4341396008903
-127.9833363,40.08333413,-70.60006714,-56.96438815675612,-13.63567898324387
-119.5833361,41.01666749,32.55911255,14.47826822168607,18.08084432831393
-123.4333362,41.01666749,60.73005676,13.03463827410643,47.69541848589357
-126.9333363,49.06666765,-17.94064331,-16.07058019193344,-1.8700631180665575
-124.4833362,43.35000087,-29.05794334,-25.68738709053587,-3.37055624946413
-120.9833362,39.26666745,34.28681564,10.254907321036008,24.031908318963993
-126.1166696,51.40000103,86.89291382,39.01199992171379,47.88091389828622
-131.7166697,39.96666747,-49.67609787,-43.69613350013639,-5.979964369863609
-130.4333363,41.36666749,-1.793410301,0.09510892393296405,-1.888519224932964
-123.7833362,44.28333422,35.20678329,53.95510979663226,-18.74832650663226
-131.1333364,39.03333411,-0.498760253,-17.151900763749143,16.653140510749143
-122.2666695,40.2000008,-64.44416046,-51.334182831714756,-13.10997762828525
-124.1333362,52.21666771,18.47426987,8.212366801981492,10.261903068018508
-124.7166696,39.15000078,-39.7471199,-40.27433292313913,0.5272130231391259
-120.9833362,43.35000087,-0.074454799,16.05663369926209,-16.13108849826209
-125.6500029,41.13333416,-19.58393478,-19.23633887275669,-0.3475959072433099
-120.0500028,51.5166677,18.32535934,14.79373903700901,3.531620302990989
-125.0666696,53.15000106,-9.404706001,2.7266354876076404,-12.131341488607639
-125.6500029,47.31666761,-1.494041681,-25.456453614143776,23.962411933143777
-126.7000029,46.50000093,-14.14484596,-11.391628047885781,-2.753217912114218
-119.2333361,48.4833343,68.4809494,-12.452616901328303,80.9335663013283
-127.6333363,51.40000103,0.280199707,8.210332523623055,-7.930132816623055
-120.0500028,53.96666775,62.40114212,14.52107201288959,47.88007010711041
-125.3000029,52.10000104,53.34353256,28.442935072646275,24.900597487353725
-122.3833362,52.56666772,-53.05668259,-9.80173823140062,-43.25494435859938
-119.3500028,45.21666757,42.94602966,-0.05610687251911898,43.00213653251912
-132.7666697,43.93333421,-9.974349976,-10.108168532663953,0.1338185566639538
-128.800003,49.88333433,-42.92567444,-30.469962878844363,-12.455711561155638
-129.3833363,43.11666753,0.913324594,-13.23947463019286,14.15279922419286
-133.0000031,46.03333425,-17.94752884,-11.416167343328938,-6.531361496671062
-122.8500029,45.68333425,-34.0238533,-18.864150073334372,-15.159703226665627
-130.6666697,52.68333439,28.61934662,-1.0601814783343706,29.679528098334373
-119.3500028,52.33333438,57.69947433,5.527994556889931,52.17147977311007
-124.4833362,38.3333341,-46.27983093,-35.509412958234414,-10.770417971765589
-128.5666696,52.91666772,4.558761597,2.0612846981082877,2.4974768988917124
-122.9666695,43.2333342,-16.40225792,6.094608921675361,-22.496866841675363
-131.4833364,50.11666767,-10.10313606,-7.908264817983451,-2.19487124201655
-132.6500031,39.73333413,-37.95118332,-34.24948103800805,-3.701702281991949
-126.8166696,38.10000076,-25.05720139,-24.96313472955091,-0.09406666044909073
-124.7166696,51.75000103,10.17547607,29.810276660515804,-19.634800590515802
-128.100003,52.21666771,-3.683070898,0.1358181624491396,-3.8188890604491394
-122.9666695,46.6166676,-28.22070122,1.9045078819017713,-30.12520910190177
-120.7500028,38.80000078,-18.25364494,-6.854977935627148,-11.398667004372854
-127.2833363,44.98333423,-9.790866852,-9.08926506494665,-0.7016017870533506
-124.7166696,43.81666754,-62.8341713,-27.699562206005258,-35.13460909399474
-123.5500029,42.88333419,3.235028267,30.10137482814422,-26.86634656114422
-125.3000029,40.43333414,-18.06230736,-28.04119340242153,9.978886042421532
-124.7166696,52.21666771,67.16214752,13.121061442173048,54.04108607782696
-131.8333364,46.6166676,-9.268177032,-10.866594259090002,1.5984172270900014
-131.8333364,50.11666767,-5.170197487,-5.341331883075617,0.1711343960756171
-132.1833364,51.98333437,-28.82410622,-37.5659271558147,8.741820935814697
-121.9166695,51.5166677,11.44394016,1.2791190755421666,10.164821084457834
-119.9333361,51.75000103,40.78085327,8.163673184325082,32.61718008567492
-122.6166695,49.53333432,-31.53472519,7.047510347905279,-38.58223553790528
-120.2833361,44.40000089,54.79623413,10.894587234749604,43.901646895250394
-129.500003,53.85000108,17.8622818,16.936665711588013,0.9256160884119886
-125.8833363,43.11666753,-29.16939735,-23.175971940280654,-5.993425409719347
-126.2333363,42.53333418,5.699763298,3.351369013556831,2.348394284443169
-119.7000028,38.10000076,94.919487,70.89232900347571,24.027157996524295
-120.1666695,39.50000079,66.35453033,51.174786891392465,15.179743438607538
-127.2833363,41.83333417,5.472400665,-12.477626744423867,17.950027409423868
-120.1666695,50.93333435,-15.45631123,-12.709706444865876,-2.7466047851341244
-127.750003,44.05000088,-7.249786377,-7.344266101543281,0.09447972454328024
-122.9666695,39.73333413,61.30902481,35.57000288007236,25.739021929927638
-131.600003,39.50000079,-30.01199722,-21.27785219075857,-8.734145029241432
-131.8333364,43.2333342,-22.26352882,-15.448595700339261,-6.81493311966074
-119.3500028,41.95000084,42.00732422,11.191162724451742,30.816161495548258
-129.7333363,45.56666758,1.629172325,-7.555221536012007,9.184393861012007
-130.200003,46.85000094,-1.151595592,-5.079010437810881,3.927414845810881
-126.1166696,53.85000108,2.939460516,-9.148178562501341,12.087639078501342
-127.750003,42.88333419,-4.23370409,-6.810977891521937,2.5772738015219376
-119.4666695,42.76666752,11.01384163,11.19594534424909,-0.18210371424908978
-119.0000028,42.76666752,-4.999442101,13.744951042237464,-18.744393143237463
-122.0333362,49.76666766,33.01740646,-5.683277074404737,38.70068353440473
-130.900003,46.6166676,11.1796751,-5.11784806974344,16.297523169743442
-132.0666697,42.41666751,-16.24936867,-12.173453469307987,-4.0759152006920125
-123.0833362,39.26666745,5.211986542,27.527708084699544,-22.315721542699542
-127.2833363,49.41666765,-33.72193146,-33.968215863038694,0.24628440303869326
-123.9000029,42.18333418,60.48675156,14.224480591206106,46.2622709687939
-130.900003,38.91666744,-9.2853899,-16.613643360420653,7.328253460420653
-125.6500029,45.45000091,-43.49087906,-32.876949268407635,-10.613929791592362
-129.0333363,37.98333409,-24.27675819,-24.355610870757417,0.07885268075741791
-120.1666695,51.63333437,-30.00993538,10.144216759872712,-40.154152139872714
-127.8666696,43.81666754,-0.619697034,-6.87357229656728,6.253875262567281
-119.0000028,47.20000094,-17.62673759,-15.875761493315263,-1.750976096684738
-120.5166695,38.68333411,33.7025032,16.146748907787863,17.55575429221214
-126.3500029,48.4833343,-10.96128273,-19.49903509760636,8.537752367606359
-124.7166696,38.91666744,-41.87927628,-43.773813367592346,1.8945370875923473
-119.0000028,45.91666758,-43.1007309,-31.1031699152405,-11.997560984759502
-130.4333363,50.70000101,-7.278925896,-11.041086118004431,3.7621602220044315
-124.3666696,49.18333432,69.41410828,29.620631060138106,39.793477219861884
-126.7000029,39.26666745,-11.16412067,-17.284440068731243,6.120319398731242
-130.6666697,39.96666747,-49.85854721,-49.720324728456404,-0.1382224815435933
-130.4333363,44.63333423,18.85191727,1.2535930111228866,17.598324258877113
-125.0666696,43.11666753,-53.99922562,-61.953109353523686,7.953883733523689
-121.2166695,53.96666775,19.17211342,-13.09322855541256,32.26534197541256
-130.200003,43.2333342,-7.640014648,-10.011231821279752,2.371217173279752
-129.9666697,42.88333419,-15.13480473,-9.838152428289813,-5.296652301710187
-130.6666697,41.83333417,-3.412040949,-6.494647705489026,3.082606756489026
-124.0166695,45.80000092,-0.669845939,3.5578274033671105,-4.22767334236711
-123.0833362,50.58333434,5.613411903,12.694824654752216,-7.081412751752215
-121.3333362,43.2333342,46.3314743,14.393957867509904,31.9375164324901
-122.2666695,52.33333438,-39.4234848,-6.190836068658643,-33.23264873134136
-127.6333363,50.46666768,39.07488251,17.067651982211718,22.007230527788284
-124.4833362,42.41666751,-8.760748863,-17.076993479279274,8.316244616279274
-126.7000029,45.80000092,-5.42523098,-11.843622152876476,6.4183911728764755
-131.0166697,47.66666762,-6.324564934,-10.251649454847797,3.9270845208477976
-130.3166697,47.66666762,-7.834222794,-7.368817622377701,-0.4654051716222991
-125.4166696,50.46666768,-16.1259594,6.544602090549957,-22.670561490549957
-125.7666696,38.45000077,-22.85763359,-22.867658316733348,0.010024726733348643
-123.0833362,47.43333428,-21.50708008,7.61122051723157,-29.11830059723157
-119.9333361,53.15000106,-95.96151733,24.75943565728705,-120.72095298728706
-128.2166696,39.38333412,-6.289491653,-17.196779506079203,10.907287853079204
-125.8833363,45.33333424,-30.06754494,-22.70453653987124,-7.363008400128763
-131.600003,52.45000105,97.55836487,25.12876290416056,72.42960196583945
-132.8833364,52.91666772,-60.11307144,-51.08515662808718,-9.027914811912822
-124.9500029,51.28333436,-78.81596375,20.057370274565944,-98.87333402456593
-120.8666695,49.65000099,52.56590652,9.338961004696435,43.22694551530356
-126.1166696,38.10000076,-22.26285934,-23.29419275645853,1.03133341645853
-132.8833364,38.21666743,-30.49439049,-24.48769047665344,-6.00670001334656
-124.3666696,51.40000103,46.28683853,35.68897567236476,10.597862857635235
-129.3833363,51.5166677,-11.71390343,-0.46191109307885575,-11.251992336921145
-124.3666696,48.01666763,-43.11485672,-27.411424769224816,-15.703431950775183
-126.7000029,44.05000088,-5.596306801,-9.095727865224877,3.499421064224877
-120.4000028,45.68333425,-48.16193771,-12.255448505255561,-35.90648920474443
-128.800003,48.25000096,-5.456256866,-4.716332972558353,-0.739923893441647
-120.5166695,49.53333432,-15.80842972,14.764384114370364,-30.572813834370365
-120.1666695,49.53333432,61.75993729,27.170201524297237,34.58973576570277
-131.0166697,38.56666744,-27.32521057,-22.59806170755314,-4.72714886244686
-129.850003,41.48333416,-3.755247593,-2.945398738857339,-0.8098488541426612
-128.5666696,53.61666774,37.83438873,2.554248684782023,35.280140045217976
-126.3500029,49.41666765,-6.092179298,8.528552395566857,-14.620731693566857
-124.9500029,52.68333439,60.38625717,28.34617176587512,32.04008540412488
-132.6500031,38.10000076,-26.08914375,-22.483270111202565,-3.605873638797437
-126.2333363,53.96666775,-27.58060837,-8.40880240242188,-19.17180596757812
-119.9333361,38.3333341,32.99341202,70.65001367205643,-37.65660165205643
-131.0166697,40.55000081,-4.700335503,-9.665860850685803,4.965525347685803
-127.2833363,38.91666744,-10.55169487,-16.177504809509678,5.6258099395096774
-119.5833361,52.68333439,27.05370331,46.50349263896133,-19.449789328961334
-124.8333362,43.46666754,-48.82322311,-32.41911939302858,-16.40410371697142
-128.2166696,40.55000081,10.01745415,0.6885719490769022,9.328882200923099
-122.2666695,49.76666766,-35.45501709,6.232169959896509,-41.68718704989651
-122.0333362,48.60000097,-14.96926975,-20.829632291437676,5.860362541437675
-130.550003,41.48333416,-0.972819984,-3.8074813316566427,2.8346613476566427
-123.3166695,48.01666763,39.44285583,42.35542179403015,-2.9125659640301507
-132.7666697,41.60000083,-13.73845673,-9.930705291341903,-3.807751438658096
-130.6666697,47.78333429,-5.963405609,-8.7662975982325,2.8028919892325
-123.6666695,47.66666762,23.00316811,36.49428402917933,-13.491115919179332
-124.8333362,39.26666745,-26.15093231,-27.583045891603536,1.4321135816035344
-122.8500029,39.38333412,36.653759,33.353132490446136,3.300626509553865
-129.6166697,39.8500008,-41.49621964,-41.06880437938963,-0.42741526061036694
-128.450003,47.20000094,-7.858017921,-6.955237436512379,-0.9027804844876215
-127.4000029,53.03333439,7.789503098,16.341528786613843,-8.552025688613842
-122.9666695,53.85000108,-18.88546562,-2.626085164481874,-16.259380455518126
-121.1000028,51.63333437,-1.729811668,3.7279726599051872,-5.457784327905188
-127.1666696,47.78333429,-5.541047096,-12.534246636160209,6.993199540160209
-131.950003,40.66666748,-1.852825403,-6.9387019703550905,5.085876567355091
-130.900003,53.26666773,-16.20446777,-2.4410044548345367,-13.763463315165463
-123.9000029,45.91666758,32.961689,16.88044285510176,16.08124614489824
-128.3333363,38.45000077,-28.83885384,-24.98746042731933,-3.851393412680668
-122.2666695,42.88333419,62.07159042,19.919708323756325,42.151882096243675
-124.0166695,49.76666766,-58.60387802,2.4432702196972036,-61.04714823969721
-119.9333361,48.95000098,104.0259247,41.898834698690294,62.12709000130971
-127.750003,50.23333434,39.96273804,11.701469337655576,28.261268702344424
-125.4166696,49.06666765,40.6792984,34.61850303605015,6.06079536394985
-121.8000028,45.21666757,33.07570267,11.0532649568949,22.0224377131051
-122.1500028,53.96666775,-14.28185844,-11.578547243209776,-2.7033111967902244
-129.500003,38.80000078,-12.41490936,-16.970349120690848,4.555439760690849
-120.5166695,48.71666764,20.63799667,34.52494931850936,-13.886952648509357
-123.0833362,38.56666744,29.05580521,19.148381108097432,9.907424101902567
-126.3500029,40.2000008,-70.10897827,-58.18615751844478,-11.922820751555214
-132.7666697,43.46666754,-17.57822037,-10.927066024281691,-6.651154345718309
-121.3333362,40.43333414,51.22831726,34.642523766113,16.585793493886996
-124.1333362,48.71666764,88.36591339,39.15784614108566,49.20806724891434
-130.4333363,44.16666755,-2.427654982,-8.663750461351578,6.236095479351578
-123.4333362,46.85000094,36.14415741,10.068818484892974,26.075338925107026
-127.8666696,47.43333428,-4.754775047,-8.305051648640434,3.5502766016404346
-131.7166697,50.70000101,-6.660928726,-4.741604396302343,-1.9193243296976572
-125.4166696,48.01666763,-23.00186729,-34.09395686692237,11.092089576922369
-127.750003,38.10000076,-24.21765518,-22.277712625747224,-1.9399425542527773
-131.1333364,44.16666755,-24.03179359,-10.388470854179914,-13.643322735820085
-132.300003,45.21666757,-18.10586166,-19.98221670507249,1.87635504507249
-124.6000029,45.80000092,-40.52051926,-40.569858340337916,0.049339080337915675
-133.0000031,40.08333413,-51.68453217,-40.11657630444707,-11.567955865552925
-119.2333361,39.50000079,15.86090565,4.5511037337785645,11.309801916221435
-121.2166695,48.01666763,42.31541443,30.052132646163432,12.263281783836565
-126.1166696,37.98333409,-20.44603348,-24.154015933624056,3.707982453624055
-121.1000028,38.45000077,-18.85762596,-27.473892133041915,8.616266173041915
-126.8166696,42.41666751,-1.51865828,-11.446607369051993,9.927949089051992
-123.7833362,52.45000105,11.43356609,-4.829323575072216,16.262889665072215
-119.2333361,42.30000085,17.79219627,13.433720518612203,4.3584757513877985
-127.5166696,44.63333423,-3.158995152,-9.072168599763444,5.913173447763444
-124.6000029,39.96666747,-19.31543922,-25.038621934314722,5.723182714314724
-120.6333361,51.28333436,3.584500313,12.649411667943244,-9.064911354943245
-122.3833362,51.5166677,-60.65338135,2.1555123645875276,-62.808893714587526
-126.0000029,46.15000092,-27.16911697,-21.17751445635426,-5.991602513645741
-127.4000029,38.80000078,-8.90926075,-15.040423417628336,6.131162667628336
-123.9000029,45.45000091,25.69765854,40.14099763908168,-14.443339099081683
-127.750003,40.55000081,2.512458324,3.611559467420455,-1.0991011434204552
-120.2833361,42.76666752,13.22095871,18.301727734231157,-5.080769024231158
-120.2833361,44.28333422,59.59621811,16.76611344805595,42.83010466194405
-125.3000029,38.3333341,-6.89770031,-23.90372840815634,17.00602809815634
-119.8166695,43.70000087,35.63539505,14.128248977054131,21.50714607294587
-126.1166696,48.60000097,3.547942877,-24.177070044818247,27.725012921818248
-122.1500028,42.06666751,-0.33199054,12.958446721406338,-13.290437261406337
-129.500003,41.7166675,-7.161579132,-3.425912167869106,-3.735666964130894
-122.7333362,49.53333432,57.86324692,1.2217351328451842,56.64151178715482
-121.3333362,46.38333426,45.40336227,21.014805455632946,24.388556814367057
-122.2666695,49.30000099,-10.87067986,-1.459774728723368,-9.410905131276632
-129.150003,47.20000094,-2.480764151,-4.70296386942488,2.2221997184248803
-126.1166696,46.85000094,-38.42367172,-17.922381560315607,-20.501290159684395
-130.6666697,53.61666774,8.544160843,1.9452885988064488,6.598872244193552
-129.9666697,39.8500008,-33.15278244,-39.225102227704774,6.072319787704771
-127.0500029,43.46666754,17.60558319,-9.785838022221059,27.39142121222106
-131.7166697,52.91666772,81.66433716,46.683173773098844,34.98116338690116
-127.1666696,42.41666751,6.508512497,0.7724702370491757,5.736042259950824
-121.6833362,52.33333438,-3.738841057,1.1642933249318637,-4.903134381931864
-125.3000029,48.36666763,-49.04150391,-35.13998904148621,-13.901514868513793
-125.4166696,51.05000102,41.94849777,45.53412168525011,-3.5856239152501104
-131.0166697,48.1333343,-8.584561348,-9.855938154588586,1.2713768065885862
-132.0666697,53.15000106,80.17098999,75.91632903026542,4.254660959734579
-121.3333362,43.35000087,52.8285408,14.393957867509904,38.434582932490095
-126.9333363,45.80000092,-6.772994995,-9.422705377475596,2.649710382475596
-123.6666695,43.11666753,28.45723343,28.279459871626877,0.17777355837312214
-128.3333363,38.91666744,-7.441665649,-14.457239595722013,7.0155739467220135
-130.4333363,49.65000099,-2.499573946,-5.288140886500543,2.7885669405005427
-131.0166697,39.26666745,-22.69506454,-18.008201096612463,-4.686863443387537
-123.0833362,44.28333422,-18.93214989,8.494081214782636,-27.426231104782637
-120.0500028,51.63333437,-101.8476563,8.700509002602784,-110.54816530260278
-127.0500029,38.68333411,-34.70133972,-16.364782407649994,-18.336557312350006
-130.7833363,53.26666773,-23.93041801,4.7003346046818555,-28.630752614681857
-126.3500029,47.08333427,-28.00330353,-17.75391911569187,-10.249384414308132
-122.9666695,43.00000086,-4.313339233,11.939312814516633,-16.252652047516634
-121.8000028,39.03333411,0.589337647,-20.40242942972799,20.991767076727992
-125.8833363,40.08333413,-53.83060074,-51.55352671781895,-2.277074022181054
-121.2166695,42.18333418,-14.42762089,12.304295120610067,-26.731916010610068
-125.8833363,42.06666751,-3.569696903,-8.805292733009972,5.235595830009972
-120.5166695,39.03333411,38.4100914,58.321292086799644,-19.911200686799646
-121.3333362,50.000001,90.11702728,-1.74819140658081,91.86521868658082
-121.5666695,39.50000079,-34.9114418,-8.457745479794195,-26.453696320205804
-122.2666695,40.08333413,-56.37913513,-53.38648310248674,-2.992652027513259
-130.4333363,41.48333416,-0.836287975,-3.3916650601719707,2.555377085171971
-123.7833362,45.21666757,79.25766754,53.21891347372988,26.038754066270123
-128.2166696,49.88333433,-103.3070602,-39.01086248703229,-64.29619771296771
-125.1833362,53.03333439,3.446941614,2.5810101060307997,0.8659315079692003
-127.5166696,52.91666772,-4.735015869,11.549818649335544,-16.284834518335543
-126.1166696,53.61666774,12.15775967,19.685205372291357,-7.527445702291356
-123.5500029,49.30000099,-66.11120605,-20.861972398536075,-45.24923365146393
-124.9500029,52.91666772,-3.864524126,7.3529817050577595,-11.21750583105776
-125.7666696,52.91666772,-18.54840851,3.6631836385191656,-22.211592148519166
-120.7500028,46.26666759,5.571071625,9.315326236179102,-3.7442546111791017
-122.0333362,50.23333434,-4.577602386,18.52772753225095,-23.10532991825095
-127.8666696,41.95000084,-6.117225647,-6.299160622968167,0.18193497596816766
-128.9166696,48.71666764,-11.20665169,-7.155297695182975,-4.051353994817024
-124.7166696,42.65000085,-19.04430199,-24.434135258067343,5.389833268067342
-122.9666695,41.83333417,-47.4397583,15.905252816107588,-63.345011116107585
-119.0000028,38.68333411,-47.48742294,-1.814670601930537,-45.672752338069465
-130.6666697,43.46666754,-4.757734299,-11.166289411053523,6.408555112053523
-129.7333363,53.96666775,-14.76578903,6.738979537698321,-21.50476856769832
-122.7333362,41.25000082,84.4752121,48.53532160138443,35.93989049861556
-123.6666695,53.73333441,-21.39696312,-8.880953209293942,-12.516009910706057
-123.0833362,43.2333342,-8.491556168,7.820041581679307,-16.311597749679308
-120.9833362,38.21666743,-32.65962219,-24.307205446367995,-8.352416743632006
-119.2333361,50.93333435,-66.74155426,-16.92478249071315,-49.81677176928685
-125.3000029,48.71666764,-16.67999268,-1.8861171061429518,-14.79387557385705
-129.6166697,51.28333436,6.071099281,-6.228293590726665,12.299392871726665
-125.8833363,41.48333416,-6.444350243,-5.616964287858438,-0.8273859551415619
-119.0000028,41.95000084,-14.56760693,20.141329138289077,-34.70893606828908
-128.6833363,44.28333422,-9.6466856,-7.486940438735293,-2.1597451612647065
-132.4166697,44.40000089,-14.31488323,-8.50559006815817,-5.809293161841829
-124.7166696,39.8500008,-30.18071365,-28.972199456817503,-1.2085141931824985
-119.5833361,47.90000096,-16.2771244,-16.304608293830622,0.027483893830620332
-132.300003,50.35000101,5.784013748,-1.4779136131827333,7.261927361182733
-131.600003,52.80000106,44.83690643,62.27767457325762,-17.44076814325762
-127.6333363,43.5833342,-13.17229176,-10.081555949974593,-3.090735810025407
-130.4333363,38.3333341,-37.34913254,-26.213724115351067,-11.135408424648933
-131.0166697,52.91666772,-11.92780685,-2.366148130389942,-9.561658719610058
-121.4500028,39.61666746,-35.01504135,2.828398788654421,-37.843440138654415
-119.4666695,40.66666748,-46.11700821,14.072587205274397,-60.1895954152744
-121.6833362,45.80000092,6.68915844,7.466966349039001,-0.7778079090390007
-130.7833363,42.18333418,-6.745629311,-6.430217833141633,-0.3154114778583672
-129.9666697,43.70000087,-23.13796997,-11.368918019474958,-11.769051950525043
-122.3833362,44.75000089,-13.0209713,-8.038487488269105,-4.982483811730894
-129.850003,45.45000091,-0.019444436,-6.315720249301517,6.296275813301517
-126.8166696,50.000001,31.4454155,44.075637491913994,-12.630221991913995
-127.0500029,49.41666765,-37.12981415,-16.75258688093675,-20.37722726906325
-131.0166697,50.000001,4.196251869,-4.807708366867831,9.003960235867831
-120.1666695,48.95000098,95.94514465,35.13785603139615,60.807288618603856
-121.2166695,49.30000099,31.38098907,12.142194843093085,19.23879422690691
-125.0666696,47.66666762,-29.9816494,-35.390961271161665,5.409311871161666
-130.550003,47.66666762,-11.53059101,-8.7662975982325,-2.7642934117675004
-119.7000028,39.03333411,-31.70318031,5.891258281446636,-37.59443859144664
-125.4166696,47.31666761,-30.94306183,-34.31675747750699,3.373695647506988
-123.0833362,45.56666758,-53.82086563,22.748143895436048,-76.56900952543604
-126.2333363,39.38333412,-15.88321209,-15.884470634567103,0.0012585445671025042
-132.300003,39.03333411,-4.421111107,-17.08130322051904,12.66019211351904
-131.0166697,40.08333413,-51.09501648,-48.86554844067295,-2.2294680393270454
-125.6500029,45.1000009,-50.84019852,-32.876949268407635,-17.963249251592366
-132.0666697,45.45000091,-23.52729607,-11.04452144443106,-12.482774625568938
-124.1333362,45.45000091,-47.93045044,-20.82256673566719,-27.10788370433281
-129.9666697,45.33333424,5.402774811,-5.912426521748939,11.315201332748938
-130.0833363,43.00000086,-11.37986946,-9.092861724571854,-2.287007735428146
-127.750003,48.36666763,-15.62578201,-13.14948442547396,-2.4762975845260407
-131.7166697,45.1000009,-26.10318184,-14.115992870099745,-11.987188969900256
-122.8500029,38.68333411,-2.985667229,24.476990778003472,-27.462658007003473
-125.4166696,49.65000099,124.5941162,61.95109095293464,62.64302524706536
-122.8500029,46.73333427,1.316373467,-1.94098186214485,3.25735532914485
-121.6833362,45.21666757,25.34542465,8.608648422370672,16.736776227629328
-122.2666695,38.68333411,4.551562309,-5.548899048812556,10.100461357812556
-129.7333363,39.61666746,-28.55541039,-24.646203819460702,-3.909206570539297
-122.3833362,46.85000094,-32.65174484,1.2924107392680169,-33.94415557926801
-129.3833363,51.28333436,-6.874523163,3.01806772679527,-9.89259088979527
-128.3333363,39.03333411,-4.263077736,-13.599957280571164,9.336879544571165
-123.7833362,49.06666765,-12.6343441,-15.444471089746036,2.8101269897460366
-126.3500029,43.00000086,-0.977158308,-5.433353935520466,4.456195627520466
-120.0500028,47.55000095,33.04753876,-7.34314401143061,40.39068277143061
-120.5166695,49.41666765,-37.99690247,17.861433951595536,-55.85833642159554
-122.5000028,50.46666768,5.113918304,7.2427783934645875,-2.1288600894645873
-130.0833363,38.21666743,-20.84446144,-24.49779018508493,3.6533287450849308
-128.2166696,50.46666768,26.41210556,-22.422573407812926,48.83467896781293
-122.5000028,49.06666765,-33.76652908,-32.19250924608289,-1.5740198339171059
-130.3166697,47.78333429,-16.50808334,-7.368817622377701,-9.139265717622298
-121.4500028,51.28333436,-6.889252663,3.1617502308875673,-10.051002893887567
-122.9666695,41.7166675,-4.831727028,14.838940551094984,-19.670667579094985
-129.150003,47.90000096,4.241880417,-4.519138880616318,8.761019297616318
-129.3833363,50.81666768,42.9293251,-16.993659166845212,59.92298426684521
-132.5333364,46.38333426,-15.15373611,-11.416167343328938,-3.737568766671062
-129.0333363,50.000001,-27.89746475,-11.90147086934382,-15.995993880656181
-121.1000028,39.50000079,24.30105019,15.728352007686388,8.572698182313614
-127.4000029,52.68333439,20.60529518,6.443206737367653,14.162088442632346
-128.100003,37.98333409,-23.3230114,-24.077516692137067,0.7545052921370683
-119.4666695,45.68333425,-48.43925858,-32.89534278222915,-15.54391579777085
-128.450003,40.2000008,-78.96982574,-61.950799929821045,-17.01902581017896
-128.2166696,53.85000108,19.4518013,13.625701448830213,5.826099851169786
-119.1166694,51.28333436,-7.753677368,-14.956359140028605,7.202681772028605
-120.1666695,46.15000092,-27.32381821,6.690672127442671,-34.014490337442666
-132.5333364,41.01666749,-7.976120949,-9.217153461876306,1.2410325128763056
-131.8333364,48.01666763,-11.57477856,-10.19036849534254,-1.3844100646574606
-129.7333363,46.73333427,-8.289577484,-4.891843934972111,-3.3977335490278895
-121.8000028,53.15000106,-10.73268795,15.713223147859518,-26.44591109785952
-130.550003,48.1333343,-8.062829018,-8.370586297973281,0.3077572799732806
-130.900003,53.85000108,-16.76659203,-5.142263186287517,-11.624328843712485
-121.4500028,49.06666765,18.766325,20.152935778296495,-1.3866107782964967
-121.1000028,48.60000097,48.8327179,20.724547947666558,28.10816995233344
-124.4833362,38.45000077,-42.77959061,-37.76865967256432,-5.010930937435681
-130.200003,43.93333421,-4.315937996,-10.746701125809818,6.430763129809818
-124.3666696,51.05000102,-21.677845,42.453372798216336,-64.13121779821634
-125.8833363,47.43333428,-0.765275955,-18.990150332268083,18.224874377268083
-130.6666697,43.81666754,-33.93310928,-9.874486349688075,-24.05862293031192
-124.9500029,53.96666775,-36.12199402,-17.60503021855647,-18.51696380144353
-132.0666697,47.31666761,-12.83672047,-11.02936757098993,-1.8073528990100698
-131.250003,44.75000089,-19.68860435,-9.939605438801468,-9.74899891119853
-121.2166695,46.85000094,66.31126404,30.377534823927313,35.933729216072685
-119.1166694,42.65000085,-15.3409605,8.380173629722652,-23.72113412972265
-122.3833362,39.03333411,7.078770638,6.511141830340286,0.5676288076597142
-129.0333363,38.80000078,-7.517631531,-14.990169310927241,7.472537779927241
-119.0000028,39.50000079,-22.69627571,-3.711622307841993,-18.984653402158006
-124.6000029,41.95000084,-43.84473801,-24.265112616099973,-19.579625393900027
-129.500003,47.43333428,-3.273761272,-4.805751286198527,1.5319900141985268
-130.4333363,40.43333414,9.79679966,-9.542817805338075,19.339617465338073
-131.950003,48.95000098,-13.5236578,-4.777029214802357,-8.746628585197644
-132.7666697,42.06666751,57.54404068,-10.536987772654868,68.08102845265486
-121.2166695,50.23333434,9.367195129,4.299632992266584,5.067562136733416
-120.0500028,49.41666765,33.02379608,23.076345160234155,9.947450919765842
-126.7000029,49.30000099,-36.99642181,-9.686760817329251,-27.30966099267075
-121.6833362,45.33333424,91.14661407,10.619698048919602,80.5269160210804
-125.8833363,48.1333343,-28.54672432,-19.855976111401223,-8.690748208598777
-125.0666696,53.50000107,-16.88191986,-3.4192064850480035,-13.462713374951996
-126.4666696,47.43333428,-26.21883774,-14.839613741789506,-11.379223998210495
-120.2833361,52.68333439,18.68276405,29.28629986909735,-10.603535819097349
-121.8000028,41.13333416,48.27656174,7.343974035286355,40.93258770471364
-132.6500031,41.13333416,-7.064375877,-9.217153461876306,2.152777584876306
-122.5000028,41.95000084,-18.12549019,13.938266886494908,-32.06375707649491
-128.100003,38.45000077,-29.54464912,-24.98746042731933,-4.557188692680668
-121.8000028,52.33333438,7.479434013,2.8791484125468854,4.600285600453114
-127.4000029,39.03333411,-14.15417194,-17.37734482124294,3.22317288124294
-123.6666695,49.41666765,-37.0581131,-13.372402400450046,-23.685710699549954
-131.3666697,38.91666744,-16.90529442,-17.151900763749143,0.2466063437491428
-124.8333362,52.91666772,3.795293093,7.3529817050577595,-3.5576886120577593
-124.0166695,40.08333413,31.53661919,6.483481206669393,25.053137983330608
-132.1833364,46.26666759,-12.7727623,-11.312183621682458,-1.4605786783175425
-122.1500028,47.66666762,-123.0830688,-69.68709051423112,-53.39597828576889
-127.0500029,48.83333431,-41.81235886,-24.047363750583827,-17.764995109416176
-125.8833363,45.68333425,-23.23152351,-22.70453653987124,-0.5269869701287604
-123.2000029,41.95000084,92.61277008,19.63574185525436,72.97702822474565
-132.6500031,42.65000085,8.267215729,-10.986742859478928,19.25395858847893
-121.2166695,40.66666748,17.71294785,19.007116582853666,-1.2941687328536666
-123.2000029,40.90000082,76.24729919,27.696587329225977,48.55071186077403
-130.3166697,50.46666768,-19.9920826,-0.7582108264317298,-19.23387177356827
-132.7666697,40.55000081,-14.61371899,-9.217153461876306,-5.396565528123695
-126.7000029,45.21666757,-8.050314903,-12.669487392523052,4.619172489523052
-131.8333364,53.26666773,15.33797932,8.934881777553153,6.403097542446847
-119.9333361,49.18333432,12.50329304,31.07869253078888,-18.575399490788882
-126.8166696,39.8500008,-37.44079208,-42.26933355697077,4.82854147697077
-123.9000029,47.55000095,4.936149597,15.781919380033747,-10.845769783033747
-127.4000029,52.45000105,-34.07097626,-8.717722249494592,-25.35325401050541
-122.3833362,39.26666745,-23.56083298,5.500859023291369,-29.06169200329137
-128.800003,46.6166676,-12.19589806,-5.128806526081929,-7.06709153391807
-132.0666697,42.88333419,-10.83650684,-12.328851388984086,1.4923445489840859
-129.6166697,41.95000084,-5.00624752,-6.193395722951642,1.1871482029516427
-123.4333362,53.73333441,7.754321098,-5.292790708009511,13.04711180600951
-122.7333362,42.53333418,-31.64334869,13.132048347686721,-44.77539703768672
-121.5666695,41.95000084,-13.92170334,5.510033695233069,-19.43173703523307
-122.7333362,52.21666771,10.86428642,-5.047592297497996,15.911878717497997
-125.6500029,50.58333434,-13.9147768,11.561853818076003,-25.476630618076
-131.4833364,39.50000079,-30.70213127,-21.348449733988673,-9.353681536011326
-125.3000029,51.75000103,-2.325520515,32.83695369822772,-35.16247421322772
-124.4833362,38.56666744,-51.51206589,-37.00802880695016,-14.504037083049845
-128.2166696,45.56666758,-4.378054619,-10.716763844002934,6.338709225002933
-122.9666695,40.55000081,21.82206154,11.151740819860457,10.670320720139543
-119.9333361,41.60000083,37.79541779,19.5764453627526,18.2189724272474
-123.7833362,43.46666754,53.20094299,38.63567786833103,14.565265121668972
-120.4000028,42.53333418,-15.14171219,16.365593799946577,-31.507305989946577
-123.7833362,53.85000108,-25.30307007,-12.261588457444766,-13.041481612555234
-126.2333363,52.33333438,98.09331512,12.650403940800874,85.44291117919913
-132.4166697,50.11666767,-2.727544546,-6.764602220345668,4.037057674345668
-129.850003,42.53333418,-14.41513443,-8.238340046214576,-6.176794383785424
-124.0166695,45.1000009,36.3156929,7.086039559976199,29.229653340023802
-129.850003,47.31666761,-4.040678978,-8.104928840213155,4.064249862213155
-126.5833363,51.5166677,20.82144737,29.977753852270382,-9.15630648227038
-122.9666695,48.25000096,-43.00582504,-17.069622473785667,-25.93620256621433
-122.0333362,49.30000099,28.38397598,-11.756320233501588,40.140296213501585
-130.0833363,51.05000102,-49.20577621,-28.73595034136446,-20.469825868635542
-126.9333363,51.75000103,-0.026148647,7.489782386998195,-7.5159310339981955
-131.600003,47.55000095,10.55404186,-10.584578924640562,21.138620784640562
-131.4833364,51.28333436,-20.37631607,-9.705921299853234,-10.670394770146768
-127.6333363,48.36666763,-19.39948082,-14.867516560068609,-4.531964259931392
-125.0666696,41.83333417,-2.067335844,-30.57366321327667,28.506327369276672
-129.2666697,48.25000096,3.858936071,-4.813936433638418,8.672872504638418
-127.5166696,51.05000102,-23.99085426,5.061377096043984,-29.052231356043983
-120.7500028,51.8666677,-18.35493469,3.777056548427439,-22.13199123842744
-119.1166694,41.48333416,-1.288156867,10.677608118103116,-11.965764985103116
-129.6166697,49.18333432,-13.75080109,-4.617058188614299,-9.1337429013857
-121.2166695,53.3833344,25.15128326,5.285768863440629,19.86551439655937
-124.8333362,46.50000093,-48.85790253,-36.52105340796784,-12.336849122032156
-126.9333363,44.86666756,-4.996462822,-11.452031681469437,6.455568859469437
-122.5000028,50.70000101,98.81021118,2.512133375183561,96.29807780481643
-129.2666697,45.91666758,-10.75479984,-4.212186852953069,-6.542612987046931
-123.3166695,51.05000102,40.54169464,48.85384112769596,-8.312146487695955
-122.0333362,45.33333424,0.693728268,0.6660840180538473,0.027644249946152666
-132.5333364,43.70000087,-21.23270035,-10.927066024281691,-10.305634325718307
-130.3166697,51.75000103,0.537364304,-10.712156259053582,11.249520563053583
-124.4833362,52.45000105,-4.491990089,10.70111700594917,-15.19310709494917
-119.7000028,42.18333418,36.8456955,11.964136503632407,24.88155899636759
-123.6666695,39.8500008,30.66450119,19.14235229448977,11.522148895510231
-131.950003,41.13333416,-6.350471497,-8.626491579054548,2.276020082054548
-131.8333364,38.21666743,-22.19899178,-24.48769047665344,2.288698696653441
-128.9166696,44.86666756,-11.36087227,-7.2257048137971,-4.1351674562028995
-122.7333362,40.78333415,14.27833652,7.003987242290233,7.274349277709767
-123.5500029,42.06666751,30.235672,30.59499452318546,-0.3593225231854582
-130.0833363,44.05000088,-21.22563934,-10.31638001570322,-10.90925932429678
-123.0833362,45.68333425,-17.0556736,4.232114837010451,-21.287788437010448
-122.8500029,45.56666758,-43.87483978,-16.773310713610062,-27.10152906638994
-131.4833364,44.05000088,-19.00946236,-15.24904125259993,-3.76042110740007
-130.0833363,43.70000087,-26.46679306,-9.032315442670772,-17.43447761732923
-127.4000029,42.41666751,1.956871271,0.7724702370491757,1.1844010339508242
-124.3666696,52.45000105,-3.484095812,10.70111700594917,-14.18521281794917
-132.300003,53.3833344,86.69390106,81.28979556032989,5.404105499670109
-127.4000029,39.50000079,-19.07156944,-18.935421876677015,-0.13614756332298583
-124.3666696,49.30000099,-10.73936272,2.722695304695756,-13.462058024695757
-126.2333363,40.08333413,-52.99631119,-54.12361345722048,1.1273022672204789
-126.1166696,41.60000083,-4.431274414,-4.054620811549912,-0.37665360245008817
-122.7333362,50.35000101,-103.3095245,6.409644177259247,-109.71916867725925
-126.1166696,45.91666758,-17.3339138,-17.7061594930444,0.37224569304439825
-129.9666697,52.68333439,-10.10983372,-0.8682310418666865,-9.241602678133313
-132.8833364,53.96666775,69.76051331,49.23607571728826,20.524437592711735
-123.4333362,39.15000078,20.72616959,19.066247736186597,1.6599218538134046
-125.6500029,48.83333431,-28.48492813,-11.521373873214445,-16.963554256785557
-128.3333363,38.21666743,-19.60212517,-26.081937057587943,6.4798118875879425
-128.100003,51.40000103,-19.25798416,2.2993193678096024,-21.5573035278096
-129.0333363,50.58333434,-118.8675156,-53.76714347428864,-65.10037212571137
-123.3166695,48.95000098,-58.64210129,-27.482640550504748,-31.159460739495252
-132.4166697,53.3833344,79.06619263,61.66319244517273,17.40300018482727
-132.5333364,37.98333409,-22.44622803,-22.483270111202565,0.03704208120256425
-125.4166696,48.71666764,-24.00267982,-9.221509506197803,-14.781170313802198
-125.6500029,45.21666757,-46.76257706,-32.876949268407635,-13.885627791592363
-129.0333363,48.95000098,-4.754152298,-8.726155554924224,3.972003256924224
-132.300003,42.53333418,-15.97046757,-10.318563797774072,-5.651903772225928
-121.4500028,46.6166676,65.37010193,23.633262237331074,41.73683969266893
-129.850003,43.70000087,-18.50423813,-11.628121172304617,-6.876116957695384
-119.3500028,53.50000107,70.41810608,38.71509869816051,31.70300738183949
-127.5166696,38.21666743,-23.92045593,-25.948592740335037,2.028136810335038
-122.0333362,44.63333423,4.170080185,3.254421721065969,0.9156584639340308
-126.3500029,51.5166677,36.99807358,37.61227798924341,-0.6142044092434062
-133.0000031,40.43333414,-14.70017433,-7.130140471262302,-7.570033858737697
-132.1833364,42.30000085,-13.2226944,-13.5422406512447,0.3195462512447005
-121.2166695,45.68333425,-34.41330338,-8.99967509092773,-25.41362828907227
-121.2166695,44.86666756,-28.71234894,7.485564188071472,-36.19791312807147
-128.9166696,41.7166675,-1.528637767,-4.143454799184553,2.614817032184553
-121.5666695,39.26666745,-53.19802475,-15.043747053497345,-38.15427769650266
-122.6166695,51.63333437,5.814195633,4.426064708425021,1.3881309245749787
-123.9000029,44.16666755,61.41998672,49.14413066798768,12.275856052012315
-131.0166697,44.16666755,-18.27778816,-9.79205406628531,-8.48573409371469
-127.2833363,53.73333441,66.54706573,31.841924511187614,34.705141218812386
-121.3333362,42.06666751,30.10358047,9.387732995942306,20.715847474057696
-129.6166697,51.05000102,-21.67066193,-0.4785291060892088,-21.192132823910793
-128.3333363,50.35000101,-22.67085266,-49.2868979500066,26.616045290006596
-125.6500029,38.3333341,-12.60408592,-19.682042202315326,7.077956282315327
-127.1666696,52.45000105,-44.6824379,-12.341724922651768,-32.34071297734823
-128.450003,48.01666763,-3.270496845,-6.727838946162582,3.4573421011625824
-119.2333361,52.80000106,-126.5549622,-9.779749458374024,-116.77521274162598
-129.2666697,52.80000106,-4.805550575,-3.041340301998944,-1.7642102730010558
-132.7666697,51.75000103,-0.655954242,-8.135468008239135,7.479513766239135
-130.7833363,52.45000105,-8.533452988,16.95880144621954,-25.49225443421954
-123.9000029,53.03333439,7.499437332,-3.5404001579581568,11.039837489958156
-125.5333362,51.40000103,36.07935715,15.294918087740932,20.784439062259068
-129.150003,38.21666743,-26.48975945,-26.37637013490966,-0.11338931509034111
-121.6833362,50.46666768,-43.12613297,13.861988497190536,-56.98812146719054
-119.7000028,52.21666771,23.56070137,18.703942982380653,4.856758387619347
-126.1166696,48.95000098,-31.37317085,-10.004009983701048,-21.369160866298955
-126.0000029,49.06666765,-12.69637012,-8.87453113529461,-3.821838984705389
-123.0833362,49.88333433,18.00217438,-0.08833422674255371,18.090508606742553
-121.9166695,38.3333341,-43.3721962,-21.53506425516597,-21.837131944834027
-126.2333363,41.60000083,-6.592671394,-4.054620811549912,-2.5380505824500883
-122.6166695,41.83333417,16.20117569,33.422675019112205,-17.221499329112206
-128.100003,51.28333436,-4.312159538,2.2993193678096024,-6.611478905809603
-119.7000028,46.85000094,-24.1347847,-28.117750064586176,3.9829653645861747
-131.4833364,47.20000094,31.75546646,-9.80798719320835,41.56345365320835
-119.9333361,47.20000094,-28.8651619,-3.007612288556982,-25.85754961144302
-131.950003,44.98333423,-29.12609291,-13.42303957679075,-15.703053333209251
-126.7000029,46.03333425,-12.4312973,-11.843622152876476,-0.5876751471235249
-120.1666695,47.55000095,42.22933578,-9.922732152733856,52.15206793273386
-121.5666695,44.51666756,4.56726265,1.9379028499595863,2.6293598000404135
-131.1333364,38.56666744,-17.72104073,-22.59806170755314,4.877020977553141
-130.0833363,39.03333411,-19.01104546,-16.55314552562204,-2.4578999343779593
-125.1833362,53.50000107,-13.09562016,-3.9495640701733157,-9.146056089826683
-126.7000029,51.98333437,-42.59622192,17.14854570363725,-59.744767623637244
-131.0166697,53.03333439,-20.63244438,-4.249432468744239,-16.38301191125576
-131.1333364,40.78333415,-1.95859611,-1.2509404899354322,-0.7076556200645678
-128.100003,48.25000096,0.021362931,-7.089548515044351,7.1109114460443505
-127.4000029,40.55000081,-30.74068832,4.897875560029544,-35.638563880029544
-126.1166696,48.1333343,-23.24176407,-18.61737142917219,-4.624392640827807
-126.8166696,49.88333433,24.04988861,33.076221751077924,-9.026333141077924
-132.300003,51.40000103,-6.097083092,-13.818688986205164,7.7216058942051635
-124.3666696,44.63333423,-51.72039032,-28.542876316943286,-23.177514003056714
-130.550003,41.01666749,0.364227653,-0.9494878870832075,1.3137155400832075
-124.2500029,41.01666749,-45.06013489,-19.9947793880897,-25.0653555019103
-119.8166695,52.68333439,43.79002762,40.260137670816434,3.5298899491835627
-122.0333362,38.45000077,-8.349049568,-15.458292336052928,7.109242768052928
-127.4000029,45.45000091,-4.035493374,-8.67555042511782,4.64005705111782
-121.4500028,43.46666754,1.701070428,12.707661650058728,-11.006591222058729
-125.0666696,46.15000092,-31.7427845,-34.6610781496384,2.9182936496384
-122.6166695,39.8500008,-23.67194176,7.686374242991553,-31.35831600299155
-123.4333362,48.71666764,-5.854647636,4.13333911259266,-9.987986748592661
-119.7000028,44.16666755,16.78061485,16.190120109460317,0.5904947405396825
-125.5333362,48.1333343,-10.19341564,-32.22337725762067,22.02996161762067
-122.6166695,44.05000088,12.36716843,-3.054354061632724,15.421522491632723
-125.5333362,49.76666766,75.55670166,60.305712663957266,15.250988996042736
-129.6166697,39.50000079,-23.46652603,-17.24875503309207,-6.21777099690793
-132.1833364,41.60000083,-13.84812737,-13.29881666042613,-0.5493107095738701
-132.0666697,53.96666775,9.265666962,23.345391014632312,-14.079724052632313
-128.9166696,51.63333437,-16.77408028,-5.057550673263879,-11.71652960673612
-121.9166695,38.21666743,-36.41038513,-20.416679972810808,-15.993705157189193
-119.0000028,45.68333425,-48.98023987,-38.83782032757952,-10.142419542420477
-122.9666695,39.96666747,64.36381531,38.863184149123455,25.50063116087655
-125.7666696,45.1000009,-41.40961456,-30.606303030164923,-10.803311529835078
-128.800003,37.98333409,-24.72591972,-24.454498230777713,-0.2714214892222877
-127.5166696,42.06666751,-11.49414063,0.7724702370491757,-12.266610867049176
-125.8833363,42.88333419,-10.33635616,-1.9762282252160597,-8.36012793478394
-131.4833364,42.06666751,-14.19914722,-12.69563592536896,-1.503511294631041
-126.1166696,48.83333431,-20.20790863,-23.699988586258186,3.4920799562581877
-122.1500028,53.3833344,-10.28594112,-4.3829579116931745,-5.902983208306826
-125.1833362,49.65000099,47.08413696,22.915158287385704,24.168978672614298
-127.4000029,52.56666772,0.636067867,-3.926148856575719,4.56221672357572
-124.2500029,46.85000094,-59.25204086,-36.85010382414427,-22.40193703585573
-122.8500029,48.95000098,-59.46271896,-58.64079660971091,-0.8219223502890856
-124.0166695,43.2333342,41.33620834,21.86078629809839,19.47542204190161
-122.6166695,44.16666755,-1.210682392,-0.22012456352449566,-0.9905578284755043
-132.4166697,48.01666763,-5.254751205,-13.896218153092162,8.641466948092162
-132.300003,38.80000078,-17.94146919,-17.08130322051904,-0.8601659694809598
-127.2833363,39.61666746,-23.48536682,-22.678825702031276,-0.8065411179687239
-121.1000028,45.45000091,-8.151563644,-9.619443521959198,1.4678798779591986
-120.4000028,48.36666763,2.889028072,29.32663087473049,-26.437602802730492
-130.7833363,47.20000094,-9.933355331,-9.045864940062605,-0.8874903909373941
-130.900003,42.65000085,-9.707006454,-12.167195869049788,2.460189415049788
-121.9166695,51.98333437,-16.05489349,-4.060253471077381,-11.99464001892262
-123.4333362,45.1000009,43.55298615,66.61342483726959,-23.06043868726959
-120.9833362,48.36666763,35.21956253,28.587859285541253,6.631703244458745
-133.0000031,43.35000087,-16.79382515,-10.927066024281691,-5.866759125718309
-125.5333362,41.60000083,-23.33376122,-30.937185831873244,7.603424611873244
-128.2166696,42.53333418,-8.749816895,-5.813177092024918,-2.9366398029750824
-125.7666696,50.11666767,32.91413879,65.79563375725061,-32.88149496725061
-128.5666696,47.31666761,-11.13037014,-6.412540634328008,-4.717829505671992
-125.8833363,48.71666764,-36.59405136,-23.287716539206478,-13.306334820793523
-130.4333363,53.15000106,-12.50478268,-1.4506674900159997,-11.054115189984
-131.4833364,38.68333411,-6.662420273,-17.285132305576536,10.622712032576535
-131.7166697,44.75000089,-31.92663193,-14.507412917063343,-17.419219012936658
-128.800003,43.81666754,-42.60794067,-9.323143131382235,-33.28479753861777
-130.0833363,52.68333439,-15.1148634,1.643621597670042,-16.758484997670042
-129.850003,45.80000092,7.437213898,-6.347122624510116,13.784336522510117
-127.5166696,46.96666761,-6.712485313,-9.95866836470541,3.24618305170541
-129.850003,39.8500008,-35.32469559,-39.705030318975325,4.380334728975328
-132.7666697,53.50000107,86.25389862,40.33056686063972,45.92333175936028
-122.2666695,39.26666745,-45.30275726,-7.25049998017875,-38.05225727982125
-120.7500028,51.75000103,18.11766243,8.136384582559584,9.981277847440415
-123.3166695,39.15000078,40.53326035,17.848458335086953,22.684802014913046
-130.4333363,39.15000078,-14.41810513,-18.042186902962744,3.624081772962743
-125.1833362,52.56666772,2.306966782,22.93524850352991,-20.62828172152991
-130.4333363,47.08333427,-5.523303986,-7.806363653352119,2.283059667352119
-120.1666695,47.31666761,-37.39813995,4.391338213780036,-41.78947816378004
-129.3833363,45.80000092,-2.42720437,-4.719384003523664,2.2921796335236637
-131.8333364,43.70000087,-17.06817627,-15.275489913032285,-1.7926863569677138
-130.4333363,52.91666772,-30.01479721,-5.1498280250242265,-24.864969184975774
-126.0000029,51.05000102,52.78491974,25.173834179998256,27.611085560001744
-120.2833361,42.41666751,6.268979073,21.039988422678313,-14.771009349678312
-132.6500031,50.70000101,-5.038860321,4.58772809503573,-9.62658841603573
-128.2166696,46.6166676,-12.50714588,-8.573108925176033,-3.9340369548239664
-122.6166695,40.66666748,-22.47160149,-5.888206641265793,-16.58339484873421
-120.2833361,40.66666748,13.040555,13.548934652117447,-0.5083796521174477
-129.850003,53.73333441,8.091808319,16.936665711588013,-8.844857392588013
-126.3500029,52.56666772,77.39520264,24.870141613295484,52.525061026704506
-123.9000029,50.81666768,48.45443726,32.43680298437381,16.017634275626186
-132.4166697,47.31666761,-5.089216232,-6.882489885692083,1.7932736536920828
-132.8833364,39.96666747,-62.91262817,-45.336860020304776,-17.57576814969522
-126.8166696,46.73333427,-12.04425621,-9.546912039750605,-2.497344170249395
-128.3333363,38.56666744,-28.61320877,-22.677972242739287,-5.935236527260713
-129.150003,40.2000008,-63.5966835,-58.976495805592776,-4.620187694407221
-120.1666695,45.80000092,-22.85309601,-17.794813381554253,-5.058282628445749
-122.0333362,52.91666772,6.026366234,1.8015146422583432,4.224851591741657
-121.6833362,47.66666762,-14.65313625,-2.202561762923409,-12.45057448707659
-128.100003,44.75000089,-10.22259521,-8.971448870867562,-1.251146339132438
-119.3500028,46.38333426,-41.3298378,-27.06375146947209,-14.266086330527909
-124.4833362,40.43333414,-35.44157028,-27.8474816772179,-7.594088602782101
-124.6000029,51.40000103,32.81716156,38.334289619050516,-5.517128059050513
-120.5166695,52.91666772,16.06201172,26.249978474961573,-10.187966754961572
-125.5333362,42.53333418,-25.48580551,-41.85733095191315,16.37152544191315
-119.3500028,43.00000086,16.1501255,8.648133773696063,7.501991726303938
-130.3166697,42.06666751,-9.381347656,-8.48217511444409,-0.8991725415559113
-126.4666696,43.2333342,-12.25957775,-10.010682992364373,-2.248894757635627
-125.0666696,47.43333428,-48.3488884,-26.737139349412804,-21.611749050587196
-130.7833363,43.2333342,-17.1907959,-11.941755895202022,-5.24904000479798
-124.6000029,53.15000106,2.068567038,0.7384570146561836,1.3301100233438161
-125.6500029,43.81666754,-50.52614975,-47.89181751193292,-2.6343322380670813
-121.2166695,47.08333427,36.74075699,22.77323452812773,13.96752246187227
-126.1166696,49.65000099,27.93157578,34.98770805028219,-7.056132270282188
-120.4000028,38.45000077,32.42659378,36.20950874636743,-3.7829149663674357
-124.3666696,45.45000091,-32.10484695,-38.23221656636062,6.1273696163606175
-126.0000029,50.46666768,9.190006256,29.534764313587875,-20.344758057587875
-124.8333362,49.53333432,-17.01031303,33.82017150913909,-50.830484539139086
-120.2833361,48.1333343,124.5439453,4.902312088342354,119.64163321165765
-119.5833361,46.73333427,-31.34476662,-27.88686816117189,-3.4578984588281116
-124.6000029,48.4833343,11.74765015,-14.845314421750347,26.592964571750347
-128.6833363,48.01666763,-8.433363914,-4.636760303649845,-3.7966036103501546
-132.7666697,50.93333435,-1.682672381,0.9075065333639841,-2.590178914363984
-120.2833361,48.36666763,-7.659949303,28.331790777827457,-35.991740080827455
-123.3166695,42.30000085,21.0728302,32.08276614375371,-11.00993594375371
-119.5833361,38.45000077,119.8246307,51.67197559774046,68.15265510225953
-119.3500028,39.03333411,15.12572956,1.5780175255637687,13.54771203443623
-129.9666697,41.60000083,-1.975056767,-4.065186396203496,2.0901296292034965
-123.9000029,53.85000108,-2.760397673,-11.46630319011048,8.70590551711048
-130.7833363,43.5833342,-3.462454557,-10.84633696558082,7.38388240858082
-132.6500031,50.58333434,-4.412911415,-8.413380508705634,4.000469093705634
-129.2666697,53.26666773,-19.38902664,-3.210539751291633,-16.178486888708367
-125.5333362,52.91666772,3.886720419,-2.0366577270279054,5.923378146027906
-122.2666695,45.45000091,-38.38925934,-1.3258112941688658,-37.06344804583114
-121.3333362,46.03333425,-3.590287924,7.157625913587354,-10.747913837587355
-129.9666697,38.91666744,-13.06017399,-16.970349120690848,3.910175130690849
-128.800003,46.03333425,-9.7870121,-6.422609217476761,-3.3644028825232395
-132.1833364,45.45000091,-23.89175034,-11.028988993266179,-12.862761346733823
-120.0500028,38.68333411,137.2082062,57.32840084887499,79.87980535112501
-126.5833363,52.91666772,43.79119492,4.949975716884045,38.841219203115955
-129.0333363,46.50000093,-6.041335106,-4.170572800494133,-1.8707623055058669
-132.5333364,49.88333433,-12.7658577,-7.741926277717203,-5.023931422282796
-123.6666695,51.40000103,31.48008156,39.99311146927416,-8.513029909274163
-119.5833361,42.76666752,-8.01329422,9.896820176866278,-17.910114396866277
-130.7833363,43.35000087,-9.229184151,-11.084854908875467,1.8556707578754672
-125.1833362,53.61666774,-0.442952126,-1.6386144358342467,1.1956623098342467
-120.1666695,49.06666765,90.96588135,37.10785142356658,53.858029926433424
-126.1166696,47.08333427,-31.65644455,-18.98090551003378,-12.675539039966221
-123.2000029,47.08333427,49.18420792,19.12014386950718,30.064064050492817
-132.5333364,51.05000102,8.517664909,0.9075065333639841,7.610158375636017
-129.7333363,44.75000089,-8.596106529,-4.711024914065271,-3.8850816149347294
-121.9166695,40.08333413,-31.79452324,-25.43545981548853,-6.3590634245114686
-120.9833362,46.6166676,53.05566788,19.744240208669062,33.31142767133094
-131.250003,45.68333425,2.786304474,-7.867580785984399,10.6538852599844
-133.0000031,47.90000096,-22.53513718,-6.56364984318156,-15.97148733681844
-120.8666695,46.96666761,49.5118866,13.662835479584647,35.84905112041535
-131.600003,51.28333436,-10.23076916,-9.367111569367282,-0.8636575906327177
-119.0000028,42.65000085,-8.176012993,13.744951042237464,-21.920964035237464
-122.0333362,43.35000087,54.02876282,14.498527595045841,39.530235224954154
-129.6166697,48.25000096,-8.34058857,-6.44167505462487,-1.8989135153751295
-121.9166695,53.50000107,19.93470573,-0.7792556175903705,20.71396134759037
-119.9333361,44.86666756,-25.51311684,7.594640518597463,-33.10775735859746
-131.0166697,42.18333418,-10.71721458,-7.390095948944807,-3.3271186310551935
-124.9500029,40.55000081,-77.56226349,-32.06934366243875,-45.49291982756126
-126.2333363,51.05000102,19.46355438,18.28632053594557,1.177233844054431
-127.750003,44.16666755,-7.228512764,-9.108983526325986,1.8804707623259853
-122.2666695,51.63333437,-41.79720306,-3.7037152480957714,-38.09348781190423
-123.4333362,38.3333341,-24.22818947,6.2138067153639,-30.441996185363898
-121.2166695,42.88333419,32.00323105,12.782555750263906,19.22067529973609
-127.750003,42.30000085,-7.587660789,-5.417623690411131,-2.1700370985888693
-121.1000028,47.55000095,70.64633179,34.18201523362499,36.46431655637502
-125.8833363,50.81666768,41.87906265,11.570500867613392,30.30856178238661
-119.4666695,52.80000106,64.17234039,35.51189578641809,28.660444603581915
-124.7166696,46.15000092,-48.72698975,-37.88410737061427,-10.842882379385735
-131.7166697,45.45000091,-14.62452984,-14.115992870099745,-0.5085369699002538
-127.9833363,45.33333424,-5.789030075,-8.971448870867562,3.1824187958675614
-129.6166697,53.61666774,2.601481915,12.539006779570032,-9.937524864570033
-128.5666696,45.33333424,-5.19366169,-7.325359769661147,2.131698079661147
-121.2166695,40.08333413,13.77756786,42.24044164797367,-28.46287378797367
-126.9333363,38.45000077,-28.65527725,-23.52063130065785,-5.134645949342151
-122.1500028,52.68333439,-15.35571671,-12.053707820546368,-3.3020088894536315
-125.4166696,40.31666747,6.055609703,-25.029962709460364,31.085572412460365
-126.8166696,45.21666757,-7.538537025,-11.452031681469437,3.913494656469437
-119.5833361,51.75000103,21.95604324,0.7488640612061334,21.207179178793865
-124.4833362,50.58333434,19.67926788,12.716937989815213,6.9623298901847885
-124.3666696,38.45000077,-62.64899826,-40.991126345914324,-21.657871914085675
-122.8500029,38.10000076,26.03423882,11.533123374280175,14.501115445719824
-131.950003,40.31666747,-6.569666862,-11.653333404404618,5.083666542404618
-123.4333362,48.83333431,-15.04813957,-22.185907215573287,7.1377676455732875
-130.200003,42.76666752,-8.941307068,-5.817451479466171,-3.1238555885338295
-132.0666697,37.98333409,-21.66349983,-22.483270111202565,0.8197702812025653
-127.2833363,46.03333425,-5.5026474,-8.692646890301026,3.189999490301026
-132.4166697,47.20000094,-7.86103344,-7.409647146353733,-0.4513862936462667
-128.9166696,48.4833343,-8.025933266,-5.107912287346334,-2.918020978653665
-121.6833362,48.60000097,-0.355260193,12.256083066099706,-12.611343259099705
-133.0000031,44.16666755,-15.59611988,-10.108168532663953,-5.487951347336047
-132.4166697,48.71666764,-7.61507225,-13.767384397670716,6.152312147670716
-125.7666696,39.15000078,-2.039452553,-13.70466699702179,11.665214444021789
-125.3000029,52.21666771,9.87538147,17.805024257459163,-7.929642787459162
-119.9333361,40.90000082,57.78708267,18.173921141665282,39.613161528334714
-123.4333362,39.73333413,23.24770546,17.531446549345706,5.716258910654293
-120.0500028,42.88333419,-4.561070442,6.339836436394721,-10.900906878394721
-128.100003,39.50000079,-12.89385319,-18.385334550729393,5.491481360729393
-122.1500028,51.75000103,9.509101868,-4.845980756571487,14.355082624571487
-129.150003,52.10000104,6.821578979,-2.1361832810001524,8.957762260000152
-121.4500028,39.03333411,-50.28479385,-19.723932898551702,-30.560860951448298
-128.6833363,42.30000085,-6.937279701,-7.251564815727921,0.3142851147279213
-130.6666697,39.73333413,-33.01577759,-32.467408057656996,-0.5483695323430027
-126.5833363,49.06666765,-30.38235092,-13.1483569353967,-17.233993984603302
-128.100003,39.15000078,-10.45200729,-17.043114417294127,6.591107127294128
-130.7833363,39.61666746,-29.4173851,-25.83947609780962,-3.577909002190381
-127.6333363,45.45000091,-5.632911682,-8.67555042511782,3.04263874311782
-123.4333362,50.23333434,59.24456787,6.501213775331823,52.74335409466818
-125.1833362,52.10000104,25.52176666,22.159760316367155,3.362006343632846
-127.6333363,46.15000092,-5.931593895,-8.971448870867562,3.039854975867562
-127.1666696,52.10000104,5.965643883,1.8932040100480643,4.072439872951936
-123.0833362,43.70000087,8.123077393,10.63575699887931,-2.5126796058793097
-124.8333362,47.66666762,-43.11938477,-32.5900836294774,-10.529301140522605
-132.300003,44.75000089,-18.60133171,-16.05823870080508,-2.5430930091949193
-122.8500029,48.4833343,-50.48516464,-44.13231436423204,-6.352850275767963
-124.9500029,48.1333343,-67.80602264,-35.390961271161665,-32.41506136883833
-123.3166695,48.1333343,-29.72321129,27.337491124472507,-57.0607024144725
-132.7666697,47.78333429,-14.60062599,-7.656292370201776,-6.944333619798223
-121.8000028,49.30000099,-73.95230103,-11.935734739287232,-62.01656629071277
-129.150003,48.95000098,-1.22399497,-6.380824488362992,5.156829518362993
-129.150003,45.80000092,-10.19212818,-5.209330901996465,-4.982797278003535
-128.5666696,45.68333425,-2.671834469,-7.62125821541089,4.94942374641089
-120.7500028,46.6166676,-32.13725281,18.34656895600361,-50.48382176600361
-124.3666696,44.75000089,-49.58250809,-30.583982804195262,-18.998525285804735
-130.550003,51.98333437,-9.628627777,-3.8885576697424518,-5.740070107257548
-125.7666696,39.26666745,-8.309886932,-13.70466699702179,5.39478006502179
-121.8000028,44.40000089,42.07435608,15.43274231609,26.64161376391
-126.2333363,47.78333429,-10.23235607,-16.834109490351928,6.601753420351928
-120.4000028,49.76666766,44.19837189,9.338961004696435,34.85941088530356
-122.9666695,41.01666749,129.1344299,40.75509720783518,88.37933269216481
-121.1000028,52.33333438,19.55710602,4.16539447710096,15.391711542899039
-119.0000028,46.03333425,-34.50866699,-25.25805865279109,-9.250608337208913
-122.8500029,45.91666758,-34.73062515,-13.917781365619287,-20.812843784380714
-123.4333362,39.96666747,-23.7388134,39.47501378990951,-63.21382718990951
-129.500003,51.16666769,-0.648715317,6.5245359777679655,-7.173251294767965
-133.0000031,51.8666677,0.255571127,-14.726037499556286,14.981608626556286
-122.5000028,53.96666775,-11.50380707,-14.465396813523098,2.9615897435230973
-132.300003,44.40000089,-12.59330082,-14.417080995878294,1.8237801758782943
-129.7333363,42.41666751,-17.02134514,-7.187776916781348,-9.833568223218652
-131.1333364,47.90000096,-6.768977165,-10.70024795789847,3.931270792898471
-128.6833363,48.25000096,-1.013275385,-5.277392219035575,4.264116834035575
-131.250003,43.46666754,-8.93907547,-15.047933986121988,6.1088585161219875
-119.0000028,48.36666763,26.81487083,-21.505133395489466,48.32000422548947
-121.1000028,46.38333426,70.0186615,15.256305349711326,54.76235615028867
-132.6500031,51.8666677,-7.787484169,-14.726037499556286,6.938553330556286
-119.8166695,51.98333437,77.1945343,10.485619471721755,66.70891482827824
-124.9500029,47.90000096,-48.51659393,-35.390961271161665,-13.125632658838335
-123.9000029,43.46666754,49.55184174,35.83768039991481,13.714161340085191
-120.4000028,41.83333417,-15.71591759,30.32504149306652,-46.040959083066525
-132.4166697,44.51666756,-13.70739079,-8.50559006815817,-5.201800721841829
-124.4833362,40.55000081,-29.06207848,-22.98435833839039,-6.0777201416096105
-124.8333362,45.68333425,-47.88052368,-37.88410737061427,-9.996416309385737
-125.1833362,39.38333412,-5.898639679,-19.884537145852534,13.985897466852533
-127.1666696,51.28333436,3.839384794,12.880422249093078,-9.041037455093079
-126.4666696,43.00000086,8.670521736,-6.674828263322554,15.345349999322554
-126.8166696,51.8666677,57.61745071,14.309397901720523,43.30805280827948
-122.0333362,45.21666757,27.46149254,6.597283475307497,20.864209064692503
-121.3333362,44.75000089,-36.54542542,21.16806463759235,-57.71349005759235
-128.800003,38.21666743,-27.02675056,-26.081937057587943,-0.9448135024120567
-121.1000028,41.83333417,1.880181789,10.743173227491308,-8.862991438491308
-124.2500029,40.43333414,27.02017403,-24.001839654039063,51.02201368403907
-120.7500028,53.50000107,13.85056973,1.7753161142665057,12.075253615733494
-131.8333364,43.35000087,-19.16201973,-15.448595700339261,-3.7134240296607395
-119.4666695,39.61666746,21.39317513,8.354757552549664,13.038417577450335
-125.1833362,45.1000009,-37.47042465,-30.259997925824575,-7.210426724175424
-121.1000028,38.80000078,-50.9302063,-27.23232336934425,-23.69788293065575
-127.9833363,52.21666771,6.660083771,-3.626927683199189,10.287011454199188
-124.0166695,40.31666747,7.066255569,2.378787255024798,4.687468313975202
-129.2666697,38.68333411,-6.871973038,-16.602964326922717,9.730991288922716
-129.3833363,38.80000078,-12.33801842,-16.55314552562204,4.21512710562204
-124.3666696,49.88333433,5.385150909,-21.382577204398327,26.767728113398327
-120.8666695,50.81666768,-10.75978088,-6.091571360489433,-4.668209519510566
-129.850003,44.63333423,-13.89953709,-4.045772741001085,-9.853764348998915
-122.3833362,53.96666775,-12.4937191,-14.293177501975693,1.7994584019756932
-123.0833362,41.13333416,7.839529991,35.3532159945736,-27.513686003573604
-122.7333362,53.85000108,-31.49319267,-15.575150852185045,-15.918041817814954
-131.7166697,52.10000104,-57.48960876,-30.508214718589173,-26.98139404141083
-127.9833363,50.81666768,42.86601257,7.264798827447764,35.60121374255224
-125.0666696,42.41666751,-74.90830231,-35.766031933005195,-39.1422703769948
-129.850003,52.10000104,3.848603487,-6.910967267990475,10.759570754990474
-123.2000029,48.01666763,0.523177147,32.275287614930356,-31.752110467930358
-122.5000028,40.2000008,-84.5602951,-55.55766634792279,-29.002628752077214
-123.4333362,53.15000106,9.196491241,-7.02376051700582,16.22025175800582
-129.2666697,46.26666759,-8.5367136,-4.212186852953069,-4.3245267470469315
-125.0666696,46.85000094,-16.41916656,-35.62298414480921,19.203817584809208
-130.0833363,51.63333437,-13.791646,-12.00842389379938,-1.7832221062006202
-122.6166695,49.88333433,94.18934631,11.119709192240238,83.06963711775977
-120.7500028,49.41666765,62.0028801,17.972165999262735,44.03071410073726
-131.0166697,47.08333427,-20.0348587,-7.857016604171885,-12.177842095828115
-124.3666696,50.81666768,46.64529037,28.83780364058378,17.80748672941622
-121.9166695,43.46666754,19.03731155,10.067714557324303,8.969596992675696
-125.4166696,45.21666757,-45.6245079,-35.38065080807359,-10.243857091926408
-130.6666697,42.18333418,-9.334147453,-6.430217833141633,-2.903929619858367
-119.0000028,42.53333418,-24.32952118,13.744951042237464,-38.07447222223746
-120.6333361,46.85000094,2.712940931,-10.353555608642823,13.066496539642824
-128.100003,47.78333429,-1.540216565,-7.662670891078421,6.122454326078421
-123.3166695,38.3333341,-15.62212563,7.029200961689133,-22.651326591689134
-119.8166695,38.68333411,3.77304244,35.7086358271459,-31.935593387145897
-128.9166696,38.56666744,-29.76721573,-21.639098503815273,-8.128117226184727
-121.4500028,49.53333432,-23.95635223,5.4894683856715405,-29.44582061567154
-130.550003,44.86666756,-6.888264656,-0.2201849944399628,-6.668079661560037
-132.4166697,45.33333424,-16.23351097,-11.521141160494203,-4.712369809505798
-122.1500028,43.81666754,10.78869438,10.260384748535753,0.5283096314642481
-133.0000031,48.4833343,2.691893339,-13.747432703707137,16.439326042707137
-132.300003,38.45000077,-29.92796898,-26.109140765770682,-3.818828214229317
-122.3833362,39.38333412,-30.84419632,-6.419741009537475,-24.424455310462523
-129.9666697,45.21666757,-0.033599228,-5.551337100118186,5.517737872118186
-119.5833361,43.2333342,11.04546738,7.747174602146519,3.298292777853481
-122.7333362,43.5833342,8.895013809,0.0474525122342363,8.847561296765763
-120.0500028,44.40000089,59.66234207,11.747842317438764,47.91449975256124
-126.5833363,41.13333416,6.146216393,-0.6422040074344086,6.788420400434408
-122.0333362,53.15000106,31.3726902,-3.4067768424407947,34.77946704244079
-123.3166695,40.90000082,60.8643074,21.69820814518789,39.16609925481211
-129.9666697,51.98333437,-8.740363121,-3.859317984443293,-4.881045136556707
-121.8000028,44.86666756,49.58501434,24.18406192270719,25.40095241729281
-128.9166696,50.81666768,40.38953781,-1.8022786804346824,42.19181649043468
-120.9833362,47.55000095,85.18978882,42.34283600452963,42.846952815470374
-120.8666695,44.16666755,0.236929536,15.577343706832009,-15.340414170832009
-122.8500029,51.28333436,39.64287186,27.034165241647354,12.608706618352645
-129.0333363,41.13333416,-6.76974678,0.8992471110859848,-7.668993891085985
-126.7000029,42.30000085,2.001915455,0.6245448160127555,1.3773706389872444
-123.0833362,41.01666749,115.7594986,30.11591714039175,85.64358145960824
-130.3166697,51.63333437,-12.11418056,-9.90553026578073,-2.20865029421927
-120.7500028,44.98333423,20.65244484,0.7286577256813562,19.923787114318646
-132.6500031,50.81666768,0.000317484,6.4142982021849475,-6.4139807181849475
-120.8666695,50.93333435,-15.76610756,11.523973932152416,-27.290081492152417
-132.0666697,46.03333425,-10.11967373,-10.995062674284753,0.8753889442847527
-131.950003,49.41666765,-13.68278503,-10.866251731490353,-2.816533298509647
-131.0166697,50.23333434,-14.1631813,-7.14296566186554,-7.020215638134459
-132.7666697,52.45000105,-50.03816605,-64.85801921477787,14.819853164777868
-132.1833364,47.31666761,-8.976029396,-11.02936757098993,2.05333817498993
-119.4666695,43.70000087,27.5630188,10.044272565325087,17.51874623467491
-125.7666696,52.21666771,-21.74620628,36.424455026056016,-58.17066130605602
-130.7833363,44.98333423,-5.272071838,-4.670701522497989,-0.6013703155020105
-125.6500029,42.30000085,-10.65239048,-27.118648618046176,16.46625813804618
-120.8666695,45.80000092,-8.67604351,-9.767022251503676,1.090978741503676
-125.4166696,50.35000101,-15.20179749,7.795695382725474,-22.997492872725473
-128.9166696,53.03333439,31.58302689,6.50809430233081,25.07493258766919
-129.0333363,43.35000087,-12.20247555,-12.463038921312185,0.260563371312184
-128.2166696,53.03333439,39.84842682,-6.6629171523574735,46.51134397235747
-120.0500028,41.13333416,24.61805725,-1.8924329333920824,26.510490183392083
-129.3833363,41.48333416,-1.098653078,-1.665076859965132,0.5664237819651321
-125.1833362,49.06666765,66.50431824,44.77738653856418,21.726931701435824
-128.100003,46.6166676,-9.574526787,-8.694653770999281,-0.8798730160007189
-124.7166696,52.10000104,10.45280552,17.2836844431478,-6.830878923147798
-119.1166694,46.50000093,-38.61914444,-27.632693282039725,-10.986451157960275
-126.0000029,53.96666775,-11.0974226,-5.407663838366558,-5.689758761633442
-128.450003,38.68333411,-12.23214149,-16.947839245693874,4.715697755693874
-132.0666697,45.56666758,-18.33275986,-11.04452144443106,-7.288238415568939
-127.9833363,41.48333416,-10.00976563,-1.7124548365116012,-8.2973107934884
-121.1000028,48.71666764,-24.04880524,20.724547947666558,-44.77335318766656
-129.850003,39.26666745,-17.09313774,-16.322309718952425,-0.7708280210475742
-119.3500028,47.90000096,-21.62704086,-18.155124750953682,-3.471916109046319
-122.2666695,39.38333412,-40.11862564,-6.942257157336682,-33.176368482663314
-123.4333362,38.10000076,22.73409653,6.3726626092363645,16.361433920763634
-124.0166695,44.75000089,42.11965942,30.02804393406249,12.091615485937506
-123.5500029,48.95000098,-16.89068222,-18.388079669160568,1.4973974491605695
-120.9833362,51.5166677,-0.453767538,-1.0924561209458397,0.6386885829458396
-122.7333362,51.5166677,29.87697601,15.517260348098915,14.359715661901085
-123.9000029,39.38333412,10.4875021,14.458486804094848,-3.970984704094848
-128.3333363,47.31666761,-14.33724499,-6.955237436512379,-7.382007553487622
-119.9333361,53.73333441,42.70002365,18.924482402952226,23.775541247047773
-130.200003,51.40000103,-25.76680946,-17.190124741172493,-8.576684718827508
-131.8333364,42.06666751,-12.2461319,-12.952497242710228,0.7063653427102281
-124.1333362,48.83333431,44.69652557,35.841516634365725,8.855008935634274
-120.0500028,44.98333423,39.10929489,4.422985977965568,34.686308912034434
-121.1000028,45.80000092,-17.11548996,-6.441092261954389,-10.674397698045613
-120.8666695,53.50000107,55.72941971,4.275234568763687,51.454185141236316
-124.2500029,41.36666749,-33.11504745,-26.447874935886727,-6.667172514113272
-125.8833363,43.00000086,-22.06651878,-14.215956780990568,-7.850561999009431
-119.3500028,40.90000082,-26.55411148,4.481666262973658,-31.035777742973657
-131.0166697,53.85000108,10.34617424,-5.961957772266526,16.308132012266526
-130.7833363,44.86666756,-2.974152327,-4.670701522497989,1.696549195497989
-121.1000028,41.48333416,23.02952957,11.964125454923883,11.065404115076118
-125.5333362,51.05000102,-71.00792694,15.620224745366887,-86.62815168536689
-128.800003,49.18333432,-3.988745928,-13.854411031468041,9.865665103468041
-125.4166696,44.40000089,-79.2366333,-44.62780316678668,-34.60883013321332
-132.6500031,53.03333439,-32.86825943,-48.36931595604955,15.501056526049545
-125.3000029,45.33333424,-30.6335392,-33.764156350691955,3.130617150691954
-127.6333363,51.8666677,2.032277584,8.329562655340158,-6.297285071340158
-124.4833362,45.68333425,-36.88931656,-37.32389600182719,0.43457944182718933
-122.3833362,38.68333411,10.93350887,9.21369969449559,1.7198091755044107
-122.9666695,39.03333411,43.14368057,32.257769896339575,10.885910673660426
-128.450003,50.93333435,8.082373619,3.6811768310649566,4.401196787935044
-126.7000029,39.15000078,-7.306035042,-17.284440068731243,9.978405026731242
-119.2333361,43.70000087,22.9691391,17.74768584554855,5.2214532544514505
-127.6333363,41.01666749,3.305687428,15.962155050672806,-12.656467622672805
-125.0666696,39.61666746,-40.38081741,-27.66280227394478,-12.718015136055218
-119.4666695,44.63333423,55.67101669,7.3785902831790375,48.292426406820965
-128.2166696,42.18333418,-11.90175343,-6.296936910427706,-5.604816519572293
-121.6833362,51.28333436,-7.001134872,9.18544244566481,-16.18657731766481
-127.0500029,47.66666762,-8.95781517,-12.83014508190995,3.872329911909951
-131.3666697,44.75000089,-23.95700645,-13.863086152475452,-10.09392029752455
-133.0000031,45.80000092,-18.34850121,-11.521141160494203,-6.827360049505796
-122.9666695,43.11666753,18.26592636,9.01105924069834,9.254867119301661
-131.4833364,43.5833342,-12.56412601,-16.51120874444773,3.9470827344477275
-127.0500029,50.11666767,19.96026421,39.383312294114894,-19.423048084114896
-122.2666695,47.08333427,-37.03865433,-33.86627546720032,-3.1723788627996825
-127.750003,47.31666761,-2.344241142,-8.782357211165053,6.438116069165053
-124.2500029,42.06666751,-13.73016357,-3.923852402150171,-9.80631116784983
-127.750003,43.00000086,-19.91740799,-8.005554926084814,-11.911853063915187
-124.1333362,41.83333417,-35.33063126,-16.37272100343408,-18.957910256565917
-128.5666696,53.96666775,-16.74757576,-16.281411714654727,-0.46616404534527334
-124.6000029,52.33333438,12.10601044,18.60810085979987,-6.502090419799869
-132.5333364,50.11666767,-9.102759361,-7.964109225267533,-1.1386501357324672
-131.250003,40.55000081,-5.692237854,-8.192360443054566,2.500122589054566
-124.2500029,53.03333439,-3.9688766,2.99582745829589,-6.96470405829589
-121.3333362,40.08333413,95.18431091,32.47565221382966,62.70865869617033
-129.500003,44.75000089,-6.128379822,-8.789187426565562,2.6608076045655613
-127.9833363,47.08333427,-6.158853531,-8.600950094390177,2.4420965633901766
-126.8166696,42.65000085,-12.2990694,-11.446607369051993,-0.8524620309480078
-126.8166696,51.75000103,48.07316208,10.82529188754356,37.247870192456446
-122.1500028,44.28333422,2.031518221,15.266568192789048,-13.23504997178905
-125.8833363,48.83333431,-40.34202194,-20.072964945238414,-20.269056994761588
-131.3666697,44.40000089,-30.35129547,-14.074134311524636,-16.277161158475366
-129.6166697,41.36666749,-0.500319123,0.015079443975603023,-0.515398566975603
-129.500003,48.71666764,-26.31522369,-6.595159069323618,-19.720064620676382
-129.500003,42.88333419,-8.252081871,-8.548242557439464,0.2961606864394639
-126.5833363,53.96666775,-18.32457924,16.245316125646045,-34.56989536564605
-129.9666697,46.26666759,-1.490359426,-1.8646659593761228,0.37430653337612285
-120.2833361,48.95000098,59.88457108,34.5213011381238,25.363269941876197
-122.6166695,51.5166677,30.78586388,10.607103262488156,20.178760617511845
-127.1666696,46.03333425,-7.281376839,-9.08926506494665,1.80788822594665
-119.1166694,48.60000097,13.09485912,3.6217326505924374,9.473126469407564
-121.2166695,51.5166677,5.581785202,0.1161621682316658,5.465623033768334
-132.5333364,46.03333425,-13.2154026,-11.416167343328938,-1.7992352566710625
-122.6166695,52.10000104,17.89788628,-6.292314384526475,24.190200664526476
-126.2333363,38.80000078,-18.49533653,-18.410288559907286,-0.08504797009271314
-119.3500028,43.93333421,28.73028755,18.658441887651623,10.071845662348377
-124.2500029,42.76666752,31.05144119,1.3608918399894876,29.69054935001051
-125.8833363,50.23333434,13.91534138,50.78936511507276,-36.87402373507276
-122.3833362,50.81666768,18.68775177,9.150037154172317,9.537714615827682
-128.3333363,38.3333341,-21.98130226,-26.787264493709174,4.805962233709174
-124.2500029,38.91666744,-67.62275696,-43.70300287172595,-23.919754088274054
-130.550003,42.88333419,-11.23620987,-6.666729070804116,-4.569480799195884
-122.7333362,44.51666756,-34.15605164,-4.97591015696002,-29.180141483039982
-130.200003,38.91666744,-13.13529968,-17.10989702111671,3.9745973411167093
-121.8000028,44.75000089,72.47362518,20.97641149544623,51.49721368455377
-121.8000028,41.36666749,22.09284401,20.472163613265472,1.620680396734528
-130.900003,53.03333439,-21.62330818,-2.052712356466211,-19.570595823533786
-120.9833362,46.15000092,13.41475677,12.094145818573482,1.3206109514265183
-127.1666696,50.81666768,-12.01243019,8.019113428661328,-20.031543618661328
-120.7500028,40.78333415,18.10625648,22.83674909052672,-4.730492610526721
-128.2166696,45.68333425,-4.886967659,-8.838140105237725,3.9511724462377256
-130.4333363,38.80000078,-23.96453476,-16.975977452092387,-6.988557307907612
-122.3833362,52.21666771,-17.15887642,-3.3088366297192677,-13.85003979028073
-129.850003,43.93333421,-13.73504257,-10.31638001570322,-3.4186625542967786
-128.450003,40.31666747,-32.44215775,-27.712743390788276,-4.729414359211724
-126.7000029,49.06666765,-21.05637169,-12.288533758231173,-8.767837931768826
-119.9333361,42.41666751,1.935441256,14.289425821058236,-12.353984565058235
-129.9666697,41.13333416,-4.662052155,-0.8280801038508957,-3.8339720511491038
-119.7000028,40.55000081,-49.85735703,3.7201925213282516,-53.577549551328254
-128.6833363,39.38333412,-6.049213409,-17.043114417294127,10.993901008294127
-131.3666697,51.16666769,-16.92242813,-14.815797690754284,-2.1066304392457162
-127.4000029,38.10000076,-23.93144035,-22.277712625747224,-1.653727724252775
-128.9166696,42.76666752,-10.0294857,-7.251564815727921,-2.7779208842720795
-120.1666695,40.43333414,26.39907455,18.411432958614135,7.9876415913858665
-119.0000028,51.8666677,17.37203598,6.723678028169911,10.64835795183009
-125.5333362,45.33333424,-53.46409225,-42.01980464268643,-11.44428760731357
-132.6500031,48.01666763,35.43261337,-2.3001072942738654,37.73272066427386
-130.4333363,49.06666765,-1.59601891,-9.17627685270428,7.58025794270428
-132.8833364,53.26666773,-6.127569199,34.29101977651046,-40.41858897551046
-124.9500029,52.33333438,26.11537933,14.71912983493953,11.39624949506047
-129.0333363,38.21666743,-24.06696129,-26.360031236208293,2.293069946208295
-132.4166697,46.03333425,-6.920615196,-11.416167343328938,4.495552147328938
-128.3333363,49.88333433,-103.8832474,-48.74019193439988,-55.14305546560012
-131.8333364,47.43333428,-2.766769648,-10.737314045125341,7.970544397125341
-119.9333361,48.25000096,26.87707901,6.112224404857367,20.76485460514263
-123.5500029,45.68333425,118.5343475,68.70983845316958,49.824509046830414
-128.5666696,38.45000077,-30.81713676,-24.98746042731933,-5.82967633268067
-121.4500028,39.96666747,97.56070709,8.758671381886726,88.80203570811327
-123.5500029,38.68333411,-16.34589577,19.07418037408004,-35.42007614408004
-126.1166696,41.95000084,-12.07097149,-6.5771822381533,-5.4937892518466995
-124.9500029,38.10000076,-17.32714081,-25.12922404432503,7.802083234325032
-125.7666696,41.36666749,-12.39945412,-8.476606989007688,-3.922847130992311
-129.2666697,53.50000107,-28.09889412,-6.416769729706637,-21.682124390293364
-124.9500029,45.45000091,-52.67674255,-36.82440796927816,-15.852334580721838
-121.6833362,40.08333413,32.91491699,30.85440700947163,2.060509980528373
-130.3166697,53.15000106,2.498092413,-0.957751752510128,3.455844165510128
-131.8333364,51.5166677,-12.02695656,-11.201692231850942,-0.8252643281490588
-126.7000029,49.65000099,18.37723923,12.289207530243774,6.088031699756227
-130.4333363,49.88333433,6.839492798,0.13016394202037745,6.7093288559796225
-125.7666696,44.16666755,-43.18524933,-40.16343799424623,-3.0218113357537675
-126.1166696,53.3833344,50.63820648,19.03457030124857,31.60363617875143
-131.3666697,41.83333417,-11.84814167,-6.887651701661517,-4.960489968338483
-122.3833362,40.55000081,-48.43682861,-30.005007103298475,-18.431821506701525
-123.7833362,52.56666772,10.14787769,-1.3450398302152824,11.492917520215283
-128.450003,53.03333439,-10.55756569,1.8343790040351269,-12.391944694035127
-127.1666696,50.35000101,98.75463867,31.340421610295586,67.41421705970441
-126.9333363,51.28333436,71.60743713,15.33714245464043,56.270294675359565
-132.1833364,38.56666744,-18.21330452,-22.527464164323035,4.314159644323034
-126.7000029,44.98333423,-8.209507942,-14.725295879179072,6.515787937179072
-120.5166695,41.95000084,2.268450737,12.775417502985736,-10.506966765985736
-121.8000028,50.58333434,-46.12529373,16.74248781555984,-62.86778154555984
-126.5833363,41.36666749,-11.62424946,-0.5531979528610385,-11.07105150713896
-129.0333363,47.31666761,-5.813443184,-4.661349816965944,-1.1520933670340554
-123.9000029,50.000001,-35.22808456,2.0683039635337437,-37.29638852353374
-125.0666696,48.36666763,-76.84926605,-35.040622520387195,-41.8086435296128
-124.4833362,53.85000108,-25.49555779,-11.8042520985104,-13.6913056914896
-128.5666696,51.63333437,-13.91383076,-6.3522655691043,-7.5615651908957
-126.3500029,51.28333436,62.24393463,23.70799843877601,38.53593619122399
-127.2833363,45.21666757,-10.20402813,-9.08926506494665,-1.1147630650533493
-128.100003,50.35000101,34.52834702,-23.345607309496252,57.87395432949625
-127.4000029,40.90000082,11.60944366,-2.782315665053477,14.391759325053478
-128.5666696,48.01666763,-6.473732948,-4.636760303649845,-1.8369726443501557
-127.6333363,45.80000092,-8.704767227,-8.971448870867562,0.2666816438675621
-120.6333361,49.06666765,8.869472504,29.901717705894587,-21.032245201894586
-131.1333364,52.80000106,10.07754707,-2.1064232448119395,12.183970314811939
-131.8333364,45.33333424,-10.05231476,-13.977616936845816,3.9253021768458165
-126.9333363,48.4833343,-47.87159729,-23.451411745398534,-24.420185544601463
-120.6333361,49.18333432,17.53882599,29.58918645893783,-12.050360468937832
-125.0666696,48.25000096,-67.78900909,-35.040622520387195,-32.7483865696128
-131.7166697,50.11666767,-6.747419357,-6.045461656137611,-0.7019577008623887
-123.0833362,40.31666747,44.71665955,17.80536961801619,26.911289931983813
-119.8166695,43.11666753,22.19584084,2.947051323439733,19.248789516560265
-128.450003,53.61666774,24.11380196,2.554248684782023,21.559553275217976
-127.8666696,40.43333414,36.5291481,0.661655619685372,35.86749248031463
-130.200003,52.68333439,-9.040728569,1.9441547226422864,-10.984883291642287
-130.4333363,45.33333424,7.06593895,-4.163504371927395,11.229443321927395
-127.6333363,38.80000078,-5.389847755,-16.706883166765277,11.317035411765277
-124.2500029,53.85000108,-26.33543587,-2.721479639514975,-23.613956230485027
-123.6666695,38.45000077,-13.26792431,3.5021221782774754,-16.770046488277476
-132.4166697,48.60000097,-5.23428154,-13.767384397670716,8.533102857670716
-122.6166695,48.1333343,-75.01527405,-52.06283043299592,-22.95244361700408
-130.550003,49.18333432,-23.65587616,-11.654687035904574,-12.001189124095424
-132.4166697,40.90000082,-8.067146301,-9.217153461876306,1.1500071608763065
-121.3333362,46.50000093,64.43154144,18.825549511365598,45.60599192863441
-119.4666695,42.53333418,12.24154663,12.039287754328733,0.20225887567126755
-120.5166695,51.28333436,6.108498573,19.083347964320968,-12.974849391320967
-121.9166695,52.80000106,11.93868542,5.087977819971689,6.850707600028311
-132.8833364,41.25000082,-5.59367466,-9.217153461876306,3.623478801876306
-130.550003,38.3333341,-37.76007462,-26.179738309000786,-11.580336310999211
-126.3500029,38.80000078,-22.29065895,-16.942063784642443,-5.348595165357558
-124.0166695,41.48333416,-30.4323616,-0.9072258786226253,-29.525135721377374
-126.8166696,38.91666744,-13.29913998,-18.773323131995987,5.474183151995987
-128.5666696,52.45000105,20.00492668,-2.007921311887607,22.012847991887607
-129.150003,44.51666756,-1.697243094,-8.40834197563719,6.711098881637191
-123.3166695,48.36666763,14.36268616,33.394446436376064,-19.031760276376062
-131.0166697,52.45000105,37.65123367,23.51661843628927,14.134615233710733
-127.750003,46.85000094,-9.472157478,-8.14207577756232,-1.3300817004376793
-132.0666697,43.93333421,-13.55515194,-12.914823495787891,-0.6403284442121091
-123.3166695,51.40000103,29.68215179,32.52859561016355,-2.8464438201635502
-119.4666695,50.46666768,0.114255428,-15.619697335778948,15.733952763778948
-124.7166696,48.1333343,-54.58147049,-27.197403453338634,-27.384067036661367
-132.7666697,42.65000085,-1.45632565,-10.986742859478928,9.530417209478928
-132.4166697,53.26666773,92.78136444,55.62364536104347,37.15771907895653
-119.0000028,40.31666747,-0.461686492,-1.8767591267359591,1.4150726347359592
-119.2333361,44.16666755,45.31964111,18.048844255553615,27.270796854446385
-126.7000029,48.1333343,-42.68918228,-20.447458882930707,-22.24172339706929
-122.6166695,41.48333416,73.96376801,32.12707580579191,41.836692204208084
-124.2500029,49.06666765,45.47877884,40.20622386915916,5.272554970840837
-121.4500028,49.30000099,-4.782402992,6.3201888834248585,-11.102591875424858
-120.6333361,40.2000008,65.01911163,25.521653400647182,39.497458229352816
-128.450003,51.75000103,-22.36804008,-6.450958542974841,-15.917081537025158
-132.5333364,41.25000082,-5.969171524,-9.217153461876306,3.2479819378763057
-125.4166696,51.8666677,68.91703796,48.22158611178233,20.695451848217672
-130.200003,42.41666751,-8.625210762,-7.321312225382244,-1.3038985366177558
-125.6500029,44.16666755,-52.97312546,-40.98666473196683,-11.986460728033165
-125.5333362,48.4833343,-46.47572708,-32.60122875067481,-13.874498329325192
-123.5500029,53.03333439,-21.83922005,-4.126809123549385,-17.712410926450616
-124.3666696,49.76666766,-23.44955254,-14.287331220817139,-9.16222131918286
-130.0833363,42.18333418,-8.525909424,-7.750756909037974,-0.7751525149620262
-132.7666697,41.7166675,-12.33711338,-9.930705291341903,-2.4064080886580967
-120.8666695,39.26666745,37.85151291,24.341612084975395,13.509900825024602
-129.3833363,39.61666746,-24.12023544,-24.646203819460702,0.5259683794607035
-127.750003,49.53333432,-44.31785965,-41.289921894697684,-3.027937755302318
-131.8333364,50.70000101,-1.129432797,-4.741604396302343,3.612171599302343
-121.5666695,52.21666771,-2.54182148,3.417277899545675,-5.959099379545675
-121.5666695,49.88333433,52.20605087,6.4728868666128765,45.733164003387124
-123.7833362,52.10000104,-18.00424385,-1.5148568464083854,-16.489387003591617
-120.2833361,50.70000101,-54.95037842,-11.235569719334645,-43.71480870066536
-125.3000029,43.5833342,-61.52505875,-56.761550070249065,-4.7635086797509345
-122.2666695,51.5166677,-70.12194061,-1.0224379910555583,-69.09950261894444
-122.9666695,43.35000087,-8.348028183,8.44714653555935,-16.795174718559352
-131.1333364,41.13333416,-5.78411293,-2.9986475318302954,-2.7854653981697046
-124.3666696,52.91666772,26.74682426,6.332225261019872,20.41459899898013
-131.600003,49.88333433,-10.66989231,-11.463250992359274,0.7933586823592744
-133.0000031,37.98333409,-20.52274895,-22.483270111202565,1.9605211612025641
-120.6333361,45.91666758,21.4060936,0.5712090637926428,20.834884536207355
-125.3000029,43.93333421,-72.3622818,-48.852298425747186,-23.50998337425282
-125.4166696,53.3833344,-20.09318733,-3.7668283160234695,-16.32635901397653
-119.5833361,41.95000084,10.22836781,13.658144459686383,-3.4297766496863833
-122.9666695,37.98333409,7.140003204,12.409649976209456,-5.269646772209456
-125.1833362,50.000001,-13.74478054,3.535360863226768,-17.280141403226768
-124.6000029,40.66666748,-22.26060295,-26.15622889905933,3.8956259490593297
-125.8833363,38.56666744,-20.90084076,-21.504578908479715,0.6037381484797137
-126.2333363,49.76666766,79.29120636,51.78951919964607,27.50168716035393
-127.9833363,53.50000107,-31.94458961,-0.8211309181796049,-31.123458691820396
-129.500003,44.28333422,-2.611756086,-8.917721609448128,6.305965523448128
-119.2333361,38.10000076,87.91663361,44.541132031620556,43.37550157837945
-129.0333363,44.63333423,-3.935143948,-8.035683751685992,4.100539803685992
-120.1666695,50.58333434,-27.48031807,0.1521770907641592,-27.632495160764158
-128.100003,39.26666745,-7.001001358,-17.043114417294127,10.042113059294127
-120.6333361,41.01666749,19.44385529,20.504963240704424,-1.0611079507044252
-120.2833361,46.73333427,-4.727957726,-3.200346721874119,-1.5276110041258808
-122.0333362,43.70000087,81.59156799,11.726148007984415,69.86541998201558
-128.100003,38.21666743,-18.23498535,-26.081937057587943,7.8469517075879445
-121.3333362,41.48333416,-4.756483078,9.845054396679217,-14.601537474679215
-126.4666696,50.93333435,-15.60961533,16.245319893471027,-31.854935223471028
-127.0500029,50.58333434,-6.414027214,4.078225211027885,-10.492252425027885
-130.3166697,47.90000096,-19.85132027,-7.368817622377701,-12.482502647622297
-130.0833363,51.16666769,-10.72975063,-19.210048308445344,8.480297678445345
-132.7666697,46.85000094,-10.87963963,-9.144791391219023,-1.7348482387809767
-125.0666696,51.5166677,-60.64074707,28.27332817632727,-88.91407524632727
-127.2833363,53.15000106,-26.06036758,17.291820974352202,-43.3521885543522
-133.0000031,42.30000085,-7.173415184,-10.986742859478928,3.813327675478928
-132.7666697,42.53333418,-18.36172676,-10.986742859478928,-7.374983900521071
-129.2666697,45.56666758,-6.456138611,-5.716528052567059,-0.7396105584329407
-127.9833363,39.73333413,-36.79381943,-32.726134484340236,-4.067684945659764
-122.3833362,39.96666747,-63.03209305,-41.89568552881882,-21.136407521181184
-131.7166697,50.58333434,-5.056771278,-7.792406441148619,2.7356351631486184
-131.0166697,53.61666774,-20.81939697,-11.2342492466612,-9.5851477233388
-131.600003,45.68333425,-11.27555656,-10.591572972447967,-0.6839835875520333
-124.0166695,49.53333432,-20.27415848,8.513180102278138,-28.78733858227814
-121.6833362,52.91666772,25.7677784,15.072806606805207,10.694971793194794
-130.3166697,49.06666765,-5.056184769,-6.878450926469276,1.8222661574692767
-128.3333363,39.15000078,-0.704725027,-15.119911659434335,14.415186632434335
-122.8500029,42.06666751,97.08786774,18.833551910264156,78.25431582973584
-124.1333362,47.66666762,-18.61652946,-25.487232037379638,6.870702577379639
-121.5666695,40.90000082,-27.1922493,6.568375306472517,-33.76062460647252
-127.5166696,40.55000081,-23.12350655,6.171510823440876,-29.295017373440874
-122.8500029,40.2000008,40.89300156,24.234467671073805,16.658533888926197
-119.1166694,49.88333433,8.060423851,-0.8280518529206573,8.888475703920657
-124.0166695,38.21666743,-80.49707794,-72.96677808651609,-7.5302998534839105
-131.250003,41.36666749,-6.593048096,-4.043041945588748,-2.550006150411252
-123.5500029,48.60000097,24.44232368,48.75679995948284,-24.31447627948284
-124.2500029,47.08333427,-66.57128906,-41.627353741047436,-24.943935318952562
-119.3500028,41.36666749,10.74146461,11.192040107823114,-0.4505754978231149
-125.6500029,39.38333412,-12.68192005,-14.457956873044827,1.7760368230448265
-119.5833361,47.43333428,-8.921506882,-17.27220769466981,8.35070081266981
-130.0833363,43.93333421,-19.027668,-11.777112805967437,-7.250555194032561
-130.3166697,39.15000078,-13.86515999,-18.042186902962744,4.177026912962743
-125.6500029,41.36666749,-13.18781757,-22.517928632247312,9.330111062247312
-125.4166696,50.58333434,14.89770889,6.010064374058968,8.887644515941034
-126.0000029,38.3333341,-21.81250572,-24.714058900046695,2.901553180046694
-126.8166696,39.03333411,-5.294908524,-18.04996038586946,12.755051861869461
-133.0000031,45.45000091,-10.41956043,-11.521141160494203,1.1015807304942022
-130.4333363,46.96666761,-17.6015873,-7.299166502781518,-10.302420797218481
-132.6500031,39.38333412,-32.34562302,-20.235287020818355,-12.110335999181643
-119.2333361,43.46666754,10.08263588,2.2729285220158006,7.809707357984199
-127.9833363,46.03333425,-7.388973236,-9.050414487700651,1.6614412517006514
-128.450003,53.26666773,28.37588692,1.8343790040351269,26.54150791596487
-126.2333363,48.25000096,-18.27657318,-18.960880586134355,0.684307406134355
-122.7333362,52.91666772,4.271796227,-11.523402491116435,15.795198718116435
-130.7833363,50.70000101,10.00093746,-19.086278374249197,29.087215834249196
-128.3333363,51.5166677,-24.95750046,-7.107072122709933,-17.850428337290065
-131.250003,41.7166675,-2.437155962,-6.943166748680474,4.5060107866804735
-122.7333362,37.98333409,36.16427231,14.693545315076788,21.47072699492321
-121.5666695,45.68333425,-54.30161285,3.0402376727614344,-57.34185052276143
-127.6333363,43.11666753,-0.440176427,-10.764352394404279,10.324175967404278
-130.4333363,53.3833344,-11.23450661,6.651629380198659,-17.88613599019866
-120.9833362,43.11666753,-6.453515053,18.955201517164898,-25.4087165701649
-131.950003,47.66666762,-10.33590317,-11.02936757098993,0.6934644009899298
-122.5000028,51.63333437,32.54402542,-0.9057622933364108,33.449787713336406
-131.600003,39.15000078,-20.58573151,-18.47586095671085,-2.1098705532891486
-119.8166695,49.41666765,26.92463875,7.208810535704002,19.715828214295996
-119.8166695,48.01666763,-21.60954094,-21.843026866484433,0.233485926484434
-120.9833362,46.85000094,-10.73854256,24.286418591319045,-35.02496115131905
-131.8333364,46.26666759,-18.44641685,-14.016387707581634,-4.430029142418364
-126.5833363,51.63333437,-17.0915947,12.585173745112725,-29.676768445112728
-119.4666695,39.50000079,10.17918587,6.1383754065657845,4.040810463434215
-126.0000029,48.83333431,-31.8080101,-23.51292950568419,-8.29508059431581
-124.7166696,46.85000094,-24.7239666,-37.88410737061427,13.160140770614266
-129.3833363,42.53333418,-5.784472466,-7.187776916781348,1.4033044507813477
-128.9166696,41.01666749,-5.183398247,1.184192523932114,-6.3675907709321145
-125.7666696,39.61666746,-12.64407825,-18.673901903602946,6.029823653602946
-124.3666696,44.40000089,-0.28559792,-22.75290888324829,22.467310963248288
-131.7166697,43.5833342,-11.27724648,-15.36628646889348,4.089039988893479
-132.7666697,49.88333433,-11.0116272,-7.741926277717203,-3.269700922282796
-124.1333362,49.76666766,-29.47178841,-14.788771796616304,-14.683016613383694
-123.2000029,41.83333417,-34.47599792,21.091000419149747,-55.56699833914975
-122.1500028,43.46666754,52.77680969,13.685154039874707,39.09165565012529
-120.5166695,40.31666747,1.2186625,31.75932048172418,-30.54065798172418
-121.9166695,53.3833344,-4.261757851,-1.9361329829389067,-2.3256248680610927
-119.4666695,46.50000093,-38.48845673,-29.484022574543964,-9.004434155456039
-126.7000029,53.03333439,35.54742432,12.990576487901077,22.55684783209892
-123.0833362,38.3333341,24.90699577,12.088965074463754,12.818030695536248
-133.0000031,43.2333342,-12.44021416,-10.927066024281691,-1.5131481357183088
-130.0833363,50.46666768,7.335772514,-0.6587305659533972,7.994503079953398
-127.9833363,49.65000099,-61.16106033,-41.72866306080067,-19.432397269199328
-123.5500029,46.85000094,10.95681953,8.343613452913255,2.613206077086746
-121.9166695,51.28333436,12.009161,-1.498489190141142,13.507650190141142
-132.300003,39.15000078,-11.99568176,-18.47586095671085,6.48017919671085
-127.9833363,38.10000076,-18.88823318,-23.43217587658004,4.543942696580039
-127.6333363,49.53333432,-27.39513206,-39.2357361606188,11.840604100618798
-126.4666696,49.76666766,16.7535305,29.641407073269445,-12.887876573269445
-129.6166697,48.01666763,-10.74019051,-6.362102385716361,-4.3780881242836385
-123.3166695,39.38333412,33.44419861,20.09431545563211,13.349883154367891
-120.0500028,50.46666768,45.1799469,-3.822164837965222,49.00211173796522
-126.1166696,40.43333414,9.286973953,9.600788931830106,-0.3138149788301057
-130.900003,40.2000008,-40.98097992,-42.564961356699335,1.5839814366993323
-130.900003,50.58333434,-20.30074692,-23.047652512159768,2.7469055921597665
-126.0000029,52.91666772,1.21930182,4.523246031083609,-3.303944211083609
-119.7000028,52.45000105,71.07875061,27.113477942407812,43.96527266759219
-131.8333364,39.38333412,-24.87904549,-20.235287020818355,-4.643758469181645
-127.4000029,38.45000077,-33.54840851,-25.076315737066686,-8.472092772933316
-131.0166697,52.33333438,44.43086243,25.60333868698416,18.82752374301584
-128.3333363,42.65000085,-10.94646263,-6.233397978723064,-4.713064651276936
-121.6833362,47.20000094,-30.18142128,14.456175553649151,-44.63759683364915
-119.1166694,47.78333429,-22.28993034,-20.905351018429297,-1.3845793215707047
-122.5000028,47.43333428,-17.21975517,-58.224137395988976,41.00438222598898
-122.5000028,40.66666748,-10.51500988,-15.129535207767704,4.614525327767705
-121.9166695,53.26666773,10.76348019,-2.265988638914336,13.029468828914336
-132.300003,39.61666746,-33.60313034,-28.549751743177,-5.0533785968229985
-121.4500028,41.60000083,50.55683899,26.875932226838504,23.6809067631615
-124.1333362,47.78333429,-26.98927307,-19.53027420535035,-7.458998864649651
-131.600003,45.1000009,-19.60629082,-13.09642400138465,-6.509866818615352
-124.7166696,49.88333433,-34.2066803,-19.43252203016309,-14.774158269836914
-131.950003,48.4833343,-10.3798275,-6.276929211658334,-4.102898288341665
-120.9833362,38.3333341,-32.21297073,-27.80949778900253,-4.403472940997471
-126.1166696,39.38333412,-21.51587677,-15.884470634567103,-5.631406135432895
-130.200003,42.06666751,-12.86188984,-7.6675770503896175,-5.1943127896103825
-131.1333364,53.15000106,2.823481798,-2.593053824463103,5.416535622463103
-120.0500028,50.35000101,20.39066887,0.12846954807091893,20.26219932192908
-119.2333361,53.73333441,54.77165604,19.693965385035042,35.07769065496496
-121.3333362,39.50000079,-12.2357502,-2.482615282193365,-9.753134917806635
-130.3166697,52.21666771,-22.40822983,-0.45888939333225515,-21.949340436667743
-120.8666695,52.21666771,-21.58035469,16.220647820913477,-37.80100251091348
-130.0833363,40.55000081,2.323523283,-0.04737163591173704,2.370894918911737
-127.9833363,38.91666744,-9.220452309,-14.323320026697692,5.102867717697691
-129.2666697,53.73333441,37.93332291,-1.3091143666869696,39.24243727668697
-119.1166694,38.80000078,-23.63700485,-5.774092052605737,-17.862912797394262
-122.9666695,51.63333437,-10.82094288,7.061681855741873,-17.882624735741874
-132.300003,43.70000087,-19.95935249,-15.139621724166394,-4.819730765833606
-119.4666695,38.21666743,118.0906219,42.67834109780531,75.41228080219469
-129.150003,41.01666749,-1.961104393,0.5148043543681674,-2.4759087473681674
-127.750003,47.66666762,1.003651619,-9.2820270521196,10.2856786711196
-121.5666695,43.70000087,0.093829274,7.037756283565296,-6.943927009565296
-125.0666696,43.2333342,-49.0942688,-47.59747802656637,-1.4967907734336308
-131.950003,49.88333433,-8.215730667,-8.227029858064327,0.011299191064326308
-124.4833362,43.5833342,-29.87624931,-26.438540757111408,-3.4377085528885907
-121.5666695,44.05000088,95.82058716,17.010434305246733,78.81015285475327
-129.150003,51.5166677,-9.70458889,-2.2831236651443167,-7.421465224855684
-126.3500029,50.81666768,-5.679801941,12.839804662806754,-18.519606603806753
-122.3833362,52.68333439,-37.96788788,-17.69738653476931,-20.270501345230688
-120.0500028,45.56666758,-36.7138176,-17.802000122105248,-18.91181747789475
-128.100003,46.73333427,-11.43448544,-8.64104441915667,-2.7934410208433302
-126.4666696,47.90000096,-21.98491669,-15.110868717286358,-6.87404797271364
-130.3166697,39.61666746,-31.06591415,-25.653184342359086,-5.412729807640915
-125.5333362,41.13333416,-27.50013161,-27.294687546601835,-0.2054440633981649
-121.9166695,51.16666769,78.44257355,10.345916052447356,68.09665749755266
-119.2333361,49.65000099,13.5632019,-4.66061807388616,18.223819973886158
-119.3500028,38.45000077,132.5333252,23.68617551432691,108.8471496856731
-123.7833362,40.78333415,29.81601334,10.67792172818374,19.13809161181626
-127.5166696,50.93333435,5.820370674,5.1012647867686045,0.7191058872313958
-119.4666695,49.88333433,-106.367218,-10.893395307554492,-95.47382269244551
-126.5833363,40.90000082,-5.275691986,1.4964852913297504,-6.77217727732975
-130.4333363,50.35000101,15.60497093,-1.072715759180481,16.677686689180483
-132.7666697,50.81666768,-3.31987524,6.4142982021849475,-9.734173442184947
-131.0166697,48.83333431,-17.2829628,-11.526403269501378,-5.756559530498622
-131.4833364,47.55000095,15.32403374,-9.499856168688094,24.823889908688095
-131.1333364,42.65000085,-12.70944405,-12.31923740295592,-0.3902066470440797
-127.750003,52.21666771,-1.464229226,-1.203901282211187,-0.2603279437888131
-127.6333363,41.83333417,2.861419201,4.278267606050966,-1.4168484050509664
-123.2000029,49.06666765,-56.64584732,-36.8158101979315,-19.830037122068504
-129.9666697,52.91666772,-9.197372437,-1.783449944702794,-7.413922492297206
-119.2333361,45.80000092,-56.20441818,-25.196828187429002,-31.007589992570995
-121.1000028,49.30000099,39.21903229,14.96622718932788,24.25280510067212
-119.8166695,37.98333409,10.79475784,72.38901205024305,-61.59425421024305
-127.1666696,39.03333411,-15.3966465,-17.37734482124294,1.98069832124294
-122.0333362,53.26666773,1.461981773,-5.552451816627682,7.014433589627682
-121.2166695,48.95000098,78.00769806,24.063325667329554,53.944372392670445
-123.6666695,39.15000078,34.42033005,17.175588157812935,17.24474189218706
-131.0166697,38.68333411,-20.49949646,-17.285132305576536,-3.214364154423464
-127.4000029,53.26666773,-18.73509789,5.4914694095149805,-24.22656729951498
-130.4333363,50.58333434,-18.52018738,-1.0232479417786753,-17.496939438221325
-129.6166697,43.11666753,-7.83337307,-12.464988513051782,4.631615443051782
-126.9333363,43.35000087,-5.705379486,-9.390284620607266,3.6849051346072663
-130.550003,45.91666758,-5.647596359,-5.079010437810881,-0.5685859211891184
-126.2333363,49.53333432,43.40625381,16.682750520132334,26.72350328986767
-120.0500028,38.10000076,66.91887665,43.734918762814104,23.183957887185898
-127.2833363,51.05000102,-9.321781158,9.88167762212442,-19.20345878012442
-124.3666696,43.93333421,-26.30257416,-24.982896895285382,-1.3196772647146169
-119.4666695,46.15000092,2.150710344,-25.68012045258789,27.83083079658789
-131.0166697,42.06666751,-7.64795208,-5.976535644219338,-1.671416435780662
-126.5833363,39.96666747,-46.18696213,-49.429631847699156,3.242669717699158
-127.4000029,44.98333423,-6.997158051,-9.072168599763444,2.0750105487634434
-119.1166694,48.95000098,23.26042557,11.275518319985311,11.984907250014688
-132.7666697,45.56666758,-11.37734032,-11.521141160494203,0.14380084049420283
-119.7000028,42.41666751,78.03767395,10.252856244324898,67.7848177056751
-122.0333362,50.93333435,76.73021698,17.69058101127447,59.03963596872552
-121.9166695,37.98333409,11.69815731,-22.32542135539588,34.023578665395874
-133.0000031,47.66666762,-5.459806442,-7.656292370201776,2.196485928201777
-129.3833363,51.16666769,-1.442545295,4.193717270945009,-5.6362625659450085
-119.3500028,40.78333415,31.69000244,7.666508128236565,24.023494311763436
-121.2166695,42.65000085,-5.180475235,8.631644209994514,-13.812119444994515
-125.0666696,38.56666744,-20.95477867,-23.41974852062312,2.4649698506231204
-125.8833363,49.18333432,8.365168571,5.702036623871655,2.6631319471283446
-121.2166695,45.80000092,-3.022479773,-3.267821405152137,0.24534163215213667
-130.200003,44.28333422,7.264723778,-8.742742206978312,16.00746598497831
-127.1666696,52.21666771,48.90398026,-2.3948330920366963,51.298813352036696
-121.4500028,40.31666747,34.33236694,27.31965063973657,7.012716300263431
-120.9833362,47.08333427,89.39627838,8.77002755938276,80.62625082061724
-122.9666695,49.30000099,-40.57156754,-36.057671990781294,-4.513895549218702
-126.7000029,52.68333439,37.00638962,1.7392580048648563,35.26713161513514
-123.2000029,45.21666757,21.69334602,8.021184552723877,13.672161467276123
-120.0500028,43.00000086,-10.48064423,9.406588745664152,-19.88723297566415
-127.9833363,46.85000094,-8.48350811,-7.960668660787446,-0.5228394492125545
-125.0666696,47.31666761,-51.18296432,-22.89187624211875,-28.291088077881252
-131.600003,44.75000089,-27.13181114,-14.425103685617561,-12.706707454382439
-121.8000028,45.1000009,22.15988922,13.843402490816967,8.316486729183033
-130.550003,40.08333413,-62.57101822,-44.2288714346771,-18.342146785322896
-121.8000028,51.40000103,9.411273003,7.660729080110192,1.7505439228898076
-124.7166696,39.03333411,-42.66943741,-40.16159211051971,-2.5078452994802873
-124.6000029,43.35000087,-27.25733566,-27.730165562949864,0.47282990294986504
-124.8333362,51.40000103,-8.705664635,22.186252719467387,-30.891917354467388
-122.0333362,44.40000089,7.945203781,-0.3969668264854475,8.342170607485448
-130.200003,46.26666759,-11.87292004,-4.670701522497989,-7.202218517502011
-131.0166697,53.73333441,4.183753014,-6.093370835248271,10.27712384924827
-122.2666695,38.10000076,-23.14303398,-1.475230810073662,-21.667803169926337
-127.9833363,53.61666774,-12.04443073,15.864487046654867,-27.908917776654867
-131.250003,46.50000093,-9.092090607,-9.70108749550682,0.6089968885068213
-122.9666695,42.18333418,1.889706135,9.32199059329613,-7.43228445829613
-122.6166695,50.93333435,-0.736763358,35.37210339511492,-36.10886675311492
-120.9833362,40.31666747,54.99201965,32.397867242724374,22.59415240727563
-120.8666695,45.68333425,-29.77067184,-13.231673294701247,-16.538998545298753
-131.1333364,40.31666747,-3.399465561,-12.837830471799618,9.438364910799619
-127.1666696,43.93333421,-10.95041943,-8.307519219172214,-2.6429002108277864
-132.0666697,51.8666677,-24.89506149,-29.25394520453094,4.35888371453094
-123.2000029,49.18333432,-69.17034149,-36.8158101979315,-32.3545312920685
-124.1333362,42.65000085,48.82212067,13.601970506257551,35.220150163742446
-124.7166696,42.88333419,-1.512637377,-27.73397436171062,26.221336984710618
-131.0166697,51.40000103,-4.632977486,-15.12750750524295,10.49453001924295
-128.450003,51.28333436,5.759640694,-7.107072122709933,12.866712816709933
-127.8666696,53.15000106,-37.81118393,-6.748939418167797,-31.0622445118322
-126.5833363,47.90000096,-22.65719414,-14.897013252682996,-7.760180887317006
-125.0666696,48.4833343,-62.18452835,-34.271842821139394,-27.912685528860607
-130.0833363,47.90000096,-12.82854557,-6.374718512321346,-6.453827057678653
-133.0000031,42.76666752,-19.44920921,-10.986742859478928,-8.46246635052107
-124.7166696,41.95000084,-33.82152557,-28.957263388778834,-4.864262181221164
-123.6666695,46.38333426,19.27838707,18.754280789363765,0.5241062806362358
-126.5833363,42.65000085,9.647303581,0.6245448160127555,9.022758764987243
-132.5333364,46.26666759,-3.362900734,-11.416167343328938,8.053266609328938
-127.5166696,53.15000106,-11.55850506,3.802517680842462,-15.361022740842461
-125.6500029,53.26666773,-17.74349022,-4.34647158595381,-13.39701863404619
-132.0666697,49.30000099,-13.94235325,-5.239288526077495,-8.703064723922505
-125.6500029,52.45000105,48.04348373,14.37069443221226,33.67278929778774
-126.4666696,48.25000096,-40.74657059,-19.867506029785343,-20.879064560214655
-125.6500029,53.96666775,-18.76650238,-7.912833109942805,-10.853669270057193
-131.0166697,52.21666771,59.8244133,10.791044593360914,49.03336870663909
-122.0333362,38.21666743,-35.21030426,-21.46053522938213,-13.74976903061787
-131.3666697,45.1000009,-14.47208405,-9.939605438801468,-4.532478611198531
-124.7166696,49.53333432,-23.17975807,15.249877039298589,-38.42963510929859
-126.2333363,41.25000082,-7.203800201,-1.1195095699590265,-6.0842906310409735
-123.9000029,53.73333441,7.426243782,-8.08566794195965,15.511911723959651
-129.0333363,38.68333411,-2.879753351,-17.225933424314224,14.346180073314224
-119.4666695,50.000001,-87.5451355,-12.166430101121634,-75.37870539887837
-122.3833362,41.83333417,-15.8863039,28.3357905247198,-44.2220944247198
-125.3000029,47.55000095,-18.97743225,-34.93069716723583,15.953264917235828
-125.0666696,50.93333435,56.36838531,10.292108181498273,46.07627712850173
-123.7833362,49.65000099,-36.29982758,-5.699073643257624,-30.600753936742375
-132.5333364,39.8500008,-37.98288345,-40.01874045161816,2.0358570016181545
-129.3833363,39.8500008,-42.13225174,-41.1772387874885,-0.9550129525115025
-125.0666696,51.05000102,-20.48645973,17.798271726038266,-38.284731456038266
-128.2166696,48.36666763,5.411941528,-7.089548515044351,12.50149004304435
-120.9833362,42.18333418,0.695962489,18.215911654600472,-17.519949165600472
-126.5833363,37.98333409,-26.47716713,-24.24603133862026,-2.2311357913797423
-130.6666697,38.80000078,-21.18198395,-16.613643360420653,-4.568340589579346
-121.2166695,44.16666755,-20.67066765,-3.652419942222044,-17.018247707777956
-127.8666696,50.58333434,44.95939255,4.714100173234269,40.245292376765725
-123.9000029,46.96666761,-33.24582672,-4.812114116249825,-28.433712603750173
-121.4500028,42.53333418,0.438464642,10.982660971784895,-10.544196329784896
-126.9333363,53.50000107,-9.527329445,18.75708121750108,-28.28441066250108
-123.0833362,44.75000089,-14.42333031,-2.4402656934729325,-11.983064616527068
-132.5333364,46.15000092,-9.090128899,-11.416167343328938,2.3260384443289386
-122.9666695,48.60000097,-36.75511551,-31.872716080855156,-4.882399429144847
-120.5166695,53.3833344,33.0655899,3.772595034461346,29.292994865538653
-126.2333363,47.66666762,-9.262844086,-19.709223239083407,10.446379153083408
-120.1666695,42.30000085,56.36180115,20.390280009438104,35.97152114056189
-128.5666696,41.01666749,-5.756662369,0.7794278738391476,-6.536090242839148
-120.4000028,48.83333431,55.3856163,26.23763117257075,29.14798512742925
-122.2666695,46.6166676,18.22399139,1.3888231551981207,16.835168234801877
-129.0333363,51.63333437,-17.61740112,-4.796555814551557,-12.820845305448444
-124.4833362,42.06666751,-41.93965149,-13.65982600800207,-28.279825481997932
-132.5333364,52.21666771,-38.63654327,-32.55010277306036,-6.0864404969396375
-128.2166696,41.25000082,-2.972745419,0.08138972222519097,-3.0541351412251907
-130.550003,41.25000082,-0.186688974,-0.7661490268467224,0.5794600528467224
-131.1333364,50.35000101,-19.57410431,-7.193725014685819,-12.38037929531418
-130.0833363,49.88333433,4.122899055,2.023845843825413,2.099053211174587
-127.750003,51.98333437,-27.47336578,10.76142843073079,-38.23479421073079
-131.600003,53.50000107,-11.65146446,-7.891729380851282,-3.759735079148718
-122.2666695,52.68333439,24.16513062,-12.053707820546368,36.218838440546364
-132.300003,48.25000096,1.624342799,-11.02936757098993,12.65371036998993
-130.550003,45.33333424,-5.705093384,-2.5653174973861463,-3.139775886613854
-119.0000028,49.65000099,-9.868717194,-0.6773493565923792,-9.191367837407622
-129.9666697,38.21666743,-18.95945358,-24.49779018508493,5.538336605084929
-128.450003,42.65000085,-13.14508724,-6.710703541247682,-6.434383698752319
-130.7833363,38.21666743,-28.46482468,-24.558288019883545,-3.906536660116455
-122.2666695,49.65000099,59.3740921,-4.73237728167853,64.10646938167852
-123.2000029,46.96666761,73.10184479,21.611347136902523,51.49049765309748
-121.6833362,49.18333432,-0.273181915,9.240786195586235,-9.513968110586235
-132.8833364,47.43333428,-3.153112411,-6.882489885692083,3.729377474692083
-127.8666696,45.21666757,-15.14770222,-8.971448870867562,-6.176253349132438
-120.9833362,52.68333439,-10.11933041,14.911531147217172,-25.03086155721717
-123.4333362,52.10000104,-23.795784,-4.719070225169717,-19.076713774830285
-128.5666696,50.46666768,-54.3116951,-63.36775264252947,9.056057542529466
-131.600003,47.90000096,-12.53854561,-10.731719343881998,-1.8068262661180015
-129.850003,43.2333342,-5.830037117,-10.964864161515353,5.134827044515353
-121.5666695,48.60000097,81.37966919,12.656230172246376,68.72343901775362
-119.0000028,49.18333432,-31.27692604,-20.9925545143376,-10.2843715256624
-119.3500028,44.75000089,-7.70651722,4.753539448209061,-12.460056668209061
-127.4000029,48.4833343,-29.18892288,-20.36883287986449,-8.820090000135508
-131.600003,45.56666758,-8.57757473,-11.589495260103696,3.011920530103696
-128.450003,49.65000099,-41.31206894,-26.237216858013905,-15.074852081986098
-131.8333364,41.01666749,-5.78981781,-7.473060616159392,1.6832428061593925
-123.9000029,39.61666746,3.935508966,7.934997000959922,-3.999488034959922
-126.7000029,44.75000089,-5.383672714,-14.797462212393484,9.413789498393484
-123.5500029,47.90000096,22.35116196,43.61282761540389,-21.26166565540389
-123.2000029,46.38333426,94.43130493,30.80711576087793,63.62418916912206
-125.4166696,50.93333435,-2.59314847,40.113597327483646,-42.70674579748365
-130.6666697,43.2333342,-15.79561615,-11.63361006759462,-4.16200608240538
-129.6166697,44.98333423,-8.517860413,-5.534321330741233,-2.9835390822587664
-128.5666696,49.18333432,-13.29758263,-14.549955489084129,1.2523728590841277
-126.5833363,50.000001,77.18916321,48.74466043539903,28.444502774600977
-130.900003,43.5833342,-6.124760628,-11.079118871893892,4.954358243893892
-120.7500028,48.83333431,59.45035172,36.41398249273218,23.03636922726782
-121.4500028,39.73333413,-21.90287781,8.686375587450096,-30.589253397450094
-119.0000028,39.8500008,-2.713376045,4.1080526471768595,-6.821428692176859
-126.2333363,51.98333437,105.6541443,40.087895641785046,65.56624865821496
-126.5833363,43.2333342,-10.62333202,-10.533820879010117,-0.08951114098988278
-130.3166697,53.3833344,-11.77018166,6.311298233193434,-18.081479893193436
-129.850003,43.11666753,-4.457406998,-10.964864161515353,6.507457163515353
-122.6166695,49.65000099,-36.10008621,2.1822551314774423,-38.28234134147744
-124.7166696,45.68333425,-41.74267578,-40.56680016272575,-1.1758756172742508
-123.7833362,50.70000101,58.13327789,34.925911124444674,23.207366765555328
-132.7666697,48.4833343,-17.29304695,-13.747432703707137,-3.545614246292864
-125.3000029,49.18333432,108.209877,44.0589742456673,64.1509027543327
-128.6833363,45.91666758,-5.306739807,-7.2257048137971,1.9189650067971007
-131.250003,49.76666766,-13.3638649,-8.66205061486374,-4.70181428513626
-122.3833362,49.18333432,-6.495943069,-21.982890532320518,15.486947463320519
-122.2666695,48.25000096,-86.55915833,-39.065785788239374,-47.49337254176063
-129.150003,52.91666772,13.01994228,3.4564277416371594,9.563514538362842
-119.5833361,40.31666747,36.55329895,3.844732203368744,32.708566746631256
-124.3666696,40.31666747,7.13534832,-25.865820913009255,33.00116923300926
-123.2000029,46.50000093,70.01699829,24.15480676553409,45.86219152446591
-126.9333363,48.71666764,-27.44796753,-19.9041794486086,-7.543788081391401
-119.5833361,49.18333432,-40.31777954,-11.233212739211858,-29.08456680078814
-122.5000028,40.43333414,-69.00575256,-43.82990114102748,-25.175851418972528
-127.4000029,48.83333431,-29.55883408,-27.053471268660584,-2.505362811339417
-129.500003,37.98333409,-17.99895859,-24.54505555676576,6.546096966765759
-129.850003,48.1333343,-15.89661503,-6.330700010507762,-9.565915019492238
-119.3500028,48.60000097,5.514531136,-16.875339718956013,22.389870854956012
-126.3500029,50.35000101,86.15179443,34.98172230281741,51.170072127182586
-129.150003,48.25000096,-0.395187914,-4.598711549524827,4.203523635524827
-123.7833362,40.55000081,-7.960077286,8.86059337105658,-16.82067065705658
-126.8166696,40.78333415,-6.427753448,1.6444107123661706,-8.072164160366171
-119.5833361,38.91666744,20.78467941,4.885638990929449,15.89904041907055
-122.1500028,51.63333437,14.92076874,-3.7037152480957714,18.624483988095772
-131.8333364,47.90000096,0.121253937,-10.265597909935249,10.386851846935249
-126.3500029,53.73333441,36.3000145,3.6638173380577355,32.63619716194227
-123.0833362,49.18333432,-67.8980484,-37.086098057157486,-30.811950342842508
-124.9500029,39.38333412,-21.83052826,-23.64186296717726,1.8113347071772594
-124.8333362,50.93333435,-82.33410645,3.2767425465712963,-85.61084899657129
-122.0333362,48.83333431,-1.627323985,-16.5036989035101,14.876374918510098
-132.300003,38.3333341,-28.92738914,-26.109140765770682,-2.8182483742293165
-128.6833363,41.60000083,1.212826967,-3.6661492366599346,4.878976203659935
-126.7000029,43.5833342,-14.84511089,-10.411069005782098,-4.434041884217903
-119.5833361,52.45000105,95.97415161,19.53207668829372,76.44207492170628
-120.6333361,40.66666748,45.12505341,21.355786902631067,23.769266507368933
-127.6333363,39.03333411,-12.71857834,-17.37734482124294,4.658766481242939
-124.0166695,39.38333412,-15.29675579,1.374946051439864,-16.671701841439866
-124.8333362,50.46666768,75.49188232,-20.1374734730682,95.6293557930682
-133.0000031,44.28333422,-17.01155853,-10.108168532663953,-6.9033899973360455
-119.0000028,53.3833344,76.73588562,47.826472341381546,28.90941327861846
-121.3333362,53.03333439,42.80041504,10.880393177405166,31.92002186259483
-123.6666695,41.83333417,104.7720108,31.558593421975008,73.213417378025
-127.1666696,48.95000098,-53.20847321,-23.74151995896714,-29.466953251032862
-130.900003,47.78333429,-9.027730942,-10.005798884942985,0.9780679429429853
-129.7333363,44.86666756,-8.08913517,-4.832569759888519,-3.256565410111482
-126.1166696,51.98333437,204.2923126,49.91394069452582,154.37837190547418
-127.1666696,40.78333415,35.3734436,16.20025388772891,19.173189712271093
-132.6500031,40.66666748,-10.81317616,-9.217153461876306,-1.5960226981236936
-123.0833362,43.5833342,15.91586208,10.735461261312723,5.180400818687277
-131.0166697,53.15000106,-11.01025772,-8.323323562678784,-2.6869341573212164
-122.1500028,50.93333435,31.52962494,17.69058101127447,13.83904392872553
-128.800003,46.73333427,-10.13851452,-4.638859627609128,-5.499654892390871
-131.950003,51.16666769,-3.271989346,-7.5847725886820125,4.312783242682013
-133.0000031,42.65000085,-21.16436386,-10.986742859478928,-10.177621000521073
-131.950003,39.8500008,-36.2538147,-40.01874045161816,3.764925751618158
-123.0833362,48.71666764,-56.29991531,-30.203560976095723,-26.09635433390428
-125.0666696,40.08333413,-17.3214798,-24.12300334530335,6.8015235453033505
-125.5333362,47.31666761,-16.9446888,-33.30600104537082,16.36131224537082
-132.8833364,45.68333425,-15.33364487,-11.521141160494203,-3.8125037095057976
-126.8166696,49.06666765,-20.99003792,-13.1483569353967,-7.841680984603299
-120.2833361,53.26666773,-24.82620049,13.897445703481623,-38.72364619348163
-129.0333363,40.08333413,-69.80567932,-56.94331601883001,-12.862363301169985
-123.7833362,46.85000094,18.31072998,1.346443318980514,16.964286661019486
-127.2833363,41.7166675,-10.47747707,-11.770784577557723,1.2933075075577225
-121.4500028,42.18333418,-2.443638563,5.425031673751314,-7.8686702367513135
-119.7000028,42.88333419,22.24377251,8.192141393527578,14.051631116472421
-119.7000028,49.65000099,-76.33470154,-18.045456689708615,-58.28924485029138
-121.6833362,53.15000106,17.90954208,14.87358489890044,3.035957181099562
-129.7333363,42.76666752,-16.28288269,-8.01378177946873,-8.269100910531272
-119.7000028,53.85000108,6.804495811,35.92289625158015,-29.11840044058015
-127.8666696,40.2000008,-82.38366699,-62.38907118487963,-19.994595805120362
-123.2000029,46.26666759,90.11354065,24.040039524057974,66.07350112594203
-130.550003,40.55000081,-6.367887497,-1.4412876626123048,-4.926599834387695
-128.9166696,39.03333411,-9.76907444,-14.405915981249166,4.636841541249165
-123.2000029,52.45000105,-15.41603661,-2.056439142584909,-13.359597467415092
-124.8333362,39.15000078,-22.39932632,-30.05786710106971,7.658540781069711
-127.9833363,45.45000091,-13.82880497,-8.971448870867562,-4.8573560991324385
-130.550003,46.50000093,-31.77457428,-5.556316000335499,-26.2182582796645
-128.6833363,41.36666749,0.030952185,0.2797029634465833,-0.2487507784465833
-123.2000029,44.28333422,-1.301459312,11.256970285297047,-12.558429597297048
-122.7333362,43.35000087,-19.61982727,0.2660325444803272,-19.885859814480327
-129.150003,45.45000091,-5.981330872,-7.106361091786144,1.1250302197861437
-131.8333364,50.93333435,-6.659806252,-7.60722352279493,0.9474172707949302
-120.0500028,47.31666761,-36.16616821,-5.468001740134547,-30.698166469865455
-129.3833363,43.2333342,-1.342687726,-12.642580097745535,11.299892371745536
-123.7833362,52.21666771,-13.91403198,-2.1194908465752222,-11.79454113342478
-128.450003,51.8666677,23.1283226,-5.508584464925986,28.636907064925985
-120.7500028,53.61666774,-93.85523987,-0.9381475073304816,-92.91709236266952
-122.8500029,40.08333413,53.57574844,26.829626621046366,26.746121818953632
-129.3833363,41.60000083,-4.894192696,-3.0830834636102247,-1.8111092323897755
-129.7333363,42.53333418,-18.42756081,-6.785214509486431,-11.64234630051357
-121.4500028,53.3833344,-19.0040741,16.78601942318614,-35.790093523186144
-119.9333361,45.56666758,-33.94745255,-23.486283628620544,-10.461168921379457
-128.800003,51.5166677,-12.38898945,-3.84337057527847,-8.54561887472153
-121.1000028,40.43333414,62.88876724,36.919103084106155,25.969664155893845
-130.200003,38.45000077,-35.32846069,-26.213724115351067,-9.114736574648933
-121.8000028,38.56666744,-39.92044067,-25.328508594163925,-14.591932075836073
-129.0333363,38.91666744,-12.33774185,-14.990169310927241,2.6524274609272407
-130.6666697,47.90000096,-7.408550262,-8.7662975982325,1.3577473362324994
-125.8833363,42.76666752,4.340287209,0.6459529561755475,3.694334252824453
-127.6333363,46.26666759,-6.032253265,-8.971448870867562,2.939195605867562
-129.9666697,40.55000081,10.69346714,0.9597808508001239,9.733686289199875
-119.3500028,43.11666753,11.34461975,4.321617785188323,7.023001964811677
-131.1333364,53.85000108,3.080335855,-2.012918446742773,5.093254301742773
-129.150003,50.70000101,-3.523914576,-24.321359526233188,20.79744495023319
-126.4666696,37.98333409,-23.79418564,-24.154015933624056,0.35983029362405716
-125.7666696,43.93333421,-37.70502472,-43.47290952284869,5.767884802848691
-119.8166695,47.78333429,13.70321369,-16.296253159103035,29.999466849103037
-124.4833362,43.00000086,-6.288711548,-25.023920857131866,18.735209309131868
-132.8833364,49.41666765,-8.007335663,-9.843066262891995,1.8357305998919955
-130.0833363,50.70000101,-19.21636391,-14.677800104164366,-4.538563805835633
-127.750003,48.71666764,-25.61454201,-13.341339495028942,-12.273202514971059
-123.0833362,39.38333412,27.27560234,26.61414649171425,0.6614558482857475
-122.3833362,45.33333424,-47.45264053,-10.349123516863028,-37.103517013136965
-128.450003,52.45000105,11.26613045,-3.02301000181274,14.28914045181274
-129.3833363,37.98333409,-22.61864853,-24.54505555676576,1.9264070267657587
-122.7333362,42.30000085,-1.39038229,12.709775561741486,-14.100157851741486
-122.0333362,42.06666751,7.230298042,13.791552473075022,-6.561254431075022
-131.1333364,49.41666765,-6.001981735,-6.067465498955872,0.06548376395587141
-121.6833362,38.56666744,-27.15527534,-30.740897990301402,3.585622650301403
-125.6500029,47.43333428,-11.94624424,-6.113541373514233,-5.832702866485767
-123.2000029,38.3333341,-6.978937149,14.345696500266374,-21.324633649266374
-133.0000031,48.25000096,1.79898119,-2.3001072942738654,4.0990884842738655
-119.9333361,45.21666757,-7.43251133,-7.870954865192269,0.43844353519226953
-128.5666696,48.83333431,-8.860430717,-9.387248591240485,0.5268178742404857
-128.5666696,49.53333432,-8.444527626,-17.060073007675406,8.615545381675407
-122.6166695,49.30000099,-47.54415131,-5.45884711023326,-42.08530419976674
-121.3333362,42.18333418,3.304210901,12.835642148194552,-9.531431247194552
-132.7666697,53.73333441,82.66183472,49.23607571728826,33.42575900271174
-120.6333361,46.50000093,-48.50888443,-2.9653591267417725,-45.54352530325823
-123.5500029,43.00000086,15.22002411,26.701284615347088,-11.481260505347088
-128.100003,50.23333434,12.6164608,-30.320612815902813,42.93707361590281
-131.1333364,44.86666756,-2.621232271,-7.867580785984399,5.246348514984399
-133.0000031,39.96666747,-64.81707764,-40.22404394971699,-24.593033690283
-123.2000029,49.41666765,-13.714674,-32.870110674014164,19.15543667401416
-132.6500031,51.75000103,-2.419399738,-8.135468008239135,5.716068270239135
-125.8833363,40.2000008,-51.54930878,-55.61607077904325,4.066761999043251
-124.8333362,43.93333421,-9.505252838,-27.887674139760865,18.382421301760864
-121.1000028,51.40000103,2.811613798,-1.0924561209458397,3.90406991894584
-130.900003,48.4833343,0.048690289,-9.785463565397862,9.834153854397861
-128.2166696,37.98333409,-12.74080849,-24.077516692137067,11.336708202137068
-124.9500029,46.73333427,-38.0332756,-36.248004514028175,-1.7852710859718286
-123.5500029,48.1333343,-5.922198296,31.022454287862853,-36.944652583862855
-120.5166695,42.65000085,-4.109538078,20.37469458892643,-24.48423266692643
-126.7000029,50.35000101,104.2472687,33.50404574705612,70.74322295294388
-122.9666695,45.56666758,-57.60832977,-3.3435323643735835,-54.26479740562641
-122.5000028,41.83333417,-0.302449763,20.5111904773519,-20.813640240351898
-125.4166696,41.95000084,-31.56012917,-56.22145649030585,24.661327320305848
-119.3500028,48.25000096,-29.7028904,-19.767736640196144,-9.935153759803857
-124.8333362,41.36666749,-21.12037659,-25.66539105053928,4.5450144605392815
-128.2166696,50.70000101,52.77127457,7.993626751808876,44.77764781819113
-125.3000029,37.98333409,-20.19120026,-24.04901287785493,3.8578126178549326
-127.2833363,50.35000101,52.99492645,23.04944199987791,29.94548445012209
-129.0333363,53.61666774,15.51298523,-4.960562444736901,20.4735476747369
-132.0666697,43.00000086,-13.22714233,-13.00187583442939,-0.22526649557060985
-131.250003,42.06666751,-10.44275093,-7.4246570657096695,-3.018093864290331
-122.1500028,41.95000084,9.175253868,17.356828715821653,-8.181574847821652
-120.9833362,51.98333437,2.014045954,-8.475469529141678,10.489515483141679
-132.0666697,39.50000079,-31.06688499,-21.27785219075857,-9.78903279924143
-128.100003,48.36666763,-0.359382451,-7.089548515044351,6.730166064044351
-122.6166695,45.1000009,-27.00218582,-13.004625981418426,-13.997559838581575
-120.2833361,53.03333439,-12.67133045,26.823523942393884,-39.49485439239388
-128.2166696,43.70000087,-6.559228897,-9.798410354236193,3.239181457236193
-125.8833363,42.30000085,9.889602661,-4.131763967495671,14.02136662849567
-125.7666696,46.50000093,-28.67475891,-26.572894058909803,-2.1018648510901983
-132.300003,48.60000097,-7.407697678,-3.1890053063264867,-4.218692371673513
-126.0000029,51.5166677,123.0522232,42.20617698232284,80.84604621767716
-127.8666696,52.33333438,4.900295258,-7.289860591379933,12.190155849379932
-127.6333363,51.28333436,-8.71284008,8.601815049654293,-17.31465512965429
-132.7666697,38.3333341,-30.05853081,-26.109140765770682,-3.949390044229318
-121.8000028,39.50000079,0.615994632,-5.315432666382628,5.931427298382628
-125.6500029,50.93333435,-9.547246933,11.683464615205155,-21.230711548205157
-129.6166697,46.50000093,4.870002747,-12.028050981092647,16.89805372809265
-119.1166694,46.96666761,-27.71724319,-20.14353414227403,-7.57370904772597
-132.1833364,44.75000089,-16.25585365,-14.07273748092891,-2.1831161690710896
-126.4666696,45.45000091,-8.853079796,-16.854747922930745,8.001668126930745
-124.2500029,51.05000102,15.96298504,29.89528363242452,-13.93229859242452
-124.8333362,49.76666766,-30.06262589,-3.3790997706418824,-26.683526119358117
-127.8666696,44.98333423,-4.766933441,-8.67555042511782,3.9086169841178195
-125.3000029,41.60000083,-43.28316879,-34.82206568931121,-8.461103100688788
-120.5166695,41.7166675,13.27568626,10.299092847852231,2.9765934121477695
-122.7333362,39.61666746,72.14024353,41.008859899740436,31.13138363025957
-120.2833361,41.7166675,72.50256348,16.187918263932552,56.314645216067454
-121.8000028,47.20000094,-10.45040607,2.041295470469625,-12.491701540469624
-128.450003,43.2333342,0.944250464,-11.11320739618951,12.05745786018951
-131.1333364,39.26666745,-28.3484478,-18.546458499940954,-9.801989300059045
-119.0000028,38.91666744,2.283009291,-7.4528580837429885,9.735867374742988
-128.450003,42.41666751,-8.920273781,-6.233397978723064,-2.686875802276937
-119.7000028,51.40000103,11.46970749,-2.38938989792059,13.859097387920588
-124.2500029,46.50000093,-56.30577087,-37.75326162658858,-18.55250924341142
-120.4000028,45.21666757,11.62196064,-2.449315041721273,14.071275681721271
-131.7166697,39.50000079,-28.50390625,-21.27785219075857,-7.226054059241431
-127.9833363,42.65000085,7.007394791,-5.813177092024918,12.820571883024918
-122.5000028,49.18333432,-31.13816071,-20.298014347801626,-10.840146362198375
-119.1166694,53.96666775,-10.1144495,37.401916458031394,-47.51636595803139
-122.5000028,47.66666762,-114.7381439,-61.424022181461325,-53.31412171853867
-131.600003,50.11666767,-4.289676666,-7.111009330602413,2.821332664602413
-122.9666695,44.51666756,-28.75799561,16.05137171383683,-44.809367323836824
-120.1666695,39.8500008,23.96360397,29.150028137205105,-5.186424167205104
-127.1666696,43.5833342,-11.79094696,-9.087872205077682,-2.7030747549223175
-119.5833361,43.35000087,1.426195741,5.5836510947580225,-4.1574553537580226
-130.900003,44.86666756,-2.739150524,-4.163504371927395,1.4243538479273954
-129.2666697,49.76666766,25.53074646,2.209910606319702,23.320835853680297
-128.2166696,42.65000085,-16.78597641,-5.813177092024918,-10.972799317975081
-120.9833362,53.50000107,67.40137482,2.523841994593883,64.87753282540612
-123.0833362,41.83333417,-48.91340256,20.269915719788116,-69.18331827978812
-121.5666695,46.03333425,10.58870697,0.3488049347942025,10.239902035205798
-130.550003,46.85000094,-15.52503204,-7.660586812466663,-7.864445227533336
-124.3666696,49.53333432,6.712205887,3.9781126290666164,2.734093257933383
-126.8166696,45.45000091,-3.868848324,-11.452031681469437,7.583183357469437
-123.5500029,49.41666765,-19.03337669,-17.659250670788673,-1.374126019211328
-128.800003,40.78333415,11.93678284,4.986706417394609,6.95007642260539
-121.8000028,43.35000087,5.441922188,12.033282234105247,-6.591360046105247
-119.4666695,39.15000078,75.20865631,5.591246860430068,69.61740944956993
-128.450003,53.96666775,52.5159111,-14.701392684840014,67.21730378484001
-128.800003,39.73333413,-34.96668243,-32.1760471583926,-2.7906352716073997
-123.7833362,51.05000102,122.0675735,50.086051254963344,71.98152224503664
-119.7000028,44.63333423,3.832671881,8.37123049057078,-4.53855860957078
-125.0666696,38.21666743,-15.6312952,-23.877327065760664,8.246031865760663
-130.900003,38.56666744,-29.2318306,-22.59806170755314,-6.633768892446859
-120.4000028,50.11666767,-0.427379042,2.7870308999387983,-3.2144099419387984
-119.2333361,46.03333425,-19.07653618,-22.602330338261293,3.5257941582612915
-126.3500029,44.05000088,-10.36124992,-11.339450049714298,0.9782001297142973
-123.9000029,40.66666748,5.192695618,8.488382739656775,-3.2956871216567745
-125.8833363,44.86666756,-37.82583618,-24.832058848535894,-12.99377733146411
-128.450003,43.11666753,-9.020858765,-11.11320739618951,2.0923486311895108
-122.6166695,53.3833344,-31.95977402,-7.852993211014419,-24.106780808985583
-127.0500029,45.45000091,-4.916982651,-9.422705377475596,4.505722726475597
-120.0500028,53.61666774,7.514842033,7.6919336213954725,-0.17709158839547268
-127.750003,46.26666759,-5.076415062,-6.702188392029524,1.6257733300295243
-132.6500031,50.000001,-11.52263641,-7.741926277717203,-3.780710132282797
-130.200003,50.23333434,0.071237326,-1.1016848501807428,1.172922176180743
-121.2166695,40.43333414,63.94621658,37.017214772467284,26.929001807532714
-124.4833362,47.55000095,-49.29415131,-34.65479968176813,-14.639351628231864
-120.9833362,49.30000099,41.36857605,17.817829690502542,23.55074635949746
-119.3500028,50.23333434,-90.78096008,-20.72009700826309,-70.06086307173692
-132.1833364,48.83333431,-4.33877182,-6.642214454939562,2.303442634939562
-132.6500031,50.93333435,-1.763339639,0.9075065333639841,-2.670846172363984
-120.8666695,46.26666759,17.15498161,11.492585050668396,5.662396559331604
-121.9166695,43.5833342,31.3495121,7.656729565004272,23.692782534995725
-130.900003,52.45000105,32.67057037,21.95638231684735,10.71418805315265
-126.0000029,53.50000107,11.58194542,15.601016930459188,-4.019071510459188
-132.4166697,50.23333434,-12.28583622,-8.159281627680762,-4.126554592319238
-127.8666696,50.46666768,24.72628403,11.099327795616691,13.626956234383307
-130.550003,44.16666755,-8.413925171,-7.064609855983335,-1.349315315016666
-127.0500029,42.06666751,-26.09640503,-14.017239853487746,-12.079165176512253
-132.1833364,45.56666758,-21.36221504,-11.028988993266179,-10.33322604673382
-121.5666695,49.41666765,22.47195244,6.09426686893509,16.37768557106491
-120.4000028,43.35000087,-14.38499451,10.68242624034001,-25.067420750340013
-132.1833364,53.50000107,36.06626892,34.57135604343274,1.4949128765672555
-120.5166695,41.48333416,-23.59226608,17.88314286323911,-41.47540894323912
-121.6833362,42.53333418,13.04694557,10.257430551555872,2.7895150184441277
-123.3166695,45.21666757,55.02774811,55.55228785140428,-0.5245397414042827
-120.7500028,50.70000101,-44.87214661,-2.9011617331616235,-41.97098487683838
-123.9000029,47.90000096,-1.42206955,36.468195197353225,-37.89026474735323
-124.4833362,47.20000094,-54.67505264,-43.77713041516304,-10.897922224836954
-132.1833364,51.8666677,-18.26144791,-34.938746184856235,16.677298274856234
-120.5166695,39.96666747,37.0666008,31.592554111897165,5.474046688102838
-131.3666697,49.06666765,-24.46490288,-9.615379362977874,-14.849523517022126
-124.6000029,42.06666751,-34.32622528,-24.032233246247937,-10.293992033752065
-121.6833362,40.31666747,84.53899384,20.41710650983914,64.12188733016086
-124.2500029,39.73333413,-37.98193741,-25.125059665676957,-12.856877744323043
-126.5833363,39.26666745,-12.77296352,-16.089645924662758,3.3166824046627585
-133.0000031,46.73333427,-20.38207436,-9.144791391219023,-11.237282968780978
-128.6833363,43.46666754,-25.34164619,-10.854145982461034,-14.487500207538965
-128.9166696,46.26666759,-8.819817543,-6.222741119551271,-2.597076423448728
-126.5833363,50.46666768,43.57561493,19.063514359701713,24.512100570298287
-120.6333361,38.21666743,-29.81510544,-13.389548201492397,-16.4255572385076
-131.0166697,50.46666768,-8.247244835,-8.739953104147496,0.49270826914749577
-121.2166695,46.50000093,83.12438202,22.283218286332573,60.84116373366743
-125.4166696,46.38333426,-26.8501873,-33.6176885072626,6.7675012072625975
-129.850003,43.5833342,-18.71999359,-13.627351080006639,-5.092642509993363
-125.0666696,42.53333418,-44.80270386,-35.766031933005195,-9.036671926994806
-123.9000029,50.23333434,-63.33239365,26.313079074936507,-89.64547272493651
-131.3666697,44.16666755,-22.31935692,-14.440084653553434,-7.879272266446566
-131.950003,49.30000099,-17.56053734,-8.46628482296414,-9.09425251703586
-126.7000029,39.61666746,-19.60724831,-23.087960960224205,3.4807126502242056
-122.7333362,47.43333428,-7.643982887,-39.89306357963592,32.24908069263592
-121.6833362,52.21666771,0.437293351,3.6523875668794714,-3.2150942158794713
-128.5666696,44.40000089,-8.448530197,-8.098563777935508,-0.3499664190644918
-130.900003,44.75000089,-0.056935206,-4.163504371927395,4.106569165927395
-131.8333364,46.38333426,-15.92651558,-10.39487812389991,-5.531637456100091
-126.9333363,42.88333419,7.418437004,-0.22533056244784294,7.643767566447843
-129.9666697,51.8666677,-17.85256767,-6.274352157547801,-11.578215512452198
-119.1166694,45.21666757,62.75196457,-0.1940133050251852,62.945977875025186
-129.500003,42.41666751,-8.272982597,-7.100818718508368,-1.1721638784916326
-122.5000028,39.73333413,-44.004673,-37.33377257681942,-6.670900423180576
-120.7500028,53.3833344,9.596356392,0.476204120898084,9.120152271101917
-119.7000028,48.71666764,-6.743470192,-21.915342653910795,15.171872461910795
-132.6500031,48.4833343,-15.29668045,-13.747432703707137,-1.5492477462928633
-120.4000028,51.40000103,46.39164352,20.87230286974168,25.51934065025832
-132.5333364,39.61666746,-33.15933609,-28.549751743177,-4.609584346822995
-128.450003,46.15000092,-7.381833076,-7.2257048137971,-0.1561282622029001
-124.7166696,39.73333413,-31.60150146,-31.823997414922797,0.2224959549227954
-130.4333363,47.20000094,-2.16178751,-7.376344931993751,5.214557421993751
-129.6166697,50.70000101,-105.8399887,-29.67974397847511,-76.16024472152489
-122.9666695,49.06666765,-64.51887512,-41.9759396340493,-22.542935485950707
-119.8166695,39.03333411,-32.65633392,6.006973544490297,-38.6633074644903
-120.0500028,50.93333435,39.4670105,-10.408680427968235,49.875690927968236
-125.4166696,41.01666749,-35.40575027,-24.54883891686896,-10.85691135313104
-127.5166696,47.66666762,-1.255584002,-10.91860230958579,9.66301830758579
-130.200003,49.18333432,-2.037531376,-6.492803367038543,4.455271991038543
-121.5666695,39.03333411,-49.93407822,-20.65844277465657,-29.275635445343433
-129.7333363,43.93333421,-21.23040771,-14.122478237241506,-7.107929472758496
-122.3833362,44.05000088,-4.659775734,2.916565831615801,-7.576341565615801
-126.9333363,47.20000094,-9.992920876,-11.870211137029571,1.8772902610295716
-120.1666695,52.56666772,3.813316107,5.969023220173393,-2.1557071131733934
-126.1166696,41.7166675,-12.84999371,-3.043802479743064,-9.806191230256935
-127.8666696,50.81666768,47.02760696,9.399226244039944,37.628380715960056
-131.1333364,44.05000088,-17.26045227,-10.388470854179914,-6.871981415820084
-121.4500028,48.60000097,-3.800472736,12.656230172246376,-16.456702908246378
-125.4166696,47.43333428,-28.45249367,-16.473309684550255,-11.979183985449744
-123.7833362,53.3833344,8.674451828,-5.36085138368871,14.03530321168871
-119.2333361,52.45000105,-48.78976059,-9.295073818855588,-39.494686771144416
-126.4666696,53.73333441,58.92313385,3.6638173380577355,55.25931651194227
-119.4666695,52.91666772,-83.74814606,23.852947305098986,-107.60109336509899
-123.3166695,51.98333437,-19.85751915,10.293343588446183,-30.150862738446186
-127.6333363,49.30000099,-42.4291153,-34.93504861726591,-7.494066682734086
-132.5333364,50.93333435,-1.031135082,0.9075065333639841,-1.9386416153639843
-129.850003,51.75000103,-9.10323143,-7.807805879049588,-1.2954255509504113
-127.4000029,49.53333432,-62.66844177,-34.87455993918292,-27.793881830817078
-119.4666695,51.75000103,6.362148285,4.801344860029104,1.5608034249708957
-127.9833363,41.13333416,7.461679459,8.496516245892217,-1.0348367868922166
-130.6666697,53.73333441,-22.45739365,5.383580141005684,-27.840973791005684
-129.150003,49.30000099,-9.762396812,-10.795516103887413,1.033119291887413
-121.8000028,48.25000096,-22.76633263,2.9510139837064533,-25.717346613706454
-127.4000029,47.08333427,-6.984850883,-10.569820488823357,3.584969605823357
-129.0333363,43.81666754,-19.44864845,-10.123530720746324,-9.325117729253677
-119.3500028,37.98333409,135.9580841,42.578974576706294,93.37910952329372
-121.1000028,43.5833342,19.49010086,12.009905261859124,7.480195598140874
-127.0500029,52.10000104,77.2216568,1.8932040100480643,75.32845278995194
-132.0666697,40.08333413,-43.74662018,-44.482083732521325,0.735463552521324
-126.4666696,40.90000082,-4.922991753,1.0191797288051314,-5.942171481805131
-125.5333362,47.66666762,-25.80291748,-32.983833913687185,7.180916433687184
-119.2333361,49.41666765,30.33625793,2.5465174793062646,27.789740450693735
-124.2500029,52.56666772,-4.486759186,11.016624419989222,-15.503383605989221
-128.5666696,40.78333415,15.09807587,4.986706417394609,10.111369452605391
-124.6000029,49.18333432,120.534111,45.57365828781467,74.96045271218532
-128.6833363,48.60000097,-24.77534676,-7.353443494131038,-17.421903265868963
-119.4666695,47.43333428,-26.53691673,-17.362672129328573,-9.174244600671429
-132.8833364,52.45000105,-38.92614365,-64.85801921477787,25.93187556477787
-128.5666696,41.7166675,-2.666555405,-3.7995131027885116,1.1329576977885116
-124.9500029,43.5833342,-37.8834343,-33.727347605452984,-4.156086694547014
-119.3500028,40.08333413,-29.31439781,1.4901796772081877,-30.804577487208185
-122.7333362,47.08333427,-40.44444656,-28.91106552491283,-11.533381035087174
-125.6500029,42.88333419,-45.60616684,-31.461858116598993,-14.144308723401007
-128.800003,39.26666745,-4.222752571,-15.119911659434335,10.897159088434336
-126.8166696,48.95000098,-20.70911407,-13.1483569353967,-7.560757134603298
-125.8833363,48.01666763,-32.16906738,-18.299977801083475,-13.869089578916526
-131.600003,43.00000086,-16.66200447,-15.197527579370744,-1.4644768906292551
-128.100003,48.60000097,-2.99332881,-9.72665903661704,6.73333022661704
-127.750003,47.90000096,-0.518282652,-7.770324105645536,7.252041453645536
-122.7333362,51.98333437,25.20858192,-1.710663079997086,26.919244999997087
-122.7333362,46.26666759,-3.248924494,-3.669730763846986,0.4208062698469859
-127.750003,45.21666757,-17.7951622,-8.67555042511782,-9.11961177488218
-124.1333362,51.05000102,90.87755585,25.720075115486164,65.15748073451383
-131.1333364,45.33333424,1.774610281,-7.867580785984399,9.642191066984399
-125.4166696,43.5833342,-84.61935425,-69.73005798782539,-14.88929626217461
-130.900003,38.45000077,-40.41783142,-26.179738309000786,-14.238093110999213
-121.1000028,45.21666757,-43.98151779,7.912400783434048,-51.89391857343405
-123.0833362,53.85000108,-15.72959042,-3.1578257543910144,-12.571764665608985
-129.2666697,44.98333423,-0.649472237,-7.465226800876436,6.815754563876435
-123.0833362,40.2000008,23.61824608,6.820388291481334,16.797857788518666
-123.6666695,49.88333433,9.956742287,0.27324702030061154,9.683495266699389
-132.6500031,49.53333432,60.84997559,-7.1840604047055425,68.03403599470555
-131.3666697,38.3333341,-33.65090942,-26.179738309000786,-7.471171110999212
-126.3500029,46.15000092,-16.38658714,-16.558849477181013,0.1722623371810137
-121.6833362,38.68333411,-20.65646744,-30.316307596317834,9.659840156317834
-124.7166696,38.21666743,-27.40008354,-34.32787636326188,6.927792823261878
-124.2500029,45.80000092,-25.65398216,-27.917855603063256,2.263873443063254
-127.750003,50.11666767,45.73942566,8.773089356914777,36.96633630308523
-123.9000029,42.88333419,75.16784668,34.446893367554836,40.72095331244516
-131.7166697,44.86666756,-35.12495422,-14.507412917063343,-20.617541302936658
-131.600003,44.86666756,-26.64455986,-13.810962708851584,-12.833597151148417
-119.8166695,50.23333434,43.11264038,3.250637093022823,39.86200328697718
-125.4166696,38.68333411,-20.35420227,-22.03491396362588,1.6807116936258808
-126.4666696,44.98333423,-12.30965042,-17.06579608197993,4.756145661979929
-119.5833361,39.8500008,15.63727474,30.01693204844669,-14.37965730844669
-131.0166697,43.11666753,-21.99670219,-12.377868034323427,-9.618834155676574
-119.1166694,53.50000107,96.12587738,41.54782836521519,54.57804901478482
-131.950003,53.61666774,-9.338487625,11.436959222100189,-20.77544684710019
-132.8833364,52.80000106,-79.41762543,-54.13099681623635,-25.286628613763654
-120.4000028,51.8666677,-19.88750076,11.44944958749614,-31.336950347496142
-124.8333362,43.70000087,-56.20669174,-28.75312336115426,-27.453568378845738
-120.2833361,48.60000097,-13.75083447,17.390774723351168,-31.141609193351165
-131.1333364,41.48333416,-1.441693544,-6.269595427399033,4.827901883399033
-121.2166695,47.90000096,17.15950394,25.386226793858043,-8.226722853858043
-132.4166697,42.06666751,-20.72791862,-10.536987772654868,-10.190930847345133
-119.9333361,50.81666768,17.69771576,-1.2076680875683015,18.905383847568302
-131.4833364,44.98333423,-21.00373268,-13.757353357008972,-7.246379322991027
-130.900003,47.90000096,-6.947418213,-10.005798884942985,3.0583806719429854
-133.0000031,53.3833344,10.67172718,40.33056686063972,-29.658839680639723
-129.850003,46.03333425,1.89565587,-3.5096846861796474,5.405340556179647
-121.1000028,53.50000107,50.12571335,2.523841994593883,47.60187135540612
-131.250003,43.11666753,-22.85641861,-15.124085335066724,-7.732333274933275
-121.9166695,50.11666767,81.75616455,13.016299153934753,68.73986539606524
-119.8166695,42.88333419,18.91721916,8.401649897093169,10.51556926290683
-132.1833364,43.35000087,-16.72816467,-13.87150434322389,-2.8566603267761117
-132.1833364,43.46666754,-19.62644196,-13.946733757816599,-5.679708202183402
-131.600003,43.93333421,-18.34004593,-14.791054027646359,-3.54899190235364
-128.6833363,47.43333428,-10.27245522,-5.225349942551373,-5.047105277448626
-120.1666695,42.76666752,-14.66902733,21.02176327586675,-35.69079060586675
-128.3333363,47.78333429,-5.461304665,-6.5848783398291895,1.1235736748291894
-125.8833363,37.98333409,-24.44734192,-23.867250471945272,-0.580091448054727
-120.9833362,42.41666751,-18.00102615,18.69234098602579,-36.69336713602579
-120.4000028,43.46666754,23.83449745,10.87994212095127,12.95455532904873
-120.8666695,52.10000104,46.46493912,7.070378903795849,39.39456021620415
-124.1333362,51.5166677,41.70687866,25.01252821892227,16.69435044107773
-119.5833361,39.96666747,-20.92492867,8.354757552549664,-29.279686222549664
-131.250003,51.75000103,-45.89249039,-7.2044628917928994,-38.6880274982071
-121.8000028,45.56666758,29.59660339,7.521608883187218,22.07499450681278
-131.600003,50.46666768,-6.752731323,-7.401906058554328,0.649174735554328
-120.8666695,47.08333427,38.80042648,4.650963972871917,34.14946250712808
-124.3666696,40.08333413,-20.70499802,-25.53742935875159,4.83243133875159
-124.8333362,39.8500008,-26.06334114,-29.68673816428444,3.62339702428444
-127.9833363,41.95000084,-9.105090141,-6.378705851589515,-2.7263842894104844
-130.550003,37.98333409,-15.57515526,-22.55386765443267,6.978712394432668
-132.8833364,43.2333342,-12.56792164,-10.927066024281691,-1.6408556157183085
-121.6833362,47.31666761,-9.757689476,14.456175553649151,-24.21386502964915
-128.9166696,42.65000085,-9.653666496,-7.251564815727921,-2.4021016802720787
-129.850003,50.70000101,-62.88696289,-30.010460058993196,-32.8765028310068
-129.3833363,49.76666766,15.93680477,4.4570376095131925,11.479767160486809
-128.3333363,50.70000101,48.73339462,6.058677301429207,42.67471731857079
-128.2166696,38.56666744,-29.799963,-22.260768647670478,-7.539194352329524
-129.0333363,44.51666756,-13.34958458,-8.035683751685992,-5.313900828314008
-125.4166696,41.36666749,-32.5798645,-29.602695870153973,-2.9771686298460267
-129.2666697,44.05000088,-7.768378258,-6.97613008605842,-0.7922481719415799
-127.6333363,50.23333434,49.21520996,10.233407212192377,38.98180274780763
-130.7833363,44.16666755,-11.21417236,-7.598084503538831,-3.616087856461168
-123.9000029,40.78333415,-9.620727539,10.305711096783934,-19.926438635783935
-128.5666696,52.21666771,6.052881241,-2.219245094746974,8.272126335746973
-129.9666697,39.03333411,-18.28802299,-16.583404610733176,-1.704618379266826
-119.8166695,48.4833343,6.305195808,-3.550918188540314,9.856113996540314
-120.9833362,50.58333434,28.97079468,9.872465070046275,19.098329609953726
-131.600003,38.56666744,-22.74434853,-22.527464164323035,-0.21688436567696456
-127.1666696,41.25000082,21.49070549,15.962155050672806,5.528550439327194
-123.2000029,47.55000095,70.34356689,41.07048644387503,29.273080446124972
-125.3000029,45.68333425,-37.11935806,-35.22026100002403,-1.899097059975972
-127.0500029,41.60000083,-4.016246796,5.4442021062355375,-9.460448902235537
-119.3500028,39.73333413,-19.22550774,7.0347764212064305,-26.26028416120643
-120.8666695,43.5833342,36.50670242,13.21005606358012,23.296646356419885
-132.8833364,44.16666755,-13.80281162,-10.108168532663953,-3.694643087336047
-128.6833363,51.16666769,-10.9634552,-3.2110882380354924,-7.752366961964508
-120.4000028,49.30000099,41.30011368,29.914499048894125,11.385614631105877
-129.0333363,47.78333429,-13.10283661,-4.4775248281573825,-8.625311781842619
-131.600003,44.16666755,-17.4114933,-14.791054027646359,-2.620439272353641
-124.1333362,53.15000106,-11.61557484,2.8055725050759777,-14.421147345075978
-120.4000028,39.03333411,52.40034866,65.02904333607177,-12.628694676071767
-123.5500029,45.21666757,74.72542572,76.72464411288813,-1.9992183928881246
-124.8333362,40.43333414,-83.21666718,-31.807435654354496,-51.40923152564551
-121.1000028,45.33333424,3.143903971,-9.42977219892685,12.57367616992685
-121.4500028,39.38333412,-22.84383965,-11.158614535054204,-11.685225114945796
-121.9166695,48.4833343,10.94899178,-32.64978909146451,43.59878087146451
-129.0333363,46.03333425,-8.067214012,-6.261651443006871,-1.80556256899313
-129.150003,43.5833342,-32.31984711,-11.076294675917952,-21.243552434082048
-127.4000029,47.55000095,-4.699305534,-10.374520157679367,5.675214623679367
-129.850003,38.91666744,-14.17366314,-16.55314552562204,2.3794823856220386
-128.6833363,41.95000084,-2.881702662,-6.774259253203303,3.8925565912033027
-119.1166694,52.10000104,0.804805875,-14.5827076771468,15.3875135521468
-119.9333361,46.15000092,-10.85126781,2.750148203022185,-13.601416013022185
-132.7666697,41.13333416,-4.929021835,-9.217153461876306,4.2881316268763054
-128.3333363,52.21666771,16.69283485,-1.9695223025794362,18.662357152579435
-119.9333361,38.91666744,62.03398895,73.10938268904906,-11.075393739049055
-126.2333363,49.18333432,-2.443770409,-6.542413865633593,4.098643456633593
-119.1166694,38.10000076,18.29471397,41.02946166452432,-22.73474769452432
-129.2666697,44.51666756,-5.291996002,-10.228909502318349,4.936913500318348
-125.4166696,47.90000096,-39.80250549,-34.09395686692237,-5.7085486230776326
-126.1166696,38.68333411,-23.31201363,-18.203451624497358,-5.108562005502641
-126.7000029,52.45000105,-11.26217461,-8.078274468880442,-3.183900141119558
-127.5166696,38.56666744,-34.40950012,-24.25557668212887,-10.153923437871128
-124.3666696,38.3333341,-66.13909149,-40.131303168748794,-26.007788321251205
-126.1166696,38.56666744,-28.95400047,-23.19133283578242,-5.762667634217582
-130.200003,53.61666774,12.38323784,1.9226450301359472,10.460592809864053
-124.4833362,42.30000085,-26.27705956,-13.65982600800207,-12.61723355199793
-127.6333363,38.56666744,-35.2266655,-24.25557668212887,-10.971088817871134
-119.2333361,48.83333431,36.14069748,-2.067420594772527,38.20811807477253
-122.2666695,53.15000106,11.17914867,-1.7048646037815154,12.884013273781516
-128.9166696,43.5833342,-17.83344078,-10.546944746312114,-7.286496033687886
-125.7666696,39.8500008,-23.66314125,-33.05890950614292,9.395768256142919
-129.9666697,47.66666762,-11.81959915,-5.45921244643786,-6.36038670356214
-125.7666696,38.91666744,-24.96835327,-16.723534632604583,-8.244818637395419
-119.2333361,47.90000096,-27.58569527,-20.083822690162012,-7.501872579837986
-125.5333362,40.43333414,-2.118832588,-16.325531613783596,14.206699025783596
-121.9166695,41.7166675,-2.013237953,25.87618865425769,-27.88942660725769
-126.5833363,38.3333341,-29.30583382,-24.8060743050429,-4.499759514957102
-121.5666695,42.06666751,24.7969265,4.534069521713542,20.262856978286457
-132.7666697,39.38333412,-30.11762428,-20.235287020818355,-9.882337259181647
-125.5333362,43.46666754,-82.35466766,-69.84918999605577,-12.505477663944234
-126.1166696,43.11666753,-22.05138397,-12.603480053060384,-9.447903916939616
-129.3833363,38.10000076,-23.76830292,-24.54505555676576,0.7767526367657602
-132.1833364,50.93333435,-2.352122545,-7.028706246148986,4.676583701148987
-131.8333364,40.55000081,-10.84599495,-6.9387019703550905,-3.907292979644909
-126.1166696,42.76666752,26.92321205,3.351369013556831,23.57184303644317
-122.6166695,50.35000101,-29.0236721,18.28237692074208,-47.30604902074208
-131.600003,46.03333425,-13.62282467,-11.641618703727564,-1.9812059662724355
-126.9333363,50.35000101,39.69929886,32.58441272106154,7.114886138938459
-120.2833361,38.21666743,31.51863098,42.65943889672678,-11.140807916726782
-132.1833364,43.11666753,-14.13246441,-13.3695706771851,-0.7628937328149004
-129.0333363,51.98333437,5.817845345,-4.092206779694872,9.910052124694872
-129.6166697,50.000001,23.67161179,3.0617612997850623,20.60985049021494
-126.0000029,49.41666765,40.04592896,21.412181023764262,18.633747936235736
-119.9333361,51.8666677,33.30662155,8.163673184325082,25.14294836567492
-127.5166696,46.85000094,-8.574712753,-8.971448870867562,0.3967361178675617
-127.9833363,45.1000009,-7.423428535,-8.971448870867562,1.5480203358675615
-130.7833363,41.01666749,-6.091365814,-2.8619357640700875,-3.229430049929913
-127.6333363,51.98333437,-20.05509377,11.629667698108921,-31.68476146810892
-125.0666696,44.05000088,-31.91827774,-28.869581668377798,-3.048696071622203
-131.4833364,41.83333417,-16.41844177,-6.635035724160219,-9.783406045839783
-120.5166695,49.30000099,30.35000801,29.58918645893783,0.7608215510621683
-125.6500029,52.80000106,5.148309708,8.924765950561087,-3.7764562425610864
-125.6500029,45.80000092,-25.82910156,-31.76337358831861,5.93427202831861
-120.1666695,49.41666765,0.220930874,27.486180497879367,-27.265249623879367
-130.7833363,52.80000106,6.806193352,-3.1703679563365768,9.976561308336578
-131.250003,51.63333437,-21.33937836,-14.417145410167173,-6.9222329498328286
-119.7000028,46.26666759,-17.57937622,-23.469179454215347,5.889803234215346
-127.0500029,39.61666746,-21.42324448,-23.087960960224205,1.6647164802242038
-119.8166695,46.73333427,-30.97733688,-16.172470871307524,-14.804866008692475
-123.6666695,38.21666743,-47.15146255,-43.672828103419896,-3.4786344465801022
-130.4333363,53.73333441,2.887334347,4.103267554224295,-1.2159332072242948
-127.8666696,39.26666745,-11.59557915,-17.196779506079203,5.601200356079202
-123.3166695,45.45000091,78.41072845,64.60606374192352,13.804664708076473
-120.7500028,48.71666764,26.71503448,27.056407150719423,-0.3413726707194229
-121.2166695,49.06666765,34.70923233,16.649683920186977,18.059548409813022
-125.4166696,40.90000082,-32.95244598,-24.54883891686896,-8.403607063131041
-123.4333362,48.01666763,82.44655609,41.46023414385129,40.98632194614871
-130.7833363,50.58333434,18.80345917,-27.59906757352754,46.402526743527545
-131.600003,42.53333418,-10.92597771,-14.190481021273797,3.2645033112737973
-129.7333363,49.06666765,-11.16051579,-6.180367020353261,-4.980148769646739
-125.7666696,53.73333441,-0.785451353,2.668016587011382,-3.453467940011382
-120.1666695,47.90000096,-37.82612228,-14.049332854700555,-23.776789425299445
-120.9833362,50.23333434,2.108812332,4.003694642741855,-1.8948823107418549
-128.5666696,50.93333435,15.29626179,5.941370870015693,9.354890919984307
-126.2333363,47.90000096,-14.40538692,-16.834109490351928,2.428722570351928
-126.2333363,42.76666752,27.83374023,3.351369013556831,24.48237121644317
-123.3166695,45.91666758,47.77518845,37.059687954644815,10.715500495355187
-122.7333362,51.63333437,7.862400055,7.949344020460203,-0.08694396546020311
-129.850003,44.16666755,17.96910095,-9.294464072873653,27.263565022873657
-126.5833363,44.51666756,-5.451905251,-17.157811486976133,11.705906235976133
-127.0500029,53.15000106,27.16335678,16.508742541767713,10.654614238232288
-128.9166696,45.21666757,-4.583536148,-6.929806368047355,2.346270220047355
-123.3166695,53.61666774,16.42644691,-8.482479127494697,24.908926037494695
-131.600003,49.65000099,-13.42289543,-14.233039964355862,0.810144534355862
-126.7000029,46.26666759,-11.5023489,-11.267421385610772,-0.2349275143892271
-124.8333362,52.45000105,44.54129028,16.874071544073256,27.667218735926742
-127.2833363,41.95000084,-17.39664268,3.1977468303055177,-20.59438951030552
-129.500003,47.08333427,-4.929804802,-4.298554135627932,-0.6312506663720674
-125.5333362,49.41666765,90.56034088,49.94020147533988,40.620139404660115
-130.6666697,53.26666773,-16.74916077,6.733192092743793,-23.48235286274379
-129.9666697,44.51666756,9.750396729,-3.9387288325119045,13.689125561511904
-122.6166695,48.01666763,-41.61814499,-38.84204123230394,-2.776103757696056
-119.4666695,47.31666761,-28.20651436,-17.362672129328573,-10.843842230671427
-119.4666695,40.2000008,49.49760818,0.46771655050134603,49.02989162949866
-132.4166697,44.75000089,-18.87752914,-11.521141160494203,-7.356387979505797
-121.6833362,52.56666772,25.78281784,2.814204151063028,22.968613688936973
-123.7833362,51.8666677,-8.499982834,13.790558179699914,-22.290541013699915
-131.0166697,45.1000009,1.915033579,-5.1296633886306475,7.044696967630648
-131.7166697,42.06666751,-13.4607935,-12.933378379721898,-0.5274151202781017
-127.5166696,38.3333341,-28.0784893,-26.653920176456268,-1.4245691235437334
-127.9833363,43.70000087,-20.944767,-8.681888952107766,-12.262878047892233
-121.3333362,39.15000078,-28.49160004,-11.195053291773343,-17.29654674822666
-122.2666695,43.93333421,10.67171383,4.989970218639251,5.681743611360749
-127.6333363,44.40000089,-3.269666195,-9.072168599763444,5.802502404763444
-126.0000029,48.71666764,-25.07195473,-23.3676450359856,-1.7043096940144018
-122.3833362,46.73333427,35.84672165,-1.6657721880338165,37.51249383803382
-125.7666696,49.76666766,113.06147,59.32580123100828,53.73566876899172
-119.8166695,51.5166677,-12.22644329,10.510921556986222,-22.737364846986225
-130.7833363,51.5166677,-31.43465233,-13.646164591185673,-17.788487738814325
-124.7166696,41.7166675,-33.2118187,-32.71149188620821,-0.5003268137917942
-129.0333363,48.60000097,-30.70441246,-7.35050261502283,-23.35390984497717
-126.8166696,53.03333439,5.691493034,13.159641215937015,-7.468148181937015
-125.4166696,50.70000101,-27.26770401,17.72419947044595,-44.99190348044595
-129.2666697,40.55000081,18.47380447,9.863859925985127,8.609944544014875
-129.6166697,48.60000097,-2.685401678,-6.303485394418609,3.6180837164186093
-126.3500029,38.56666744,-22.76659775,-22.18603660880098,-0.5805611411990199
-132.0666697,45.21666757,-17.52886009,-11.10695937953684,-6.421900710463158
-131.0166697,42.65000085,-11.79549694,-12.129575659043475,0.3340787190434753
-124.6000029,47.55000095,-41.67871475,-29.57838669978583,-12.100328050214166
-130.200003,47.55000095,2.159740925,-6.391842218898534,8.551583143898535
-119.7000028,49.18333432,-15.68035412,-6.161380884564796,-9.518973235435205
-123.2000029,39.15000078,2.935874701,21.712949977428565,-18.777075276428565
-129.500003,43.00000086,-4.035845757,-10.057862131857856,6.022016374857857
-123.4333362,45.91666758,65.21803284,41.09219207672805,24.12584076327196
-126.0000029,40.08333413,-47.80096054,-51.55352671781895,3.7525661778189487
-125.7666696,46.73333427,-12.26125526,-23.67344363593969,11.41218837593969
-120.4000028,52.33333438,25.56736565,8.400525617148439,17.16684003285156
-128.100003,49.65000099,-67.99547577,-36.98697630216634,-31.00849946783366
-124.8333362,42.41666751,-11.33119202,-30.554164541059652,19.222972521059653
-132.1833364,42.65000085,-10.31271648,-12.385443611903206,2.0727271319032052
-119.9333361,46.85000094,-30.12031364,-6.777941529444616,-23.34237211055538
-125.8833363,45.1000009,-31.44062996,-23.000434985620977,-8.440194974379022
-119.5833361,38.21666743,125.0416794,70.3905001464305,54.65117925356951
-129.9666697,45.68333425,3.723914385,-4.670701522497989,8.39461590749799
-129.850003,50.81666768,-89.25849152,-28.516808524644564,-60.74168299535545
-123.7833362,48.25000096,14.52063274,34.85955896449534,-20.338926224495342
-121.4500028,49.41666765,-61.68093109,-0.31225399531427506,-61.36867709468573
-124.9500029,38.21666743,-20.51971245,-24.060524565416443,3.5408121154164434
-124.7166696,50.58333434,46.71029282,-16.126568511656014,62.83686133165601
-122.8500029,47.20000094,-38.71655655,-28.611213578102788,-10.105342971897212
-125.8833363,39.50000079,-7.947360039,-14.396426220827012,6.449066181827011
-119.2333361,44.75000089,28.07225418,3.2304401298179912,24.84181405018201
-128.100003,44.63333423,-20.85709,-8.971448870867562,-11.885641129132438
-129.9666697,43.81666754,-14.04319096,-10.31638001570322,-3.72681094429678
-127.4000029,46.38333426,-6.184398651,-8.67555042511782,2.491151774117819
-122.1500028,48.4833343,-38.38193512,-29.083180359633328,-9.298754760366673
-121.9166695,51.05000102,-46.20314789,17.291851206578773,-63.494999096578766
-128.450003,49.41666765,-10.44255829,-17.38052318279504,6.937964892795042
-121.6833362,42.76666752,4.328392982,7.668328016630637,-3.3399350346306367
-122.5000028,52.91666772,-52.4828186,-19.463388983281945,-33.01942961671806
-119.8166695,44.40000089,70.79708862,10.860949840247338,59.93613877975266
-129.2666697,49.06666765,-18.11326599,-8.442724468207597,-9.670541521792401
-127.4000029,53.85000108,39.5163002,31.618082582296925,7.898217617703079
-128.800003,42.53333418,-8.129323959,-7.169795874566112,-0.9595280844338889
-130.550003,48.95000098,-15.58625031,-9.165870166857161,-6.42038014314284
-126.2333363,42.30000085,8.595168114,3.351369013556831,5.243799100443169
-122.8500029,41.60000083,-27.20770073,19.81266041473928,-47.02036114473928
-123.4333362,46.38333426,63.60546494,27.699702616156486,35.90576232384351
-131.600003,39.8500008,-46.11467743,-37.2724479656729,-8.842229464327097
-120.1666695,50.70000101,-60.45140839,-7.929608303718252,-52.52180008628174
-121.8000028,49.76666766,-22.2864418,3.459807178965218,-25.746248978965216
-119.4666695,47.08333427,-22.00554657,-22.153521445489925,0.1479748754899255
-119.9333361,50.35000101,-2.172975302,6.880535439220396,-9.053510741220396
-128.5666696,41.25000082,-9.093696594,0.7794278738391476,-9.873124467839148
-123.5500029,50.46666768,-18.72964096,25.12195853658395,-43.85159949658395
-131.8333364,41.7166675,-13.00825882,-11.242387951237086,-1.7658708687629137
-119.1166694,45.80000092,-49.50117111,-34.8731268652351,-14.6280442447649
-120.4000028,52.68333439,-1.543533206,21.17556629383173,-22.719099499831728
-122.7333362,51.05000102,13.52210045,24.84361108772015,-11.321510637720149
-123.2000029,45.80000092,25.95833778,10.259466938989126,15.698870841010875
-129.3833363,44.05000088,2.395256758,-9.048300873456531,11.443557631456532
-122.5000028,53.03333439,-53.91986465,-19.463388983281945,-34.456475666718056
-125.5333362,40.55000081,-21.74242592,-21.65206022455466,-0.0903656954453389
-129.0333363,52.10000104,1.869659185,-1.9357794691509822,3.805438654150982
-122.8500029,41.13333416,77.65830994,41.60368182147594,36.05462811852406
-132.1833364,39.03333411,-10.70077419,-17.08130322051904,6.380529030519039
-121.4500028,39.26666745,-26.53628922,-9.1776197266454,-17.3586694933546
-120.2833361,43.2333342,5.779218674,10.261872871108386,-4.482654197108386
-121.5666695,51.8666677,-14.84506798,3.417277899545675,-18.262345879545673
-120.6333361,51.40000103,-4.827961922,11.188993034600013,-16.016954956600014
-128.6833363,50.93333435,23.38440514,6.144335086837359,17.24007005316264
-126.7000029,53.96666775,-6.052368164,18.43750095819804,-24.48986912219804
-129.850003,53.3833344,12.39313412,10.709208393892217,1.6839257261077822
-120.0500028,52.56666772,71.86118317,9.626328216980996,62.23485495301901
-126.7000029,47.55000095,-20.60477638,-13.656776986286655,-6.947999393713346
-122.9666695,43.46666754,29.20631981,8.444088357947189,20.76223145205281
-125.5333362,39.26666745,-3.7059021,-18.588145162039574,14.882243062039574
-130.7833363,40.90000082,-3.740788221,-0.7991748095681477,-2.9416134114318524
-125.3000029,50.70000101,0.802877545,14.779313314414473,-13.976435769414474
-124.4833362,51.75000103,33.09167862,21.88408997906633,11.207588640933672
-128.800003,50.11666767,-75.54833984,-56.955723637219705,-18.59261620278029
-120.7500028,51.63333437,3.173233986,10.498144412242505,-7.324910426242505
-123.3166695,44.75000089,28.45275497,20.967828671977927,7.484926298022074
-124.8333362,48.83333431,62.47418213,24.24672706346118,38.22745506653882
-122.7333362,44.40000089,-41.92197037,-3.741987896435355,-38.17998247356464
-128.5666696,43.81666754,-20.43083954,-9.323143131382235,-11.107696408617766
-131.250003,43.70000087,-11.72302055,-15.047933986121988,3.3249134361219888
-129.150003,39.8500008,-42.56871414,-41.25954801893428,-1.309166121065715
-121.5666695,45.1000009,33.93267059,5.077241596287752,28.85542899371225
-119.8166695,51.05000102,-26.50308037,-12.538559936231652,-13.964520433768348
-125.5333362,47.08333427,-19.49902153,-32.47765186116177,12.978630331161767
-120.2833361,39.8500008,19.09947777,28.20960296540673,-9.11012519540673
-124.1333362,46.73333427,-69.03572845,-32.64528400993281,-36.390444440067185
-121.6833362,44.28333422,9.731040955,31.161630030185783,-21.430589075185786
-120.4000028,47.55000095,-9.690006256,0.10203733876719544,-9.792043594767195
-132.7666697,40.66666748,-10.91021156,-9.217153461876306,-1.6930580981236947
-132.0666697,39.03333411,-16.40042496,-17.08130322051904,0.6808782605190409
-120.5166695,40.78333415,21.39271736,26.955097345179823,-5.562379985179824
-130.6666697,53.3833344,10.39502907,7.78312650243985,2.6119025675601497
-126.2333363,52.68333439,31.65864182,31.77756467588099,-0.11892285588098872
-129.3833363,40.31666747,33.22716904,-19.516829743558297,52.7439987835583
-120.5166695,49.06666765,53.22607422,29.58918645893783,23.63688776106217
-128.3333363,51.05000102,-4.544678688,-6.424390008773063,1.8797113207730627
-119.7000028,51.75000103,-26.28037643,-3.6180150887756044,-22.662361341224397
-121.8000028,40.66666748,11.2900095,21.78234519007696,-10.49233569007696
-131.0166697,41.60000083,-7.691865921,-6.327135492720957,-1.3647304282790431
-124.9500029,52.10000104,6.942025185,17.828580656729695,-10.886555471729695
-127.4000029,47.66666762,-4.367433548,-11.529754433703737,7.162320885703736
-129.6166697,45.68333425,-8.137147903,-6.102421233452373,-2.034726669547628
-127.0500029,50.93333435,-10.17378807,7.752795177222973,-17.926583247222972
-122.7333362,40.55000081,70.4560318,-12.767058551744048,83.22309035174405
-122.2666695,42.65000085,61.48634338,12.971832503070342,48.51451087692966
-126.2333363,51.28333436,21.00071907,23.76603531030338,-2.765316240303381
-123.7833362,51.28333436,56.93950272,39.99311146927416,16.94639125072584
-130.900003,38.80000078,-14.80408573,-16.613643360420653,1.8095576304206524
-125.1833362,46.85000094,-16.1605072,-34.61516020103882,18.454653001038817
-132.7666697,40.2000008,-11.99026012,-39.281287842655786,27.291027722655784
-125.7666696,38.21666743,-16.99463081,-23.51308970050362,6.51845889050362
-133.0000031,51.28333436,-3.315550566,-6.698248949816784,3.3826983838167837
-125.6500029,46.38333426,-24.45346642,-25.171107441567386,0.7176410215673847
-119.0000028,48.60000097,11.4538765,-19.31816709937818,30.77204359937818
-132.7666697,39.50000079,-29.34576988,-21.27785219075857,-8.06791768924143
-122.1500028,49.65000099,36.93278503,-5.683277074404737,42.61606210440473
-132.0666697,43.46666754,-17.69550514,-17.37043565998192,-0.3250694800180831
-124.0166695,46.96666761,-43.92791748,-27.27863418377179,-16.64928329622821
-128.3333363,43.00000086,-14.66679668,-9.023721763089672,-5.643074916910328
-123.4333362,40.66666748,4.381581306,12.937992189285177,-8.556410883285178
-125.3000029,52.91666772,16.24285698,10.219328339600036,6.023528640399963
-123.5500029,48.01666763,46.07956696,40.55486799647648,5.5246989635235195
-130.0833363,48.25000096,-16.14046288,-6.3055057318448275,-9.834957148155173
-119.4666695,41.7166675,13.87415886,13.4708263232501,0.40333253674990033
-122.1500028,44.63333423,9.32330513,0.11075251339681412,9.212552616603185
-123.9000029,49.65000099,2.073538542,-0.9203334593263457,2.993872001326346
-119.0000028,46.96666761,-27.77798462,-32.27890892281918,4.500924302819175
-128.2166696,39.15000078,-6.558531761,-15.871065326009871,9.312533565009872
-119.9333361,48.4833343,80.97892761,17.64969936696436,63.329228243035644
-126.8166696,41.13333416,-4.287435532,-2.189244663883864,-2.098190868116136
-129.3833363,52.68333439,17.56372643,1.2055790158368536,16.358147414163145
-127.5166696,37.98333409,-22.64577866,-22.277712625747224,-0.3680660342527773
-125.4166696,40.2000008,-38.64671707,-30.46120005261314,-8.18551701738686
-129.9666697,45.56666758,3.167821407,-4.670701522497989,7.838522929497989
-131.600003,46.50000093,-18.97292328,-13.649853287945598,-5.323069992054402
-120.4000028,43.81666754,16.47670174,13.879870732338054,2.5968310076619456
-129.7333363,46.50000093,-7.478543282,-4.976056094126961,-2.5024871878730393
-123.6666695,43.35000087,42.54825211,37.572604246220145,4.975647863779855
-132.1833364,39.61666746,-29.3402195,-28.549751743177,-0.7904677568229985
-123.5500029,49.18333432,-73.02169037,-22.721623278198194,-50.30006709180181
-127.6333363,51.05000102,-25.75399971,5.433666442707287,-31.187666152707287
-125.0666696,50.11666767,-26.94571304,-17.89924669104843,-9.046466348951572
-119.5833361,53.50000107,37.05916214,21.77124720363767,15.287914936362327
-122.6166695,53.03333439,-36.34468842,-15.224663916780559,-21.12002450321944
-124.0166695,39.8500008,13.77255726,2.6318892301623906,11.14066802983761
-130.6666697,47.55000095,-10.37921715,-7.806363653352119,-2.5728534966478813
-123.9000029,42.53333418,40.45483017,37.15611196418905,3.2987182058109497
-128.450003,41.95000084,-4.726880074,-6.774259253203303,2.0473791792033023
-123.5500029,40.78333415,-10.93119049,12.937992189285177,-23.869182679285178
-121.3333362,38.45000077,-21.03350067,-32.49425669634041,11.460756026340409
-123.6666695,45.56666758,89.53031921,76.49934835758589,13.030970852414114
-120.0500028,42.18333418,32.72598267,17.01762292565635,15.70835974434365
-126.5833363,51.75000103,-48.39426041,10.847051003046529,-59.24131141304653
-121.4500028,48.71666764,47.00110245,18.94480162082623,28.056300829173768
-122.2666695,53.26666773,-8.373639107,-4.629540781549039,-3.7440983254509614
-128.9166696,39.73333413,-36.21341324,-32.1760471583926,-4.037366081607402
-127.9833363,39.50000079,-12.4826088,-18.385334550729393,5.9027257507293935
-128.450003,51.98333437,25.68842697,-2.726503112632656,28.414930082632655
-131.0166697,42.30000085,-10.61236191,-4.751453716339359,-5.8609081936606415
-129.850003,40.08333413,-68.6120224,-47.291665271244845,-21.320357128755155
-123.3166695,40.2000008,-15.6725235,3.768801976619034,-19.441325476619035
-123.9000029,41.48333416,-13.19307899,8.592746021076298,-21.785825011076298
-125.0666696,43.70000087,-43.86117554,-31.87676285636972,-11.984412683630278
-131.600003,42.65000085,-11.06115246,-14.190481021273797,3.1293285612737964
-126.8166696,41.95000084,1.802493572,-2.6068204983475685,4.409314070347568
-126.3500029,52.21666771,-24.16707039,21.482777224512756,-45.64984761451275
-121.5666695,43.93333421,39.34922409,11.205030012793344,28.144194077206656
-127.5166696,40.31666747,0.176538557,-8.03697483704241,8.21351339404241
-125.1833362,43.93333421,-52.76028442,-40.575334548032394,-12.184949871967603
-123.7833362,39.50000079,11.66963005,15.668485224359301,-3.998855174359301
-132.0666697,45.1000009,-21.07363319,-9.158143192520852,-11.915489997479147
-129.0333363,43.00000086,-9.571681023,-8.515757404389246,-1.0559236186107537
-120.8666695,43.70000087,16.97900009,10.420926340762868,6.558073749237131
-121.4500028,44.98333423,1.205260396,8.88033735601715,-7.675076960017151
-123.7833362,38.80000078,25.82694626,3.9460562709412637,21.880889989058737
-122.1500028,41.60000083,26.40864182,15.184432047766071,11.224209772233928
-121.8000028,46.50000093,4.644052505,1.9464870094246318,2.6975654955753683
-128.3333363,52.91666772,19.29917526,2.0612846981082877,17.23789056189171
-126.5833363,51.40000103,65.51856995,28.988363637499926,36.53020631250007
-130.3166697,52.45000105,-29.4575367,-3.369712707366991,-26.08782399263301
-129.2666697,46.85000094,-2.543452978,-3.996961968839478,1.4535089908394783
-132.300003,47.31666761,-9.074485779,-10.794734962136253,1.7202491831362536
-126.2333363,39.15000078,-3.483279705,-15.91528614330777,12.43200643830777
-129.2666697,46.96666761,-4.025468826,-4.546669273040625,0.5212004470406253
-119.3500028,53.73333441,-17.15963936,24.90032521025437,-42.059964570254365
-123.2000029,41.60000083,113.6355286,42.84239514933905,70.79313345066095
-124.8333362,40.90000082,-49.91682816,-27.97355725618648,-21.94327090381352
-124.1333362,49.65000099,-11.8322258,-16.80895641780568,4.9767306178056785
-123.3166695,52.80000106,4.399786949,-1.3859988487708306,5.7857857977708305
-122.1500028,39.61666746,-12.59694099,-24.124426541972465,11.527485551972465
-119.9333361,53.61666774,4.924163818,14.515279801719766,-9.591115983719765
-123.2000029,53.15000106,2.919263124,-5.269879705703209,8.18914282970321
-120.1666695,49.76666766,-3.389073849,9.886252934905208,-13.275326783905207
-125.7666696,38.3333341,-15.27100945,-22.867658316733348,7.596648866733348
-120.0500028,51.98333437,-45.99799347,1.4602232842947747,-47.458216754294774
-122.9666695,51.8666677,-33.40976715,-3.5318969800178937,-29.877870169982106
-132.6500031,43.81666754,-13.07017231,-10.351833583034571,-2.7183387269654293
-123.5500029,42.53333418,18.97324562,29.94452924297576,-10.971283622975761
-119.0000028,41.7166675,22.43523216,20.761592234166464,1.6736399258335375
-130.550003,44.75000089,-3.495784998,1.224927143864067,-4.720712141864067
-128.800003,44.40000089,-20.60544777,-9.804831872468261,-10.80061589753174
-129.9666697,42.30000085,-12.74866295,-6.802491960571637,-5.946170989428363
-124.6000029,46.6166676,-40.90775299,-42.2451214195252,1.337368429525199
-128.2166696,48.95000098,-16.00354195,-14.280753339224336,-1.7227886107756625
-128.5666696,49.88333433,-66.08338928,-56.96527320849853,-9.118116071501476
-122.2666695,39.50000079,-29.46126747,-15.948013950123512,-13.513253519876487
-125.0666696,53.3833344,-13.14393234,-2.271086061475224,-10.872846278524776
-124.1333362,49.53333432,-31.88302612,-5.161182967783425,-26.721843152216575
-119.0000028,48.95000098,27.01535606,-20.9925545143376,48.0079105743376
-123.0833362,41.36666749,40.7580719,52.5693919918696,-11.811320091869604
-127.5166696,45.56666758,-7.458233833,-8.67555042511782,1.217316592117819
-128.6833363,53.03333439,10.00126457,6.50809430233081,3.49317026766919
-128.2166696,44.86666756,-9.280845642,-8.971448870867562,-0.30939677113243746
-120.1666695,42.53333418,41.15339661,19.583406221827136,21.569990388172865
-128.2166696,41.83333417,-6.547446251,-4.839092742525635,-1.7083535084743655
-124.0166695,53.50000107,-11.5290184,-1.7897318816617556,-9.739286518338245
-119.2333361,46.96666761,-23.52066422,-21.740486108929073,-1.7801781110709278
-126.4666696,41.95000084,-33.78232574,-6.922184674239722,-26.860141065760274
-121.1000028,44.75000089,-41.14409637,-2.0766434292492817,-39.06745294075072
-119.4666695,45.45000091,-24.54901314,-32.89534278222915,8.34632964222915
-128.2166696,50.11666767,-91.43872833,-30.320612815902813,-61.11811551409719
-122.7333362,49.18333432,-57.15466309,-26.487723244044673,-30.666939845955326
-119.5833361,52.21666771,9.807985306,21.597076789400425,-11.789091483400425
-125.6500029,52.68333439,47.63099289,18.788004167937054,28.842988722062948
-124.2500029,45.56666758,-47.02089691,-28.92829995690811,-18.09259695309189
-124.9500029,38.80000078,-33.4657135,-26.36000336649471,-7.105710133505291
-119.3500028,49.65000099,77.26685333,-13.288518610125454,90.55537194012545
-119.8166695,51.8666677,94.30915833,7.555794598862798,86.7533637311372
-131.1333364,47.20000094,-13.94841099,-9.509116123385777,-4.4392948666142225
-120.9833362,47.78333429,47.08579254,39.717304276652676,7.368488263347324
-122.5000028,45.56666758,-36.70041275,-10.307637702947583,-26.392775047052417
-131.8333364,44.86666756,-29.43737984,-14.354289487525012,-15.083090352474986
-125.6500029,45.91666758,-21.12737656,-28.843540297152522,7.716163737152524
-132.4166697,43.2333342,-14.63949776,-10.927066024281691,-3.712431735718308
-131.250003,51.5166677,-7.321101189,-17.1021867498141,9.781085560814098
-121.4500028,50.93333435,-42.7322197,7.450436358045846,-50.18265605804585
-127.5166696,50.46666768,35.96133804,18.323730044764588,17.637607995235413
-125.5333362,44.05000088,-68.0636673,-49.2520794256723,-18.811587874327707
-123.9000029,51.05000102,33.83845901,42.683938279548165,-8.845479269548164
-120.4000028,46.03333425,54.03989792,-7.610138701632044,61.65003662163205
-124.4833362,41.95000084,-34.26507187,-27.804847904809936,-6.460223965190064
-129.6166697,47.43333428,0.488711774,-10.597705748120905,11.086417522120906
-131.0166697,44.40000089,-13.93727398,-7.789984262900403,-6.147289717099597
-125.4166696,39.03333411,-15.9195776,-21.566102345579957,5.646524745579956
-123.7833362,39.73333413,22.29654884,15.304537920044265,6.992010919955735
-130.6666697,43.5833342,-9.37980175,-11.838792585133724,2.458990835133724
-121.4500028,38.80000078,-65.9171524,-34.27261124761134,-31.64454115238867
-126.5833363,38.80000078,-29.4793911,-18.892120544754203,-10.587270555245798
-121.2166695,46.15000092,-12.51048374,7.908683613524692,-20.419167353524692
-119.1166694,42.53333418,-4.324602127,9.08101673411469,-13.405618861114691
-125.4166696,48.95000098,2.089752436,22.38828738555712,-20.29853494955712
-126.9333363,50.58333434,-3.009132147,1.0932312734916398,-4.10236342049164
-129.2666697,52.45000105,8.009605408,-1.3516148308973504,9.361220238897351
-123.5500029,39.03333411,48.72028351,18.768905248421916,29.951378261578085
-128.9166696,39.50000079,-12.58732986,-18.144008899292277,5.556679039292277
-124.8333362,53.85000108,-12.87276459,-13.235524421072622,0.3627598310726228
-121.5666695,43.46666754,4.974188805,10.336846855713324,-5.362658050713324
-126.7000029,46.96666761,-16.01784325,-12.077584357513903,-3.9402588924860957
-126.1166696,49.53333432,68.78936768,30.890603111462337,37.89876456853766
-128.3333363,41.36666749,-4.88928318,0.17039577679856122,-5.059678956798561
-120.0500028,42.06666751,32.74620056,8.558927631180676,24.187272928819322
-132.5333364,40.78333415,-9.995462418,-9.217153461876306,-0.7783089561236949
-119.8166695,52.45000105,19.74115753,40.06777726737676,-20.326619737376763
-119.5833361,40.78333415,-6.138001442,7.184683360983603,-13.322684802983602
-121.9166695,41.25000082,9.312712669,10.666155748032393,-1.3534430790323935
-132.300003,46.85000094,-10.36478138,-11.92194387148517,1.5571624914851707
-133.0000031,42.18333418,-23.32429504,-10.986742859478928,-12.33755218052107
-130.4333363,40.55000081,-6.07301712,1.1176545615030626,-7.190671681503063
-128.100003,47.43333428,-10.95461178,-7.690201283502728,-3.2644104964972724
-124.1333362,39.26666745,-17.02807999,-18.097872235065264,1.0697922450652655
-132.4166697,39.03333411,-18.67744827,-17.08130322051904,-1.5961450494809597
-131.0166697,39.73333413,-36.18361282,-35.11424698139525,-1.069365838604753
-127.9833363,43.2333342,-9.675265312,-11.07716678734102,1.4019014753410186
-132.5333364,44.05000088,-13.91025448,-10.108168532663953,-3.8020859473360478
-132.5333364,44.98333423,-15.98812962,-11.521141160494203,-4.466988459505798
-119.4666695,50.35000101,-6.291319847,-15.14664305085948,8.85532320385948
-128.3333363,51.28333436,-1.786818862,-6.156420405892835,4.369601543892834
-126.3500029,43.70000087,-7.035466194,-9.936917859821575,2.9014516658215754
-126.2333363,38.56666744,-30.3090744,-23.19133283578242,-7.117741564217582
-120.8666695,39.50000079,34.09480667,22.715525015184543,11.379281654815454
-122.5000028,39.03333411,17.99562454,10.539422494284112,7.456202045715889
-119.0000028,49.76666766,40.76859283,-2.664542819742767,43.433135649742766
-131.4833364,43.46666754,-10.94120789,-16.51120874444773,5.570000854447729
-124.3666696,52.56666772,-2.160791397,11.797034637115841,-13.957826034115842
-129.2666697,39.15000078,-19.26370239,-15.238371720751445,-4.025330669248554
-129.0333363,40.90000082,12.37152004,3.446289207187467,8.925230832812533
-130.550003,49.06666765,-10.70551682,-10.361829155405669,-0.34368766459433076
-131.600003,52.68333439,68.12459564,56.22764258491515,11.896953055084843
-131.950003,49.06666765,-12.65592003,-6.791897237714879,-5.864022792285121
-130.6666697,41.7166675,-2.379771233,-6.3310625948191905,3.9512913618191905
-121.4500028,50.35000101,37.6552887,2.6705397026637177,34.98474899733628
-126.9333363,47.90000096,-16.36145401,-12.534246636160209,-3.8272073738397907
-124.2500029,41.48333416,-40.48155594,-24.72184594847948,-15.75970999152052
-129.150003,43.81666754,-16.15624619,-10.299093258616464,-5.857152931383537
-123.4333362,53.61666774,11.33961201,-8.482479127494697,19.822091137494695
-126.7000029,41.60000083,0.596626103,-2.170943515604659,2.767569618604659
-119.2333361,49.30000099,54.51510239,5.947435069480283,48.56766732051972
-130.900003,42.88333419,-15.67580318,-12.610184998675795,-3.065618181324206
-125.3000029,50.23333434,-14.0319376,23.193973306497824,-37.22591090649782
-124.0166695,41.36666749,-22.1035099,-4.4218534474697755,-17.681656452530223
-127.0500029,38.80000078,-19.13150215,-14.842270502539133,-4.289231647460866
-126.2333363,49.30000099,-21.16801834,-0.8365953300595298,-20.33142300994047
-122.8500029,53.3833344,-13.2881155,-9.54585018705644,-3.7422653129435606
-126.2333363,38.10000076,-21.83319092,-23.29419275645853,1.4610018364585287
-130.4333363,43.00000086,-9.515597343,-8.719794504313931,-0.7958028386860683
-124.0166695,50.70000101,16.23548126,15.947185042573745,0.28829621742625555
-121.1000028,48.95000098,-29.43129921,21.41072593171009,-50.84202514171009
-127.9833363,38.68333411,-17.65054321,-18.942647280152265,1.2921040701522664
-124.9500029,51.75000103,96.43292999,34.835863175540666,61.59706681445934
-120.4000028,42.18333418,-25.04924774,11.442660726941615,-36.49190846694161
-120.6333361,52.56666772,-40.88634872,10.9507010485348,-51.8370497685348
-122.9666695,46.03333425,-8.226858139,7.3318773528381005,-15.558735491838101
-119.8166695,40.43333414,-27.85203743,6.331433834341494,-34.18347126434149
-128.2166696,51.28333436,-1.381511688,-5.096428849625345,3.714917161625345
-128.9166696,53.61666774,0.505955994,-4.657350551258709,5.163306545258709
-123.7833362,47.78333429,31.34754753,42.35569387642463,-11.008146346424631
-123.5500029,45.1000009,45.49261856,74.57285077076625,-29.080232210766255
-122.5000028,42.65000085,11.3552494,3.4571274556286413,7.898121944371359
-130.3166697,48.25000096,-10.15847492,-7.299604841901183,-2.8588700780988168
-130.200003,51.98333437,-8.421516418,-8.633464782754034,0.21194836475403456
-129.0333363,50.93333435,44.02081299,1.7493407105082617,42.27147227949174
-119.2333361,43.2333342,-13.80374813,4.388885258224404,-18.192633388224404
-127.750003,49.06666765,-41.72858047,-26.890856605410903,-14.837723864589094
-126.8166696,46.6166676,-10.00640392,-9.546912039750605,-0.459491880249395
-127.1666696,44.16666755,-6.451713562,-6.647003711379867,0.19529014937986666
-124.6000029,50.11666767,-13.47828007,-19.363385077600288,5.885105007600288
-128.800003,44.86666756,-6.205068588,-7.62125821541089,1.4161896274108905
-121.4500028,53.73333441,14.30150318,-9.588026985563074,23.889530165563073
-119.1166694,48.4833343,53.62273026,3.6217326505924374,50.00099760940756
-129.150003,41.83333417,7.387622833,-5.15864320214957,12.54626603514957
-129.500003,53.03333439,21.05230713,-1.7645565755201693,22.81686370552017
-123.4333362,46.73333427,28.56981087,11.63261594781756,16.937194922182442
-125.0666696,49.30000099,34.99440002,38.84575075095767,-3.8513507309576696
-125.7666696,42.76666752,-8.060387611,-10.074279794358612,2.013892183358612
-123.6666695,47.55000095,-1.939626694,25.363052472099938,-27.30267916609994
-132.6500031,52.68333439,-81.90248871,-59.571179989402474,-22.331308720597526
-126.9333363,44.05000088,-0.222060457,-8.307519219172214,8.085458762172214
-125.6500029,40.55000081,-15.07460785,-11.393521712220513,-3.681086137779486
-122.0333362,47.08333427,-33.74074173,-28.61079923553894,-5.129942494461062
-125.6500029,42.06666751,-12.32290649,-25.60463729058851,13.28173080058851
-125.3000029,39.26666745,5.377828598,-19.884537145852534,25.262365743852534
-130.900003,44.63333423,-0.481376469,-5.079010437810881,4.597633968810881
-122.6166695,47.66666762,-85.25878906,-40.0943064891618,-45.164482570838196
-124.8333362,42.06666751,-13.96008301,-31.10060751107204,17.140524501072044
-132.6500031,41.60000083,-11.97960758,-9.930705291341903,-2.0489022886580965
-130.550003,49.76666766,-0.5402776,-4.236649119113262,3.6963715191132622
-130.6666697,44.16666755,-11.31414986,-7.064609855983335,-4.249540004016666
-130.900003,47.43333428,-5.731956482,-9.045864940062605,3.3139084580626053
-133.0000031,50.11666767,-1.2063905,-7.964109225267533,6.757718725267534
-119.0000028,37.98333409,-55.29166412,36.38435891917031,-91.6760230391703
-126.0000029,43.5833342,-20.271595,-20.013425463361862,-0.2581695366381389
-129.3833363,47.78333429,-4.169377804,-4.734363764729909,0.564985960729909
-123.0833362,50.70000101,88.15224457,24.03236452456349,64.1198800454365
-128.2166696,44.51666756,-13.61664581,-8.971448870867562,-4.645196939132438
-122.7333362,41.60000083,37.68317032,18.352120757201067,19.331049562798935
-123.6666695,38.56666744,11.40141869,8.242608977205464,3.158809712794536
-130.0833363,53.73333441,24.60710144,12.602234249548292,12.004867190451709
-123.2000029,45.56666758,10.47506428,34.6161452740917,-24.141080994091702
-131.4833364,49.18333432,-21.57481003,-9.73677105547231,-11.838038974527688
-132.0666697,51.75000103,-16.43818283,-17.779592690263406,1.3414098602634077
-128.100003,48.95000098,-17.28528404,-16.93295372179515,-0.3523303182048494
-131.8333364,46.50000093,-14.18710995,-10.703009148420165,-3.484100801579835
-129.6166697,39.03333411,-20.37604523,-16.583404610733176,-3.792640619266823
-130.0833363,46.73333427,-1.411062121,-5.391471832244179,3.9804097112441785
-119.7000028,50.70000101,-55.38842773,-22.584557771733955,-32.80386995826604
-128.3333363,41.01666749,-11.09839821,0.5862503104869996,-11.684648520486999
-126.7000029,52.56666772,15.76487637,3.8619318986273274,11.902944471372672
-123.4333362,48.36666763,31.69068336,52.85470956658878,-21.16402620658878
-127.5166696,46.6166676,-3.295496464,-8.67555042511782,5.380053961117819
-131.3666697,45.56666758,6.586431503,-9.503700247340507,16.090131750340507
-129.2666697,44.86666756,-3.000141144,-7.465226800876436,4.465085656876436
-122.3833362,41.13333416,8.593271255,11.385739966009893,-2.792468711009894
-122.2666695,52.21666771,-32.65323639,-3.3088366297192677,-29.34439976028073
-130.4333363,44.05000088,2.812004566,-9.880632351178413,12.692636917178413
-131.0166697,51.8666677,53.42894745,-5.363242980012742,58.792190430012745
-126.3500029,50.93333435,21.27254105,16.245319893471027,5.027221156528974
-121.6833362,49.30000099,-98.22394562,-9.162411065039867,-89.06153455496013
-125.7666696,51.40000103,-39.37036133,33.7986853821718,-73.16904671217179
-122.2666695,50.58333434,112.0818481,10.531420105332108,101.5504279946679
-128.6833363,45.80000092,-4.413478851,-7.2257048137971,2.8122259627971005
-123.4333362,45.68333425,118.6046982,65.22316726920762,53.38153093079238
-126.8166696,50.93333435,-14.41851139,11.822317850130744,-26.240829240130743
