long,lat,ps_q_test_data,ps_q_predicted,residual
-132.5333364,38.68333411,-17.44260788,-20.68003768062491,3.237429800624909
-120.9833362,43.81666754,17.47746277,17.25028846955218,0.2271743004478175
-132.1833364,41.01666749,-8.563976288,-7.970862161227343,-0.5931141267726563
-127.4000029,53.50000107,39.23415756,32.98058567029171,6.25357188970829
-128.800003,38.21666743,-27.02675056,-24.192448757310128,-2.834301802689872
-130.4333363,48.83333431,-0.214152277,-6.641993745626419,6.4278414686264185
-124.2500029,42.65000085,47.06886673,39.364446542005986,7.7044201879940175
-125.5333362,39.96666747,-53.63111496,-33.59349237934038,-20.037622580659615
-132.4166697,46.85000094,-4.956989288,-11.287901543416046,6.330912255416046
-132.1833364,51.05000102,1.111450553,-4.328137203099331,5.439587756099331
-125.6500029,41.95000084,-11.8596611,-18.608071228570612,6.748410128570612
-131.1333364,46.03333425,-5.578807831,-4.04633711630247,-1.5324707146975296
-130.0833363,50.23333434,8.560112953,0.1003182324491468,8.459794720550853
-124.7166696,52.21666771,67.16214752,31.410677349069783,35.75147017093022
-133.0000031,45.1000009,-18.1336422,-12.174983638962146,-5.958658561037854
-132.5333364,42.18333418,-16.2539196,-15.18485018750182,-1.0690694124981803
-131.4833364,43.00000086,-19.49572182,-15.512008693267683,-3.983713126732317
-122.8500029,51.40000103,49.11948776,36.785873177640894,12.333614582359104
-126.1166696,44.40000089,-27.21250153,-16.156737436515012,-11.055764093484989
-122.6166695,53.3833344,-31.95977402,-15.211753802665203,-16.748020217334798
-127.4000029,44.28333422,-4.021282196,-6.224168336962048,2.2028861409620486
-133.0000031,37.98333409,-20.52274895,-23.27464715319035,2.7518982031903505
-125.1833362,50.46666768,-5.091938972,39.915413330127485,-45.00735230212749
-132.5333364,52.33333438,-50.99006271,-59.912989401850986,8.92292669185099
-119.7000028,44.63333423,3.832671881,15.018673192351866,-11.186001311351866
-129.6166697,48.83333431,-26.5727787,-10.781507646616639,-15.791271053383362
-129.150003,48.60000097,-15.68063831,-9.442727678491629,-6.237910631508372
-122.0333362,39.61666746,1.664209247,-26.43804869532182,28.10225794232182
-126.0000029,47.20000094,-12.41930962,-19.460942433977593,7.041632813977593
-125.1833362,48.01666763,-40.22628784,-35.89418813763267,-4.33209970236733
-130.550003,44.16666755,-8.413925171,-11.806859303223058,3.3929341322230577
-123.2000029,53.85000108,-0.697441876,-12.055515818003341,11.358073942003342
-130.200003,38.10000076,-12.07507801,-20.44154357763777,8.36646556763777
-129.6166697,43.93333421,-27.4588356,-15.517551243054399,-11.941284356945602
-129.0333363,39.61666746,-20.33296394,-26.661481557349976,6.328517617349977
-127.1666696,50.70000101,-16.63521767,-7.527270655031666,-9.107947014968333
-126.9333363,51.75000103,-0.026148647,11.123487624252974,-11.149636271252973
-129.0333363,40.66666748,8.728756905,5.616370430205499,3.1123864747945005
-123.5500029,44.40000089,45.11994934,49.84887680905664,-4.728927469056643
-124.8333362,42.30000085,-13.1437006,-23.02320998381662,9.87950938381662
-122.2666695,45.33333424,-41.43912506,-19.188176103640593,-22.25094895635941
-128.9166696,45.80000092,-6.043553352,-6.655482383967886,0.6119290319678861
-123.7833362,42.41666751,49.13862991,32.498377086281685,16.640252823718313
-132.1833364,47.55000095,-8.756575584,-8.05036966826794,-0.7062059157320597
-122.3833362,43.81666754,-18.92689514,-8.811224679941928,-10.115670460058071
-127.750003,47.31666761,-2.344241142,-8.234283463462004,5.890042321462005
-122.5000028,53.03333439,-53.91986465,-43.301701525123605,-10.618163124876396
-124.1333362,39.96666747,26.20755577,-18.350216912651224,44.55777268265122
-132.6500031,46.03333425,-13.67983055,-14.478307482244285,0.7984769322442844
-123.3166695,50.70000101,66.5438385,15.07558608870114,51.46825241129886
-132.8833364,44.40000089,-12.08246422,-16.68226113636461,4.599796916364609
-124.0166695,44.05000088,36.05398178,23.21221399781157,12.84176778218843
-126.2333363,47.31666761,-28.75005722,-22.981433024740987,-5.768624195259012
-132.7666697,44.16666755,-13.19447422,-16.406637748511944,3.212163528511944
-131.8333364,44.75000089,-26.59819794,-18.86466435713691,-7.733533582863089
-132.300003,40.08333413,-35.37174988,-37.43492206148635,2.063172181486344
-131.4833364,43.5833342,-12.56412601,-17.71331823815114,5.149192228151138
-123.3166695,41.7166675,-26.48658371,13.480300626899778,-39.96688433689978
-125.8833363,42.06666751,-3.569696903,-1.1011447531525742,-2.468552149847426
-120.6333361,40.90000082,3.584539413,17.471457166301803,-13.886917753301804
-121.1000028,49.76666766,31.06798553,53.31022438341954,-22.242238853419536
-130.550003,50.35000101,15.3651247,-4.635945400020265,20.001070100020264
-120.1666695,40.55000081,-5.273610115,14.446245231610844,-19.719855346610842
-125.8833363,51.40000103,-0.191639185,80.14244361991317,-80.33408280491317
-121.2166695,39.03333411,-13.33661842,-23.971234190025577,10.634615770025576
-129.9666697,41.25000082,9.120621681,15.984278251943774,-6.863656570943775
-120.7500028,51.05000102,6.36912632,12.625939394545071,-6.256813074545071
-130.200003,47.08333427,-0.11348778,-6.361775772723297,6.248287992723297
-129.9666697,49.18333432,-8.056114197,-6.575405174946423,-1.4807090220535768
-132.5333364,41.60000083,-7.01336956,-9.596742741023071,2.583373181023071
-124.1333362,49.06666765,43.2080574,55.117242429151815,-11.909185029151814
-122.6166695,53.50000107,-40.97013855,-15.211753802665203,-25.758384747334798
-128.3333363,38.10000076,-23.91234398,-22.455460822328458,-1.456883157671541
-129.6166697,41.7166675,-6.436360359,-4.36640190471877,-2.06995845428123
-120.8666695,39.50000079,34.09480667,23.398881615612098,10.6959250543879
-130.6666697,53.61666774,8.544160843,0.7904094763006019,7.753751366699398
-133.0000031,48.71666764,-21.41934013,-14.304247241464443,-7.115092888535555
-124.9500029,53.50000107,-28.26958084,-10.91936111719266,-17.35021972280734
-132.8833364,48.4833343,-17.34653664,-9.821920603295228,-7.5246160367047725
-130.550003,45.21666757,-6.738910675,-5.07897121830598,-1.65993945669402
-120.8666695,40.2000008,21.06526566,15.634563324195224,5.430702335804778
-131.0166697,53.15000106,-11.01025772,-4.913013381409104,-6.0972443385908965
-125.5333362,43.46666754,-82.35466766,-65.15779051725619,-17.196877142743816
-128.800003,44.98333423,-4.73684597,-7.373540342880003,2.6366943728800027
-123.4333362,38.21666743,-20.71309853,-10.943337524310822,-9.769761005689178
-122.3833362,52.56666772,-53.05668259,-9.045069483737022,-44.01161310626298
-132.8833364,41.48333416,-0.357556283,-0.9359736173879721,0.5784173343879722
-125.3000029,51.05000102,113.851181,85.64941856884722,28.201762431152773
-131.8333364,43.2333342,-22.26352882,-17.046971675000464,-5.216557144999538
-127.6333363,37.98333409,-24.45638275,-22.386779239745238,-2.069603510254762
-121.9166695,41.95000084,1.826869965,2.932888114821682,-1.1060181498216821
-120.7500028,41.25000082,69.12335205,24.018894191586725,45.10445785841327
-124.7166696,48.71666764,52.3910675,18.79596811784947,33.59509938215053
-131.600003,42.06666751,-15.66030884,-12.059542221137699,-3.600766618862302
-131.0166697,45.45000091,-1.324296951,-5.239219628758778,3.914922677758778
-133.0000031,49.06666765,-12.28213978,-11.468483583816084,-0.8136561961839153
-122.0333362,40.78333415,-55.96014404,-13.186297574361364,-42.77384646563864
-124.9500029,47.20000094,-30.14790916,-38.78160653157824,8.63369737157824
-123.3166695,42.30000085,21.0728302,24.864304243934356,-3.7914740439343575
-119.4666695,53.03333439,-25.15971184,-6.913785148683628,-18.24592669131637
-119.8166695,41.36666749,24.42730141,18.979018227952526,5.448283182047472
-128.9166696,51.98333437,-1.249043226,-5.260914800539486,4.0118715745394855
-130.3166697,45.80000092,-11.91227436,-2.0672399304773394,-9.84503442952266
-131.950003,47.20000094,-13.63353729,-11.478252309783526,-2.1552849802164733
-129.3833363,43.00000086,-4.377632141,-10.714687064954433,6.337054923954432
-125.6500029,38.91666744,-24.3004303,-19.40983150248691,-4.890598797513089
-124.4833362,47.90000096,-55.16433334,-26.707262296534637,-28.457071043465362
-128.6833363,44.05000088,7.275258064,-4.252639390589755,11.527897454589755
-124.2500029,44.40000089,-9.017198563,-13.052418210676501,4.035219647676502
-125.3000029,51.40000103,103.8810959,71.82058746253995,32.06050843746006
-130.7833363,41.13333416,35.22735214,27.5050231657534,7.722328974246601
-132.5333364,53.26666773,79.15253448,86.5236127664063,-7.371078286406302
-131.1333364,51.98333437,63.43909073,23.42155751515997,40.01753321484003
-133.0000031,53.3833344,10.67172718,-6.011464935287865,16.683192115287866
-129.850003,46.26666759,7.949176788,-2.029530313775029,9.97870710177503
-131.4833364,39.38333412,-29.2480545,-20.128620546709765,-9.119433953290233
-121.8000028,43.46666754,15.00514126,14.288898378433933,0.7162428815660675
-129.7333363,44.86666756,-8.08913517,-3.67389121390575,-4.415243956094251
-124.2500029,43.2333342,6.934799194,4.153565285944321,2.781233908055679
-126.4666696,42.76666752,11.34023857,4.771758151961498,6.568480418038503
-130.200003,51.63333437,-15.02416992,-8.879432731855319,-6.144737188144681
-131.7166697,46.96666761,-22.19770622,-16.130641858737846,-6.067064361262155
-126.5833363,44.40000089,-1.940929532,-9.561520990091722,7.620591458091722
-121.9166695,49.41666765,-20.05718231,21.55400926416208,-41.61119157416208
-124.4833362,46.38333426,-50.21760178,-40.712869080006946,-9.504732699993056
-132.0666697,38.3333341,-31.42074776,-28.642664189231912,-2.7780835707680893
-119.8166695,47.78333429,13.70321369,-6.576925449280895,20.280139139280895
-122.2666695,48.60000097,-51.32818985,-32.5752404430782,-18.7529494069218
-122.3833362,53.73333441,1.225054622,-4.793781380396521,6.018836002396521
-128.2166696,47.43333428,-10.28168488,-7.733829838009851,-2.5478550419901493
-122.2666695,42.53333418,58.4312706,34.13491010877755,24.29636049122245
-132.8833364,42.76666752,-18.26674271,-13.47817779131608,-4.788564918683919
-124.3666696,47.66666762,-37.47492218,-5.338809286301581,-32.13611289369842
-122.5000028,45.1000009,-22.10365486,-34.94259532121832,12.838940461218321
-127.2833363,42.30000085,5.207765579,7.561483493057388,-2.3537179140573876
-122.8500029,48.83333431,-66.61208344,-41.08569726772555,-25.526386172274456
-124.6000029,44.40000089,-16.11612892,-20.974495780080165,4.858366860080164
-121.8000028,39.03333411,0.589337647,-25.067004296129433,25.656341943129434
-125.8833363,50.11666767,83.8912735,63.699906744539696,20.1913667554603
-127.9833363,48.1333343,1.42391789,-8.783912064005756,10.207829954005756
-130.4333363,48.71666764,-3.541679382,-9.16497627493637,5.62329689293637
-119.1166694,45.33333424,-14.31563759,-23.302270527236512,8.986632937236513
-120.6333361,46.50000093,-48.50888443,-4.1325692536681,-44.3763151763319
-128.2166696,53.03333439,39.84842682,-2.138016703587581,41.98644352358758
-128.5666696,42.30000085,-9.819047928,-9.715746521367928,-0.1033014066320721
-127.2833363,49.18333432,-47.25289917,-36.89725543600322,-10.355643733996779
-121.8000028,51.40000103,9.411273003,3.1713494336201484,6.239923569379851
-125.6500029,41.60000083,-17.9540863,-27.50694314138808,9.552856841388081
-130.3166697,46.85000094,-9.326622963,-7.5391514427241155,-1.7874715202758846
-132.0666697,42.06666751,-20.26593781,-13.017377257244897,-7.248560552755103
-133.0000031,40.31666747,-2.340664387,-17.875985598394266,15.535321211394265
-127.5166696,41.25000082,-5.611682892,11.58143819507523,-17.19312108707523
-119.7000028,46.38333426,39.7232933,-32.44280042290513,72.16609372290513
-128.450003,43.00000086,-15.60704803,-13.653898730952314,-1.953149299047686
-122.5000028,39.38333412,-11.80226135,3.085430316970941,-14.887691666970941
-125.1833362,48.25000096,-55.95597458,-34.83214096949934,-21.12383361050066
-127.8666696,39.8500008,-49.80066299,-40.19183275849809,-9.608830231501912
-132.0666697,38.45000077,-37.33259583,-28.642664189231912,-8.68993164076809
-128.5666696,38.80000078,-6.435408592,-17.115430540471937,10.680021948471937
-130.6666697,45.56666758,3.601476192,4.6321372423496125,-1.0306610503496128
-126.2333363,38.80000078,-18.49533653,-22.540014142063207,4.044677612063207
-129.500003,39.26666745,-21.04213333,-18.053525081640814,-2.988608248359185
-124.3666696,44.16666755,-16.72126198,-11.901210184815474,-4.820051795184527
-126.8166696,45.68333425,-4.003222466,-10.432974231970718,6.4297517659707175
-119.5833361,37.98333409,36.35993576,79.10701694660597,-42.74708118660597
-119.8166695,42.30000085,3.373634815,12.979870899666794,-9.606236084666794
-130.4333363,51.8666677,-7.447087288,-5.404650352124501,-2.0424369358754983
-120.2833361,40.90000082,-12.87669373,14.84650685158779,-27.72320058158779
-123.9000029,46.6166676,-6.492480278,-15.84450118253031,9.35202090453031
-125.8833363,41.13333416,-9.935303688,-11.323480155450909,1.3881764674509096
-130.6666697,41.36666749,1.075706244,-3.8129611548500666,4.888667398850067
-120.9833362,52.80000106,43.58900452,21.944163564584173,21.64484095541583
-125.1833362,40.2000008,-11.62496948,-23.594968565074097,11.969999085074097
-132.8833364,49.65000099,-10.23845387,-11.468483583816084,1.2300297138160836
-132.1833364,38.56666744,-18.21330452,-16.301239433892572,-1.9120650861074289
-131.7166697,45.33333424,-12.08269119,-15.281128165892047,3.1984369758920472
-126.5833363,47.31666761,-20.35916328,-18.840525413309965,-1.5186378666900353
-121.6833362,41.95000084,-29.57883453,5.497481681677096,-35.076316211677096
-123.3166695,51.05000102,40.54169464,44.41613823108232,-3.8744435910823185
-127.1666696,44.28333422,-6.965737343,-10.697770224347186,3.7320328813471866
-130.900003,40.90000082,2.932910919,-3.356743853739398,6.289654772739398
-131.8333364,43.00000086,-13.84428215,-16.829314311526172,2.9850321615261723
-121.5666695,46.38333426,25.16163063,9.735384361999643,15.426246268000359
-119.7000028,48.36666763,-25.82313919,-8.222084657783313,-17.601054532216686
-127.9833363,50.11666767,22.12508202,8.891806725943775,13.233275294056225
-125.7666696,51.5166677,52.75698853,66.38651844597071,-13.629529915970707
-121.5666695,45.91666758,21.33824539,18.416711680845566,2.921533709154435
-124.3666696,39.8500008,-35.43901825,-35.55949954815418,0.12048129815418207
-123.5500029,49.06666765,-50.18954849,-42.82342248971749,-7.366126000282513
-131.950003,45.56666758,-17.14454079,-15.021641477192642,-2.122899312807359
-130.3166697,50.23333434,-6.314971924,-9.347748610796259,3.032776686796259
-123.6666695,51.63333437,6.365891457,14.98105585192356,-8.61516439492356
-126.0000029,51.40000103,84.54815674,84.45394784654057,0.09420889345942385
-119.0000028,49.65000099,-9.868717194,1.2313698793827885,-11.100087073382788
-130.550003,41.01666749,0.364227653,-1.9011432018366898,2.2653708548366898
-120.1666695,46.85000094,13.95737648,3.228329837744033,10.729046642255968
-122.7333362,44.75000089,-49.70536041,-23.147388658006992,-26.557971751993005
-127.5166696,47.55000095,-5.066101074,-11.688692780868388,6.622591706868389
-131.8333364,40.2000008,-38.97445679,-34.961364437485116,-4.013092352514882
-129.2666697,48.36666763,17.13710022,4.307522949231618,12.829577270768382
-132.300003,48.4833343,-3.483228445,-9.991664736457892,6.508436291457892
-129.500003,38.80000078,-12.41490936,-18.053525081640814,5.638615721640814
-124.2500029,47.90000096,-28.33954239,16.41891518441513,-44.75845757441513
-119.7000028,43.81666754,24.92758942,17.592279505006346,7.335309914993655
-121.1000028,44.98333423,-23.47169876,-4.760035097135857,-18.71166366286414
-119.9333361,48.71666764,125.1039276,16.66175431987464,108.44217328012536
-132.8833364,46.6166676,-12.0085907,-12.560557044741973,0.5519663447419738
-123.6666695,47.20000094,2.873867035,5.701151903110167,-2.8272848681101674
-127.9833363,46.15000092,-8.150397301,-7.426409679933574,-0.723987621066426
-126.1166696,44.63333423,-18.19980812,-17.516476925158425,-0.6833311948415748
-121.6833362,42.06666751,3.120653868,3.6527171541456585,-0.5320632861456582
-130.550003,49.53333432,-10.61038208,-7.785698211443004,-2.8246838685569973
-127.8666696,49.30000099,-64.72980499,-34.71880687878543,-30.010998111214576
-128.3333363,42.65000085,-10.94646263,-7.920852821382841,-3.0256098086171583
-127.750003,42.53333418,23.56432152,11.476184613256148,12.088136906743852
-127.1666696,38.10000076,-22.29468346,-24.024113157602702,1.7294296976027006
-127.6333363,49.30000099,-42.4291153,-37.04062988845725,-5.388485411542753
-120.1666695,51.75000103,40.15061188,-6.6920535002446035,46.842665380244604
-119.9333361,45.21666757,-7.43251133,-7.007766258064335,-0.42474507193566424
-125.7666696,38.45000077,-22.85763359,-20.87468238365609,-1.982951206343909
-128.100003,44.51666756,-13.56101227,-6.272179754706764,-7.288832515293237
-123.5500029,40.08333413,-45.70949554,-6.746277026644282,-38.96321851335571
-122.2666695,39.61666746,-35.5740509,-34.89447598323691,-0.6795749167630944
-120.2833361,39.96666747,74.70262909,33.886515938214224,40.81611315178578
-122.6166695,52.91666772,-18.56343842,-18.43132397861931,-0.13211444138068984
-120.0500028,42.88333419,-4.561070442,4.04578760573917,-8.60685804773917
-127.750003,43.5833342,-19.62554359,-17.665874752838842,-1.959668837161157
-128.100003,46.38333426,-13.06427193,-8.782098470641527,-4.282173459358473
-121.8000028,53.15000106,-10.73268795,3.1627019027196743,-13.895389852719674
-124.3666696,46.26666759,-55.27362823,-40.99829757097793,-14.275330659022067
-127.0500029,53.73333441,-3.358465433,8.036826874298223,-11.395292307298224
-120.8666695,46.50000093,-14.34287548,9.56462311080821,-23.90749859080821
-123.3166695,52.33333438,1.934834003,5.549475008183701,-3.6146410051837012
-132.300003,42.18333418,-11.42400169,-12.01537209859112,0.5913704085911196
-128.9166696,39.8500008,-45.14260101,-41.935241944583055,-3.207359065416945
-121.6833362,46.38333426,26.26815605,32.17952428467225,-5.911368234672246
-132.6500031,39.73333413,-37.95118332,-33.91120070445525,-4.039982615544751
-128.6833363,41.95000084,-2.881702662,-7.231416099100704,4.349713437100704
-132.1833364,39.61666746,-29.3402195,-29.84768975809058,0.5074702580905814
-125.0666696,40.31666747,13.42095566,-27.27217356910683,40.69312922910683
-122.2666695,40.55000081,-59.61661911,-46.988456051102794,-12.628163058897208
-119.1166694,51.98333437,23.34503937,-20.227511721934118,43.572551091934116
-124.8333362,52.80000106,32.87721252,33.7762219380694,-0.8990094180693973
-133.0000031,51.40000103,-7.168889999,-8.396831775285913,1.2279417762859124
-127.8666696,51.5166677,11.54584312,-15.660774364106539,27.206617484106538
-132.7666697,46.85000094,-10.87963963,-10.65546894295078,-0.22417068704922016
-132.4166697,44.05000088,-10.60939121,-16.10141022738096,5.49201901738096
-124.7166696,37.98333409,-33.86527252,-29.55341786243371,-4.311854657566286
-130.0833363,41.01666749,-11.58354759,-2.548509985892002,-9.035037604107998
-132.6500031,51.98333437,-11.57569885,-13.676669459936285,2.100970609936285
-126.2333363,47.43333428,-24.73423767,-22.981433024740987,-1.7528046452590118
-125.0666696,44.05000088,-31.91827774,-29.01908928589561,-2.89918845410439
-119.8166695,46.96666761,-13.55010796,-2.3014797798541977,-11.248628180145802
-132.5333364,43.5833342,9.663203239,0.4906589950461196,9.17254424395388
-120.4000028,45.80000092,-7.20956707,-25.914327195701627,18.704760125701625
-119.8166695,50.46666768,-27.56473541,-2.6609126090665685,-24.903822800933433
-123.0833362,46.6166676,-5.653169632,-5.997343286410097,0.3441736544100973
-122.3833362,45.56666758,-37.79445267,-45.7339819829974,7.939529312997401
-130.900003,52.91666772,-14.77673531,9.280368935408298,-24.057104245408297
-121.6833362,51.40000103,1.842467308,-2.107407592282462,3.9498749002824622
-132.1833364,47.43333428,-10.31241131,-10.664397783983926,0.351986473983926
-119.8166695,42.06666751,-16.98136711,14.77881872786939,-31.760185837869393
-121.6833362,49.53333432,41.62639236,24.598307068051085,17.028085291948912
-126.5833363,52.45000105,-15.87708282,0.44278710300740753,-16.319869923007406
-122.2666695,48.4833343,-72.2974472,-51.00309194089441,-21.294355259105586
-133.0000031,47.66666762,-5.459806442,-11.371803257252184,5.911996815252184
-131.8333364,39.8500008,-41.12303162,-40.923323854972395,-0.199707765027604
-127.9833363,41.7166675,-14.40796089,-9.016624786997028,-5.391336103002972
-124.0166695,45.56666758,-18.73072052,-13.625382602595886,-5.105337917404112
-125.1833362,40.78333415,-44.42032623,-43.211075556547094,-1.2092506734529067
-127.8666696,48.83333431,-22.26185226,-17.3508739585917,-4.910978301408303
-121.2166695,50.23333434,9.367195129,-4.549431516150783,13.916626645150783
-126.0000029,53.15000106,21.09684372,5.2642643593216825,15.832579360678317
-125.3000029,38.68333411,-13.91673183,-17.861854595922246,3.945122765922246
-123.0833362,46.26666759,71.54962158,27.355348418734483,44.194273161265514
-132.4166697,41.48333416,-13.00733089,-8.239045888427306,-4.7682850015726945
-119.9333361,50.70000101,-16.48375511,-15.637507945235416,-0.8462471647645842
-132.300003,51.98333437,-24.26697159,-24.60688113173157,0.3399095417315685
-122.5000028,53.73333441,-14.91106892,-15.645714093507909,0.7346451735079089
-126.9333363,39.38333412,-14.67800713,-14.494959554454486,-0.18304757554551365
-123.3166695,43.46666754,20.99547195,14.30512334033863,6.690348609661369
-126.4666696,47.66666762,-25.36043549,-19.349306435153533,-6.011129054846467
-119.2333361,52.10000104,-30.77368164,-1.6897279883332037,-29.083953651666796
-119.3500028,43.2333342,1.771705866,5.43180300458626,-3.6600971385862597
-132.7666697,44.63333423,-14.71251869,-14.78353500337527,0.07101631337527081
-124.7166696,39.8500008,-30.18071365,-27.43260661129207,-2.748107038707932
-132.300003,39.03333411,-4.421111107,-10.43287822122829,6.01176711422829
-128.450003,50.58333434,-9.016698837,1.5584821803945055,-10.575181017394506
-119.2333361,53.96666775,7.904349327,54.39177685435264,-46.487427527352644
-132.4166697,43.35000087,-15.84841824,-15.781014529121641,-0.06740371087835939
-120.4000028,43.70000087,-13.31041527,21.16750658341154,-34.477921853411544
-126.7000029,51.8666677,-33.79829407,-6.7992469977272565,-26.99904707227274
-120.6333361,39.73333413,52.91835785,46.74857634444146,6.169781505558539
-127.4000029,53.73333441,64.45553589,38.49742014645372,25.958115743546273
-127.2833363,52.56666772,-40.46988678,-5.028106179567276,-35.44178060043273
-132.8833364,44.16666755,-13.80281162,-16.406637748511944,2.603826128511944
-122.0333362,38.21666743,-35.21030426,-29.155649510662624,-6.054654749337377
-119.8166695,51.40000103,19.71425056,9.338849945096138,10.375400614903862
-124.4833362,44.86666756,-29.99590111,-30.904141034822015,0.9082399248220163
-124.6000029,43.93333421,-45.60722351,-31.111235036252666,-14.495988473747332
-126.0000029,39.15000078,-11.3408308,-14.280517845402887,2.939687045402886
-131.4833364,48.60000097,-15.61719322,-15.415536651040679,-0.20165656895932216
-130.200003,52.91666772,-19.5302372,-5.920824445935667,-13.609412754064332
-121.1000028,43.93333421,1.043927312,10.149101020777332,-9.105173708777333
-127.9833363,43.70000087,-20.944767,-10.101752011143786,-10.843014988856213
-127.0500029,38.45000077,-30.94899559,-25.19609108713068,-5.75290450286932
-120.9833362,45.1000009,-15.76592445,-3.903704262635933,-11.862220187364066
-126.5833363,52.56666772,25.04642105,19.451204777973647,5.595216272026352
-122.1500028,52.56666772,4.85341835,-8.871918858442363,13.725337208442363
-121.6833362,47.90000096,-36.64520645,-23.145366526042036,-13.499839923957968
-122.7333362,45.33333424,-21.1632309,-24.668261043482868,3.5050301434828697
-120.1666695,39.50000079,66.35453033,48.932574703131294,17.42195562686871
-126.1166696,47.31666761,-14.81813812,-13.565933506479508,-1.252204613520492
-120.0500028,38.91666744,24.36578751,65.96083273157788,-41.59504522157788
-129.3833363,40.55000081,20.94943237,5.573614417777423,15.375817952222576
-125.3000029,50.81666768,7.897223473,35.661874735415246,-27.764651262415246
-132.300003,53.61666774,26.0835762,26.18261378290716,-0.09903758290716169
-126.1166696,52.56666772,88.69748688,50.02815955525672,38.66932732474328
-130.6666697,47.90000096,-7.408550262,-7.6468218013296125,0.2382715393296122
-119.8166695,43.70000087,35.63539505,22.78824404134711,12.84715100865289
-124.0166695,52.91666772,13.91748047,9.98814907299061,3.9293313970093884
-131.7166697,50.35000101,-3.74266386,-14.371118166088728,10.628454306088727
-126.4666696,46.73333427,-19.07298279,-17.084967544549546,-1.9880152454504554
-125.6500029,48.60000097,-44.36440277,-27.34639667941931,-17.018006090580688
-129.150003,47.31666761,-4.997193336,-4.6184470952914065,-0.3787462407085931
-126.9333363,40.78333415,3.285526037,-0.7227142512060324,4.008240288206032
-120.6333361,38.80000078,3.802210569,21.58496918829612,-17.78275861929612
-120.5166695,49.41666765,-37.99690247,20.969335243480796,-58.966237713480794
-123.3166695,51.16666769,108.6348877,58.30822890513335,50.326658794866646
-124.9500029,51.05000102,-83.72003937,-31.109343807411538,-52.61069556258846
-126.5833363,46.50000093,-17.81510353,-15.465041847785784,-2.350061682214214
-124.1333362,44.16666755,33.99001312,-7.241981469868204,41.23199458986821
-130.200003,53.85000108,10.91465378,10.930326140958249,-0.015672360958248532
-127.9833363,45.68333425,-5.854577065,-7.692847098452622,1.8382700334526216
-125.8833363,43.81666754,-29.00751877,-27.41583840985514,-1.59168036014486
-124.1333362,47.55000095,-30.26815987,-27.191234012901152,-3.07692585709885
-124.1333362,47.78333429,-26.98927307,2.9779438226257486,-29.96721689262575
-126.8166696,40.31666747,-26.60159492,-26.833968277350397,0.2323733573503972
-130.7833363,43.5833342,-3.462454557,-17.195158191267627,13.732703634267626
-119.3500028,49.18333432,48.52308655,11.443352985673057,37.07973356432694
-121.4500028,47.55000095,-26.75117111,14.728962927591665,-41.48013403759167
-128.100003,42.06666751,-5.522127151,-7.586571028160828,2.0644438771608273
-125.5333362,52.21666771,63.12811661,38.4207361750284,24.707380434971597
-124.4833362,46.73333427,-51.96255112,-40.96873904338258,-10.993812076617424
-132.8833364,53.50000107,92.10296631,42.15383958729905,49.949126722700946
-129.6166697,42.41666751,-10.58761215,-7.116300429473788,-3.471311720526212
-130.900003,39.73333413,-36.95392227,-33.00267113979369,-3.951251130206309
-124.4833362,45.21666757,-56.36895752,-37.310294544801124,-19.058662975198878
-126.5833363,50.11666767,47.46547318,55.34106160493264,-7.875588424932644
-130.550003,47.43333428,-6.218029976,-7.020917640280694,0.8028876642806937
-127.6333363,52.68333439,7.130108833,1.8759300387606108,5.254178794239389
-126.4666696,44.75000089,-7.702362061,-15.454798915320545,7.752436854320545
-123.9000029,40.08333413,-4.372120857,-5.1950167020566065,0.8228958450566068
-129.9666697,45.45000091,4.748456955,1.6026163316551414,3.1458406233448586
-119.8166695,40.43333414,-27.85203743,2.5931495795980757,-30.445187009598076
-126.3500029,49.76666766,23.37332916,22.207850269466817,1.1654788905331834
-128.800003,49.41666765,-3.860477209,-17.349098404224954,13.488621195224955
-119.7000028,44.28333422,40.60429382,18.77612044797496,21.82817337202504
-126.7000029,45.45000091,-5.637438774,-10.283423169242456,4.645984395242456
-120.7500028,41.01666749,22.37104416,21.82374201510227,0.5473021448977313
-119.7000028,43.11666753,4.349617004,7.880935961980833,-3.531318957980833
-122.9666695,43.2333342,-16.40225792,-14.866139467164263,-1.536118452835737
-119.4666695,46.50000093,-38.48845673,-27.32720074671457,-11.161255983285432
-129.3833363,40.31666747,33.22716904,24.40201482863981,8.82515421136019
-119.4666695,45.1000009,49.68191147,9.377848424035255,40.304063045964746
-132.6500031,52.33333438,-43.68427277,-55.91446321973326,12.230190449733257
-130.7833363,42.06666751,-8.269554138,-8.78685400862616,0.5172998706261591
-132.0666697,47.20000094,-12.11652946,-12.522616354812357,0.40608689481235594
-120.7500028,49.18333432,78.42086029,25.21426391276056,53.206596377239435
-121.8000028,51.98333437,-11.10085201,-9.891316125103588,-1.2095358848964128
-125.0666696,48.71666764,16.35839081,-27.0251676802675,43.383558490267504
-129.6166697,41.25000082,10.33490276,14.977729840213549,-4.642827080213548
-132.5333364,50.81666768,-0.287138551,-3.2064051319254183,2.9192665809254184
-132.8833364,46.50000093,-15.54755211,-13.296598699799972,-2.2509534102000277
-132.0666697,46.6166676,-12.10400486,-12.227238056289602,0.12323319628960228
-122.8500029,41.60000083,-27.20770073,0.25904841068302165,-27.46674914068302
-121.6833362,44.86666756,57.78287125,44.569474129585124,13.213397120414875
-123.3166695,39.38333412,33.44419861,24.417573934215785,9.026624675784216
-121.4500028,42.30000085,13.38829327,-0.10011810132158933,13.48841137132159
-122.5000028,43.46666754,2.98368144,14.447953433843303,-11.464271993843303
-123.5500029,48.1333343,-5.922198296,2.034743657923203,-7.956941953923204
-129.150003,52.56666772,33.57952499,6.705097612221949,26.874427377778055
-124.8333362,45.1000009,-27.01433754,-31.48957722694683,4.475239686946832
-127.750003,48.95000098,-34.70800781,-24.892965785479788,-9.81504202452021
-131.4833364,50.70000101,-13.34095383,-9.478978800901086,-3.8619750290989145
-126.4666696,44.86666756,-8.996815681,-15.454798915320545,6.457983234320546
-121.6833362,45.68333425,-13.9538269,-18.67835542740637,4.72452852740637
-119.5833361,43.81666754,26.75749397,20.65317957250462,6.104314397495379
-124.3666696,40.55000081,-14.88657665,-23.014794688809054,8.128218038809054
-119.5833361,39.26666745,-19.6522541,6.930455750621905,-26.582709850621907
-119.4666695,47.90000096,-12.30446148,-14.185539569549723,1.8810780895497228
-124.6000029,43.46666754,-50.95213699,-34.116041634050845,-16.836095355949155
-121.9166695,52.10000104,-21.97732353,-15.589110717290897,-6.388212812709103
-130.900003,50.81666768,3.211649895,-16.000500997551864,19.212150892551865
-132.300003,48.83333431,-6.463882446,-10.301778745640652,3.8378962996406516
-131.4833364,42.53333418,-14.60566425,-13.000576944091835,-1.6050873059081656
-131.8333364,50.70000101,-1.129432797,-8.835406413157365,7.705973616157365
-120.1666695,43.46666754,3.472289085,13.344442101123335,-9.872153016123335
-120.6333361,46.38333426,-66.37983704,-10.847716737407852,-55.53212030259215
-130.0833363,53.50000107,12.19187069,3.2684173582143052,8.923453331785694
-131.7166697,51.75000103,-16.78962135,-19.70107731770337,2.9114559677033682
-127.8666696,50.11666767,32.97795486,46.95534815801672,-13.977393298016722
-123.3166695,45.45000091,78.41072845,70.47709209453234,7.933636355467655
-121.1000028,42.65000085,6.122096062,28.51193444399457,-22.38983838199457
-126.9333363,52.56666772,22.89722633,-23.944189043090688,46.84141537309068
-121.1000028,37.98333409,-37.40008545,-37.16822323460271,-0.23186221539728535
-131.250003,42.76666752,-12.82077789,-13.675810095001443,0.855032205001443
-125.6500029,46.50000093,-27.61921501,-34.230308618998414,6.611093608998413
-128.2166696,51.5166677,-20.85880661,-4.448215913099023,-16.410590696900975
-120.8666695,44.40000089,0.770725012,12.657675327688032,-11.886950315688033
-130.550003,44.98333423,-6.990885735,-5.295307606732903,-1.6955781282670968
-129.2666697,45.91666758,-10.75479984,-6.4053524455128805,-4.34944739448712
-126.2333363,52.68333439,31.65864182,4.228632270783281,27.43000954921672
-126.7000029,43.11666753,-31.23075676,-22.9225507649075,-8.3082059950925
-124.1333362,51.98333437,20.65629959,5.804019883865614,14.852279706134386
-126.0000029,43.35000087,-24.410429,-21.53702424573176,-2.8734047542682397
-126.2333363,45.91666758,-14.25314331,-15.375879374826878,1.1227360648268778
-123.5500029,53.50000107,-15.31286907,-17.291977257649997,1.979108187649997
-130.550003,41.60000083,-2.713286161,-4.748116832874296,2.034830671874296
-125.3000029,41.7166675,-45.42288971,-46.605272602455216,1.182382892455216
-131.250003,46.03333425,4.983159065,13.795630933727113,-8.812471868727112
-127.750003,51.40000103,-6.728023529,-5.01261868766019,-1.7154048413398097
-122.6166695,39.15000078,25.24946976,27.43237796131024,-2.1829082013102408
-121.6833362,53.3833344,13.21486092,10.550001441646668,2.664859478353332
-126.7000029,39.03333411,-7.781280518,-15.591980206623587,7.810699688623587
-121.8000028,52.45000105,-17.64550209,-14.374035708443358,-3.2714663815566425
-125.4166696,43.93333421,-83.20720673,-65.01561982834936,-18.191586901650638
-127.9833363,38.21666743,-20.48653793,-21.281892476871832,0.795354546871831
-124.4833362,48.25000096,4.246278763,13.947325241073639,-9.70104647807364
-124.3666696,53.15000106,-3.772793531,-5.440704591371796,1.6679110603717962
-132.8833364,40.66666748,-9.74684906,-14.676493294819148,4.929644234819147
-119.1166694,44.51666756,43.16791153,18.71383462895362,24.454076901046378
-129.500003,39.61666746,-25.30717087,-28.976156191209828,3.668985321209828
-130.200003,39.03333411,-15.98715973,-18.053525081640814,2.0663653516408136
-124.2500029,53.03333439,-3.9688766,-3.959426312890885,-0.00945028710911533
-121.1000028,51.8666677,-22.07441711,-8.859601316914674,-13.214815793085325
-122.1500028,49.65000099,36.93278503,-2.811151674590407,39.7439367045904
-126.9333363,49.30000099,-37.6123848,-20.481226610561592,-17.13115818943841
-122.6166695,40.78333415,36.0421524,-3.1402623821378888,39.18241478213789
-125.7666696,50.11666767,32.91413879,63.699906744539696,-30.785767954539693
-131.600003,42.53333418,-10.92597771,-14.425882749357813,3.499905039357813
-119.5833361,48.60000097,-40.5263443,-29.342123816146113,-11.184220483853885
-122.6166695,49.06666765,-49.5760231,-55.91514544713781,6.33912234713781
-129.0333363,41.48333416,-0.303402275,-4.399478179265424,4.096075904265424
-131.250003,53.3833344,-8.010812759,-2.474854651640058,-5.535958107359942
-127.6333363,41.01666749,3.305687428,12.89989382996768,-9.59420640196768
-120.6333361,44.28333422,9.200488091,14.248760756256566,-5.048272665256565
-124.9500029,48.95000098,43.85764694,10.154456507801886,33.70319043219811
-128.5666696,47.08333427,-9.567299843,-7.531960120308878,-2.0353397226911225
-124.2500029,46.96666761,-71.8286972,-37.90826147116742,-33.92043572883257
-132.1833364,53.26666773,80.81858826,81.17050373128538,-0.3519154712853805
-125.1833362,46.85000094,-16.1605072,-32.949318550336685,16.788811350336683
-128.3333363,43.81666754,-2.226737022,-6.627890955880341,4.401153933880341
-132.7666697,48.4833343,-17.29304695,-12.308292881960645,-4.984754068039356
-125.4166696,49.65000099,124.5941162,93.45234275254822,31.141773447451783
-126.1166696,41.95000084,-12.07097149,-7.350807862472096,-4.720163627527904
-125.0666696,43.5833342,-34.64963913,-28.946221564489065,-5.703417565510932
-123.6666695,48.4833343,87.5799408,68.2596225636688,19.320318236331204
-122.9666695,42.41666751,-22.07032013,-7.670009916620746,-14.400310213379253
-120.6333361,46.73333427,-41.03712845,-1.2500628527511155,-39.78706559724888
-131.1333364,51.8666677,-53.25590515,-39.40323013938477,-13.85267501061523
-120.6333361,41.48333416,11.21821785,17.174023255227134,-5.955805405227133
-122.5000028,42.88333419,0.34341675,-11.378356410736624,11.721773160736623
-123.3166695,45.1000009,25.5863781,25.938532588455775,-0.35215448845577413
-128.800003,49.53333432,-0.130165115,-16.107314902987714,15.977149787987713
-125.6500029,48.01666763,-10.4813633,-25.483148154381137,15.001784854381137
-128.6833363,38.45000077,-31.4020977,-27.704875989178216,-3.6972217108217826
-126.7000029,53.15000106,38.59056854,31.155472172863412,7.4350963671365875
-119.7000028,48.4833343,-24.65636635,-11.562581336126433,-13.093785013873566
-123.9000029,41.7166675,2.470418453,-2.8392101428821888,5.309628595882189
-123.3166695,44.63333423,34.0663414,25.09128618929395,8.97505521070605
-129.150003,40.66666748,9.618922234,5.481800182584781,4.1371220514152185
-122.1500028,40.2000008,-54.65086746,-52.90336655556394,-1.747500904436059
-119.8166695,49.06666765,60.62300491,20.64208081370279,39.98092409629721
-121.4500028,39.61666746,-35.01504135,-21.355960662440026,-13.659080687559971
-121.2166695,41.60000083,-4.762607574,2.7918125216584952,-7.554420095658495
-122.0333362,50.93333435,76.73021698,30.784424614939976,45.945792365060015
-122.0333362,46.50000093,-38.80326462,-31.017348233539064,-7.785916386460936
-121.9166695,37.98333409,11.69815731,-22.472536495781952,34.17069380578195
-123.4333362,49.30000099,-57.20611572,-47.092260019408045,-10.113855700591955
-133.0000031,44.28333422,-17.01155853,-17.339211962906138,0.32765343290613913
-122.3833362,49.88333433,-79.65389252,31.381589002935243,-111.03548152293524
-128.450003,51.16666769,-27.20728111,-11.542673024480806,-15.664608085519195
-122.0333362,49.41666765,29.53899574,-25.618780837500474,55.15777657750047
-122.9666695,48.71666764,-56.64749527,-39.04167584971866,-17.605819420281343
-132.0666697,42.65000085,-11.09440327,-13.172493196325918,2.0780899263259176
-132.0666697,48.83333431,-6.776465416,-8.338293365124553,1.5618279491245532
-119.0000028,45.68333425,-48.98023987,-44.63630469627149,-4.343935173728511
-129.6166697,45.33333424,-5.134280205,-3.67389121390575,-1.4603889910942498
-123.2000029,50.58333434,-1.382681131,-11.68015802510545,10.29747689410545
-124.4833362,47.55000095,-49.29415131,-40.468932789193936,-8.825218520806061
-123.6666695,44.63333423,55.01622772,47.93442909002171,7.0817986299782945
-128.6833363,46.85000094,-12.24872017,-9.069425503362167,-3.1792946666378334
-127.9833363,38.10000076,-18.88823318,-19.9309287010468,1.0426955210467987
-127.0500029,53.96666775,12.08629131,11.460910493214366,0.6253808167856345
-127.2833363,46.26666759,-2.083426476,-10.230092954244142,8.146666478244143
-130.7833363,47.43333428,-4.256816387,-8.0831652659129,3.8263488789129
-129.0333363,40.90000082,12.37152004,1.397050709907466,10.974469330092534
-131.4833364,41.13333416,5.543254852,6.764752407519588,-1.2214975555195888
-132.300003,51.28333436,-4.719101906,-5.909649315138612,1.1905474091386123
-121.4500028,41.25000082,12.82884598,7.2300181009577,5.5988278790423
-122.1500028,41.36666749,115.5718384,81.67697925273133,33.894859147268676
-125.4166696,41.25000082,-32.66817474,-34.864568393754844,2.1963936537548463
-129.6166697,49.06666765,-7.888487816,-5.409748084470607,-2.4787397315293926
-119.3500028,52.56666772,45.59503174,8.8514285431976,36.743603196802404
-127.2833363,47.20000094,-6.281039238,-12.75935617134286,6.47831693334286
-129.0333363,44.05000088,14.61842728,1.124742391494494,13.493684888505506
-132.5333364,47.43333428,-4.307844162,-8.666959017129912,4.359114855129912
-123.9000029,43.70000087,41.15843582,37.2967913936533,3.8616444263467002
-130.6666697,49.41666765,-6.881049156,-5.349474894640694,-1.5315742613593066
-127.5166696,51.63333437,-9.395709991,-12.710994218421893,3.315284227421893
-123.2000029,53.96666775,-1.449594259,-12.055515818003341,10.605921559003342
-126.0000029,51.5166677,123.0522232,80.14244361991317,42.909779580086834
-119.3500028,49.88333433,-68.55414581,-13.714659160359313,-54.83948664964068
-131.1333364,45.80000092,2.135411739,-1.9172989743842461,4.052710713384246
-119.5833361,52.21666771,9.807985306,18.627525321331152,-8.819540015331151
-126.9333363,41.95000084,28.43764687,11.859029795885117,16.57861707411488
-130.0833363,46.96666761,-1.554810882,-6.544810068777318,4.989999186777318
-119.7000028,43.2333342,3.811842203,6.946501048275649,-3.134658845275649
-120.7500028,53.73333441,8.820795059,1.3756869553493483,7.445108103650652
-129.9666697,48.1333343,-19.0104599,-10.844287950353113,-8.166171949646888
-120.5166695,48.25000096,54.48594666,36.29204667520399,18.193899984796012
-121.2166695,53.85000108,-39.54274368,-19.573791144075326,-19.968952535924675
-120.2833361,50.58333434,-2.104818821,8.775573483718794,-10.880392304718795
-122.8500029,46.6166676,-28.53554726,-18.849193202034453,-9.686354057965548
-120.7500028,46.03333425,86.66941833,20.63158842922924,66.03782990077076
-132.5333364,43.00000086,-8.976759911,-16.08624205025263,7.109482139252629
-131.7166697,48.25000096,-11.50730515,-13.731856042715227,2.224550892715227
-132.6500031,51.40000103,-9.441910744,-2.0747078183501975,-7.367202925649802
-123.5500029,50.35000101,-16.12409973,-14.74007934915017,-1.3840203808498313
-125.5333362,53.85000108,-15.20228386,-8.165820711817407,-7.036463148182593
-125.4166696,46.03333425,-11.70863342,-33.090010061275294,21.381376641275295
-122.3833362,46.96666761,-46.82958603,-42.708121048355416,-4.121464981644586
-125.7666696,48.1333343,-19.90484047,-25.482832709797602,5.577992239797602
-131.0166697,51.5166677,-5.155629158,-21.401034153149403,16.245404995149404
-124.1333362,44.98333423,4.314030647,-21.268680431325482,25.58271107832548
-119.7000028,45.1000009,10.08361149,5.9055501022739145,4.178061387726085
-125.8833363,48.4833343,-13.62640858,-19.962180390108035,6.335771810108035
-131.7166697,43.00000086,-14.17848206,-16.829314311526172,2.6508322515261717
-127.0500029,42.30000085,-15.87563896,-20.677308412280876,4.801669452280876
-129.6166697,38.68333411,-3.634835243,-14.435420352286576,10.800585109286576
-121.9166695,49.06666765,-62.03820801,-27.273923839079202,-34.764284170920796
-124.0166695,41.13333416,-6.562541962,-1.5707597796572108,-4.9917821823427895
-120.6333361,51.8666677,-25.49481201,-0.2232851855163169,-25.271526824483683
-127.750003,48.01666763,-0.881052673,-9.985184843745495,9.104132170745496
-122.3833362,51.98333437,-33.52092743,-10.086993867289902,-23.4339335627101
-130.4333363,45.80000092,-3.681855917,2.103069957107302,-5.7849258741073015
-119.8166695,51.63333437,-21.47793198,-5.757255847138844,-15.720676132861158
-120.0500028,41.7166675,-3.021029472,12.685569018537937,-15.706598490537937
-123.5500029,41.95000084,85.43768311,55.799220876830105,29.63846223316989
-120.6333361,48.25000096,-46.11771774,45.98377971477352,-92.10149745477352
-127.1666696,39.61666746,-21.20463371,-23.18921730445146,1.9845835944514612
-132.0666697,48.25000096,-6.245756149,-10.315916938125234,4.070160789125234
-130.6666697,44.51666756,3.067038298,-3.8003597850421507,6.867398083042151
-126.3500029,39.03333411,-12.82983303,-16.006546558308834,3.1767135283088344
-119.9333361,46.96666761,-29.58934021,-2.9251031117831037,-26.664237098216894
-133.0000031,51.75000103,-1.410672069,-0.577562209839016,-0.8331098591609841
-127.4000029,53.15000106,13.380723,2.8260040054513422,10.554718994548658
-122.2666695,47.08333427,-37.03865433,-40.79173696698732,3.7530826369873225
-126.7000029,48.36666763,-44.69237137,-26.036448012854084,-18.655923357145912
-125.8833363,53.61666774,34.40196609,29.692715868618787,4.709250221381215
-131.250003,49.65000099,-12.67255878,-9.74145842219562,-2.931100357804379
-131.250003,53.73333441,-13.93116093,-6.011820058057604,-7.9193408719423966
-131.1333364,47.66666762,-3.472887993,-5.682877154479728,2.209989161479728
-122.3833362,46.73333427,35.84672165,22.311964377782804,13.534757272217195
-132.8833364,52.91666772,-60.11307144,-65.02437731973815,4.911305879738151
-123.9000029,43.00000086,20.97899055,27.118924546978203,-6.139933996978204
-120.5166695,50.58333434,22.53708649,11.47913532249979,11.05795116750021
-119.5833361,52.33333438,4.981869698,38.87539285872012,-33.89352316072012
-129.500003,39.96666747,-49.59952927,-52.70539510727792,3.105865837277925
-121.5666695,38.21666743,-41.39667511,-35.1552256561657,-6.241449453834299
-130.3166697,53.3833344,-11.77018166,-0.8839913203022691,-10.88619033969773
-128.100003,47.20000094,-11.11032963,-9.018717857746008,-2.0916117722539926
-132.5333364,38.3333341,-30.70658875,-28.246200286854204,-2.4603884631457973
-130.3166697,45.56666758,-16.06072617,-6.386390291348444,-9.674335878651554
-123.0833362,39.38333412,27.27560234,23.703591818081012,3.572010521918987
-129.9666697,51.5166677,-9.672353745,-1.6521017107957192,-8.020252034204281
-129.3833363,39.8500008,-42.13225174,-42.790484371532266,0.6582326315322646
-130.3166697,51.8666677,-6.870696068,-2.5953697313256954,-4.275326336674304
-122.2666695,39.73333413,-27.83809853,-36.88676972914572,9.04867119914572
-127.9833363,43.11666753,-12.90863991,-16.595242739992834,3.686602829992834
-125.7666696,37.98333409,-25.1470623,-20.79337406941243,-4.353688230587572
-130.6666697,48.1333343,-6.936310768,-8.15407832461877,1.2177675566187691
-126.8166696,43.81666754,-14.18252373,-6.899780601023075,-7.282743128976925
-132.7666697,53.3833344,57.09236145,47.069546885548476,10.022814564451522
-129.150003,39.8500008,-42.56871414,-41.89544497301439,-0.6732691669856052
-121.5666695,41.95000084,-13.92170334,1.9231198985610076,-15.844823238561009
-130.6666697,38.10000076,-20.90625572,-22.997843252817976,2.091587532817975
-120.9833362,47.20000094,-18.76184845,-8.861630166412466,-9.900218283587533
-127.9833363,42.06666751,-2.710197926,-1.5187149521057466,-1.1914829738942536
-119.3500028,46.03333425,-18.26764679,-22.8318380282752,4.5641912382752
-132.6500031,42.53333418,-19.75469971,-13.288571104620347,-6.466128605379653
-127.5166696,51.75000103,22.19220352,11.591920213886105,10.600283306113894
-119.4666695,40.2000008,49.49760818,-2.7835919494438306,52.28120012944383
-130.900003,44.40000089,-17.1608181,-15.154387667146752,-2.0064304328532483
-119.1166694,42.06666751,15.44752884,14.994868320238998,0.4526605197610021
-125.7666696,50.35000101,48.13601303,19.736925721526948,28.399087308473053
-124.6000029,49.53333432,-30.8579998,-23.96352011119846,-6.8944796888015425
-128.100003,46.03333425,-6.281786919,-7.770193408369068,1.4884064893690683
-128.450003,50.35000101,-59.8223381,-21.05837685789029,-38.763961242109715
-129.3833363,50.93333435,44.63713074,14.09069011018126,30.546440629818743
-123.2000029,41.95000084,92.61277008,55.414373323803304,37.1983967561967
-126.5833363,42.06666751,-35.57625198,-19.54237045868305,-16.033881521316953
-130.3166697,52.56666772,-13.53833389,-6.010054491505089,-7.528279398494911
-132.6500031,38.68333411,-15.96688557,-16.38352735264232,0.416641782642321
-132.7666697,50.70000101,-0.680021405,-0.7201391139320359,0.04011770893203592
-125.1833362,40.43333414,-25.16275978,-40.39064650403243,15.227886724032434
-121.2166695,46.38333426,25.69246483,19.393061907639865,6.299402922360134
-120.6333361,38.56666744,0.120986372,-2.2506062502721234,2.3715926222721233
-127.4000029,40.90000082,11.60944366,20.3584161691941,-8.7489725091941
-132.8833364,52.80000106,-79.41762543,-50.01439292047218,-29.403232509527818
-123.4333362,48.36666763,31.69068336,-1.8713693925081982,33.5620527525082
-119.3500028,48.1333343,-33.80449677,-27.532910925701817,-6.271585844298183
-119.7000028,43.93333421,17.24678802,19.183572711939213,-1.9367846919392129
-130.0833363,44.40000089,-28.07150841,-21.984476975510933,-6.087031434489067
-123.7833362,41.95000084,15.16902351,14.053053000994064,1.1159705090059369
-128.100003,40.08333413,-72.23660278,-68.64769542568187,-3.588907354318124
-121.5666695,43.93333421,39.34922409,39.07194589055962,0.27727819944038146
-129.500003,43.46666754,-15.26996803,-14.408203383835085,-0.8617646461649144
-132.8833364,44.98333423,-22.34873199,-15.06024182716145,-7.288490162838551
-120.9833362,49.76666766,24.55165672,8.886111064280103,15.665545655719898
-128.800003,49.30000099,-2.261512041,-17.349098404224954,15.087586363224954
-121.8000028,42.30000085,6.123045921,14.01489490207854,-7.89184898107854
-123.3166695,46.96666761,25.88222694,1.027716098811122,24.854510841188876
-124.1333362,49.18333432,51.78825378,56.938408185430724,-5.150154405430726
-129.9666697,52.80000106,-12.25457287,-5.08733686762454,-7.167236002375461
-121.2166695,52.68333439,91.36326599,21.93242767095921,69.43083831904079
-125.1833362,48.95000098,19.25362015,-25.575531986552555,44.82915213655255
-120.1666695,48.71666764,-34.05805588,22.228925361537144,-56.28698124153714
-128.2166696,45.80000092,-6.533028603,-7.770193408369068,1.2371648053690683
-122.0333362,47.20000094,-73.15057373,-45.32919158704028,-27.821382142959727
-123.3166695,42.06666751,132.7019806,71.95244443747043,60.74953616252958
-129.9666697,50.11666767,16.72972298,-0.14913907742627336,16.87886205742627
-122.7333362,53.96666775,-31.44323158,-23.68845053577354,-7.754781044226458
-121.6833362,38.56666744,-27.15527534,-30.157006839022813,3.0017314990228137
-121.4500028,46.26666759,102.5128937,61.3499606114567,41.162933088543305
-126.9333363,47.55000095,-10.05812073,-15.619089927641111,5.560969197641111
-123.3166695,39.61666746,26.00260544,16.666804073887004,9.335801366112996
-133.0000031,50.70000101,-3.355837345,-5.876128581386539,2.5202912363865395
-121.9166695,51.75000103,19.58041763,-0.3403918833654027,19.920809513365402
-131.3666697,51.63333437,-2.377899885,-21.789677827660164,19.411777942660162
-126.2333363,52.80000106,-7.011811256,-20.97034635634533,13.958535100345332
-129.2666697,38.91666744,-15.55174065,-18.053525081640814,2.5017844316408144
-121.8000028,52.33333438,7.479434013,-0.8278726171058494,8.307306630105849
-124.6000029,40.66666748,-22.26060295,-30.082959890918186,7.822356940918187
-124.1333362,43.2333342,27.94663239,16.916834457993236,11.029797932006765
-126.7000029,50.23333434,54.45793915,21.677863958316426,32.78007519168358
-122.3833362,38.56666744,27.39465332,9.84097801256494,17.553675307435057
-128.450003,48.71666764,-10.13027668,-13.120206414696886,2.9899297346968865
-119.9333361,44.16666755,10.27575397,15.697040097230369,-5.421286127230369
-126.8166696,45.45000091,-3.868848324,-10.429963629194582,6.561115305194582
-129.9666697,46.85000094,1.519764423,-3.8640492920824485,5.383813715082448
-122.2666695,38.21666743,-7.175298691,-16.671723893373066,9.496425202373066
-120.6333361,51.63333437,27.86641693,0.7439791798538011,27.122437750146197
-132.8833364,39.96666747,-62.91262817,-52.31590746764123,-10.596720702358766
-122.0333362,49.18333432,-27.44090652,-56.218686002191326,28.777779482191328
-119.7000028,53.3833344,36.77134705,30.611813099673203,6.1595339503268
-132.0666697,48.01666763,-14.15425301,-13.859030961193437,-0.2952220488065631
-130.7833363,44.86666756,-2.974152327,-7.299464498691919,4.32531217169192
-125.3000029,53.61666774,7.34497261,6.887653554947115,0.45731905505288495
-120.1666695,50.93333435,-15.45631123,-12.512221913455429,-2.944089316544572
-128.6833363,41.25000082,2.91780901,0.5007748876644018,2.4170341223355982
-124.6000029,38.45000077,-23.06154442,-44.291009305159974,21.229464885159974
-123.4333362,49.18333432,-53.9596138,-43.438684402943835,-10.520929397056165
-121.5666695,41.48333416,32.585186,35.70806144870123,-3.1228754487012296
-132.8833364,49.76666766,-11.92737198,-11.468483583816084,-0.45888839618391586
-132.1833364,52.10000104,-43.97492599,-31.665067130084946,-12.309858859915057
-122.6166695,42.18333418,-25.3947506,0.863363298153829,-26.258113898153827
-124.4833362,41.13333416,-62.12159348,-36.728648100458564,-25.392945379541437
-124.1333362,41.01666749,-18.61616135,-32.79443105827324,14.178269708273241
-122.7333362,46.73333427,15.89740658,-19.57010508940485,35.46751166940485
-126.8166696,46.38333426,-10.60321712,-14.372544125283339,3.7693270052833387
-130.3166697,49.30000099,5.262501717,-4.254049773801305,9.516551490801305
-125.3000029,45.1000009,-31.70780182,-34.28626439933672,2.5784625793367226
-125.3000029,38.80000078,-18.33327675,-14.663355527464407,-3.669921222535592
-123.0833362,45.1000009,-14.52949047,-3.5981839239311593,-10.931306546068841
-128.3333363,47.43333428,-11.51057339,-8.050909070416932,-3.4596643195830676
-129.3833363,48.25000096,-11.35102367,-5.947868172277532,-5.403155497722468
-130.7833363,39.73333413,-34.00258636,-33.00267113979369,-0.9999152202063115
-130.900003,43.5833342,-6.124760628,-17.195158191267627,11.070397563267626
-121.8000028,45.56666758,29.59660339,20.449271205351593,9.147332184648405
-125.8833363,37.98333409,-24.44734192,-18.6893695404279,-5.757972379572099
-121.6833362,42.41666751,59.68609619,69.41261656097602,-9.726520370976019
-129.0333363,41.7166675,-3.648114204,-5.416978662086984,1.7688644580869837
-124.7166696,42.65000085,-19.04430199,-31.405850989591716,12.361548999591715
-125.6500029,52.45000105,48.04348373,-2.351091379346431,50.39457510934643
-131.4833364,45.80000092,-15.65902519,-13.56194373447384,-2.09708145552616
-120.9833362,50.81666768,-20.82760048,-13.33850388394518,-7.4890965960548215
-129.9666697,49.06666765,-15.26770687,-7.129453226763696,-8.138253643236304
-127.4000029,42.53333418,-4.976593971,1.3448182186618016,-6.321412189661801
-121.5666695,39.8500008,8.064789772,8.022022709081844,0.042767062918155574
-128.5666696,47.66666762,-10.80525112,-7.531960120308878,-3.2732909996911213
-120.1666695,39.8500008,23.96360397,22.302669086203277,1.660934883796724
-131.1333364,46.38333426,-10.32668781,-5.32838269694491,-4.998305113055089
-131.3666697,45.33333424,-9.881877899,-15.054803803976945,5.172925904976946
-123.4333362,43.46666754,37.81668472,28.151521873216236,9.665162846783762
-132.300003,41.83333417,-10.32559299,-8.755941992557927,-1.5696509974420731
-123.6666695,47.55000095,-1.939626694,4.631952257724336,-6.571578951724336
-122.5000028,40.31666747,-79.76842499,-48.8729425210459,-30.8954824689541
-132.0666697,49.41666765,-15.2001276,-13.34526986643544,-1.8548577335645593
-123.5500029,43.2333342,25.51538086,39.83265021066943,-14.317269350669427
-119.4666695,51.5166677,-44.10855103,10.007908209466539,-54.116459239466536
-130.4333363,41.95000084,19.69732666,15.901018357496252,3.79630830250375
-127.0500029,48.1333343,-23.25576401,-20.555345894180242,-2.700418115819758
-120.7500028,38.21666743,-39.85398865,-22.25909996438769,-17.594888685612307
-119.8166695,49.65000099,-37.88585663,4.085616227749138,-41.971472857749134
-126.7000029,52.45000105,-11.26217461,-20.982711875081304,9.720537265081303
-129.2666697,43.2333342,-3.475292683,-12.519561436419492,9.044268753419491
-121.8000028,50.46666768,-0.674087524,24.795948445768886,-25.470035969768887
-120.2833361,38.56666744,73.76985168,66.5983717257186,7.171479954281409
-120.8666695,47.78333429,52.51194382,16.646856630147234,35.865087189852765
-119.4666695,49.65000099,75.51570129,-33.81964877636296,109.33535006636296
-122.7333362,46.50000093,-43.13021851,-14.811438437195683,-28.318780072804316
-132.300003,48.60000097,-7.407697678,-8.466660699995133,1.0589630219951331
-128.9166696,53.85000108,-39.77139664,-7.144623933005881,-32.62677270699412
-132.4166697,53.73333441,23.09899139,25.59649000215441,-2.4974986121544127
-124.6000029,50.70000101,73.16028595,-5.206250635790997,78.366536585791
-127.4000029,39.15000078,-14.860075,-14.884620011775278,0.02454501177527746
-126.8166696,37.98333409,-28.38368988,-23.10876696174545,-5.27492291825455
-119.8166695,44.63333423,32.99901962,14.131476512366895,18.867543107633104
-129.6166697,49.30000099,-4.797351837,-6.009169559462679,1.211817722462679
-122.2666695,38.80000078,18.77169037,26.576502332594565,-7.804811962594563
-127.1666696,45.33333424,-14.27729988,-9.966974845097095,-4.310325034902904
-131.3666697,51.8666677,-55.85181046,-38.455665199019776,-17.396145260980227
-132.8833364,53.96666775,69.76051331,71.21428209834147,-1.4537687883414776
-125.7666696,49.30000099,67.6047287,68.61675765571191,-1.0120289557119122
-130.0833363,39.15000078,-16.3617382,-18.053525081640814,1.6917868816408124
-128.2166696,44.05000088,4.427494049,-5.943016629685334,10.370510678685335
-127.8666696,47.66666762,-3.409561634,-7.733829838009851,4.324268204009851
-122.3833362,45.33333424,-47.45264053,-41.237673018328856,-6.214967511671141
-123.0833362,40.43333414,44.16158676,15.519298591884871,28.64228816811513
-131.3666697,43.2333342,-18.31814384,-15.729666056741976,-2.588477783258025
-128.3333363,52.21666771,16.69283485,7.803741631122533,8.889093218877466
-126.0000029,45.45000091,-19.29418755,-23.672163630250704,4.377976080250704
-128.6833363,47.08333427,-8.245834351,-7.531960120308878,-0.713874230691121
-120.1666695,41.83333417,-10.52367878,16.889120862448735,-27.412799642448732
-123.3166695,42.18333418,44.4392128,14.398101552741819,30.04111124725818
-129.2666697,38.80000078,-11.38922405,-18.053525081640814,6.664301031640814
-119.7000028,49.06666765,-59.91904831,7.7276856673232235,-67.64673397732322
-123.9000029,49.30000099,-39.53474808,-52.696664646319704,13.161916566319704
-130.0833363,45.21666757,9.14533329,3.776736027580575,5.368597262419425
-124.7166696,48.36666763,0.973265767,0.2610599236867421,0.7122058433132579
-119.0000028,39.96666747,5.891718864,1.388092024190219,4.503626839809781
-124.9500029,48.01666763,-50.55664063,-37.914352515095466,-12.642288114904531
-130.200003,48.60000097,-13.73443604,-10.213690909171675,-3.5207451308283257
-132.4166697,50.93333435,-0.290785432,-0.7219905326492673,0.43120510064926726
-123.3166695,41.13333416,64.22583008,65.0387343671642,-0.8129042871642014
-129.0333363,38.68333411,-2.879753351,-12.914508299260087,10.034754948260087
-131.250003,37.98333409,-19.93927383,-22.997843252817976,3.0585694228179747
-128.6833363,38.80000078,-6.372050285,-17.115430540471937,10.743380255471937
-120.7500028,45.68333425,-33.20049286,-10.425611363929,-22.774881496070996
-129.6166697,49.65000099,2.703015804,-2.819300009589309,5.522315813589309
-131.8333364,52.80000106,85.62484741,87.96575965320466,-2.340912243204656
-120.7500028,44.63333423,29.37130737,11.471242761324046,17.900064608675955
-131.600003,53.3833344,-10.97473145,10.228302844464103,-21.203034294464103
-121.5666695,50.000001,-43.75489807,-53.18528075201543,9.430382682015427
-132.4166697,41.25000082,-3.329552174,-7.375761193328736,4.046209019328736
-131.0166697,41.25000082,14.67941666,6.817822679789276,7.861593980210723
-121.4500028,39.8500008,11.51174068,27.35149709081849,-15.83975641081849
-126.7000029,46.15000092,-12.69603443,-10.523628332341595,-2.1724060976584045
-122.5000028,41.7166675,-15.60107803,-14.663042830818805,-0.9380351991811953
-131.250003,45.56666758,5.237493515,-5.412906715705919,10.65040023070592
-127.4000029,46.38333426,-6.184398651,-11.11351438750182,4.929115736501819
-122.6166695,47.78333429,-46.2840004,-55.794249307438236,9.510248907438239
-126.1166696,39.96666747,-33.08118439,-38.41126388277327,5.330079492773272
-124.0166695,40.2000008,12.66589355,-1.007872309781893,13.673765859781893
-132.8833364,46.26666759,-13.69139767,-13.54870037264881,-0.14269729735119085
-120.8666695,52.33333438,14.67380905,23.22328459371491,-8.549475543714912
-120.6333361,46.26666759,-9.813380241,1.788805366670652,-11.602185607670652
-125.8833363,49.76666766,91.94916534,97.61987225363913,-5.670706913639137
-123.3166695,46.38333426,84.63188171,66.44635027661593,18.18553143338407
-130.900003,43.2333342,-14.1438036,-14.378874111268093,0.23507051126809309
-127.1666696,44.63333423,-7.12343502,-9.58417024338909,2.460735223389091
-129.3833363,48.71666764,-25.78291321,-10.781507646616639,-15.001405563383361
-130.7833363,42.18333418,-6.745629311,-10.025062943039321,3.2794336320393214
-130.550003,52.45000105,-6.324440002,1.8641701531051393,-8.18861015510514
-122.5000028,47.78333429,-62.50548553,-84.51482535930583,22.00933982930583
-133.0000031,45.91666758,-14.46426296,-14.78353500337527,0.31927204337527115
-124.1333362,52.45000105,-15.87309933,-0.6139110075551711,-15.25918832244483
-130.4333363,44.05000088,2.812004566,-6.477765757387502,9.289770323387502
-122.6166695,43.00000086,-5.503016472,-12.609322866484524,7.106306394484524
-122.2666695,51.5166677,-70.12194061,-46.00419177727997,-24.117748832720025
-125.8833363,49.30000099,21.04312134,46.287514310675896,-25.244392970675896
-130.900003,52.33333438,26.91881371,21.51155829836354,5.407255411636459
-132.7666697,38.45000077,-21.51688766,-22.152126278586273,0.6352386185862748
-124.9500029,39.15000078,-13.05578327,-24.438749798255362,11.382966528255363
-125.6500029,39.61666746,-15.33211994,-26.386004662186856,11.053884722186856
-130.200003,42.18333418,-8.762562752,-7.171685967880158,-1.5908767841198408
-129.150003,44.86666756,-4.004435062,-8.43020501301947,4.425769951019471
-128.5666696,49.06666765,-24.28501511,-17.7249874297591,-6.5600276802409
-126.9333363,47.08333427,-11.81947517,-15.619089927641111,3.799614757641111
-125.3000029,53.3833344,-25.35515404,-15.101004420294947,-10.254149619705052
-120.7500028,42.76666752,-21.87971497,20.539384048436702,-42.4190990184367
-123.4333362,51.28333436,81.60009003,71.8439883638256,9.756101666174402
-122.0333362,52.21666771,-21.4072113,-9.301451842662715,-12.105759457337285
-122.7333362,41.36666749,18.54707146,30.347211139695382,-11.80013967969538
-122.5000028,46.26666759,17.22434044,10.729779240826035,6.494561199173964
-123.6666695,50.000001,10.18451405,39.03816440565696,-28.853650355656956
-122.1500028,39.8500008,-24.17208481,-39.41545893190204,15.243374121902036
-131.8333364,47.78333429,-13.98318863,-13.665094607413181,-0.31809402258681985
-131.250003,53.61666774,-18.09781456,-3.9196681721690805,-14.17814638783092
-129.150003,43.11666753,-5.148924828,-11.308209558292058,6.1592847302920575
-132.5333364,40.43333414,-8.418251038,-12.929106976825206,4.510855938825207
-132.5333364,40.31666747,6.778269768,-14.391776755885314,21.170046523885315
-131.950003,43.46666754,-14.70288563,-15.528553140643776,0.8256675106437754
-132.6500031,53.73333441,72.06060791,48.818755594662235,23.241852315337766
-128.3333363,39.38333412,-6.365789413,-12.549440537795057,6.183651124795057
-132.5333364,45.56666758,-17.67827415,-13.54870037264881,-4.12957377735119
-132.7666697,42.30000085,-6.843740463,-8.60187366819519,1.7581332051951897
-125.1833362,42.65000085,-80.53374481,-64.69546666152937,-15.838278148470636
-132.7666697,52.56666772,-69.12477875,-60.7035689145944,-8.421209835405605
-130.0833363,38.3333341,-30.95158005,-29.26190019361989,-1.6896798563801099
-130.6666697,41.01666749,-1.79995656,-3.820554463237219,2.0205979032372188
-123.9000029,53.03333439,7.499437332,-4.386221429025604,11.885658761025605
-127.2833363,43.70000087,-7.438223839,-13.882482154868908,6.444258315868908
-125.5333362,50.81666768,-0.058603585,28.412874872156348,-28.471478457156348
-120.1666695,48.83333431,43.08624268,29.81221633759483,13.274026342405168
-130.900003,41.95000084,-4.906420708,-8.49461849301123,3.5881977850112294
-132.7666697,48.01666763,71.49666595,42.39329670839166,29.103369241608334
-127.6333363,53.73333441,33.22657013,37.24125389214053,-4.014683762140528
-124.3666696,49.76666766,-23.44955254,-26.43984903985186,2.990296499851862
-130.6666697,42.65000085,-10.89212418,-9.506834859447311,-1.3852893205526886
-119.2333361,39.38333412,-11.6331501,1.0641207874027887,-12.697270887402789
-131.1333364,43.70000087,-13.06736755,-16.730010864036856,3.662643314036856
-128.800003,39.50000079,-11.39299488,-17.615169373307417,6.222174493307417
-129.9666697,50.58333434,-24.95770454,-40.005116357327616,15.047411817327614
-120.1666695,50.11666767,-6.615647316,-8.043803297782652,1.4281559817826528
-125.0666696,39.96666747,-30.12413597,-32.36869166224856,2.244555692248557
-123.9000029,39.8500008,7.918056488,-6.947504841047788,14.86556132904779
-128.6833363,50.23333434,-105.9740906,-97.64329023765558,-8.33080036234442
-124.8333362,38.68333411,-35.2489357,-27.968923634279513,-7.280012065720484
-128.2166696,49.18333432,-26.03686333,-24.81735942447792,-1.2195039055220782
-119.2333361,45.1000009,73.80472565,9.377848424035255,64.42687722596474
-129.150003,48.71666764,-20.09845352,-11.089018064034887,-9.009435455965113
-130.3166697,44.63333423,17.50969887,8.113635208018563,9.396063661981438
-121.8000028,44.75000089,72.47362518,87.31482183767604,-14.841196657676036
-119.0000028,50.000001,44.87110519,2.853878237505917,42.017226952494084
-131.250003,48.25000096,-10.97793484,-12.63606786097982,1.65813302097982
-122.9666695,46.26666759,22.93576431,-16.443375995674476,39.379140305674476
-119.2333361,49.53333432,-0.797635972,11.729929567582673,-12.527565539582673
-132.6500031,49.06666765,-16.66235924,-11.683330256226888,-4.979028983773112
-128.5666696,48.4833343,8.065933228,-3.1285306951070715,11.194463923107072
-127.8666696,52.10000104,-1.827698946,-7.630216656553107,5.802517710553107
-130.6666697,46.03333425,-26.01612282,-7.652779825292013,-18.363342994707985
-131.600003,46.96666761,-20.96319389,-13.292179244450917,-7.671014645549082
-129.0333363,41.83333417,-0.67959708,-5.416978662086984,4.737381582086984
-131.950003,43.93333421,-11.8368721,-16.90257082879426,5.06569872879426
-120.9833362,42.65000085,18.13539124,33.00429893928768,-14.868907699287679
-123.7833362,48.83333431,31.76561356,75.49166261016028,-43.72604905016028
-126.2333363,46.6166676,-29.47881699,-19.800549702157696,-9.678267287842303
-129.2666697,40.31666747,-8.687156677,-3.6488614316354324,-5.038295245364568
-123.9000029,42.88333419,75.16784668,39.826301139868214,35.34154554013178
-132.5333364,49.76666766,-13.8933897,-12.10091618428135,-1.7924735157186493
-124.3666696,46.96666761,-64.8303299,-41.42431391792912,-23.406015982070876
-120.6333361,41.13333416,33.80858612,17.719611861395563,16.088974258604438
-124.3666696,51.63333437,11.32514477,-5.757660524060445,17.082805294060446
-126.3500029,43.5833342,-12.19773769,-14.62673752272706,2.42899983272706
-120.6333361,45.21666757,2.797664642,-9.805610810310833,12.603275452310832
-130.0833363,39.8500008,-26.94948196,-35.587589492891006,8.638107532891006
-123.2000029,48.71666764,-53.49388504,-43.419420961321556,-10.074464078678446
-124.6000029,37.98333409,-43.86677933,-38.5904578893049,-5.276321440695099
-130.550003,49.18333432,-23.65587616,-10.755684680803158,-12.90019147919684
-121.6833362,49.65000099,46.25072479,13.36541652475135,32.88530826524865
-126.4666696,45.1000009,-9.835401535,-13.915549758829908,4.080148223829907
-123.9000029,46.96666761,-33.24582672,-26.561052942915556,-6.684773777084441
-128.450003,38.80000078,-8.862359047,-17.115430540471937,8.253071493471937
-119.4666695,42.65000085,16.51578522,0.7920387892001856,15.723746430799816
-122.5000028,49.30000099,3.032383204,-24.99616770491067,28.028550908910667
-119.0000028,51.40000103,28.07649422,15.053823265064462,13.022670954935538
-128.2166696,42.06666751,-12.88197899,-13.116337128569864,0.23435813856986343
-130.6666697,43.2333342,-15.79561615,-14.881041390623258,-0.9145747593767428
-121.4500028,41.60000083,50.55683899,42.72317258736085,7.833666402639153
-120.9833362,53.73333441,-72.91030884,-19.213295146619334,-53.69701369338067
-133.0000031,41.01666749,-7.305390358,-7.886132071246602,0.580741713246602
-120.7500028,45.80000092,0.054594964,-16.759496006904183,16.814090970904182
-131.0166697,49.06666765,40.37970352,16.813083786986795,23.566619733013205
-121.8000028,44.16666755,121.7753525,103.18657620278158,18.588776297218416
-129.850003,41.60000083,-14.07826614,-7.113043530717852,-6.965222609282148
-120.2833361,47.31666761,4.587833405,15.74400426007211,-11.15617085507211
-121.9166695,39.8500008,-22.00153542,-39.29372036439786,17.292184944397864
-127.1666696,51.05000102,1.992318392,-27.309081045981163,29.301399437981164
-129.9666697,45.56666758,3.167821407,-0.3893096088486108,3.557131015848611
-119.0000028,42.30000085,-3.747876644,15.09781578960599,-18.84569243360599
-120.5166695,49.65000099,17.22956657,6.0137611349610856,11.215805435038913
-123.5500029,48.25000096,30.29060555,-3.186671121307614,33.477276671307614
-119.8166695,46.15000092,-4.673873901,-11.860102618003905,7.186228717003905
-133.0000031,47.43333428,-6.978014946,-11.922881966113309,4.944867020113309
-129.850003,38.56666744,-16.62219238,-21.07503870646354,4.45284632646354
-120.8666695,43.2333342,14.13100815,12.99117796858828,1.1398301814117193
-123.5500029,44.98333423,96.51564789,87.88394757100357,8.631700318996423
-130.4333363,46.6166676,-20.27536011,-7.562760792566448,-12.712599317433554
-125.5333362,44.75000089,-62.88173294,-49.01450856544713,-13.867224374552869
-121.9166695,53.85000108,-9.556138039,-16.206239096112267,6.650101057112266
-121.5666695,38.91666744,-40.74996567,-35.3082009950559,-5.441764674944103
-129.7333363,45.21666757,-3.944556236,-2.855021283406588,-1.0895349525934122
-122.3833362,43.5833342,-6.297992706,9.140313375770676,-15.438306081770676
-129.500003,50.35000101,-30.75793076,-51.99948037772474,21.241549617724736
-132.300003,38.45000077,-29.92796898,-28.642664189231912,-1.2853047907680875
-123.9000029,52.91666772,-0.377709448,-4.386221429025604,4.008511981025604
-127.1666696,47.43333428,-5.16105175,-13.560041251649194,8.398989501649194
-121.8000028,41.95000084,-19.63117027,0.5374005366936359,-20.168570806693634
-130.6666697,50.58333434,30.16143608,-21.528734047647813,51.69017012764782
-125.5333362,45.45000091,-48.08153915,-40.544322101784616,-7.537217048215382
-129.9666697,52.68333439,-10.10983372,-6.119600137203894,-3.9902335827961055
-122.9666695,49.41666765,10.66490459,-10.664230694800203,21.329135284800202
-125.8833363,39.61666746,-12.33591938,-20.284160741343136,7.948241361343136
-123.6666695,53.03333439,-17.01666832,-4.643813971458977,-12.372854348541024
-131.1333364,45.33333424,1.774610281,-6.523467278023767,8.298077559023767
-128.9166696,41.13333416,-9.632828712,-1.7311869491232892,-7.901641762876711
-130.6666697,42.53333418,-8.082420349,-8.828124713680486,0.7457043646804866
-131.1333364,40.2000008,-36.9641037,-30.540243131516526,-6.423860568483477
-129.0333363,38.45000077,-32.56229401,-26.32224408802211,-6.240049921977892
-121.3333362,40.55000081,64.83734894,70.46109480466409,-5.623745864664087
-122.1500028,53.73333441,-14.03478527,3.6649435198314206,-17.699728789831422
-123.7833362,49.65000099,-36.29982758,30.148940956310366,-66.44876853631037
-132.4166697,48.01666763,-5.254751205,-7.390995494438122,2.136244289438122
-121.9166695,48.83333431,45.79370117,22.275680079482527,23.518021090517472
-120.5166695,47.08333427,-29.14333916,0.8651145997713263,-30.008453759771328
-124.0166695,48.36666763,39.31036377,-7.344528936105793,46.6548927061058
-129.150003,44.40000089,17.61081314,1.124742391494494,16.486070748505508
-120.9833362,44.16666755,14.129426,9.373883461845288,4.755542538154712
-128.800003,42.53333418,-8.129323959,-8.081190158384953,-0.04813380061504802
-120.8666695,37.98333409,-40.08387375,-21.562481450386393,-18.52139229961361
-124.2500029,41.60000083,-42.30283356,-30.31712859403866,-11.985704965961343
-125.8833363,53.85000108,13.35445309,5.502137048712876,7.852316041287124
-121.4500028,48.1333343,-7.75047493,-7.747170635682515,-0.0033042943174850237
-126.8166696,40.90000082,-7.200640678,-4.533202139337801,-2.667438538662199
-129.0333363,38.56666744,-30.55221176,-26.32829589648724,-4.223915863512758
-126.0000029,49.76666766,27.1577816,49.37257006836208,-22.21478846836208
-126.1166696,42.65000085,37.95291519,9.188681472122457,28.76423371787754
-128.6833363,41.7166675,0.1303581,-4.701191078812004,4.831549178812003
-124.8333362,39.03333411,-32.66517258,-31.604862457676575,-1.060310122323422
-128.3333363,45.33333424,-4.214304924,-7.502015301354924,3.287710377354924
-123.2000029,50.23333434,34.63165283,36.979518349412196,-2.3478655194121956
-120.8666695,43.93333421,18.00718498,13.905834618568047,4.101350361431955
-124.0166695,53.61666774,-7.404502869,-2.9314669274468095,-4.47303594155319
-122.0333362,38.56666744,-17.69242477,-10.894354674251915,-6.798070095748084
-131.4833364,39.26666745,-11.65196609,-12.705416929451161,1.0534508394511608
-131.4833364,40.31666747,0.282091856,-1.3239998441967318,1.6060917001967319
-126.5833363,50.58333434,-15.89092731,0.7900891229856769,-16.68101643298568
-128.800003,45.45000091,-1.926645637,-7.387639692798648,5.460994055798648
-124.0166695,49.18333432,34.15995407,21.330515408634064,12.829438661365934
-121.6833362,50.58333434,51.79388428,62.79756219283533,-11.003677912835329
-122.7333362,47.31666761,-52.27396393,-30.296970647704722,-21.97699328229528
-129.3833363,44.63333423,-3.143333197,-5.494513809002151,2.351180612002151
-125.1833362,44.75000089,-26.90394402,-34.35552313941053,7.451579119410528
-129.0333363,47.20000094,-6.658148766,-4.6184470952914065,-2.0397016707085935
-131.8333364,48.36666763,-13.56287575,-11.128506053887234,-2.434369696112766
-122.8500029,51.75000103,-19.93718719,-2.51606393542255,-17.42112325457745
-121.3333362,49.53333432,-22.32683182,13.40559177117989,-35.73242359117989
-132.4166697,48.36666763,-12.47515297,-13.463217051556445,0.9880640815564448
-131.950003,46.50000093,-16.97960281,-13.471041128232674,-3.5085616817673255
-119.9333361,52.56666772,109.8612976,14.65798228752789,95.20331531247211
-132.8833364,42.06666751,48.83541107,40.730797173626726,8.104613896373273
-130.550003,41.13333416,0.421950758,-3.007891891570022,3.429842649570022
-127.5166696,48.1333343,-5.617423058,-12.803254095156948,7.185831037156948
-121.3333362,47.78333429,7.351844788,18.676318034059072,-11.324473246059071
-124.7166696,49.30000099,42.34648895,51.4481478976832,-9.101658947683198
-120.6333361,45.33333424,-6.612659454,-4.218614573538899,-2.3940448804611014
-129.2666697,38.45000077,-35.37369537,-26.32224408802211,-9.05145128197789
-121.5666695,49.88333433,52.20605087,15.275168810251502,36.9308820597485
-131.8333364,42.53333418,-17.64885139,-13.829554142354974,-3.819297247645027
-121.6833362,47.78333429,-8.499148369,6.794607236891219,-15.293755605891219
-123.6666695,53.73333441,-21.39696312,-8.732313685570297,-12.664649434429702
-127.5166696,52.68333439,6.885204315,14.917152643202892,-8.03194832820289
-122.1500028,45.21666757,-15.92332268,0.4845487605266622,-16.407871440526662
-119.5833361,43.2333342,11.04546738,7.2502091035369345,3.7952582764630654
-121.8000028,50.35000101,53.16567993,83.77782230217647,-30.61214237217647
-131.7166697,37.98333409,-17.1609211,-21.424608620617487,4.263687520617488
-128.450003,53.96666775,52.5159111,14.115321389926551,38.40058971007345
-121.2166695,43.46666754,-0.841302097,16.36543887299167,-17.20674096999167
-122.3833362,41.95000084,-33.93069077,-5.524515921038353,-28.406174848961644
-122.0333362,50.000001,0.600371063,25.605521078785998,-25.005150015785997
-131.4833364,45.68333425,-7.642449379,-14.122115926229165,6.479666547229165
-124.6000029,44.16666755,-16.37028122,-24.889247015766944,8.518965795766945
-131.1333364,52.33333438,53.50694275,22.468268929017185,31.038673820982815
-121.8000028,46.38333426,9.26285553,8.952542581753715,0.31031294824628475
-128.3333363,48.01666763,-1.292573333,-6.207757916274476,4.915184583274476
-121.9166695,42.06666751,19.13749313,17.769423950661277,1.3680691793387219
-125.3000029,50.70000101,0.802877545,32.31101107025142,-31.508133525251417
-122.2666695,39.03333411,-16.30399895,-7.758701306556657,-8.545297643443345
-123.9000029,38.21666743,-85.57430267,-71.99271601123515,-13.581586658764849
-123.6666695,40.55000081,10.73747444,17.82215975459234,-7.084685314592342
-120.5166695,41.7166675,13.27568626,3.017434475344267,10.258251784655734
-122.2666695,41.95000084,10.44643593,7.462213380496413,2.9842225495035866
-124.1333362,53.73333441,26.26950264,13.14650440300236,13.122998236997638
-132.1833364,38.45000077,-35.42514801,-28.642664189231912,-6.782483820768089
-126.8166696,41.48333416,-9.536950111,-0.8208893430855755,-8.716060767914424
-122.6166695,40.66666748,-22.47160149,-26.668624597783214,4.197023107783213
-126.3500029,45.91666758,-10.78119469,-13.815558552154839,3.034363862154839
-125.3000029,38.21666743,-7.171931267,-20.964382595326057,13.792451328326058
-129.3833363,52.80000106,10.31680679,1.3423109196379897,8.97449587036201
-128.100003,51.8666677,20.78964043,1.478344902239125,19.311295527760873
-125.1833362,42.06666751,-34.86071014,-43.818970380051326,8.958260240051324
-131.4833364,38.91666744,-15.18212605,-18.193814577013427,3.011688527013426
-124.7166696,38.56666744,-32.384758,-35.29626269114027,2.911504691140273
-131.250003,41.48333416,-9.153296471,-7.0015213380957695,-2.1517751329042314
-131.250003,46.26666759,-4.750478745,-5.511687815895265,0.7612090708952657
-123.4333362,53.15000106,9.196491241,-4.447370658877907,13.643861899877908
-129.850003,38.21666743,-21.7478466,-23.552622746387385,1.8047761463873861
-130.3166697,39.38333412,-14.30002594,-17.561583143173298,3.2615572031732984
-132.8833364,43.11666753,-13.60468769,-16.08624205025263,2.4815543602526287
-127.5166696,44.51666756,-4.11987114,-7.172685659855127,3.0528145198551275
-120.2833361,44.86666756,6.004597664,-5.853034475476955,11.857632139476955
-122.9666695,40.55000081,21.82206154,17.752454163059518,4.069607376940482
-122.1500028,43.70000087,23.36323929,1.5256873194340548,21.837551970565944
-125.0666696,50.58333434,24.02423668,-11.488432034821441,35.512668714821444
-128.5666696,50.81666768,38.64752579,21.219523402949434,17.42800238705057
-123.3166695,44.98333423,26.00558662,27.626267194181484,-1.6206805741814847
-124.4833362,39.26666745,-53.91540527,-53.070440011248174,-0.8449652587518273
-123.6666695,46.6166676,20.91553116,11.168614345236382,9.746916814763619
-125.8833363,52.56666772,51.86384583,54.09980515799638,-2.235959327996376
-129.0333363,43.11666753,-5.107896805,-11.308209558292058,6.200312753292057
-123.5500029,52.91666772,-35.08879852,-11.362649361452826,-23.726149158547173
-123.2000029,38.21666743,-7.489258766,-2.8135675297233083,-4.675691236276691
-132.4166697,53.85000108,33.51127243,38.8158216745944,-5.304549244594405
-124.6000029,45.1000009,-36.74189758,-34.65309377616518,-2.0888038038348213
-121.4500028,38.45000077,-30.43358612,-34.128901007804444,3.695314887804443
-125.3000029,43.11666753,-97.75061798,-85.51138123008376,-12.239236749916245
-128.9166696,42.30000085,-9.717535973,-7.486766684444763,-2.230769288555237
-131.4833364,49.76666766,-12.1148386,-10.385369003155457,-1.7294695968445435
-123.4333362,42.06666751,108.5798721,20.75914025857888,87.82073184142112
-131.950003,46.26666759,-16.92653084,-14.602553181624586,-2.3239776583754157
-119.9333361,45.68333425,-47.00249481,-23.096889399984068,-23.905605410015934
-126.1166696,46.15000092,-23.93492508,-17.40498241158202,-6.529942668417981
-124.8333362,49.76666766,-30.06262589,-34.813083414090706,4.750457524090706
-126.1166696,51.28333436,20.5175724,53.509801653514444,-32.992229253514445
-129.6166697,50.58333434,-79.67425537,-69.05655239298062,-10.617702977019377
-124.1333362,41.83333417,-35.33063126,-10.567084207225133,-24.763547052774864
-119.1166694,39.73333413,12.26124668,4.891150181914875,7.3700964980851245
-127.750003,52.33333438,5.613039017,-7.579394442383887,13.192433459383887
-120.0500028,45.68333425,-46.07317734,-21.38278053558123,-24.69039680441877
-120.2833361,50.11666767,-9.098161697,-7.403639126301882,-1.6945225706981182
-127.8666696,42.06666751,-4.023133278,-7.586571028160828,3.563437750160827
-131.3666697,48.01666763,-9.965963364,-10.500397089481641,0.5344337254816409
-123.7833362,41.60000083,56.80888367,17.294889155832692,39.51399451416731
-120.6333361,44.51666756,36.97515106,14.622094517742102,22.3530565422579
-122.2666695,53.3833344,-3.57909894,-5.464934381838497,1.885835441838497
-128.450003,48.36666763,-2.548873425,-9.246926631327849,6.698053206327849
-126.1166696,50.000001,63.61563873,85.14353116088358,-21.527892430883583
-124.0166695,40.55000081,-38.97954559,-3.9774193353541016,-35.0021262546459
-130.0833363,44.75000089,-9.175570488,-6.198076619041095,-2.9774938689589048
-122.7333362,42.76666752,-10.53489876,-1.7264952446976967,-8.808403515302304
-132.4166697,52.45000105,-86.28600311,-64.49254668841493,-21.793456421585063
-129.6166697,45.91666758,-13.64630127,-4.073522931521586,-9.572778338478415
-126.2333363,48.25000096,-18.27657318,-23.173626850156595,4.897053670156595
-127.8666696,39.96666747,-61.49154282,-58.188058455130445,-3.303484364869554
-126.7000029,40.43333414,24.324646,6.6549517163100145,17.669694283689985
-130.0833363,50.70000101,-19.21636391,-23.060357426981486,3.843993516981488
-130.0833363,47.90000096,-12.82854557,-9.294329571006827,-3.5342159989931723
-128.100003,38.56666744,-29.4559269,-26.94554687609173,-2.5103800239082723
-123.2000029,45.80000092,25.95833778,21.064189011985636,4.8941487680143645
-126.4666696,51.63333437,60.95299149,45.80681772021015,15.146173769789854
-131.7166697,40.43333414,-7.764662743,-4.295392693456123,-3.4692700495438764
-123.6666695,39.50000079,13.21852303,22.748299320795763,-9.529776290795763
-132.0666697,50.23333434,-8.824666023,-6.9223815357268625,-1.9022844872731381
-120.6333361,53.26666773,31.04366302,14.225519910187112,16.818143109812887
-132.5333364,53.61666774,55.21249771,53.625357971533155,1.5871397384668455
-123.3166695,50.81666768,-18.08639908,52.05976197655105,-70.14616105655105
-133.0000031,43.70000087,-15.57466793,-16.406637748511944,0.8319698185119435
-124.0166695,51.16666769,-1.096480608,-45.5999418491958,44.5034612411958
-130.4333363,43.70000087,-28.76183128,-16.475284827232628,-12.286546452767372
-123.0833362,46.38333426,57.87057495,4.15344346608465,53.717131483915345
-125.4166696,46.50000093,-31.33375931,-39.70527046207143,8.371511152071431
-130.0833363,38.91666744,-13.63307667,-15.738850447780965,2.105773777780966
-119.2333361,39.15000078,-13.39577103,-2.0051876293473008,-11.3905834006527
-120.6333361,45.80000092,-9.599777222,-19.77668834277107,10.17691112077107
-125.3000029,52.21666771,9.87538147,-0.47868326922825927,10.35406473922826
-119.0000028,48.71666764,35.67581177,2.084663380020714,33.59114838997929
-132.7666697,44.51666756,-16.01523018,-15.06024182716145,-0.9549883528385497
-129.500003,38.56666744,-28.03260422,-26.32224408802211,-1.7103601319778896
-122.0333362,40.43333414,-28.38536644,-27.84748413202257,-0.53788230797743
-120.6333361,47.66666762,-45.50092316,33.73761814559919,-79.2385413055992
-124.9500029,49.53333432,60.7349968,36.20705428162992,24.527942518370075
-129.9666697,51.75000103,-20.4023571,-7.6709285840780455,-12.731428515921955
-126.1166696,43.46666754,-17.55181313,-16.500354120512743,-1.0514590094872567
-128.2166696,45.33333424,-7.793059349,-7.184936068947841,-0.6081232800521592
-129.850003,53.96666775,17.04994965,11.264616798719105,5.785332851280893
-128.3333363,40.31666747,-22.20187187,-14.507845944126121,-7.694025925873881
-119.1166694,50.000001,31.58032799,2.853878237505917,28.726449752494084
-122.7333362,38.45000077,-9.508349419,0.040635632148769904,-9.54898505114877
-126.8166696,48.83333431,-35.83797836,-37.39640682835677,1.558428468356766
-122.0333362,48.83333431,-1.627323985,32.30769533369924,-33.93501931869924
-125.0666696,40.2000008,-6.70736599,-19.619883331092705,12.912517341092705
-125.7666696,43.81666754,-40.43453217,-35.87361064404036,-4.560921525959635
-120.7500028,49.30000099,75.24771881,35.96387617092987,39.28384263907012
-128.100003,52.80000106,-40.58844757,-0.29869088280519773,-40.2897566871948
-128.6833363,46.26666759,-8.141467094,-8.052467821421983,-0.08899927257801643
-121.5666695,44.63333423,-8.35546875,17.58268378939602,-25.93815253939602
-129.9666697,40.66666748,13.01669312,4.788083914502347,8.228609205497651
-124.4833362,43.81666754,-37.28509903,-27.88081779146452,-9.404281238535479
-127.1666696,47.66666762,-7.528009415,-15.080776109804516,7.552766694804516
-119.2333361,51.28333436,-16.36186028,-1.1924235497894962,-15.169436730210503
-132.0666697,40.31666747,-1.856723905,-5.846525928582171,3.989802023582171
-125.4166696,44.28333422,-83.03570557,-61.16030384027346,-21.875401729726548
-124.0166695,41.83333417,-1.819254518,-3.3625006442019836,1.5432461262019836
-132.5333364,48.36666763,-16.37510109,-13.463217051556445,-2.9118840384435565
-122.2666695,39.26666745,-45.30275726,-27.265158327314307,-18.037598932685693
-120.1666695,50.35000101,22.18002129,5.48781348168717,16.69220780831283
-128.2166696,48.71666764,-6.987557411,-16.283954888793836,9.296397477793835
-121.3333362,48.25000096,2.213989496,-7.839897880305733,10.053887376305733
-125.7666696,48.25000096,-21.10592079,-25.2513520897302,4.145431299730202
-120.7500028,53.15000106,23.56178665,16.48280981060407,7.078976839395928
-125.6500029,51.75000103,-10.21110249,25.590072080969808,-35.801174570969806
-123.5500029,49.30000099,-66.11120605,-51.80795805294838,-14.303247997051628
-121.4500028,53.3833344,-19.0040741,1.5000093431590245,-20.504083443159026
-126.4666696,46.6166676,-22.22317886,-17.084967544549546,-5.138211315450455
-119.9333361,38.80000078,115.8143616,68.1673245524996,47.647037047500405
-124.9500029,40.78333415,-64.24182892,-52.50941114068773,-11.732417779312271
-129.0333363,46.38333426,-6.752837181,-7.558113596888552,0.8052764158885521
-128.6833363,44.75000089,-8.636387825,-7.903276340058432,-0.7331114849415679
-119.1166694,53.96666775,-10.1144495,48.482659574407876,-58.597109074407875
-121.4500028,44.98333423,1.205260396,-3.903704262635933,5.108964658635933
-120.2833361,40.66666748,13.040555,19.580354076446866,-6.539799076446867
-130.7833363,48.1333343,-11.00628948,-8.43687054357274,-2.56941893642726
-131.8333364,52.45000105,-56.51223373,-62.95420697807884,6.441973248078838
-120.7500028,43.81666754,7.791807175,27.90755104045862,-20.115743865458622
-126.1166696,50.81666768,25.74754333,32.826620879631605,-7.079077549631606
-121.2166695,49.88333433,33.08231354,32.33454494484753,0.747768595152472
-129.0333363,47.90000096,-1.580559015,-4.8076641777628275,3.2271051627628276
-131.3666697,52.45000105,61.53432083,78.55946824604084,-17.025147416040838
-124.8333362,53.61666774,-22.49053383,-18.096586460158292,-4.393947369841708
-129.150003,40.31666747,-31.56995773,-31.367305818160787,-0.2026519118392116
-126.7000029,39.8500008,-35.74691391,-43.89931518425687,8.152401274256867
-132.7666697,49.18333432,-15.99136829,-11.683330256226888,-4.308038033773112
-125.6500029,38.3333341,-12.60408592,-19.75050875762045,7.146422837620452
-129.6166697,53.3833344,27.8157196,9.229758602622471,18.58596099737753
-120.6333361,40.2000008,65.01911163,16.738151207003543,48.28096042299646
-130.200003,52.56666772,-24.35801125,-6.010054491505089,-18.34795675849491
-122.5000028,40.55000081,-42.45962524,-35.129813177148755,-7.329812062851246
-126.0000029,51.05000102,52.78491974,41.163867020412425,11.621052719587574
-123.9000029,41.36666749,-18.20202827,-2.2254308737467303,-15.976597396253268
-124.2500029,48.01666763,-35.0690155,16.41891518441513,-51.48793068441513
-121.8000028,52.10000104,6.332452774,-3.3844275462352567,9.716880320235257
-123.6666695,40.43333414,1.890563726,0.01197951070798501,1.8785842152920151
-129.2666697,41.95000084,-0.064732656,-5.605440893830921,5.540708237830921
-124.0166695,38.21666743,-80.49707794,-73.71283653832852,-6.78424140167148
-126.5833363,53.73333441,2.592223167,1.1752540531847468,1.4169691138152534
-122.7333362,41.7166675,54.02784348,49.33222601080805,4.695617469191951
-128.2166696,42.53333418,-8.749816895,-7.956008703856285,-0.7938081911437154
-122.2666695,49.41666765,9.790885925,-33.578006347971375,43.36889227297137
-127.6333363,43.2333342,2.861418962,-7.530459051420237,10.391878013420238
-132.4166697,41.7166675,-11.84851933,-10.83090809548026,-1.017611234519741
-129.6166697,40.66666748,13.31365395,4.790438570871952,8.523215379128048
-122.7333362,53.61666774,-17.0167923,-21.96690002171713,4.950107721717131
-129.150003,43.2333342,-3.97057128,-11.43279805388088,7.4622267738808805
-131.0166697,51.98333437,98.88890076,70.39231383535036,28.496586924649634
-129.850003,53.3833344,12.39313412,-1.841500752568562,14.234634872568561
-126.2333363,49.88333433,50.86644363,46.89475914743358,3.971684482566417
-120.0500028,50.70000101,-13.69234371,-11.182655728159787,-2.5096879818402122
-120.4000028,50.81666768,-25.73434258,-11.716804627292737,-14.017537952707263
-131.1333364,41.7166675,-13.4756155,-9.792811956513065,-3.6828035434869353
-129.7333363,41.95000084,-10.64298439,-6.87945045226523,-3.7635339377347705
-119.8166695,43.46666754,6.097518921,9.165242886100248,-3.0677239651002486
-122.5000028,46.50000093,-11.95248985,-17.00952163137703,5.057031781377031
-131.600003,43.81666754,-15.29812431,-18.449359893209138,3.1512355832091377
-124.4833362,40.90000082,-24.99476433,-32.83686027393035,7.8420959439303495
-130.4333363,51.40000103,-29.86124611,-23.854455884041478,-6.006790225958522
-130.3166697,47.66666762,-7.834222794,-8.938011668660929,1.1037888746609283
-119.0000028,42.41666751,-19.19310188,7.386987721898412,-26.58008960189841
-123.4333362,43.11666753,-2.770568609,12.46911264503048,-15.23968125403048
-127.0500029,41.48333416,1.079906702,-0.9250768701400855,2.0049835721400857
-132.4166697,49.76666766,-16.29310417,-11.966345936660634,-4.3267582333393655
-121.2166695,48.95000098,78.00769806,33.400984327879385,44.60671373212061
-130.4333363,47.55000095,-0.450056195,-9.438465294113087,8.988409099113086
-128.9166696,47.08333427,-4.520820618,-5.641745306319251,1.120924688319251
-119.2333361,49.06666765,36.57156754,27.81161057733332,8.759956962666678
-132.5333364,45.80000092,-14.78076935,-12.642013915143728,-2.1387554348562716
-124.9500029,38.80000078,-33.4657135,-26.069421472488617,-7.396292027511382
-122.3833362,38.3333341,7.854585648,8.840346264662648,-0.985760616662648
-119.2333361,43.00000086,19.99212456,12.454851578269366,7.537272981730634
-124.8333362,50.23333434,-13.22216606,-2.7423564416932487,-10.479809618306751
-130.6666697,53.85000108,15.78982258,21.58699528087646,-5.797172700876462
-123.6666695,41.48333416,26.45212555,49.010196062928834,-22.558070512928833
-120.6333361,43.81666754,21.04315186,23.03558574924662,-1.9924338892466231
-130.900003,39.8500008,-40.5722084,-42.35688899239882,1.7846805923988214
-129.2666697,44.16666755,5.679260254,1.4233603150377234,4.255899938962276
-130.200003,53.26666773,-33.06684875,0.06311717965084687,-33.129965929650844
-122.1500028,43.35000087,29.70070267,40.851846785062925,-11.151144115062927
-132.0666697,41.48333416,-5.952379227,-8.126374975013194,2.173995748013194
-129.0333363,41.60000083,-7.889417648,-5.416978662086984,-2.4724389859130165
-119.5833361,46.6166676,-35.18512344,-28.710715433204395,-6.474408006795603
-130.0833363,40.55000081,2.323523283,-2.902174334629174,5.225697617629175
-123.4333362,53.3833344,34.70120621,-4.447370658877907,39.14857686887791
-125.3000029,45.91666758,-15.68704033,-35.69296187575288,20.005921545752877
-126.3500029,53.85000108,-17.81597137,-2.596546884118428,-15.219424485881571
-121.8000028,50.70000101,-5.743694305,-6.973475159520689,1.2297808545206887
-132.1833364,44.16666755,-13.60973358,-13.172746283920478,-0.436987296079522
-130.900003,38.91666744,-9.2853899,-12.513262266349495,3.2278723663494944
-124.4833362,38.21666743,-26.74571419,-45.9907905729204,19.245076382920402
-120.8666695,38.21666743,-37.50814819,-25.622992613999056,-11.885155576000944
-122.8500029,47.43333428,-11.25551319,-36.275736569511686,25.020223379511684
-128.9166696,52.56666772,-2.341736078,-8.609394573374596,6.2676584953745955
-119.2333361,48.36666763,18.53799438,15.694835415667994,2.843158964332007
-120.1666695,38.68333411,83.52597046,65.31854850676903,18.207421953230963
-130.0833363,45.68333425,8.480967522,7.988834284524264,0.4921332374757359
-131.8333364,38.21666743,-22.19899178,-26.732966265876303,4.533974485876303
-124.6000029,41.36666749,-58.68068695,-36.44215093874001,-22.23853601125999
-122.3833362,48.1333343,-102.1596451,-81.8536497848592,-20.305995315140805
-121.1000028,43.2333342,-5.429038048,6.917597776281484,-12.346635824281485
-127.4000029,45.80000092,-8.76415062,-8.486287034324727,-0.2778635856752736
-122.1500028,46.38333426,62.2167778,20.59518094865765,41.62159685134235
-131.7166697,47.43333428,-14.1973877,-14.068477458590074,-0.12891024140992613
-128.5666696,41.83333417,-4.287232399,-4.701191078812004,0.41395867981200407
-127.750003,41.13333416,36.62531281,18.63135264733678,17.993960162663218
-129.3833363,51.63333437,-17.68419456,-1.2358670772173879,-16.448327482782613
-120.1666695,53.26666773,-84.06100464,11.879383470297014,-95.94038811029701
-119.8166695,53.61666774,35.33577728,20.016390264528134,15.319387015471868
-130.900003,44.98333423,-1.888908863,-6.11916887360704,4.23026001060704
-128.6833363,52.45000105,5.348907471,9.705659999381224,-4.356752528381223
-129.0333363,40.2000008,-73.1805954,-75.13706382803184,1.9564684280318403
-132.6500031,39.50000079,-29.66175652,-16.788428745898834,-12.873327774101167
-127.1666696,43.35000087,-11.01518345,-10.039014679447718,-0.9761687705522828
-130.0833363,42.76666752,-14.40206051,-10.829434794412231,-3.572625715587769
-126.3500029,48.01666763,-9.885905266,-9.961500079212827,0.07559481321282746
-127.5166696,53.50000107,64.74748993,25.42378202197412,39.32370790802588
-132.6500031,50.93333435,-1.763339639,-1.8308774452121108,0.0675378062121108
-124.2500029,52.91666772,1.013674974,6.230815000000334,-5.217140026000334
-128.5666696,41.25000082,-9.093696594,-3.746627615323283,-5.347068978676718
-128.9166696,43.5833342,-17.83344078,-16.699318629249866,-1.1341221507501338
-124.7166696,48.4833343,-0.467365503,-39.76818097801963,39.300815475019625
-120.9833362,42.76666752,2.135237455,25.901135260023512,-23.765897805023513
-127.9833363,43.81666754,9.18372345,-4.116621162562896,13.300344612562895
-131.600003,49.76666766,-10.3302803,-17.275194173304815,6.944913873304815
-127.6333363,48.25000096,-8.215371132,-13.500272924561123,5.284901792561124
-131.0166697,48.36666763,-2.350838423,-8.196583938698387,5.845745515698387
-123.3166695,39.26666745,23.49643707,28.937334386136367,-5.440897316136368
-129.9666697,53.96666775,21.06821251,9.357436002322954,11.710776507677044
-121.9166695,46.73333427,6.822019577,7.720146147678896,-0.8981265706788966
-125.1833362,52.56666772,2.306966782,9.883764247490063,-7.576797465490063
-125.7666696,41.13333416,-12.23816586,-17.44638304227489,5.208217182274888
-123.6666695,38.10000076,-62.97133255,-56.87031530165992,-6.101017248340078
-132.5333364,42.06666751,-24.26926231,-12.204517332213126,-12.064744977786873
-122.5000028,42.41666751,-15.68583679,15.87141073487966,-31.55724752487966
-124.2500029,48.1333343,1.97187376,6.747059180508213,-4.775185420508213
-124.0166695,40.31666747,7.066255569,2.88193716826648,4.18431840073352
-132.7666697,46.03333425,-21.3684082,-14.78353500337527,-6.584873196624731
-119.3500028,49.53333432,70.134552,-15.259281414738957,85.39383341473896
-124.4833362,53.26666773,28.3541069,0.08340441307357387,28.270702486926428
-128.100003,50.11666767,-38.31626129,-62.11670555424042,23.80044426424042
-132.6500031,50.81666768,0.000317484,-2.73696063444698,2.73727811844698
-124.0166695,53.96666775,-43.67461014,-17.034384715216625,-26.640225424783374
-122.1500028,40.55000081,-64.37808228,-46.25144104557288,-18.12664123442712
-129.500003,42.88333419,-8.252081871,-8.825972206168323,0.5738903351683238
-123.5500029,50.000001,91.21897888,-10.33373318519891,101.5527120651989
-129.150003,46.26666759,-8.680072784,-7.558113596888552,-1.1219591871114476
-127.6333363,46.6166676,-3.004929781,-9.268690409183494,6.263760628183494
-121.9166695,41.36666749,-6.146888733,7.096833253516395,-13.243721986516395
-123.3166695,42.41666751,-10.52942181,14.554850665338904,-25.084272475338906
-123.0833362,51.40000103,16.79040146,25.554876523199887,-8.764475063199889
-126.0000029,41.83333417,-10.00893116,-10.302008156035082,0.29307699603508297
-119.4666695,37.98333409,78.78756714,78.27236382453108,0.5152033154689093
-120.2833361,46.96666761,-9.202457428,-10.14303386030948,0.940576432309479
-120.6333361,42.65000085,48.94645309,28.650821114411432,20.295631975588567
-126.0000029,46.26666759,-33.38184357,-25.07623445356337,-8.305609116436631
-121.2166695,52.21666771,2.898042917,13.893778109457019,-10.995735192457019
-124.3666696,39.73333413,-54.36268234,-45.281350018024256,-9.081332321975744
-126.7000029,51.75000103,-27.50084496,3.3396241321958904,-30.84046909219589
-127.0500029,46.50000093,-5.146489143,-12.243606362116937,7.097117219116937
-120.9833362,44.51666756,23.24907494,-1.8261691012111407,25.07524404121114
-128.100003,44.28333422,-3.353271246,-6.272179754706764,2.9189085087067643
-119.9333361,41.95000084,26.12956047,16.161857445969126,9.967703024030875
-121.9166695,38.80000078,-29.73331833,-23.161472471091017,-6.571845858908983
-119.5833361,42.06666751,1.833785772,15.59621031388331,-13.762424541883309
-132.0666697,39.26666745,-24.98814201,-16.86846397464871,-8.119678035351292
-119.0000028,50.70000101,17.91534615,-30.042364530507545,47.957710680507546
-129.3833363,52.10000104,-15.51745033,-2.2275307047019433,-13.289919625298058
-126.1166696,39.73333413,-22.44328308,-24.23454593877293,1.791262858772928
-123.4333362,51.05000102,44.68363953,68.4195373193668,-23.735897789366796
-122.7333362,43.00000086,-24.93279266,-1.7264952446976967,-23.206297415302302
-120.9833362,45.33333424,-8.819750786,-2.835484081952247,-5.984266704047753
-127.2833363,40.55000081,-33.40523529,-4.651239218103846,-28.753996071896154
-121.4500028,47.66666762,13.05878735,46.25782496751797,-33.19903761751797
-121.8000028,49.88333433,12.62321472,22.990742442698956,-10.367527722698956
-120.0500028,42.53333418,39.34111023,17.193497820743236,22.147612409256762
-119.3500028,42.65000085,11.5213089,-1.1720029664401792,12.693311866440178
-121.1000028,43.46666754,-1.315848947,8.825522058874093,-10.141371005874092
-122.9666695,38.91666744,48.62863159,44.68476875093303,3.9438628390669663
-130.550003,50.11666767,0.024216801,-0.1835044168829129,0.20772121788291292
-129.150003,51.8666677,-11.91349411,0.2739940546325161,-12.187488164632516
-119.7000028,53.50000107,29.54477501,37.19826282743516,-7.65348781743516
-119.3500028,41.7166675,3.06327343,17.945127753750782,-14.881854323750781
-130.4333363,49.06666765,-1.59601891,-7.814574013863427,6.2185551038634275
-127.8666696,42.76666752,-8.060355186,-3.6511210842750783,-4.409234101724922
-124.8333362,42.88333419,-1.143090606,-24.96103937840957,23.81794877240957
-124.9500029,44.75000089,-25.70171547,-28.319962575739087,2.618247105739087
-126.8166696,45.56666758,-4.257380486,-10.432974231970718,6.175593745970718
-129.9666697,40.08333413,-69.98412323,-66.22458900479822,-3.759534225201776
-132.300003,44.40000089,-12.59330082,-15.570882049013047,2.9775812290130474
-127.750003,42.06666751,-14.28202724,-16.890984750220102,2.608957510220103
-127.9833363,53.15000106,-11.43693447,-8.49939407601571,-2.937540393984291
-121.2166695,38.56666744,-28.45546341,-33.322226972851105,4.866763562851105
-119.9333361,42.76666752,3.529357195,0.9120892782983074,2.6172679167016923
-131.950003,50.46666768,-6.408212662,-9.385434472973666,2.9772218109736652
-121.1000028,38.56666744,-39.96192169,-31.99561084201197,-7.9663108479880265
-124.2500029,52.21666771,16.34707451,5.807067550617074,10.540006959382925
-124.1333362,39.03333411,-3.166815042,-23.682205435540208,20.51539039354021
-130.4333363,40.78333415,63.92395401,44.4820621533688,19.4418918566312
-123.3166695,52.80000106,4.399786949,14.422200548438834,-10.022413599438835
-129.500003,44.05000088,3.685204983,-2.949496479337069,6.63470146233707
-124.3666696,50.58333434,18.14769173,-24.383915211684332,42.53160694168433
-130.550003,52.21666771,1.934282064,2.452828203744547,-0.5185461397445468
-120.5166695,37.98333409,-34.48796844,-0.9668336043325978,-33.521134835667404
-132.7666697,41.95000084,-11.34496403,-10.970351977755938,-0.37461205224406235
-129.850003,52.80000106,-4.414019585,-3.167488141338537,-1.2465314436614632
-131.4833364,38.56666744,-16.63468361,-17.924691586673752,1.2900079766737527
-126.1166696,42.18333418,5.49196434,2.725517962076467,2.766446377923533
-123.4333362,45.21666757,86.99950409,86.35139058777168,0.6481135022283269
-123.5500029,40.43333414,23.96982384,32.28496189904068,-8.315138059040681
-124.0166695,45.45000091,-12.38597775,-13.625382602595886,1.2394048525958858
-131.1333364,42.65000085,-12.70944405,-13.000576944091835,0.2911328940918345
-120.2833361,52.21666771,-29.822155,-1.6223706219884426,-28.199784378011557
-131.600003,52.21666771,-47.027668,-30.748784340578815,-16.278883659421183
-122.3833362,43.11666753,43.30404663,19.18412877815006,24.11991785184994
-125.1833362,47.43333428,-17.92072296,-31.402673649094154,13.481950689094155
-119.7000028,39.03333411,-31.70318031,10.77653165961942,-42.47971196961942
-121.3333362,52.10000104,0.482480764,-2.111203957243299,2.593684721243299
-120.5166695,49.53333432,-15.80842972,26.7727452585102,-42.5811749785102
-131.4833364,47.31666761,-11.22737408,-10.094263891009051,-1.1331101889909494
-126.9333363,50.11666767,52.73532867,37.277378738906044,15.457949931093957
-121.5666695,40.78333415,23.29336929,14.895609514872557,8.397759775127444
-123.6666695,38.80000078,9.614590645,2.3698347180816928,7.244755926918307
-122.3833362,44.75000089,-13.0209713,-32.08503752266003,19.06406622266003
-127.2833363,53.61666774,24.48158455,29.462374365361356,-4.980789815361355
-131.3666697,48.83333431,-13.41632366,-14.95268314314061,1.536359483140611
-129.6166697,37.98333409,-15.40446377,-22.011229186932933,6.606765416932934
-122.5000028,46.73333427,51.1059494,2.119736409037699,48.9862129909623
-130.550003,38.3333341,-37.76007462,-29.26190019361989,-8.498174426380107
-133.0000031,53.96666775,78.36128235,72.11065850517969,6.250623844820311
-123.6666695,49.53333432,51.37107849,51.185990737499836,0.1850877525001664
-122.9666695,39.61666746,92.37265015,80.53188292110161,11.840767228898386
-127.1666696,47.20000094,-8.441767693,-12.998209133540495,4.556441440540496
-121.3333362,53.15000106,-23.08798981,0.8468892548051686,-23.93487906480517
-130.6666697,41.25000082,-5.434536934,-3.820554463237219,-1.6139824707627808
-126.4666696,53.26666773,-23.60272598,-2.017342248115251,-21.585383731884747
-130.3166697,51.16666769,-35.31399155,-22.487664912536466,-12.82632663746353
-130.4333363,47.31666761,-0.267598361,-5.727986430829804,5.460388069829804
-128.5666696,50.46666768,-54.3116951,-3.818016575946311,-50.49367852405369
-128.450003,51.5166677,-20.87388039,-10.566570862267383,-10.307309527732617
-124.8333362,51.98333437,0.855907321,-1.7797000822652467,2.635607403265247
-129.9666697,51.40000103,-5.020395279,-7.826025582494513,2.805630303494513
-119.5833361,45.21666757,-17.5060482,-13.164174627951164,-4.341873572048835
-127.6333363,38.10000076,-25.72891617,-21.646671240921506,-4.082244929078495
-131.7166697,52.80000106,69.5038147,35.96433103883548,33.539483661164525
-122.7333362,49.88333433,38.4719162,51.34711049531798,-12.875194295317975
-131.950003,42.18333418,-16.03124809,-12.79764969619774,-3.233598393802259
-126.8166696,51.5166677,101.5560379,49.04141497698172,52.51462292301829
-131.4833364,48.71666764,-18.14382935,-16.070071160077283,-2.0737581899227173
-121.5666695,49.53333432,69.64362335,20.493136906074525,49.15048644392547
-124.3666696,52.33333438,-4.632336617,-4.7901546913251964,0.15781807432519646
-122.2666695,50.23333434,83.25535583,66.89942626315882,16.355929566841183
-126.8166696,52.45000105,6.292267799,44.10348357255817,-37.81121577355817
-126.0000029,52.33333438,-20.2213707,25.50341607289346,-45.72478677289347
-131.3666697,50.70000101,3.127174377,-11.50849048709428,14.635664864094279
-125.0666696,48.25000096,-67.78900909,-38.54523994547496,-29.243769144525032
-119.7000028,52.45000105,71.07875061,20.4841874994637,50.5945631105363
-120.5166695,48.60000097,-6.861598969,25.220524254603426,-32.082123223603425
-127.5166696,48.4833343,-23.43792343,-15.723676018498882,-7.71424741150112
-121.5666695,53.73333441,53.04531479,20.73823059610186,32.307084193898135
-122.8500029,43.2333342,-9.885612488,-2.339150805161103,-7.546461682838896
-121.1000028,48.36666763,69.79589844,37.61586368761576,32.180034752384245
-124.3666696,44.98333423,-39.62951279,-30.904141034822015,-8.725371755177985
-132.6500031,47.20000094,-1.279099345,-10.65546894295078,9.376369597950779
-121.2166695,39.50000079,45.57592773,29.515958644931803,16.059969085068193
-126.0000029,42.18333418,7.074730873,6.417342524274766,0.6573883487252337
-126.8166696,51.75000103,48.07316208,40.379984873538994,7.693177206461009
-130.7833363,40.90000082,-3.740788221,-3.8589111330945647,0.11812291209456482
-130.7833363,38.56666744,-30.83112907,-25.849956392860754,-4.981172677139245
-121.1000028,44.40000089,11.35329056,2.7654813480083367,8.587809211991663
-125.8833363,40.66666748,-11.53253841,-10.438151694966898,-1.094386715033103
-131.950003,39.38333412,-24.55958748,-21.620386818851316,-2.9392006611486856
-125.0666696,44.28333422,-21.63715553,-24.895165809759167,3.2580102797591657
-122.6166695,50.11666767,43.69233322,74.1784351599886,-30.486101939988593
-128.3333363,52.68333439,-15.40359497,4.590161664173525,-19.993756634173526
-124.9500029,50.000001,-13.94312096,-32.50412953669315,18.561008576693148
-122.8500029,53.73333441,-9.734416962,-10.437815233799123,0.7033982717991236
-122.6166695,52.21666771,-10.27908802,-1.179454350890329,-9.099633669109672
-128.2166696,38.91666744,-7.536669731,-13.670264380500143,6.133594649500143
-130.3166697,45.45000091,-11.56679821,-6.386390291348444,-5.180407918651556
-121.6833362,49.18333432,-0.273181915,59.52827680109391,-59.80145871609391
-126.3500029,40.08333413,-61.65456772,-52.055494808875785,-9.599072911124217
-121.8000028,39.50000079,0.615994632,-24.867227179063406,25.483221811063405
-127.9833363,43.35000087,-11.22733212,-7.051104156549239,-4.176227963450761
-120.7500028,40.90000082,15.19893742,17.838053877148234,-2.6391164571482335
-132.300003,42.53333418,-15.97046757,-12.954734239192755,-3.0157333308072456
-127.1666696,50.93333435,-10.37438393,-3.289879125457336,-7.084504804542664
-131.250003,47.31666761,-13.21599483,-3.864512790574513,-9.351482039425488
-131.950003,49.06666765,-12.65592003,-15.40899067418424,2.7530706441842394
-125.0666696,46.50000093,-46.25948334,-41.10037562813534,-5.159107711864664
-128.2166696,43.70000087,-6.559228897,-10.101752011143786,3.542523114143786
-121.2166695,42.88333419,32.00323105,34.59718048291416,-2.5939494329141652
-125.0666696,45.68333425,-48.21504211,-39.61890683330654,-8.59613527669346
-126.3500029,41.01666749,3.06436801,-5.896556903590426,8.960924913590425
-129.500003,40.90000082,1.206627607,3.8725073262029674,-2.6658797192029677
-127.0500029,41.36666749,19.73397255,14.710079003335302,5.023893546664699
-124.4833362,53.15000106,14.19024754,6.198206806433533,7.9920407335664665
-121.8000028,40.78333415,49.10748291,52.984772129406345,-3.877289219406343
-129.500003,47.08333427,-4.929804802,-5.227532805377645,0.29772800337764505
-125.1833362,53.73333441,-10.16621971,-20.387205416402857,10.220985706402857
-130.200003,49.18333432,-2.037531376,-6.509623184914833,4.472091808914833
-126.1166696,53.15000106,20.59623146,25.50341607289346,-4.907184612893463
-120.2833361,52.10000104,42.28035355,16.574216406481057,25.706137143518944
-128.6833363,42.88333419,-9.847218513,-11.144576206683276,1.297357693683276
-131.8333364,44.40000089,-17.42390823,-18.86466435713691,1.4407561271369111
-120.6333361,52.45000105,32.28516006,1.7812946763255029,30.5038653836745
-128.800003,43.93333421,15.15629196,-4.409509109063499,19.5658010690635
-125.1833362,40.31666747,15.69330597,-22.168457492997327,37.86176346299733
-120.9833362,39.03333411,-1.234181404,4.3256413731376435,-5.559822777137644
-132.4166697,46.6166676,-9.66813755,-11.741382705419591,2.07324515541959
-123.0833362,43.00000086,-19.19775772,-14.686874474006004,-4.510883245993995
-128.3333363,43.2333342,1.770373583,-5.629408894515112,7.399782477515112
-125.3000029,43.70000087,-54.45162964,-43.76080707492356,-10.690822565076438
-119.2333361,51.8666677,-16.93414116,-5.640699970083168,-11.29344118991683
-121.9166695,41.01666749,-35.64629745,-31.063714735939783,-4.582582714060216
-130.900003,44.16666755,-20.08320236,-14.249082133880416,-5.834120226119586
-128.100003,51.16666769,2.236249685,0.23472908269447523,2.0015206023055248
-130.550003,48.83333431,-2.078734398,-6.030260091449407,3.9515256934494074
-131.8333364,48.71666764,17.93498802,4.100633609669216,13.834354410330782
-128.3333363,43.46666754,-40.51501846,-13.209945097153106,-27.305073362846894
-125.5333362,52.10000104,69.05181122,71.0897743055074,-2.0379630855074
-126.4666696,46.03333425,-14.17376232,-10.523628332341595,-3.650133987658405
-123.5500029,45.45000091,86.86694336,61.48886939722902,25.378073962770976
-126.4666696,52.68333439,51.05434036,1.6462264724617977,49.4081138875382
-126.0000029,53.50000107,11.58194542,6.880649892556271,4.70129552744373
-133.0000031,48.36666763,-19.78790855,-6.258476136141166,-13.529432413858835
-131.3666697,43.11666753,-19.74003601,-17.99991700872125,-1.7401190012787495
-130.900003,45.1000009,-2.146388531,-6.11916887360704,3.9727803426070403
-119.8166695,42.41666751,24.55587006,13.427288244031676,11.128581815968325
-131.600003,45.45000091,-14.92370605,-16.29741492178761,1.3737088717876098
-120.4000028,53.3833344,-43.1841774,19.620929914073617,-62.805107314073624
-121.2166695,42.06666751,-7.939376831,-0.47864865377967913,-7.460728177220321
-124.9500029,41.25000082,-28.4003849,-38.7669378574339,10.366552957433903
-131.8333364,49.53333432,-13.35960388,-11.52084028960572,-1.8387635903942794
-122.0333362,48.01666763,-89.38295746,-61.42085523730611,-27.962102222693893
-127.5166696,49.65000099,-48.29264069,-36.95690295657887,-11.335737733421126
-127.0500029,51.5166677,35.54935074,-1.8111972357089492,37.360547975708954
-120.2833361,43.70000087,-3.889087677,23.33762813431689,-27.22671581131689
-125.0666696,43.70000087,-43.86117554,-35.432730230167,-8.428445309832995
-122.1500028,53.03333439,-4.079411507,-15.645714093507909,11.56630258650791
-129.2666697,45.45000091,-6.318815231,-6.90580607096504,0.5869908399650399
-123.4333362,45.33333424,115.8908386,91.6437562586585,24.247082341341496
-122.5000028,43.35000087,16.62888527,-6.137474991009001,22.766360261009
-129.9666697,49.65000099,2.02973175,0.4219068250212936,1.6078249249787062
-126.5833363,38.10000076,-27.15331268,-23.16240588784702,-3.9909067921529804
-123.4333362,45.91666758,65.21803284,51.94810671111552,13.269926128884485
-129.0333363,49.76666766,33.39828873,-2.0831027642479523,35.48139149424795
-126.5833363,46.73333427,-17.17375565,-15.465041847785784,-1.7087138022142163
-128.450003,38.10000076,-27.49339676,-23.139184313993596,-4.354212446006404
-126.3500029,38.21666743,-29.32703018,-23.50077106197763,-5.826259118022371
-121.6833362,41.83333417,-4.912771225,3.4370571940445602,-8.34982841904456
-120.9833362,52.21666771,-4.55742836,-1.824359262121604,-2.7330690978783965
-132.4166697,44.16666755,-11.75703621,-16.10141022738096,4.344374017380959
-128.800003,48.25000096,-5.456256866,-9.246926631327849,3.7906697653278485
-127.9833363,52.91666772,1.769523859,-9.27540292405144,11.044926783051439
-132.1833364,38.80000078,-14.88520622,-16.760527978502363,1.8753217585023627
-132.6500031,52.91666772,-74.10822296,-64.4363668509912,-9.6718561090088
-123.6666695,39.73333413,41.55659103,14.779361289986749,26.77722974001325
-125.3000029,46.85000094,-34.20708084,-34.89587132292654,0.6887904829265352
-125.6500029,53.50000107,-6.253027916,-7.647512579760054,1.3944846637600543
-126.9333363,48.95000098,-19.76693344,-36.568896594725004,16.801963154725005
-132.6500031,38.21666743,-29.64551163,-26.50711418577494,-3.1383974442250597
-119.8166695,49.88333433,1.924458265,8.173688344175387,-6.249230079175387
-126.1166696,37.98333409,-20.44603348,-19.001347887839003,-1.4446855921609973
-124.8333362,39.50000079,-48.03109741,-41.80269770790848,-6.228399702091522
-119.1166694,45.68333425,-54.53706741,-40.793080333953945,-13.743987076046054
-132.6500031,51.05000102,2.516625881,-0.7201391139320359,3.236764994932036
-122.2666695,53.26666773,-8.373639107,-5.464934381838497,-2.9087047251615035
-121.8000028,41.48333416,22.34164047,45.792279021692835,-23.450638551692833
-129.850003,52.10000104,3.848603487,0.9441882452631799,2.90441524173682
-127.2833363,45.56666758,-6.388626099,-8.980761375581363,2.592135276581363
-126.4666696,39.8500008,-39.23566818,-43.89931518425687,4.663647004256873
-123.3166695,42.53333418,22.15741539,27.313582064558293,-5.156166674558293
-120.2833361,52.91666772,49.09281158,30.647261403687736,18.445550176312267
-127.1666696,50.35000101,98.75463867,55.80269134252333,42.951947327476674
-124.1333362,40.08333413,25.69682121,-18.776572875738683,44.47339408573868
-124.7166696,39.61666746,-53.06602478,-50.39533712190805,-2.67068765809195
-123.5500029,51.16666769,10.32270622,8.92908407669225,1.3936221433077502
-130.900003,39.96666747,-50.29704285,-52.27179972814448,1.9747568781444826
-120.2833361,51.40000103,3.439067841,1.47895689189655,1.9601109491034499
-126.0000029,52.10000104,-12.0281105,81.56889033617868,-93.59700083617868
-124.1333362,48.4833343,102.7067795,69.57601459183583,33.13076490816417
-122.2666695,51.63333437,-41.79720306,-4.883186009140103,-36.9140170508599
-122.5000028,45.45000091,-27.21463203,-29.31120542586349,2.0965733958634907
-128.5666696,49.18333432,-13.29758263,-17.72620783014539,4.42862520014539
-129.7333363,43.35000087,-8.609300613,-12.863496952724235,4.254196339724235
-125.8833363,38.10000076,-20.72228622,-18.6893695404279,-2.0329166795721
-120.6333361,42.18333418,25.74557686,22.84751233623406,2.898064523765939
-128.450003,41.7166675,-1.850502253,-5.894228132440886,4.043725879440886
-131.600003,44.98333423,-22.73110771,-19.045537470745444,-3.685570239254556
-129.6166697,53.61666774,2.601481915,5.639879490830025,-3.0383975758300252
-123.4333362,52.68333439,-0.220505297,3.1025852659328215,-3.3230905629328213
-125.4166696,39.15000078,4.55021286,-17.213040546815506,21.763253406815508
-127.5166696,43.93333421,-7.849481583,-6.224168336962048,-1.625313246037952
-123.4333362,49.53333432,-49.3071785,-42.593788509623586,-6.713389990376413
-121.1000028,49.65000099,34.9983902,16.89580484749078,18.102585352509223
-129.2666697,50.93333435,52.07328033,19.60127206838295,32.47200826161705
-120.8666695,52.21666771,-21.58035469,5.347570755239001,-26.927925445239
-129.9666697,50.35000101,18.47067642,4.70877813032373,13.761898289676271
-125.5333362,40.43333414,-2.118832588,-22.011747421695784,19.892914833695784
-131.950003,51.28333436,-7.290792465,-8.835496532617785,1.5447040676177854
-124.3666696,52.91666772,26.74682426,26.38677204474608,0.3600522152539192
-126.3500029,45.68333425,-8.632976532,-14.155754921929047,5.522778389929046
-121.3333362,48.83333431,39.79730225,60.247361054642965,-20.450058804642964
-129.6166697,44.16666755,-32.74772644,-15.198627197825207,-17.549099242174794
-132.1833364,48.4833343,-12.12705517,-9.991664736457892,-2.135390433542108
-126.3500029,42.53333418,-3.635763168,-3.939130153241466,0.3033669852414662
-132.1833364,39.38333412,-28.557024,-21.28631708282246,-7.270706917177538
-126.9333363,50.23333434,45.01593399,32.65997176778746,12.35596222221254
-130.3166697,39.03333411,-15.30226517,-18.60237800986578,3.300112839865781
-120.5166695,39.03333411,38.4100914,53.26861753667743,-14.858526136677433
-124.7166696,50.58333434,46.71029282,-16.69802818774887,63.40832100774887
-125.4166696,53.03333439,4.612363815,-3.650248443162916,8.262612258162916
-121.1000028,46.26666759,47.3396759,7.164496045495582,40.17517985450442
-126.9333363,44.86666756,-4.996462822,-10.680778630714466,5.684315808714466
-124.7166696,50.81666768,81.13513184,52.41628282031055,28.71884901968945
-128.800003,38.56666744,-26.42454147,-27.704875989178216,1.280334519178215
-132.6500031,44.40000089,-15.73526001,-16.68226113636461,0.9470011263646096
-122.1500028,44.28333422,2.031518221,26.204536822760602,-24.173018601760603
-124.2500029,44.75000089,-44.16547012,-13.907040833188042,-30.25842928681196
-122.8500029,47.31666761,-46.56944656,-26.974493392879896,-19.594953167120106
-120.9833362,43.11666753,-6.453515053,2.35017710366609,-8.80369215666609
-119.0000028,50.23333434,-47.49273682,-13.75646099689463,-33.736275823105366
-120.5166695,50.46666768,6.00549984,6.735958688706537,-0.7304588487065375
-131.4833364,46.38333426,-8.397580147,-8.015979570993187,-0.38160057600681263
-125.7666696,46.6166676,-24.72831345,-28.620220627363743,3.8919071773637413
-127.750003,53.3833344,32.55207443,-6.665608608247266,39.217683038247266
-119.7000028,42.30000085,29.56855392,15.63355608212674,13.93499783787326
-125.5333362,43.00000086,-62.8153801,-58.20527248279821,-4.610107617201791
-126.4666696,50.000001,53.05189133,45.87560706792428,7.176284262075718
-128.9166696,44.63333423,-10.11717796,-6.588239572712245,-3.528938387287754
-130.7833363,43.93333421,-23.84331322,-16.634985999512306,-7.208327220487693
-130.4333363,49.76666766,4.665579796,0.4219068250212936,4.243672970978706
-127.5166696,49.53333432,-43.16191864,-46.65749694738804,3.495578307388037
-124.1333362,51.28333436,2.407877684,37.72764582390616,-35.31976813990616
-120.8666695,50.58333434,13.3534193,31.300091725428896,-17.946672425428893
-123.4333362,41.01666749,60.73005676,56.618102769295525,4.111953990704471
-127.4000029,44.40000089,-6.481026649,-7.172685659855127,0.691659010855127
-126.1166696,44.28333422,-18.46414566,-18.673571659469822,0.209425999469822
-125.6500029,47.20000094,-12.13115406,-23.517413410251617,11.386259350251617
-120.2833361,38.91666744,73.85522461,69.11392552217326,4.741299087826732
-121.5666695,44.75000089,-0.826995313,10.143802274142008,-10.970797587142007
-127.5166696,41.7166675,23.47159767,19.979317909410174,3.4922797605898275
-119.0000028,45.80000092,-43.63385391,-46.0723203976735,2.4384664876735016
-122.3833362,53.3833344,9.738311768,2.5395180182804022,7.198793749719599
-122.9666695,38.56666744,18.27305412,23.21538316262805,-4.9423290426280495
-119.9333361,42.88333419,22.31684113,6.913070937687387,15.403770192312614
-121.9166695,46.26666759,49.21832657,38.35244487920785,10.86588169079215
-129.850003,39.96666747,-47.97191238,-52.02548876693301,4.05357638693301
-125.4166696,44.05000088,-82.50699615,-63.40777358956456,-19.099222560435443
-130.550003,42.41666751,-7.921859741,-12.690371798953636,4.768512057953637
-122.2666695,50.000001,75.42303467,43.02713365971836,32.39590101028165
-128.3333363,41.83333417,-6.227231026,-8.34048457173467,2.11325354573467
-130.900003,39.50000079,-26.94612694,-22.78780667360809,-4.158320266391907
-121.2166695,42.76666752,0.322205544,26.05827467069539,-25.73606912669539
-122.5000028,42.53333418,-16.20611,-16.1199332015356,-0.0861767984644004
-129.2666697,45.68333425,-7.217313766,-6.4053524455128805,-0.8119613204871197
-127.5166696,43.35000087,-3.013688803,-4.983745904747238,1.970057101747238
-121.8000028,38.10000076,-49.40003204,-32.01143279305092,-17.388599246949077
-123.7833362,39.26666745,30.0000267,14.13652910958118,15.86349759041882
-121.8000028,50.23333434,93.42943573,57.30084206897413,36.12859366102587
-121.8000028,42.18333418,-2.806406498,2.678280301540317,-5.484686799540317
-119.5833361,47.55000095,0.30521214,-6.352099514184532,6.657311654184532
-125.4166696,41.7166675,-30.78212166,-34.333940791994316,3.551819131994314
-124.3666696,41.7166675,-27.85751534,-29.879109492451004,2.021594152451005
-129.6166697,48.01666763,-10.74019051,-7.980909853629137,-2.759280656370863
-129.6166697,45.45000091,-6.702433586,-5.461965620507596,-1.240467965492404
-126.3500029,47.08333427,-28.00330353,-21.135968001736632,-6.867335528263368
-121.2166695,43.70000087,104.7018356,67.45294500081573,37.248890599184264
-119.7000028,49.53333432,-64.18450928,-22.155271846400993,-42.02923743359901
-131.1333364,53.26666773,3.933913469,-1.832696561505507,5.7666100305055075
-120.7500028,46.85000094,1.482390285,16.315413403609806,-14.833023118609807
-131.3666697,52.10000104,17.09475517,25.803164399322156,-8.708409229322157
-127.4000029,38.56666744,-38.88907242,-28.331244836136815,-10.557827583863183
-122.1500028,50.46666768,-10.42386913,68.28694817495199,-78.71081730495199
-128.6833363,46.15000092,-10.61276054,-6.873086717427847,-3.7396738225721533
-125.6500029,47.78333429,-19.63957405,-26.236619931011095,6.597045881011095
-119.0000028,47.78333429,-7.426595688,-16.88398323177289,9.457387543772892
-127.4000029,51.16666769,9.162866592,-0.4100986507775354,9.572965242777535
-125.1833362,51.40000103,107.5920334,82.97064164248691,24.621391757513095
-119.3500028,45.68333425,-50.54232788,-40.182547662181896,-10.359780217818106
-119.9333361,53.50000107,34.66618729,26.573039322097248,8.093147967902755
-124.8333362,40.55000081,-78.16119385,-52.567283888737244,-25.59390996126276
-128.3333363,39.8500008,-46.74419022,-43.31900384734333,-3.4251863726566683
-121.4500028,47.78333429,0.346060216,17.54546857226383,-17.199408356263827
-124.3666696,40.90000082,-24.5114975,-29.122666788182904,4.611169288182904
-125.7666696,49.41666765,76.60889435,69.26727935085492,7.341614999145079
-126.3500029,51.28333436,62.24393463,67.22314655237491,-4.979211922374915
-128.100003,39.15000078,-10.45200729,-13.104623711233373,2.6526164212333736
-119.2333361,50.35000101,-59.80881882,-10.099244009063105,-49.70957481093689
-127.0500029,52.91666772,-17.08353424,25.590934871404933,-42.67446911140493
-123.5500029,47.90000096,22.35116196,50.106426126569154,-27.755264166569155
-131.4833364,42.41666751,-14.3288765,-13.829554142354974,-0.49932235764502586
-131.4833364,46.6166676,-3.654217482,-2.6308194529515747,-1.0233980290484253
-132.1833364,40.66666748,-8.029877663,-6.04545651686116,-1.9844211461388408
-122.6166695,45.91666758,-17.16711617,-22.577734421886387,5.410618251886387
-127.5166696,50.70000101,33.21406174,11.717784118561992,21.496277621438004
-123.9000029,53.15000106,9.444913864,-5.463566445206924,14.908480309206924
-126.8166696,41.25000082,-15.66112614,-10.351574503940043,-5.3095516360599575
-120.7500028,39.8500008,2.501135826,41.23857682999676,-38.73744100399676
-132.7666697,41.7166675,-12.33711338,-10.557032771877514,-1.7800806081224856
-129.3833363,51.05000102,6.646419525,1.7977235339443687,4.8486959910556315
-127.750003,44.98333423,1.460065126,-6.846540288493974,8.306605414493973
-129.500003,52.10000104,-14.04747295,-2.2275307047019433,-11.819942245298057
-131.0166697,48.60000097,-14.30650902,-17.480556756555153,3.1740477365551527
-131.950003,39.15000078,-18.81936646,-18.793010873724292,-0.02635558627570944
-129.3833363,46.85000094,0.250498712,-5.093372689621607,5.343871401621607
-121.2166695,49.76666766,48.21084595,26.198451877838608,22.012394072161392
-119.0000028,53.15000106,90.60209656,50.109363870222396,40.49273268977761
-124.8333362,47.31666761,-44.76636124,-38.78160653157824,-5.984754708421761
-126.1166696,46.26666759,-26.45518303,-18.760671202289977,-7.6945118277100235
-129.7333363,53.61666774,3.627996683,10.444019610580485,-6.816022927580485
-124.3666696,47.20000094,-66.2774353,-42.49393466811163,-23.783500631888366
-132.0666697,41.01666749,-7.130616188,-8.5763644199339,1.4457482319339006
-128.800003,52.45000105,-10.65934849,-1.03794245378818,-9.62140603621182
-127.1666696,44.40000089,-2.164103985,-9.907456140975455,7.743352155975455
-132.8833364,50.000001,-6.697871208,-10.811421767064834,4.1135505590648345
-122.6166695,48.60000097,-78.89722443,-65.06072427598122,-13.836500154018779
-120.9833362,53.61666774,-8.167955399,22.670332167169878,-30.83828756616988
-122.5000028,48.71666764,-75.67131042,-65.27040021550512,-10.400910204494878
-124.6000029,38.21666743,-24.12108231,-40.19220274547724,16.07112043547724
-120.9833362,38.56666744,-22.91739655,-25.664001526167123,2.7466049761671236
-125.7666696,42.18333418,1.617041707,-5.626129152106262,7.243170859106263
-130.4333363,40.43333414,9.79679966,2.0615210216253868,7.735278638374613
-127.750003,53.73333441,77.48834991,26.607522771804625,50.88082713819537
-128.9166696,50.70000101,16.31945992,8.484527529070716,7.834932390929284
-121.8000028,45.1000009,22.15988922,24.879759125548745,-2.7198699055487445
-125.7666696,43.93333421,-37.70502472,-45.227704473416395,7.522679753416398
-132.8833364,49.88333433,-11.00181961,-10.811421767064834,-0.19039784293516604
-126.8166696,42.06666751,-2.330960989,-4.5514881611327995,2.2205271721327997
-121.3333362,46.03333425,-3.590287924,4.2077778207995244,-7.7980657447995245
-126.9333363,43.11666753,-38.28065491,-25.95263047736529,-12.328024432634713
-125.1833362,50.35000101,-24.6731987,-6.645508544437632,-18.027690155562368
-126.9333363,50.81666768,-15.00830364,-7.191548631349654,-7.816755008650345
-125.3000029,45.45000091,-35.23250961,-35.69296187575288,0.46045226575287757
-132.0666697,45.21666757,-17.52886009,-14.91151387963438,-2.6173462103656178
-128.100003,49.41666765,-49.3054924,-37.02305570669877,-12.282436693301229
-126.7000029,45.56666758,-4.91994381,-10.523628332341595,5.603684522341594
-128.6833363,39.61666746,-22.93541145,-23.525012718849943,0.5896012688499432
-126.1166696,44.51666756,-25.04409027,-16.156737436515012,-8.88735283348499
-120.7500028,39.26666745,37.89113998,31.275122620777076,6.616017359222923
-124.6000029,40.78333415,-20.7693615,-29.71418758142276,8.944826081422761
-128.100003,45.91666758,-6.730405807,-7.955721797578463,1.225315990578463
-119.2333361,41.36666749,-11.85997391,15.989013081237497,-27.848986991237496
-119.7000028,45.68333425,-53.31221008,-38.11077707102482,-15.20143300897518
-121.1000028,45.21666757,-43.98151779,-18.88691439119056,-25.094603398809436
-120.8666695,50.23333434,3.863303423,8.109396450066226,-4.246093027066227
-124.0166695,46.38333426,-28.3304863,-26.588538432217167,-1.7419478677828337
-124.0166695,42.76666752,60.063797,44.013216380568224,16.050580619431777
-131.4833364,51.28333436,-20.37631607,-14.442806355057467,-5.933509714942534
-127.4000029,53.96666775,19.42978287,41.060076654290526,-21.630293784290526
-131.1333364,47.43333428,-0.876827478,-8.424386067009744,7.547558589009744
-127.5166696,51.16666769,5.540587425,4.299674715643834,1.2409127093561656
-124.1333362,52.68333439,-7.550538063,10.466840562628784,-18.017378625628783
-129.9666697,41.60000083,-1.975056767,-5.819048665088822,3.843991898088822
-122.8500029,53.96666775,-7.945148468,-35.036829974696886,27.091681506696887
-130.4333363,46.50000093,-12.98655128,-4.539324637804334,-8.447226642195666
-120.2833361,44.40000089,54.79623413,13.438510591542299,41.357723538457705
-126.5833363,38.56666744,-31.63199425,-22.46290531641228,-9.169088933587723
-122.0333362,40.2000008,-37.8355484,-30.37877523074494,-7.456773169255062
-121.2166695,51.98333437,-4.029141426,-0.8367257741410792,-3.1924156518589206
-126.8166696,38.45000077,-30.46888542,-31.437388391777965,0.9685029717779656
-131.8333364,49.76666766,19.97141838,-1.4694914531630225,21.440909833163023
-120.6333361,41.7166675,14.77906513,10.210958251363055,4.568106878636945
-121.4500028,41.36666749,10.7192955,6.592486239648796,4.126809260351203
-123.0833362,47.66666762,58.89159012,40.79690500601762,18.09468511398238
-120.1666695,52.56666772,3.813316107,2.8696524534339516,0.9436636535660483
-124.4833362,48.95000098,53.01783752,64.41733305083142,-11.399495530831416
-127.4000029,49.41666765,-53.79312897,-46.65749694738804,-7.135632022611958
-128.5666696,42.88333419,-9.578406334,-8.848521112313843,-0.7298852216861569
-129.150003,42.65000085,-5.989584923,-8.255739740287371,2.2661548172873713
-133.0000031,53.15000106,-50.70999146,-19.804131427746686,-30.90586003225331
-122.8500029,38.10000076,26.03423882,12.699480518781128,13.334758301218871
-120.7500028,50.000001,20.57043648,8.467652888330893,12.102783591669109
-131.950003,47.78333429,-15.06388855,-13.40547246383051,-1.65841608616949
-124.9500029,47.66666762,-37.46566391,-36.33641572956785,-1.1292481804321568
-129.500003,45.45000091,-4.92539978,-4.073522931521586,-0.8518768484784145
-128.9166696,53.61666774,0.505955994,-8.398571972867888,8.904527966867889
-124.8333362,49.30000099,25.73099327,11.175068426624808,14.555924843375191
-132.5333364,46.03333425,-13.2154026,-12.642013915143728,-0.5733886848562726
-121.1000028,52.21666771,5.603996277,12.970956866482814,-7.366960589482813
-127.6333363,45.91666758,-2.644075632,-7.304766842242341,4.660691210242341
-120.4000028,44.75000089,-38.94586945,4.431058111762707,-43.376927561762706
-120.7500028,46.26666759,5.571071625,8.58697238289703,-3.0159007578970307
-131.950003,46.6166676,-11.22806931,-3.7577999457533675,-7.470269364246633
-124.0166695,44.40000089,41.10446548,41.7620443276703,-0.6575788476703011
-119.0000028,46.96666761,-27.77798462,-35.73364746462357,7.955662844623571
-131.7166697,46.15000092,-15.75620365,-15.281128165892047,-0.4750754841079523
-130.7833363,50.35000101,-5.257694244,-5.583460359073119,0.3257661150731197
-132.8833364,47.66666762,-2.895017385,-11.371803257252184,8.476785872252183
-127.750003,49.88333433,-49.69092941,-13.631052406484416,-36.05987700351559
-125.6500029,43.5833342,-54.46257401,-53.6063225695617,-0.8562514404382995
-126.0000029,49.06666765,-12.69637012,-14.097780577895776,1.4014104578957767
-127.5166696,49.41666765,-47.19931412,-42.22649094830973,-4.9728231716902656
-129.7333363,50.11666767,-15.00038338,-17.903770185934274,2.9033868059342733
-129.7333363,43.93333421,-21.23040771,-10.33017140663636,-10.900236303363641
-126.4666696,43.93333421,-9.800680161,-10.151456634692593,0.35077647369259246
-124.6000029,45.21666757,-41.72449875,-37.310294544801124,-4.414204205198878
-124.6000029,49.76666766,-7.694890022,-17.05630425547282,9.361414233472821
-122.1500028,51.75000103,9.509101868,-1.6134146417330344,11.122516509733035
-126.7000029,37.98333409,-23.05132866,-23.344168143164616,0.2928394831646166
-121.4500028,49.53333432,-23.95635223,-29.380296454395264,5.423944224395264
-129.0333363,53.61666774,15.51298523,-6.483094775852712,21.99608000585271
-126.0000029,53.3833344,28.65499115,42.62857060634623,-13.97357945634623
-122.8500029,45.33333424,-21.8296566,-21.633073373800503,-0.19658322619949686
-129.500003,53.3833344,13.66302967,1.5785153238890672,12.084514346110932
-123.4333362,42.88333419,15.85508823,30.78067407255602,-14.925585842556021
-123.7833362,43.70000087,31.92425537,38.03913265659954,-6.11487728659954
-129.150003,40.55000081,14.48297787,1.9414878281899688,12.54149004181003
-126.8166696,52.21666771,-4.554207802,38.186766400861444,-42.740974202861445
-126.2333363,47.55000095,-24.71793365,-22.981433024740987,-1.736500625259012
-125.1833362,49.88333433,-8.366221428,2.2841010534294632,-10.650322481429463
-130.200003,44.28333422,7.264723778,5.154962201405447,2.1097615765945523
-127.9833363,42.41666751,-15.40140724,-10.93073238769328,-4.47067485230672
-126.0000029,40.31666747,-54.40911102,-23.78065588465908,-30.628455135340918
-124.9500029,38.45000077,-23.96862793,-24.8355639462733,0.8669360162733
-125.1833362,43.2333342,-60.13182831,-59.53604627149839,-0.5957820385016106
-123.5500029,42.41666751,26.82163811,21.83463036979641,4.9870077402035875
-128.5666696,48.83333431,-8.860430717,-12.293937564668951,3.4335068476689514
-131.600003,41.7166675,-19.31514359,-10.038566200349523,-9.276577389650479
-124.3666696,53.61666774,1.237994432,7.226166191877608,-5.988171759877608
-119.0000028,51.98333437,19.06119156,20.344288252602727,-1.2830966926027259
-120.4000028,45.33333424,-1.376121402,-5.719970323490793,4.343848921490793
-120.9833362,46.50000093,25.90166092,13.724499355185419,12.177161564814583
-131.250003,49.76666766,-13.3638649,-9.833843604517128,-3.5300212954828716
-120.4000028,39.03333411,52.40034866,68.8920112177091,-16.4916625577091
-128.3333363,47.66666762,-10.90277672,-8.050909070416932,-2.8518676495830686
-128.100003,39.50000079,-12.89385319,-15.874028634598673,2.9801754445986735
-122.5000028,41.36666749,162.543335,99.07644826700125,63.46688673299876
-132.300003,40.66666748,-8.670679092,-7.479668639179946,-1.1910104528200547
-121.3333362,46.15000092,27.28893471,21.55718661390687,5.731748096093128
-129.2666697,52.56666772,19.30338478,-0.7539456946600755,20.057330474660073
-119.1166694,46.96666761,-27.71724319,-18.03190041735457,-9.68534277264543
-131.7166697,38.3333341,-34.14494324,-28.905933833383028,-5.239009406616976
-132.8833364,48.25000096,-20.1703701,0.6532326991228125,-20.823602799122813
-119.3500028,49.65000099,77.26685333,-24.158733659669984,101.42558698967
-120.9833362,40.90000082,-3.600515604,9.590945051823066,-13.191460655823066
-122.2666695,49.53333432,-11.54568481,-18.100321048215804,6.554636238215805
-120.8666695,45.21666757,-1.514801621,-18.449815519505147,16.935013898505147
-121.8000028,43.2333342,-0.519330144,13.772321175121629,-14.291651319121629
-121.5666695,49.41666765,22.47195244,15.399160721254622,7.072791718745377
-129.7333363,38.45000077,-29.07997704,-29.25584838515476,0.17587134515476066
-128.800003,38.3333341,-25.7743206,-23.080505660607038,-2.6938149393929613
-131.600003,40.08333413,-51.25912857,-53.40179666888412,2.1426680988841156
-119.0000028,40.08333413,-23.44298172,1.6143236325931203,-25.05730535259312
-126.5833363,53.03333439,98.61090088,46.36323178223089,52.24766909776911
-132.8833364,38.10000076,-26.21652412,-23.27464715319035,-2.941876966809648
-122.1500028,47.43333428,-64.76441956,-46.82390314420688,-17.940516415793113
-128.450003,40.31666747,-32.44215775,-19.778513742529285,-12.663644007470715
-124.4833362,44.40000089,-9.636299133,-17.741436636329663,8.105137503329663
-122.3833362,51.75000103,-43.6836586,-41.769355403245235,-1.9143031967547657
-121.6833362,41.25000082,7.200962067,13.963414540943713,-6.762452473943713
-131.1333364,39.61666746,-33.60998535,-28.689993221977886,-4.919992128022116
-122.9666695,51.75000103,-36.53855896,-2.2147231572224726,-34.32383580277753
-132.6500031,43.46666754,-14.97952652,-15.928404041806822,0.9488775218068213
-122.2666695,46.6166676,18.22399139,-0.99042471568224,19.21441610568224
-122.0333362,48.95000098,-9.939455032,-3.0627749370669295,-6.87668009493307
-129.0333363,42.76666752,-6.877128601,-7.791533580383396,0.9144049793833959
-121.8000028,48.1333343,-2.866688013,9.604887726634242,-12.471575739634243
-127.0500029,46.38333426,-6.245225906,-12.744059987569097,6.498834081569097
-130.900003,42.65000085,-9.707006454,-11.469031494524978,1.7620250405249784
-119.9333361,44.86666756,-25.51311684,-5.689252461503015,-19.823864378496985
-132.7666697,53.03333439,-76.28686523,-49.423951815442805,-26.862913414557198
-120.2833361,43.5833342,3.164191484,14.594686359378445,-11.430494875378445
-126.5833363,38.21666743,-26.55517197,-23.319008806660033,-3.236163163339967
-121.5666695,39.96666747,50.98850632,26.147839951713003,24.840666368286996
-125.7666696,45.1000009,-41.40961456,-33.17620170746058,-8.233412852539423
-121.4500028,52.56666772,9.988154411,7.853763831343686,2.134390579656314
-120.0500028,39.96666747,-3.85097003,15.592986859833331,-19.44395688983333
-120.6333361,53.03333439,7.867586136,19.906321987168063,-12.038735851168063
-123.2000029,47.78333429,83.01889801,98.81404028780291,-15.79514227780291
-131.1333364,49.53333432,-10.44488239,-11.31098993396691,0.8661075439669101
-132.7666697,43.00000086,-10.95320034,-14.35250711010403,3.3993067701040296
-125.3000029,41.95000084,-49.71466827,-61.87384896820416,12.15918069820416
-132.4166697,39.61666746,-32.21496964,-30.860519622298913,-1.3544500177010868
-131.3666697,47.55000095,-10.61943531,-9.546934047256501,-1.0725012627434989
-130.7833363,43.11666753,-22.01726532,-16.234309103333267,-5.782956216666733
-132.1833364,40.90000082,-8.802294731,-8.72380053627363,-0.07849419472636932
-126.7000029,41.25000082,-9.59531498,-6.012587852096701,-3.582727127903299
-125.7666696,41.48333416,-9.898581505,-12.884770961025904,2.9861894560259046
-126.1166696,47.43333428,-6.165018082,-13.565933506479508,7.400915424479509
-123.5500029,49.65000099,-23.49052811,34.87666318665586,-58.36719129665586
-120.2833361,51.28333436,13.58429146,-11.525786059218046,25.110077519218045
-121.3333362,41.7166675,2.494198561,2.862886767409881,-0.36868820640988087
-120.2833361,43.93333421,36.24790192,17.01347960845966,19.234422311540335
-121.2166695,40.43333414,63.94621658,80.12830374480123,-16.18208716480123
-130.3166697,48.4833343,-9.680987358,-9.83450850321252,0.1535211452125207
-128.100003,52.21666771,-3.683070898,-4.200744612787976,0.5176737147879762
-124.2500029,48.4833343,67.00217438,43.053577776363966,23.948596603636034
-129.3833363,47.20000094,-8.411024094,-4.82790108776181,-3.58312300623819
-133.0000031,50.35000101,-7.185700417,-6.695584790856804,-0.49011562614319537
-128.2166696,44.40000089,-0.013552338,-6.017980033066403,6.004427695066402
-132.7666697,44.98333423,-18.99484634,-14.78353500337527,-4.211311336624728
-126.4666696,49.30000099,-23.79569244,-10.804784213537973,-12.990908226462027
-132.300003,41.13333416,3.609896183,-6.2297329237326045,9.839629106732605
-128.5666696,42.18333418,-7.784041405,-7.523651614715632,-0.2603897902843677
-121.1000028,41.95000084,-9.708754539,3.077413081913729,-12.786167620913728
-120.0500028,40.90000082,33.75513458,15.910248170469066,17.844886409530936
-128.100003,37.98333409,-23.3230114,-22.37985520090711,-0.9431561990928898
-124.0166695,39.96666747,21.90467262,-13.329662659502686,35.23433527950269
-129.850003,39.38333412,-17.10152054,-16.820575551846662,-0.2809449881533368
-132.4166697,41.01666749,-4.296496391,-8.491634329953161,4.195137938953161
-131.0166697,39.73333413,-36.18361282,-33.02336173733652,-3.1602510826634784
-124.6000029,43.35000087,-27.25733566,-27.88081779146452,0.6234821314645203
-124.3666696,51.28333436,112.4356918,71.36214580397241,41.07354599602759
-122.6166695,48.01666763,-41.61814499,-60.86600299902565,19.247858009025656
-124.8333362,38.10000076,-20.23214149,-25.546460862528054,5.314319372528054
-125.8833363,40.78333415,-5.927053452,-10.438151694966898,4.511098242966898
-128.6833363,42.41666751,-9.221966743,-8.278328548232281,-0.9436381947677184
-122.3833362,48.36666763,-66.49464417,-55.725265466593235,-10.769378703406765
-122.0333362,38.91666744,-34.14879227,-21.08373318070415,-13.06505908929585
-129.500003,41.7166675,-7.161579132,-4.36640190471877,-2.79517722728123
-132.6500031,53.26666773,77.8127594,91.82786803594503,-14.015108635945026
-131.1333364,52.10000104,96.17617035,33.39153782688226,62.78463252311775
-127.8666696,48.60000097,-12.35574913,-14.890735976148903,2.534986846148904
-124.7166696,49.06666765,59.28209305,49.6587948509154,9.623298199084601
-129.2666697,39.03333411,-18.44026947,-18.89885737520325,0.4585879052032489
-122.7333362,53.50000107,-14.63835621,-10.952278711037314,-3.6860774989626854
-122.3833362,46.38333426,17.90896034,-15.84518040611906,33.75414074611906
-128.2166696,38.45000077,-26.58953094,-21.44702997806858,-5.142500961931418
-132.5333364,39.26666745,-25.72199059,-22.783879219785607,-2.9381113702143935
-130.900003,38.10000076,-21.98620605,-21.424608620617487,-0.5615974293825126
-130.550003,38.68333411,-27.93145752,-23.517175895309297,-4.414281624690702
-125.8833363,45.21666757,-31.51828194,-27.88240197832966,-3.6358799616703408
-129.6166697,39.03333411,-20.37604523,-18.89885737520325,-1.4771878547967496
-122.7333362,41.01666749,12.88699436,9.98871347972177,2.8982808802782287
-122.7333362,48.60000097,-52.34918976,-35.92189800241716,-16.427291757582843
-122.8500029,50.23333434,4.436018944,-59.47106308594882,63.90708202994882
-119.7000028,53.15000106,-9.289217949,24.163389421738287,-33.452607370738285
-126.3500029,44.51666756,-15.53896332,-13.542899101922666,-1.9960642180773345
-131.600003,39.73333413,-35.39248276,-32.56300219120812,-2.8294805687918796
-123.3166695,38.3333341,-15.62212563,-3.5311167618929313,-12.091008868107068
-125.5333362,50.35000101,-29.42478752,-30.596069965139712,1.1712824451397132
-129.7333363,50.81666768,-99.73149109,-66.31100148428811,-33.42048960571189
-126.9333363,49.18333432,-24.57444191,-16.436917548016073,-8.137524361983928
-131.7166697,43.93333421,-13.42160225,-17.863021683457045,4.441419433457046
-132.4166697,46.50000093,-13.35558414,-12.807416239427413,-0.5481679005725866
-125.6500029,44.28333422,-52.05753708,-46.61518253299644,-5.442354547003561
-129.9666697,41.13333416,-4.662052155,-2.0700042219665438,-2.592047933033456
-128.9166696,53.26666773,8.356025696,-0.2688232019534409,8.624848897953441
-128.100003,45.33333424,-9.508238792,-7.184936068947841,-2.3233027230521595
-125.3000029,38.45000077,-6.615123749,-19.12849449110257,12.513370742102568
-119.4666695,44.75000089,-19.2763443,10.033376615009129,-29.30972091500913
-121.4500028,44.28333422,-26.12514305,-6.448205006056872,-19.676938043943125
-131.4833364,45.21666757,-12.90345192,-15.054803803976945,2.151351883976945
-122.7333362,52.45000105,4.360622406,-2.0595265167996692,6.420148922799669
-119.4666695,44.51666756,4.255318642,20.208938090194884,-15.953619448194885
-122.7333362,47.20000094,-53.36993027,-30.296970647704722,-23.072959622295276
-119.9333361,46.50000093,10.50193787,-16.10387078679381,26.605808656793812
-122.1500028,50.11666767,19.52202034,83.0968893504087,-63.574869010408705
-119.2333361,44.28333422,48.29296875,20.54148923190739,27.75147951809261
-131.600003,43.35000087,-17.38796234,-16.42974561734846,-0.9582167226515423
-125.0666696,46.85000094,-16.41916656,-35.737326853079495,19.318160293079494
-121.1000028,49.18333432,3.721830606,-2.3878233009019443,6.109653906901944
-128.450003,50.46666768,-17.89374733,0.38239980018819475,-18.276147130188196
-125.6500029,47.08333427,-8.953205109,-23.517413410251617,14.564208301251616
-126.5833363,46.85000094,-18.71468735,-16.884595802470642,-1.8300915475293564
-129.7333363,45.56666758,1.629172325,4.849709380126547,-3.220537055126547
-119.7000028,38.91666744,-46.54544449,22.4012552766182,-68.9466997666182
-120.4000028,49.30000099,41.30011368,34.74397629352451,6.556137386475491
-129.7333363,46.03333425,7.021282196,0.1450284074320879,6.876253788567912
-125.3000029,47.55000095,-18.97743225,-30.77158279091165,11.794150540911652
-130.6666697,41.13333416,17.00409698,21.8266206230543,-4.8225236430543
-129.3833363,44.51666756,-4.437877655,-5.022263467442212,0.5843858124422114
-125.7666696,53.3833344,2.810561895,1.4368762129872885,1.3736856820127117
-127.750003,51.5166677,2.165309191,-9.862805322042636,12.028114513042636
-125.5333362,47.78333429,-31.053545,-28.97334435036898,-2.0802006496310206
-123.2000029,39.15000078,2.935874701,21.56986798524355,-18.63399328424355
-119.7000028,40.31666747,-20.97207069,1.7563117174891354,-22.728382407489136
-126.2333363,41.01666749,-1.902584076,-5.986526248810964,4.083942172810964
-131.600003,43.46666754,-13.01332855,-16.122204163596745,3.1088756135967444
-120.4000028,47.90000096,62.93751907,18.181584958049054,44.75593411195095
-126.7000029,47.55000095,-20.60477638,-19.349306435153533,-1.2554699448464675
-121.5666695,43.00000086,-15.10953999,6.900881194793415,-22.010421184793415
-129.500003,38.91666744,-16.87297058,-18.053525081640814,1.1805545016408132
-133.0000031,44.05000088,-13.60762405,-16.406637748511944,2.799013698511944
-128.6833363,53.96666775,-55.90843964,-24.3750228757455,-31.533416764254497
-132.1833364,53.61666774,12.54523659,5.933267949471901,6.611968640528099
-127.5166696,41.60000083,-9.142374039,0.36316182156731774,-9.505535860567317
-125.1833362,53.26666773,48.53954697,32.365564773245545,16.17398219675446
-126.2333363,41.95000084,-18.46992683,-9.773012765633105,-8.696914064366894
-127.5166696,46.73333427,-5.937817574,-10.910586748169534,4.9727691741695335
-128.9166696,40.08333413,-71.84068298,-69.26767251702248,-2.5730104629775212
-128.3333363,47.20000094,-6.241135597,-8.63241582536865,2.3912802283686494
-122.0333362,39.03333411,-40.1135025,-27.619819240246898,-12.493683259753105
-131.1333364,39.96666747,-45.16904449,-46.19532616700637,1.0262816770063736
-132.6500031,44.63333423,-17.08098221,-14.478307482244285,-2.602674727755714
-125.4166696,40.55000081,-30.30193329,-34.7238769801549,4.421943690154897
-131.3666697,45.91666758,-8.328335762,-11.586113010197572,3.2577772481975718
-121.4500028,39.96666747,97.56070709,62.73659918286581,34.824107907134184
-119.1166694,38.80000078,-23.63700485,-19.670205886727302,-3.966798963272698
-127.1666696,49.65000099,-26.2305584,-17.452578864893077,-8.777979535106923
-123.5500029,38.45000077,-2.37203455,-11.872161781206776,9.500127231206775
-119.7000028,38.80000078,-20.63304329,26.0483188592332,-46.681362149233195
-131.0166697,44.05000088,-17.97773361,-18.64669652115941,0.668962911159408
-129.850003,41.95000084,-4.764095306,-7.986199141998555,3.2221038359985554
-119.8166695,41.7166675,-2.914054632,13.875433316896915,-16.789487948896916
-120.7500028,40.78333415,18.10625648,25.33005607912059,-7.223799599120593
-129.0333363,52.10000104,1.869659185,-8.874247606952983,10.743906791952982
-125.5333362,51.28333436,33.78872681,66.91299763385524,-33.12427082385524
-132.6500031,50.35000101,-8.589217186,-6.695584790856804,-1.8936323951431966
-132.5333364,53.96666775,25.44472885,44.92651768855887,-19.481788838558867
-128.2166696,39.50000079,-12.09994221,-15.874028634598673,3.774086424598673
-122.1500028,40.78333415,-44.51436615,-32.14961747474334,-12.364748675256664
-127.4000029,50.93333435,-4.476754189,5.109437098571008,-9.586191287571008
-130.7833363,41.01666749,-6.091365814,-6.281598771947332,0.1902329579473312
-120.7500028,48.4833343,54.00811005,43.34683681919999,10.661273230800006
-126.2333363,42.18333418,11.92260075,8.18191332128693,3.7406874287130716
-132.1833364,52.91666772,111.0140228,92.94429615277832,18.069726647221685
-119.5833361,41.01666749,32.55911255,12.038122201468719,20.520990348531285
-119.3500028,45.80000092,-49.14667892,-38.468916769843105,-10.677762150156894
-125.6500029,53.73333441,9.078333855,-13.683706501725348,22.76204035672535
-129.0333363,52.21666771,10.46232319,-7.8419843373736295,18.30430752737363
-124.2500029,42.76666752,31.05144119,25.935918171786202,5.115523018213796
-128.3333363,40.90000082,-0.28371498,2.177704319476121,-2.461419299476121
-119.5833361,47.31666761,-12.51491451,-18.257816727818202,5.742902217818202
-122.8500029,46.26666759,-13.46061039,-4.376237737740112,-9.084372652259887
-124.8333362,49.53333432,-17.01031303,-25.68158640774297,8.67127337774297
-121.1000028,39.8500008,67.48686981,41.907229909827905,25.579639900172097
-122.3833362,40.66666748,-44.40856171,-46.871545344660625,2.462983634660624
-132.0666697,43.46666754,-17.69550514,-15.827685888058175,-1.8678192519418264
-132.1833364,41.95000084,0.812337875,9.450159638320812,-8.637821763320812
-119.3500028,41.95000084,42.00732422,13.411123824039484,28.596200395960516
-126.8166696,46.96666761,-12.38302612,-16.907377695581154,4.524351575581154
-128.9166696,50.46666768,-133.0373383,-101.97607397321713,-31.06126432678286
-127.6333363,44.16666755,-3.579278708,-5.701187384236556,2.1219086762365564
-125.1833362,51.8666677,33.12689972,76.99657643190676,-43.86967671190676
-119.9333361,46.26666759,-29.31828117,3.4260549956041637,-32.74433616560416
-127.0500029,40.08333413,-70.50643921,-65.5571021579656,-4.9493370520343944
-120.1666695,51.40000103,-58.60072708,0.4086148423919075,-59.009341922391904
-120.2833361,51.05000102,-13.25564766,9.7213785420189,-22.977026202018898
-129.500003,38.21666743,-23.45270348,-23.552622746387385,0.09991926638738491
-119.3500028,51.28333436,-16.70795631,1.4429080429470145,-18.150864352947014
-123.6666695,44.16666755,43.32414246,52.067845482454906,-8.743703022454909
-121.4500028,38.80000078,-65.9171524,-44.82107536282816,-21.096077037171845
-119.5833361,47.78333429,-8.082199097,-21.48585358536009,13.40365448836009
-121.1000028,49.30000099,39.21903229,19.477399973959788,19.741632316040214
-126.4666696,42.06666751,-25.61412048,-10.3279260818443,-15.2861943981557
-125.6500029,52.91666772,0.740829945,-1.3154592908080296,2.0562892358080296
-127.4000029,51.05000102,-13.61157894,-4.564064427725807,-9.047514512274192
-126.1166696,39.61666746,-19.7641468,-21.693422537630823,1.9292757376308245
-123.7833362,46.50000093,38.56943512,30.7017503901582,7.867684729841802
-127.5166696,50.000001,-10.80233669,-0.62844541144784,-10.17389127855216
-124.6000029,48.4833343,11.74765015,-40.59882563129058,52.34647578129058
-124.0166695,51.63333437,20.7094574,10.82764664973333,9.881810750266672
-126.1166696,48.4833343,14.34905529,-16.98708824697494,31.336143536974937
-119.0000028,53.85000108,4.265869141,33.233186342401936,-28.967317201401936
-127.6333363,38.80000078,-5.389847755,-16.97631214459417,11.586464389594171
-125.8833363,41.95000084,-18.15175819,-13.358261412868615,-4.793496777131384
-125.3000029,51.16666769,151.8871002,81.30054062937984,70.58655957062015
-122.1500028,43.5833342,57.15774536,46.49243577364846,10.66530958635154
-126.0000029,38.80000078,-22.75312233,-17.063176879240118,-5.689945450759883
-121.1000028,48.83333431,-18.09941483,44.43924458099095,-62.53865941099095
-132.4166697,45.56666758,-17.92860794,-13.54870037264881,-4.379907567351189
-119.1166694,42.41666751,2.492572308,8.987158976466846,-6.494586668466846
-125.6500029,39.73333413,-15.18097591,-27.50037698651012,12.319401076510118
-120.2833361,46.85000094,-0.698412716,10.568767953438291,-11.267180669438291
-127.2833363,40.31666747,6.46898365,0.16733372214444708,6.301649927855554
-128.2166696,48.1333343,-1.904308319,-8.490805697403617,6.586497378403617
-124.4833362,42.30000085,-26.27705956,-21.50219777348567,-4.774861786514332
-127.2833363,49.88333433,-15.13162041,-6.205572851213865,-8.926047558786134
-128.100003,48.71666764,-10.55454159,-16.283954888793836,5.729413298793837
-131.950003,47.90000096,37.29272461,26.227737239587142,11.064987370412858
-119.1166694,37.98333409,-18.77026176,42.51777415118347,-61.28803591118347
-121.3333362,39.15000078,-28.49160004,-27.988780800345502,-0.5028192396544995
-120.8666695,40.78333415,70.40177917,41.55433650338691,28.84744266661309
-126.8166696,39.38333412,-16.27820396,-15.427437535438177,-0.8507664245618223
-128.800003,41.95000084,-3.020979166,-7.231416099100704,4.210436933100704
-129.7333363,38.56666744,-19.20731926,-25.591541814719008,6.38422255471901
-125.3000029,44.75000089,-40.6852951,-37.65772504427107,-3.02757005572893
-131.250003,53.15000106,0.599203706,9.27668158336515,-8.677477877365149
-122.6166695,39.26666745,46.89612198,28.126333523627213,18.769788456372783
-119.4666695,50.93333435,-63.63371277,-32.12567085967842,-31.50804191032158
-126.0000029,42.30000085,8.716506958,5.174752033696388,3.5417549243036124
-132.4166697,43.93333421,-12.19144821,-16.10141022738096,3.909962017380959
-131.4833364,40.66666748,-4.619357109,-6.4917988217044265,1.8724417127044264
-132.6500031,38.91666744,-18.03233337,-19.949335407321808,1.917002037321808
-128.100003,38.3333341,-23.23244858,-23.057930629288784,-0.17451795071121623
-131.8333364,52.68333439,114.1665878,88.28737279835423,25.879215001645775
-119.0000028,51.05000102,-95.9846344,-20.436762881303633,-75.54787151869637
-121.8000028,41.60000083,33.35900116,80.75904598604833,-47.40004482604834
-119.4666695,48.01666763,-16.01053429,-21.677466168656306,5.666931878656307
-125.3000029,52.91666772,16.24285698,0.21838672884513544,16.024470251154863
-120.1666695,51.28333436,-50.02156448,-11.943662073015574,-38.07790240698443
-127.6333363,45.45000091,-5.632911682,-7.296744200265696,1.6638325182656963
-122.2666695,38.3333341,-3.08825016,-17.053956554102502,13.965706394102503
-129.6166697,47.66666762,-3.776788473,-5.264562028206072,1.487773555206072
-128.450003,38.91666744,-7.961629868,-17.115430540471937,9.153800672471938
-128.450003,44.51666756,4.525507927,-3.4337694600905926,7.959277387090593
-125.7666696,52.45000105,38.42949295,40.27749217298128,-1.8479992229812865
-119.5833361,45.56666758,-43.9274559,-36.28192577598715,-7.645530124012851
-124.1333362,41.48333416,-33.58639145,-31.978577615501887,-1.6078138344981134
-123.6666695,51.05000102,103.1825867,73.32547794550844,29.857108754491563
-120.2833361,51.75000103,21.4917469,-6.057496919341922,27.54924381934192
-122.6166695,45.56666758,-35.54357529,-38.654387653396846,3.110812363396846
-122.5000028,39.15000078,22.48459625,32.89073947762066,-10.406143227620664
-126.5833363,51.5166677,20.82144737,50.93834119776763,-30.116893827767626
-126.1166696,40.31666747,-45.04234695,-22.091213985725336,-22.951132964274667
-127.9833363,50.23333434,37.70841599,9.394359395551064,28.314056594448935
-130.6666697,48.83333431,-31.60892296,-17.610117854923732,-13.998805105076269
-129.850003,38.68333411,-5.440307617,-16.714812429083512,11.274504812083512
-125.6500029,52.56666772,38.50831604,25.82206283279517,12.686253207204828
-127.750003,52.21666771,-1.464229226,-0.6218819020311291,-0.8423473239688709
-122.0333362,52.10000104,-25.80704308,-15.589110717290897,-10.217932362709103
-121.5666695,41.01666749,-20.10853958,-10.296847590600747,-9.811691989399252
-121.5666695,52.80000106,37.44103622,24.99639728121647,12.44463893878353
-127.9833363,50.35000101,35.13147354,16.12633810393847,19.005135436061533
-120.6333361,50.35000101,56.97948456,12.843086528818207,44.1363980311818
-124.2500029,51.5166677,42.8752594,26.65670405008235,16.218555349917647
-123.7833362,41.7166675,25.69978523,54.29886291560227,-28.59907768560227
-130.6666697,40.66666748,-13.30253887,-6.3204638683133965,-6.982075001686603
-123.0833362,50.000001,-14.98869419,-11.032295249050183,-3.9563989409498177
-132.4166697,43.46666754,-18.24120712,-15.623176520675829,-2.61803059932417
-126.7000029,52.68333439,37.00638962,37.08661202594638,-0.08022240594637964
-119.5833361,39.15000078,27.63910866,8.314603424770109,19.324505235229893
-128.100003,44.40000089,-4.065761089,-6.272179754706764,2.2064186657067637
-120.7500028,48.01666763,38.71660995,41.57993173874651,-2.8633217887465108
-122.8500029,49.18333432,-53.53603745,-32.98359635114659,-20.552441098853414
-124.9500029,47.08333427,-22.12034607,-37.0326088954854,14.912262825485403
-121.2166695,39.15000078,23.91010284,-6.35431816210366,30.26442100210366
-123.3166695,49.65000099,-34.46272278,15.228275613722124,-49.690998393722126
-125.0666696,53.61666774,-17.02952194,-13.665800950716058,-3.363720989283941
-125.4166696,53.50000107,-7.747386932,-13.683706501725348,5.936319569725348
-127.4000029,39.26666745,-13.42145252,-15.988786419950605,2.5673338999506043
-124.6000029,50.23333434,-10.7139225,-31.812356251939313,21.09843375193931
-130.6666697,42.88333419,-17.18761444,-12.580315660342512,-4.607298779657489
-119.0000028,39.8500008,-2.713376045,3.8563435832106965,-6.569719628210697
-119.3500028,45.45000091,-31.89889145,-19.05859540834484,-12.840296041655161
-130.3166697,46.50000093,-8.988529205,-4.539324637804334,-4.449204567195666
-122.7333362,45.68333425,-47.49800873,-32.15345991799043,-15.34454881200957
-121.2166695,46.15000092,-12.51048374,16.461237248346166,-28.971720988346163
-119.4666695,53.73333441,4.227747917,33.350439889283564,-29.12269197228356
-122.7333362,51.05000102,13.52210045,32.103285282181965,-18.581184832181965
-132.4166697,49.41666765,-18.33608246,-9.479973657995217,-8.856108802004783
-130.550003,46.73333427,-15.59724998,-7.119798813658065,-8.477451166341936
-119.8166695,48.1333343,-33.1707077,-6.378844603504386,-26.791863096495614
-122.2666695,42.06666751,-7.008847237,6.126414843711872,-13.135262080711872
-125.4166696,39.03333411,-15.9195776,-19.890557878525904,3.9709802785259036
-123.4333362,49.88333433,22.31850815,16.17397245623991,6.144535693760091
-131.250003,49.53333432,-10.16661549,-11.31098993396691,1.1443744439669103
-129.0333363,42.41666751,-7.287459373,-7.116300429473788,-0.17115894352621197
-121.8000028,40.43333414,14.53896141,6.715162312828491,7.823799097171509
-120.0500028,44.63333423,39.75347137,14.928185777968805,24.825285592031193
-129.0333363,52.91666772,16.11544228,5.4248871870121524,10.690555092987847
-127.2833363,50.70000101,-8.60236454,-9.35185618618527,0.7494916461852696
-120.4000028,42.06666751,-60.81917953,10.978070927504561,-71.79725045750456
-127.9833363,42.18333418,-0.053159654,-0.14787251261433104,0.09471285861433104
-130.0833363,52.21666771,-18.29814148,-2.2275307047019433,-16.070610775298057
-127.8666696,49.18333432,-45.47668076,-26.390445594245037,-19.086235165754964
-128.450003,38.56666744,-32.08669662,-27.704875989178216,-4.381820630821782
-130.550003,40.31666747,-20.34593964,-16.94560618613922,-3.4003334538607817
-130.0833363,46.6166676,-2.204981804,-4.038871012352175,1.8338892083521747
-119.4666695,38.3333341,-4.746310234,68.57167153321011,-73.31798176721011
-130.0833363,39.26666745,-15.28475666,-15.738850447780965,0.4540937877809661
-120.0500028,39.50000079,36.30918121,40.150477758425296,-3.841296548425298
-128.3333363,52.80000106,-25.90994263,-9.595987360107781,-16.31395526989222
-127.8666696,46.38333426,-6.089640617,-8.785109073417663,2.6954684564176636
-130.6666697,51.98333437,11.01166821,9.620114628324098,1.3915535816759022
-125.8833363,51.05000102,62.70434189,33.87761250736716,28.82672938263284
-128.450003,51.98333437,25.68842697,5.162102724820695,20.526324245179303
-129.9666697,49.76666766,24.77310181,5.432477927559393,19.340623882440607
-124.8333362,52.45000105,44.54129028,28.373747667610395,16.167542612389603
-125.7666696,41.7166675,-9.511883736,-6.677619526295238,-2.834264209704762
-127.0500029,38.21666743,-24.24390793,-24.41365551062621,0.1697475806262112
-126.8166696,47.20000094,-14.69270802,-17.247574065355362,2.5548660453553627
-128.2166696,47.78333429,-3.510086775,-7.019180173570227,3.509093398570227
-120.4000028,51.5166677,37.42140961,11.026780123272813,26.394629486727183
-129.9666697,53.73333441,13.84188461,6.171177622292229,7.67070698770777
-129.7333363,41.36666749,-8.523983002,-3.0070832104000598,-5.51689979159994
-122.9666695,41.83333417,-47.4397583,-28.370979206699324,-19.068779093300677
-121.3333362,49.06666765,51.19368362,46.511343955088684,4.682339664911318
-121.9166695,39.73333413,3.683426857,-31.267094946377153,34.95052180337715
-125.7666696,53.73333441,-0.785451353,-3.140713660174907,2.355262307174907
-119.3500028,50.000001,-45.72407913,-12.02627760238107,-33.69780152761893
-126.1166696,48.95000098,-31.37317085,-15.254789900651371,-16.11838094934863
-123.4333362,47.66666762,54.26114655,58.23649103119234,-3.9753444811923373
-132.6500031,44.05000088,-11.32778549,-16.10141022738096,4.77362473738096
-129.500003,48.60000097,-13.8628149,-9.890706985778849,-3.9721079142211515
-121.5666695,40.31666747,61.5279808,31.297263801911296,30.230716998088706
-128.2166696,41.25000082,-2.972745419,-0.8008196788756974,-2.171925740124302
-131.1333364,40.66666748,-6.342159271,-5.233977634851585,-1.108181636148415
-129.150003,43.70000087,-23.24723053,-16.101583237806615,-7.1456472921933845
-125.4166696,41.60000083,-32.86409378,-34.333940791994316,1.469847011994318
-123.7833362,46.96666761,-24.72286034,-23.78524664793029,-0.9376136920697107
-132.4166697,44.63333423,-12.18303394,-19.25532763941265,7.072293699412649
-124.1333362,52.56666772,-12.71094322,-0.6139110075551711,-12.09703221244483
-124.6000029,49.06666765,88.51398468,63.73770892419347,24.776275755806523
-128.6833363,53.85000108,-56.18076706,-15.446568014016446,-40.73419904598356
-124.4833362,39.38333412,-41.68085861,-50.24494533881895,8.56408672881895
-129.9666697,44.86666756,-6.682040215,-6.1196699670082575,-0.5623702479917423
-131.250003,51.40000103,-20.95675087,-19.01189245597592,-1.944858414024079
-120.4000028,42.30000085,-11.27656651,19.78159989983074,-31.05816640983074
-119.9333361,45.45000091,-20.04504395,-22.351982841601906,2.306938891601906
-127.9833363,45.1000009,-7.423428535,-7.585781129176368,0.16235259417636794
-127.5166696,42.06666751,-11.49414063,-11.930020344842344,0.43587971484234345
-126.3500029,52.56666772,77.39520264,51.702675466378125,25.69252717362187
-126.7000029,42.41666751,-1.166641474,1.376823213828571,-2.543464687828571
-126.4666696,39.03333411,-6.244829178,-14.916012280867363,8.671183102867364
-125.5333362,46.38333426,-25.97058296,-29.478559149693723,3.5079761896937214
-132.0666697,42.41666751,-16.24936867,-13.682864074243787,-2.5665045957562125
-130.200003,41.95000084,-1.867370844,-7.327228149442398,5.459857305442398
-120.7500028,42.88333419,-39.85758972,26.25200059686459,-66.1095903168646
-122.1500028,43.00000086,77.41897583,59.613823185466686,17.805152644533308
-123.5500029,45.21666757,74.72542572,80.69626962462755,-5.970843904627543
-127.2833363,37.98333409,-23.04488182,-24.05151649076053,1.0066346707605298
-126.9333363,43.35000087,-5.705379486,-7.2350639687766645,1.5296844827766645
-125.6500029,41.36666749,-13.18781757,-27.50694314138808,14.319125571388081
-127.0500029,53.50000107,16.56062698,0.9107106923491176,15.64991628765088
-120.8666695,53.15000106,-8.722686768,16.035789332318807,-24.75847610031881
-127.6333363,43.00000086,-11.88790131,-12.622490124926781,0.7345888149267807
-125.0666696,42.30000085,-52.10414886,-41.246305258549235,-10.857843601450767
-130.0833363,52.33333438,-7.506448746,-5.536518179100474,-1.9699305668995262
-127.4000029,50.11666767,27.18985558,39.166531972964336,-11.976676392964336
-124.6000029,47.90000096,-45.6266098,-26.707262296534637,-18.91934750346536
-121.4500028,48.60000097,-3.800472736,8.355873124279723,-12.156345860279723
-122.1500028,52.33333438,-9.579891205,-10.086993867289902,0.5071026622899026
-123.9000029,42.65000085,43.65341568,37.549436532829084,6.103979147170918
-125.7666696,45.45000091,-33.81261826,-29.855047387427977,-3.957570872572024
-131.250003,44.98333423,-7.98922348,-13.075096203822229,5.085872723822229
-129.150003,43.5833342,-32.31984711,-16.46446478562025,-15.855382324379747
-122.6166695,52.68333439,-18.30628014,-19.44193181920774,1.13565167920774
-129.3833363,44.98333423,1.481366754,-4.073522931521586,5.5548896855215855
-121.2166695,42.53333418,-0.950800538,4.930054119951585,-5.880854657951585
-131.3666697,38.45000077,-27.56743813,-29.514262963296506,1.9468248332965068
-122.1500028,53.85000108,-4.239016533,-4.903532599438423,0.6645160664384226
-128.9166696,50.000001,-44.81664276,-27.874350584648415,-16.942292175351586
-128.800003,45.80000092,-7.443165779,-7.387639692798648,-0.05552608620135224
-126.0000029,49.88333433,83.77420807,82.77323182470943,1.0009762452905733
-127.9833363,53.96666775,63.77660751,30.832408469666085,32.94419904033391
-124.9500029,48.25000096,-64.91981506,-39.6400780555986,-25.279737004401404
-126.7000029,52.56666772,15.76487637,29.20820040461292,-13.443324034612921
-120.2833361,44.51666756,29.60468864,13.560720865075567,16.043967774924432
-124.8333362,41.95000084,-12.07310104,-28.965146507427665,16.892045467427664
-129.2666697,53.50000107,-28.09889412,-2.45650230994071,-25.64239181005929
-119.4666695,50.11666767,-95.47190094,-0.3648410731857965,-95.1070598668142
-120.1666695,44.75000089,-57.96891022,4.990878304876173,-62.959788524876174
-127.8666696,46.85000094,-6.078886032,-8.783735834153648,2.704849802153648
-125.4166696,47.31666761,-30.94306183,-30.283174637900004,-0.6598871920999976
-123.6666695,41.95000084,44.33778381,31.313385032481307,13.024398777518691
-127.6333363,50.000001,1.18791008,5.4262247172697755,-4.2383146372697755
-128.3333363,51.16666769,-25.3979969,-11.479522536909336,-13.918474363090663
-124.6000029,41.25000082,-62.46574402,-37.25800438151136,-25.20773963848864
-129.7333363,39.26666745,-19.91378403,-18.053525081640814,-1.860258948359185
-130.900003,41.01666749,-5.311989784,-6.281598771947332,0.969608987947332
-119.2333361,52.33333438,-0.202436,18.39942588215834,-18.60186188215834
-128.2166696,53.61666774,46.98532867,-8.627756996103734,55.613085666103736
-123.9000029,47.43333428,-19.34363174,-8.721301993484168,-10.622329746515831
-124.4833362,52.10000104,-15.53501892,-5.561323542694232,-9.97369537730577
-132.5333364,42.76666752,-14.43768787,-13.333486159510493,-1.104201710489507
-127.4000029,50.23333434,53.53374863,42.77034082747927,10.763407802520732
-122.2666695,44.28333422,12.21949387,7.169430995742168,5.050062874257833
-129.0333363,48.4833343,-29.15257072,-15.497279688259729,-13.655291031740271
-125.4166696,44.86666756,-67.5268631,-53.52198635471503,-14.004876745284967
-130.7833363,39.15000078,-20.83547401,-19.046895442644065,-1.788578567355934
-119.3500028,41.48333416,-17.5935154,19.941643334485775,-37.535158734485776
-120.1666695,44.16666755,-1.090999603,16.299643386124593,-17.390642989124593
-129.7333363,40.2000008,-58.32640457,-61.799937843994755,3.4735332739947538
-132.0666697,52.33333438,-90.94594574,-68.0549004302854,-22.8910453097146
-120.2833361,44.28333422,59.59621811,14.931365934375643,44.66485217562436
-121.8000028,46.15000092,16.23125458,27.934997813600006,-11.703743233600004
-121.8000028,45.80000092,1.306860089,0.5636776996244347,0.7431823893755652
-125.0666696,52.45000105,5.325267792,9.748781931718502,-4.4235141397185025
-125.6500029,46.03333425,-26.44523621,-30.728073755422734,4.282837545422733
-120.5166695,39.61666746,90.60571289,50.239862307065486,40.36585058293452
-128.2166696,51.63333437,-1.993654966,-5.408900508620134,3.4152455426201334
-123.5500029,53.15000106,-28.80196381,-19.310211240011824,-9.491752569988176
-119.1166694,51.63333437,-19.18207741,-21.424670793002225,2.242593383002223
-132.4166697,39.8500008,-36.07688522,-38.47538036785502,2.398495147855016
-121.2166695,40.2000008,8.008921623,11.882603135371786,-3.8736815123717854
-123.6666695,45.68333425,107.5826874,63.57207326199242,44.010614138007575
-125.7666696,45.68333425,-30.06731415,-29.144120237761722,-0.9231939122382791
-126.5833363,42.88333419,-11.60328674,-7.278550389774078,-4.324736350225922
-123.6666695,47.43333428,59.92722702,41.33906298994053,18.588164030059467
-131.4833364,44.05000088,-19.00946236,-18.449359893209138,-0.5601024667908625
-121.6833362,49.41666765,-10.64042282,19.442048100207604,-30.082470920207605
-121.8000028,39.38333412,-17.70412064,-27.41129870891036,9.707178068910359
-125.4166696,53.85000108,-11.85246944,-20.335557586526125,8.483088146526125
-128.3333363,51.63333437,-40.13345718,-13.705681831931459,-26.427775348068543
-123.4333362,43.81666754,36.7325592,18.41965764212514,18.312901557874856
-127.5166696,46.15000092,-5.25729847,-8.682848668286908,3.425550198286908
-124.9500029,40.2000008,-3.083970308,-18.139214566081773,15.055244258081773
-127.0500029,50.23333434,64.29653931,32.00945007264444,32.28708923735556
-120.1666695,41.95000084,100.3886032,16.889120862448735,83.49948233755127
-129.3833363,43.11666753,0.913324594,-12.519561436419492,13.432886030419493
-128.2166696,49.06666765,-22.46779251,-24.81735942447792,2.349566914477922
-122.0333362,51.98333437,8.728981018,-9.301451842662715,18.030432860662714
-124.9500029,53.26666773,18.88651657,6.198206806433533,12.688309763566469
-131.950003,48.83333431,-10.27394104,-12.254052691110557,1.9801116511105565
-119.0000028,40.55000081,10.52819252,3.564307860819894,6.963884659180105
-130.3166697,48.1333343,9.93248558,2.869709202073351,7.0627763779266495
-129.850003,51.05000102,-44.87643051,-38.96420016366586,-5.912230346334141
-119.7000028,43.00000086,12.75389671,13.22643269205886,-0.4725359820588615
-123.7833362,50.000001,-28.83143806,24.358119321421793,-53.18955738142179
-119.8166695,44.51666756,4.233428001,14.55942389676574,-10.32599589576574
-124.0166695,48.01666763,32.05783081,33.3363807746579,-1.2785499646578984
-120.0500028,48.60000097,46.29945755,21.145535606988986,25.153921943011014
-125.6500029,39.26666745,-5.341619492,-12.60106940227212,7.25944991027212
-119.5833361,53.15000106,25.3038578,35.367316937444976,-10.063459137444976
-123.6666695,49.18333432,-45.03580475,-45.92831151107352,0.8925067610735198
-125.4166696,38.80000078,-18.94359016,-16.061211408996236,-2.8823787510037633
-126.9333363,39.26666745,-12.60014915,-13.349991585888034,0.7498424358880342
-132.8833364,38.3333341,-29.73254395,-26.642301866066795,-3.090242083933205
-131.3666697,40.08333413,-41.07688904,-39.26433201579027,-1.812557024209724
-121.6833362,39.8500008,-22.50719833,-25.88904034238445,3.3818420123844497
-130.900003,45.91666758,-9.982206345,-4.739171766865594,-5.243034578134406
-129.2666697,44.05000088,-7.768378258,-3.0938089474591766,-4.674569310540823
-123.5500029,48.83333431,-6.309238434,36.40680065865839,-42.71603909265839
-123.5500029,40.55000081,37.9132309,17.460802574467152,20.45242832553285
-130.3166697,48.83333431,-4.507278442,-6.695588171991536,2.188309729991537
-122.8500029,40.08333413,53.57574844,49.13713585789679,4.438612582103211
-129.3833363,50.70000101,-74.98583221,-84.34232629520969,9.35649408520969
-125.6500029,41.7166675,-9.705423355,-21.96421273581358,12.258789380813578
-120.7500028,52.45000105,-17.52220345,0.3461388337135559,-17.868342283713556
-127.1666696,44.86666756,5.260615349,-9.878016883174807,15.138632232174807
-122.0333362,39.15000078,-41.8366127,-26.481560215529665,-15.355052484470338
-124.7166696,41.83333417,-31.53445625,-31.252646233717776,-0.28181001628222546
-132.1833364,47.66666762,-10.9949646,-12.147274029685743,1.1523094296857437
-121.5666695,44.05000088,95.82058716,71.8145901114882,24.0059970485118
-132.0666697,47.43333428,-15.28882694,-10.322166355165118,-4.966660584834882
-122.9666695,40.08333413,78.68578339,67.20120113523413,11.484582254765868
-125.4166696,41.48333416,-30.79240417,-34.333940791994316,3.5415366219943145
-132.0666697,44.05000088,-14.73314571,-16.81548800634547,2.082342296345468
-128.2166696,38.80000078,-4.651670456,-12.566097972324812,7.914427516324812
-122.3833362,42.41666751,24.59595108,14.054848203153824,10.541102876846175
-130.3166697,40.08333413,-66.37492371,-65.20087362856628,-1.1740500814337196
-119.1166694,39.15000078,-7.741464615,-9.176103789719786,1.434639174719786
-120.7500028,38.45000077,-25.05431557,-19.406836047483434,-5.647479522516566
-119.9333361,49.30000099,42.97753906,21.319908121136496,21.6576309388635
-131.0166697,48.1333343,-8.584561348,-8.182670821932382,-0.40189052606761777
-120.4000028,41.83333417,-15.71591759,-0.8645821480706808,-14.851335441929319
-130.200003,49.53333432,-0.39360559,-5.297159483620463,4.9035538936204635
-130.200003,52.68333439,-9.040728569,-6.119600137203894,-2.921128431796107
-126.1166696,52.33333438,-6.268523216,58.33828611629761,-64.60680933229762
-121.9166695,52.45000105,-12.48897266,-8.086376833815176,-4.4025958261848235
-125.8833363,44.63333423,-33.74296188,-25.56945053128979,-8.173511348710214
-131.0166697,41.36666749,3.88038373,-5.935013670192382,9.815397400192381
-130.0833363,45.33333424,2.0488832,-0.3893096088486108,2.438192808848611
-131.0166697,43.81666754,-13.04864979,-16.16983867228153,3.121188882281528
-133.0000031,42.41666751,-14.13200855,-13.288571104620347,-0.8434374453796529
-124.8333362,44.51666756,-15.17863369,-22.185607119983327,7.0069734299833275
-131.250003,42.65000085,-13.41139603,-13.000576944091835,-0.41081908590816596
-123.3166695,47.78333429,91.46063995,89.06708639839498,2.3935535516050237
-119.0000028,48.95000098,27.01535606,-19.047615332352915,46.062971392352914
-120.9833362,44.98333423,-7.069908142,9.682416615772267,-16.752324757772268
-123.7833362,38.91666744,8.260918617,1.535792511147536,6.725126105852464
-119.8166695,44.75000089,3.775909185,2.7813416658066124,0.9945675191933878
-122.6166695,44.16666755,-1.210682392,-22.833427926702146,21.622745534702148
-128.3333363,49.41666765,-27.18755722,-26.70854327014259,-0.4790139498574071
-131.250003,50.81666768,-11.71697617,-14.372442182951547,2.655466012951546
-120.0500028,44.28333422,28.77116776,14.31103211799871,14.46013564200129
-126.0000029,53.26666773,-26.64647293,-5.32820900573388,-21.31826392426612
-123.9000029,47.66666762,-8.586825371,11.251078872899066,-19.837904243899068
-123.2000029,45.1000009,11.64210224,13.918303162086316,-2.276200922086316
-120.0500028,49.88333433,55.6347084,13.321289063973504,42.3134193360265
-132.1833364,40.31666747,-1.518779278,-8.565418135558781,7.046638857558781
-121.5666695,45.21666757,32.05291367,25.09055824781308,6.962355422186921
-128.800003,44.86666756,-6.205068588,-7.130429368382151,0.9253607803821513
-123.6666695,39.15000078,34.42033005,26.79055787388752,7.629772176112478
-128.800003,52.91666772,34.55144882,4.691740052869613,29.859708767130385
-127.750003,42.41666751,3.409992218,-0.09377941871970517,3.5037716367197054
-123.9000029,39.03333411,11.22214603,-0.010373942760348384,11.232519972760347
-130.4333363,50.35000101,15.60497093,8.390732107969262,7.2142388220307385
-120.9833362,50.70000101,-47.04780197,-11.532250054649637,-35.515551915350365
-122.3833362,43.35000087,16.51590157,3.0378958456626166,13.478005724337384
-128.100003,50.000001,-72.63856506,-59.21369093974981,-13.424874120250195
-124.4833362,48.83333431,79.05736542,65.64279277210595,13.414572647894047
-121.5666695,48.71666764,12.61319828,24.752326567773455,-12.139128287773454
-126.0000029,38.91666744,-25.44921875,-16.301587380171593,-9.147631369828407
-126.2333363,43.00000086,2.373669624,-2.2689258087170394,4.642595432717039
-122.8500029,48.71666764,-58.14936447,-39.25914964404507,-18.890214825954935
-131.250003,43.5833342,-9.586423874,-17.542673435704057,7.956249561704057
-129.500003,39.50000079,-19.89633179,-20.75929500898018,0.8629632189801804
-132.8833364,40.78333415,3.17337203,3.201802987188356,-0.02843095718835631
-127.1666696,45.91666758,-8.429305077,-9.634801117299531,1.205496040299531
-126.2333363,53.26666773,-2.813463211,-4.209862129685819,1.3963989186858186
-131.4833364,48.25000096,-11.58606243,-11.841249371995575,0.255186941995575
-130.4333363,38.56666744,-20.01427078,-14.306451140193053,-5.707819639806948
-131.7166697,53.50000107,-7.772109032,-0.829636948031412,-6.942472083968588
-127.6333363,47.78333429,-0.419886947,-9.749784649738922,9.329897702738922
-129.150003,38.21666743,-26.48975945,-24.232529086732306,-2.257230363267695
-122.6166695,38.91666744,21.14631844,12.691687411773954,8.454631028226048
-129.9666697,38.45000077,-36.5333786,-29.26190019361989,-7.271478406380108
-129.7333363,43.00000086,-8.564958572,-12.75538523494875,4.1904266629487505
-129.2666697,43.5833342,-26.9085865,-16.329894537999536,-10.578691962000462
-122.2666695,49.06666765,-25.71391487,-50.10629104637423,24.39237617637423
-132.300003,38.91666744,-14.94539452,-16.760527978502363,1.8151334585023626
-127.1666696,41.83333417,-41.90098953,-28.30808620820899,-13.592903321791006
-121.3333362,42.65000085,9.699566841,15.414379957630613,-5.714813116630614
-124.2500029,40.2000008,48.92572021,1.8741478107944933,47.05157239920551
-120.9833362,39.8500008,50.61277771,66.51652432144216,-15.903746611442159
-126.7000029,43.00000086,-17.45173454,-8.462931111157904,-8.988803428842097
-119.8166695,49.76666766,-37.36188889,5.648017937422668,-43.00990682742267
-127.9833363,51.75000103,0.007594883,-29.127618164471006,29.135213047471005
-119.4666695,38.45000077,-8.269165039,79.32778572188698,-87.59695076088698
-121.5666695,45.68333425,-54.30161285,-32.43010090216271,-21.87151194783729
-130.550003,47.66666762,-11.53059101,-8.488178752017642,-3.042412257982358
-119.7000028,50.93333435,-48.14841843,-23.88490547805231,-24.26351295194769
-129.9666697,39.38333412,-21.23603439,-16.820575551846662,-4.415458838153338
-122.0333362,38.80000078,-30.58397484,-21.759282006476248,-8.824692833523752
-131.4833364,53.15000106,-3.036035776,19.765777964337584,-22.801813740337582
-129.9666697,44.40000089,-2.101286888,5.264507847104251,-7.3657947351042505
-121.1000028,41.25000082,-1.299612403,10.340354534446258,-11.639966937446257
-132.8833364,52.21666771,-16.87488365,-38.43613388804106,21.561250238041062
-120.5166695,38.80000078,20.7432518,35.075855810620915,-14.332604010620916
-130.0833363,48.4833343,11.10916519,2.262957277533676,8.846207912466324
-129.3833363,41.60000083,-4.894192696,-4.36640190471877,-0.5277907912812303
-120.5166695,44.28333422,12.16628265,14.973076133662026,-2.8067934836620267
-126.2333363,51.16666769,15.61162853,57.171783733096625,-41.56015520309663
-125.5333362,49.30000099,103.572998,67.60836481975693,35.96463318024307
-128.6833363,46.50000093,-10.77404404,-8.552921446874139,-2.2211225931258607
-121.6833362,49.88333433,122.5112076,40.8429331340445,81.6682744659555
-122.3833362,40.55000081,-48.43682861,-49.706490667803806,1.2696620578038065
-132.7666697,39.50000079,-29.34576988,-22.236028694835248,-7.109741185164751
-126.7000029,53.61666774,-15.42966938,2.0777127381128415,-17.50738211811284
-121.9166695,43.00000086,12.14015102,16.661751980524638,-4.521600960524639
-123.0833362,40.66666748,21.10930061,15.18442829167578,5.924872318324219
-120.9833362,46.38333426,38.84098816,12.322878116948178,26.518110043051824
-130.7833363,39.61666746,-29.4173851,-28.689993221977886,-0.7273918780221145
-119.1166694,50.70000101,-48.22202301,-38.44614133632275,-9.775881673677247
-126.1166696,46.73333427,-36.80311203,-21.289616532294083,-15.513495497705918
-133.0000031,52.10000104,-7.544260025,-8.992271916214847,1.448011891214847
-129.850003,38.3333341,-29.48857498,-29.26190019361989,-0.22667478638010863
-129.850003,52.91666772,-7.38270092,-2.175998775740103,-5.206702144259897
-123.7833362,40.55000081,-7.960077286,1.5517596689738473,-9.511836954973846
-127.4000029,44.51666756,-7.581177711,-7.172685659855127,-0.4084920511448722
-121.5666695,48.1333343,11.98047352,8.933407533110968,3.0470659868890326
-122.9666695,38.21666743,20.50183296,15.572877022435021,4.9289559375649805
-126.1166696,50.35000101,64.06145477,34.863791494928286,29.19766327507171
-129.0333363,53.15000106,-2.28710866,3.1752906087110526,-5.462399268711053
-126.8166696,45.91666758,-6.081456184,-10.332983025295649,4.251526841295648
-122.5000028,41.83333417,-0.302449763,-7.302402599982441,6.999952836982441
-121.2166695,42.30000085,32.38082123,16.760981740806347,15.619839489193655
-124.9500029,53.03333439,-1.769125223,-4.057183410378194,2.2880581873781938
-132.0666697,40.2000008,-38.71858215,-28.387331414175968,-10.331250735824035
-125.5333362,51.5166677,-42.94258118,33.62570577484459,-76.56828695484458
-120.0500028,52.33333438,63.82237625,25.3909767855006,38.43139946449939
-126.2333363,40.31666747,-39.16625214,-22.091213985725336,-17.07503815427466
-119.8166695,53.73333441,38.85543442,14.156622632641321,24.69881178735868
-125.5333362,40.55000081,-21.74242592,-26.72319693643204,4.9807710164320405
-131.0166697,52.21666771,59.8244133,68.05686189635577,-8.232448596355766
-129.850003,47.08333427,-8.212688446,-7.774133466316478,-0.43855497968352175
-126.2333363,50.000001,80.41075134,60.339573705416576,20.071177634583428
-119.4666695,50.35000101,-6.291319847,-17.278719109821942,10.987399262821942
-129.2666697,52.21666771,-4.350356102,-2.8156398058909726,-1.5347162961090275
-127.9833363,49.76666766,-90.94795227,-57.37815524229177,-33.56979702770823
-127.2833363,43.35000087,-12.17338467,-11.754008503807063,-0.41937616619293827
-127.6333363,46.73333427,-5.539200783,-9.268690409183494,3.7294896261834936
-130.200003,38.91666744,-13.13529968,-18.89885737520325,5.76355769520325
-123.6666695,52.80000106,2.141074896,1.9327718903336095,0.2083030056663906
-121.2166695,46.6166676,35.82735443,22.83871485454717,12.98863957545283
-131.3666697,50.93333435,-14.47189999,-14.238017980019498,-0.23388200998050301
-132.1833364,53.3833344,83.78127289,66.69173682625073,17.089536063749264
-128.3333363,45.80000092,-4.417767525,-7.502015301354924,3.084247776354924
-131.950003,47.55000095,-9.440713882,-12.961128555485343,3.5204146734853428
-130.3166697,47.08333427,-9.699836731,-8.570589787835086,-1.1292469431649135
-131.1333364,48.25000096,-8.767321587,-10.074615418404461,1.3072938314044613
-129.6166697,38.21666743,-24.46799469,-23.552622746387385,-0.915371943612616
-120.7500028,52.33333438,19.91741562,26.111192790527515,-6.193777170527515
-120.6333361,45.56666758,-11.11155796,-20.735211442058525,9.623653482058524
-125.0666696,53.3833344,-13.14393234,-5.134528426559512,-8.009403913440487
-127.5166696,49.88333433,-18.88858795,-2.4818282917759555,-16.406759658224047
-131.0166697,52.10000104,85.53087616,62.79759667767557,22.733279482324434
-132.4166697,51.98333437,-19.81409645,-23.097391092218555,3.2832946422185536
-125.7666696,42.06666751,-7.024168968,-5.69028703322175,-1.3338819347782493
-129.500003,46.50000093,-4.775571823,-5.02958000461371,0.25400818161370964
-119.8166695,39.61666746,2.059766531,17.904387687455984,-15.844621156455982
-124.4833362,40.31666747,-29.63355827,-20.946936214460205,-8.686622055539797
-127.9833363,48.71666764,-13.23736572,-16.283954888793836,3.0465891687938367
-123.3166695,45.91666758,47.77518845,43.2009379271648,4.5742505228352
-131.950003,41.95000084,-9.611688614,-8.057469799738861,-1.554218814261139
-126.9333363,38.91666744,-11.54835033,-15.846942612793256,4.298592282793257
-130.200003,46.50000093,-11.97020149,-4.539324637804334,-7.4308768521956665
-130.6666697,44.40000089,2.069511652,-3.8003597850421507,5.869871437042151
-125.3000029,52.80000106,105.5413513,70.83098768628905,34.71036361371095
-123.7833362,45.91666758,53.95373154,51.348467902768476,2.6052636372315234
-128.450003,41.83333417,-0.626163363,-4.9075549161821606,4.281391553182161
-120.2833361,50.000001,9.395983696,-1.4896350904056266,10.885618786405626
-131.8333364,44.05000088,-15.53857327,-17.863021683457045,2.324448413457045
-122.1500028,50.70000101,-21.6748867,-70.32063923365668,48.645752533656676
-121.3333362,46.85000094,26.84496117,13.913879258134772,12.93108191186523
-130.7833363,48.36666763,-4.956076622,-7.340223098020909,2.3841464760209083
-120.0500028,45.91666758,-15.26355076,-11.057866663030348,-4.205684096969652
-132.0666697,45.56666758,-18.33275986,-13.759197301311918,-4.5735625586880815
-129.7333363,46.73333427,-8.289577484,-7.475358757716216,-0.8142187262837846
-123.3166695,40.55000081,30.66640663,34.79453371358353,-4.128127083583532
-129.500003,45.1000009,-7.572392464,-6.1196699670082575,-1.4527224969917425
-123.0833362,47.31666761,-17.24461937,-11.920532103228947,-5.324087266771052
-122.0333362,41.01666749,-16.87649155,-1.8819032885669316,-14.99458826143307
-130.550003,44.86666756,-6.888264656,-6.860922772626307,-0.027341883373692255
-130.3166697,47.90000096,-19.85132027,-12.385811619514897,-7.465508650485102
-122.8500029,44.05000088,-28.59353065,-15.580198310382853,-13.013332339617149
-133.0000031,46.38333426,-19.72696495,-14.758926183975843,-4.968038766024156
-119.4666695,44.63333423,55.67101669,21.776886117505498,33.894130572494504
-127.2833363,48.95000098,-47.32926178,-31.565349002424608,-15.763912777575396
-129.850003,51.98333437,-15.73677826,-0.1398289053519068,-15.596949354648093
-125.5333362,37.98333409,-18.92044449,-18.924305890302815,0.003861400302813678
-126.1166696,51.16666769,-25.25453186,5.575295185205217,-30.829827045205217
-124.3666696,49.65000099,6.907733917,36.584849935293036,-29.677116018293034
-132.4166697,39.03333411,-18.67744827,-16.38352735264232,-2.293920917357678
-132.4166697,40.90000082,-8.067146301,-8.301699044058086,0.23455274305808693
-130.0833363,53.03333439,-16.70344734,-5.08733686762454,-11.61611047237546
-127.2833363,53.3833344,40.45225525,17.91326961269646,22.53898563730354
-129.850003,45.45000091,-0.019444436,-2.5676935559295,2.5482491199295
-124.9500029,44.40000089,-8.594521523,-24.298430263346912,15.703908740346913
-127.8666696,48.1333343,-1.52159524,-11.104175482691891,9.582580242691892
-124.0166695,46.26666759,-26.94563675,-23.79110344380504,-3.15453330619496
-129.2666697,43.35000087,-8.04628849,-12.519561436419492,4.473272946419492
-129.6166697,44.98333423,-8.517860413,-6.1196699670082575,-2.398190445991742
-132.7666697,43.2333342,-15.44464207,-16.08624205025263,0.6415999802526287
-125.6500029,46.26666759,-25.92100334,-28.59239995373292,2.67139661373292
-127.4000029,43.46666754,-22.08372116,-13.00179224374909,-9.08192891625091
-119.2333361,46.15000092,-17.25063705,-28.391319650497017,11.140682600497016
-119.0000028,49.53333432,-8.775401115,-13.64489476387432,4.86949364887432
-123.5500029,41.36666749,-37.45733261,-0.27133030190841817,-37.18600230809158
-119.2333361,49.88333433,12.7949791,0.18627342796106097,12.60870567203894
-125.0666696,47.78333429,-38.8036232,-39.72415867637312,0.920535476373125
-132.5333364,53.03333439,48.21894836,25.666780096995705,22.552168263004294
-130.900003,45.56666758,1.632546306,-2.448460739901996,4.0810070459019965
-129.0333363,45.56666758,-8.624028206,-6.9716921202980515,-1.6523360857019487
-130.7833363,38.45000077,-45.79619598,-29.514262963296506,-16.281933016703494
-124.3666696,44.51666756,-32.19318008,-23.739214640220773,-8.453965439779225
-120.4000028,53.61666774,26.9872551,7.716034013170572,19.271221086829428
-124.9500029,46.96666761,-17.23033524,-35.083167327110296,17.852832087110297
-127.6333363,42.18333418,-4.549530983,-2.4622864603199797,-2.0872445226800207
-124.8333362,41.60000083,-12.3080616,-28.965146507427665,16.657084907427667
-126.0000029,47.78333429,-16.96441841,-18.794207976923982,1.8297895669239814
-123.7833362,44.63333423,50.13453674,28.004218763857676,22.130317976142326
-126.5833363,49.88333433,51.42044067,46.89475914743358,4.5256815225664155
-124.9500029,51.16666769,-24.4666481,5.87995429456611,-30.346602394566112
-129.500003,47.43333428,-3.273761272,-7.774133466316478,4.500372194316478
-124.1333362,40.78333415,-26.2358532,-25.864825413672605,-0.37102778632739586
-124.9500029,39.26666745,-13.15212917,-24.266721083495753,11.114591913495753
-123.5500029,39.73333413,36.99104309,13.779548080755006,23.21149500924499
-128.3333363,39.50000079,-12.88243961,-15.949634256020026,3.0671946460200257
-131.3666697,47.78333429,5.463652611,-5.540587350349535,11.004239961349533
-127.1666696,52.10000104,5.965643883,-11.223969129001294,17.189613012001296
-129.0333363,46.26666759,-9.907258987,-8.250948247451678,-1.6563107395483225
-127.4000029,49.53333432,-62.66844177,-46.657977687015574,-16.010464082984427
-130.200003,46.6166676,-9.524839401,-5.093372689621607,-4.431466711378392
-122.6166695,38.21666743,14.90767097,-0.45933930990917843,15.367010279909179
-127.8666696,50.000001,-46.40904999,-21.898506068767805,-24.510543921232195
-120.4000028,53.85000108,5.639610291,11.784006659651176,-6.144396368651176
-131.950003,41.7166675,-15.85011578,-10.738082310654823,-5.112033469345176
-130.550003,49.30000099,-33.1195488,-19.483301921698924,-13.636246878301073
-129.850003,49.06666765,-12.81800842,-6.575405174946423,-6.242603245053577
-119.3500028,39.38333412,-12.35801411,5.4808984590730185,-17.838912569073017
-128.6833363,41.13333416,-2.143465996,-1.2923430054639315,-0.8511229905360687
-130.550003,53.26666773,16.70055771,-0.8389743673330057,17.539532077333003
-127.5166696,39.50000079,-16.38826942,-17.489141577918804,1.100872157918804
-130.0833363,43.35000087,-3.40491581,-11.613630670775036,8.208714860775036
-122.0333362,51.5166677,34.42042923,14.691305811338548,19.729123418661455
-122.1500028,41.01666749,-21.3457737,3.684018438065267,-25.029792138065265
-126.0000029,45.1000009,-25.55246735,-23.77531199761272,-1.777155352387279
-119.9333361,38.91666744,62.03398895,70.01976645292667,-7.985777502926673
-126.5833363,50.23333434,48.74015808,54.57043910910824,-5.830281029108242
-122.8500029,45.91666758,-34.73062515,-21.35528774097885,-13.375337409021153
-121.3333362,45.1000009,-5.305264473,-5.247616469413242,-0.05764800358675792
-122.6166695,45.45000091,-16.85915756,-35.36704257604557,18.50788501604557
-129.150003,53.03333439,18.89196205,8.730126571790038,10.161835478209962
-125.5333362,44.16666755,-67.44905853,-57.47659013212303,-9.972468397876973
-119.2333361,53.50000107,-1.366520047,40.69299669248402,-42.059516739484025
-127.0500029,51.75000103,2.786062717,11.123487624252974,-8.337424907252974
-121.9166695,43.46666754,19.03731155,20.417431584850316,-1.380120034850318
-122.0333362,51.05000102,-47.07424927,-10.180700186867771,-36.89354908313223
-131.250003,44.28333422,-29.94681168,-19.8209228738469,-10.1258888061531
-129.6166697,43.11666753,-7.83337307,-12.519561436419492,4.686188366419492
-123.2000029,48.1333343,-15.57527637,-17.010703624951464,1.435427254951465
-132.300003,38.80000078,-17.94146919,-21.171668326744285,3.230199136744286
-128.800003,41.7166675,3.023119688,-4.701191078812004,7.724310766812003
-129.3833363,45.91666758,-5.546473503,-4.34024325586177,-1.2062302471382296
-124.0166695,50.23333434,-40.68054199,-41.458769048835244,0.7782270588352418
-126.1166696,49.41666765,12.6110611,-14.014881117087743,26.625942217087744
-120.5166695,41.60000083,5.808017731,13.357089179442704,-7.549071448442705
-120.8666695,39.26666745,37.85151291,25.398329215387307,12.45318369461269
-131.8333364,46.96666761,-17.21598434,-11.93112033567654,-5.284864004323458
-125.0666696,50.11666767,-26.94571304,-23.507022791459736,-3.438690248540265
-131.4833364,42.76666752,-9.396059036,-15.245981486374232,5.8499224503742315
-122.1500028,39.61666746,-12.59694099,-29.108285276146642,16.51134428614664
-130.4333363,41.48333416,-0.836287975,-2.3476369129256343,1.5113489379256344
-131.0166697,42.53333418,-9.82256031,-12.205073149582978,2.3825128395829775
-121.2166695,48.36666763,26.11317635,36.65123125736862,-10.538054907368622
-123.4333362,41.36666749,-41.34725952,0.23136678375518552,-41.578626303755186
-123.5500029,42.88333419,3.235028267,23.976637101100213,-20.741608834100212
-131.3666697,41.7166675,32.55475235,34.15028469830155,-1.5955323483015462
-128.800003,53.96666775,-13.71834564,-2.842504212565943,-10.875841427434057
-127.5166696,42.41666751,6.421999931,7.561483493057388,-1.1394835620573875
-132.1833364,50.58333434,-4.906721115,-7.836324113313446,2.929602998313446
-131.7166697,40.31666747,4.585441589,-3.054797580375042,7.640239169375042
-127.6333363,50.35000101,59.96050262,49.08932858185631,10.871174038143693
-129.7333363,40.66666748,2.775369644,-0.5482737544965753,3.3236433984965754
-124.4833362,38.3333341,-46.27983093,-52.440799029968915,6.160968099968912
-127.1666696,48.4833343,-47.61520004,-21.767917687505083,-25.847282352494915
-125.0666696,41.25000082,-60.18464661,-55.08765336547004,-5.096993244529962
-126.2333363,53.15000106,-2.741168737,5.2642643593216825,-8.005433096321683
-120.7500028,47.55000095,50.93963242,30.14585889388097,20.793773526119033
-120.5166695,42.76666752,-9.669376373,17.825752571316272,-27.49512894431627
-126.3500029,49.06666765,-29.11620712,-20.55196033751247,-8.56424678248753
-124.3666696,50.70000101,63.09679794,28.203634161756607,34.89316377824339
-126.9333363,42.76666752,9.887928963,6.2578420498387075,3.6300869131612927
-119.4666695,51.16666769,-23.24672318,10.221976503880027,-33.468699683880025
-123.6666695,50.81666768,118.8363953,71.98200623625739,46.854389063742616
-128.9166696,49.65000099,10.3591671,-7.025663197897401,17.384830297897402
-124.1333362,51.5166677,41.70687866,14.66394729032458,27.042931369675422
-132.4166697,44.28333422,-16.088274,-16.282975118109647,0.19470111810964852
-121.8000028,50.58333434,-46.12529373,-30.39688953018281,-15.728404199817192
-123.0833362,53.3833344,-15.70610714,-13.634949627438093,-2.071157512561907
-120.8666695,51.5166677,-1.403570533,3.432886148270659,-4.8364566812706595
-127.1666696,39.73333413,-31.16903687,-38.9936407826792,7.824603912679201
-126.5833363,42.53333418,1.630928993,1.376823213828571,0.25410577917142896
-131.3666697,53.15000106,-2.98000598,12.109613060481042,-15.089619040481042
-131.3666697,38.21666743,-28.03688431,-26.732966265876303,-1.303918044123698
-127.750003,43.2333342,-20.91385841,-14.262698604942596,-6.651159805057404
-122.9666695,51.16666769,72.93379974,53.3565360231943,19.577263716805696
-121.2166695,50.11666767,58.03029251,42.89729824228312,15.132994267716882
-127.2833363,42.76666752,-4.9652071,-1.0264997285095883,-3.9387073714904117
-127.9833363,53.03333439,4.667884827,-5.557302955475914,10.225187782475913
-119.5833361,40.31666747,36.55329895,2.607288961205918,33.94600998879408
-119.0000028,53.50000107,111.3086014,43.388879591710705,67.9197218082893
-123.3166695,53.85000108,6.31110096,-1.716030892097949,8.027131852097948
-128.9166696,42.06666751,-10.81724834,-6.805879774819158,-4.011368565180843
-127.2833363,39.73333413,-31.13619804,-38.81575530964108,7.6795572696410765
-129.6166697,40.90000082,0.304046154,8.471287238183375,-8.167241084183376
-130.7833363,46.03333425,-20.29474258,-7.410428268993909,-12.884314311006092
-132.0666697,39.8500008,-34.84447098,-40.641403445193525,5.796932465193528
-120.0500028,43.81666754,-4.749933243,14.751727043108465,-19.501660286108464
-131.3666697,45.56666758,6.586431503,-7.609050544511776,14.195482047511776
-133.0000031,39.03333411,-12.07454109,-19.949335407321808,7.874794317321808
-125.4166696,42.53333418,-47.52090073,-54.67173702255707,7.1508362925570665
-123.0833362,41.36666749,40.7580719,32.76894964514394,7.989122254856056
-128.5666696,41.36666749,-6.346977234,-2.171898986161848,-4.175078247838152
-128.5666696,50.11666767,-99.99042511,-82.52976741922467,-17.460657690775335
-127.2833363,40.08333413,-73.60464478,-74.60081260605128,0.996167826051277
-121.8000028,47.55000095,-54.89044952,-47.783090392064565,-7.107359127935432
-125.3000029,40.43333414,-18.06230736,-36.768813713413465,18.706506353413467
-121.1000028,53.50000107,50.12571335,26.834157448136718,23.29155590186328
-123.2000029,52.45000105,-15.41603661,0.04338872360540235,-15.459425333605402
-123.0833362,48.95000098,-72.72714996,-41.03888855960844,-31.688261400391568
-132.0666697,48.36666763,-5.052467346,-10.572965313998825,5.520497967998825
-132.7666697,51.05000102,-1.007831335,-2.73696063444698,1.72912929944698
-127.750003,38.45000077,-31.74370193,-28.686415591203588,-3.0572863387964127
-131.1333364,49.41666765,-6.001981735,-8.032867788460262,2.0308860534602617
-126.2333363,53.03333439,15.79137707,5.2642643593216825,10.527112710678317
-129.500003,52.68333439,-0.898105204,1.1514476251909773,-2.0495528291909775
-122.1500028,39.50000079,-21.54648018,-26.82173588986863,5.275255709868631
-125.1833362,39.03333411,-8.222147942,-19.141061093692883,10.918913151692884
-121.5666695,46.26666759,88.59783936,45.702434119676745,42.89540524032325
-131.950003,44.05000088,-15.0511179,-16.90257082879426,1.8514529287942612
-127.750003,41.83333417,-2.236811399,1.5179722397334643,-3.754783638733464
-127.2833363,47.43333428,-2.360379696,-12.75935617134286,10.39897647534286
-124.2500029,48.36666763,-1.088563442,-34.89307852787585,33.80451508587585
-128.100003,40.78333415,32.22595978,25.407557580359235,6.8184021996407616
-131.4833364,48.4833343,-11.02119064,-11.841249371995575,0.8200587319955748
-126.4666696,39.15000078,-8.656072617,-14.569011395281509,5.912938778281509
-126.0000029,41.48333416,2.058809519,0.23806881306877054,1.8207407059312295
-119.5833361,46.15000092,-2.076239586,-22.2453380133607,20.1690984273607
-125.5333362,39.03333411,-12.9205389,-13.211638710862324,0.29109981086232395
-132.7666697,49.53333432,73.99081421,41.50915764583927,32.48165656416073
-121.9166695,45.91666758,7.872261047,5.955594525821761,1.9166665211782394
-125.0666696,41.7166675,-9.904735565,-31.608321769430894,21.703586204430895
-122.0333362,43.35000087,54.02876282,39.95677801263986,14.071984807360138
-122.8500029,48.4833343,-50.48516464,-26.50876666078933,-23.97639797921067
-127.2833363,48.36666763,-33.34124374,-19.25457228591176,-14.086671454088243
-129.850003,49.88333433,0.891401529,-1.5261792236148444,2.4175807526148443
-120.7500028,43.35000087,7.674548149,10.057917093681235,-2.3833689446812354
-131.4833364,47.78333429,2.50832653,6.248377740840042,-3.740051210840042
-124.2500029,42.88333419,38.66975784,24.920371418913714,13.749386421086289
-124.3666696,41.95000084,-38.55887985,-27.157885208603094,-11.400994641396903
-131.950003,52.10000104,-66.15261841,-37.0574252056338,-29.095193204366204
-126.0000029,52.68333439,44.20182419,47.293892411938394,-3.0920682219383906
-129.6166697,52.80000106,19.19106865,1.5356125783090953,17.655456071690903
-121.1000028,50.81666768,-14.20157433,-20.73138096597387,6.52980663597387
-132.0666697,44.28333422,-14.33529282,-15.747186615124955,1.4118937951249553
-124.4833362,50.11666767,9.236505508,9.579611198923939,-0.34310569092393806
-122.0333362,42.18333418,4.278812408,7.307662585415955,-3.028850177415955
-132.300003,44.63333423,-17.95233345,-15.570882049013047,-2.381451400986954
-130.3166697,42.41666751,-7.294271469,-9.362488430020706,2.068216961020706
-120.8666695,41.7166675,4.030675888,21.870476697894286,-17.839800809894285
-125.4166696,38.10000076,-13.0173893,-21.773878588436727,8.756489288436727
-123.4333362,44.51666756,30.54724312,28.162866589947665,2.384376530052336
-122.9666695,41.25000082,129.2080536,108.24817596939161,20.95987763060839
-131.250003,51.8666677,-71.44812012,-42.18043582162045,-29.26768429837955
-119.4666695,52.21666771,78.86868286,11.884235209925325,66.98444765007469
-131.0166697,48.4833343,-2.896926165,-10.020315172110038,7.123389007110038
-130.3166697,51.28333436,-40.30976486,-13.883024364016629,-26.426740495983374
-119.8166695,48.01666763,-21.60954094,-6.910484561283986,-14.699056378716012
-122.7333362,43.46666754,0.68818301,2.2003927995943067,-1.5122097895943067
-130.0833363,50.11666767,26.73298454,4.010589539124454,22.722395000875547
-119.1166694,43.11666753,0.170713156,5.600228399275477,-5.429515243275477
-123.9000029,40.43333414,-42.98061371,-6.226943731096523,-36.753669978903474
-131.4833364,46.50000093,-9.880260468,-4.653076641903121,-5.227183826096878
-122.2666695,41.01666749,-3.909749269,8.727330599417186,-12.637079868417187
-121.6833362,43.2333342,21.4533329,30.67602417836506,-9.222691278365062
-123.2000029,41.01666749,85.28292847,56.485422748139065,28.797505721860936
-128.3333363,39.96666747,-55.46148682,-51.049672579704634,-4.411814240295364
-126.9333363,51.28333436,71.60743713,22.128080648308078,49.479356481691916
-124.9500029,38.3333341,-22.13398552,-24.8355639462733,2.7015784262733007
-126.3500029,43.35000087,4.052937508,-5.627835425699132,9.680772933699131
-131.3666697,39.26666745,-24.7369957,-16.732220808784213,-8.004774891215789
-122.6166695,50.46666768,-21.94880867,-20.26620892947517,-1.6825997405248287
-128.9166696,46.73333427,-8.707416534,-7.2811699572729305,-1.4262465767270696
-125.0666696,39.26666745,-8.703718185,-23.070188387970312,14.366470202970312
-129.850003,47.66666762,-7.746519089,-8.913820562386919,1.1673014733869183
-127.750003,50.46666768,19.13147354,36.32592732837196,-17.19445378837196
-130.550003,40.08333413,-62.57101822,-65.20087362856628,2.6298554085662857
-122.8500029,42.53333418,-44.43566895,-11.303729740356692,-33.131939209643306
-121.5666695,42.18333418,10.27960873,1.6685120852796422,8.611096644720357
-126.4666696,38.45000077,-26.32499504,-23.919682127846905,-2.4053129121530965
-131.950003,49.53333432,-14.36782837,-7.980374180056754,-6.387454189943246
-125.5333362,41.36666749,-20.922575,-29.121039551473473,8.198464551473474
-120.0500028,42.06666751,32.74620056,14.172266329428476,18.573934230571524
-131.250003,51.5166677,-7.321101189,-19.01189245597592,11.690791266975921
-121.1000028,52.33333438,19.55710602,9.27804394834857,10.27906207165143
-123.3166695,43.2333342,10.24447155,31.73479079530119,-21.49031924530119
-123.7833362,53.50000107,2.533555508,-4.358862376805363,6.892417884805363
-128.3333363,38.80000078,-4.062911987,-13.745870001921494,9.682958014921494
-123.5500029,41.7166675,36.37110901,10.420029901502632,25.951079108497368
-119.3500028,50.35000101,-40.12907028,-20.75044243474491,-19.37862784525509
-126.9333363,40.55000081,2.36981535,-2.3376695429510006,4.707484892951001
-119.3500028,40.43333414,9.464454651,4.7213218304231725,4.743132820576828
-126.9333363,53.61666774,44.1335144,38.75066964708222,5.382844752917784
-126.2333363,42.06666751,-0.783796489,2.260139227102328,-3.043935716102328
-127.4000029,39.50000079,-19.07156944,-17.134365175427902,-1.9372042645720988
-132.1833364,50.70000101,2.640191078,-6.88818661810221,9.52837769610221
-119.8166695,50.000001,38.36306,13.005277141700416,25.35778285829958
-129.850003,42.88333419,-14.71570587,-12.078148380987349,-2.637557489012652
-128.2166696,48.95000098,-16.00354195,-21.23935122663601,5.235809276636012
-122.3833362,52.45000105,-43.71874237,-15.159577733070543,-28.55916463692946
-126.8166696,49.06666765,-20.99003792,-17.350317346242385,-3.6397205737576144
-132.8833364,49.41666765,-8.007335663,-8.068001112525826,0.06066544952582653
-131.8333364,38.68333411,-5.576030731,-15.879139943153577,10.303109212153576
-131.1333364,52.91666772,0.876970291,8.00904294426455,-7.13207265326455
-119.9333361,53.73333441,42.70002365,13.335072975804978,29.364950674195022
-132.7666697,48.60000097,-8.11073494,-7.87657231920791,-0.23416262079209016
-126.0000029,42.65000085,31.94498444,7.424110675110293,24.520873764889707
-129.9666697,46.26666759,-1.490359426,5.574572594664369,-7.064932020664369
-121.4500028,43.00000086,10.22459602,16.184965097066726,-5.960369077066726
-122.3833362,40.2000008,-79.47846985,-60.717385722999566,-18.76108412700043
-119.1166694,38.56666744,80.81166077,5.112979256776959,75.69868151322305
-123.2000029,40.43333414,19.4682312,15.086881781123678,4.381349418876324
-124.6000029,41.95000084,-43.84473801,-35.12507329872387,-8.719664711276131
-128.100003,46.15000092,-8.956904411,-7.426409679933574,-1.530494731066426
-132.7666697,52.45000105,-50.03816605,-57.9594469413704,7.921280891370401
-128.3333363,41.13333416,-9.889809608,-5.43805058355479,-4.45175902444521
-131.250003,38.45000077,-32.53299332,-29.514262963296506,-3.0187303567034967
-122.7333362,51.8666677,-19.93862915,-1.3371284053700405,-18.60150074462996
-120.0500028,39.8500008,-16.56185532,15.851879266280141,-32.41373458628014
-128.9166696,52.80000106,25.24116135,7.553423191327336,17.687738158672662
-127.8666696,38.68333411,-15.47320747,-19.766071494340263,4.292864024340263
-129.6166697,40.78333415,-3.72460103,2.8627504301229028,-6.587351460122903
-120.4000028,41.25000082,-18.8246479,17.17201612116974,-35.996664021169735
-129.0333363,43.93333421,-11.70735645,-1.3212592475269114,-10.386097202473088
-121.9166695,42.18333418,7.86083889,7.307662585415955,0.5531763045840448
-132.1833364,41.36666749,-2.543756008,-8.568668694265755,6.024912686265755
-130.4333363,39.8500008,-36.04023743,-41.20948682420434,5.169249394204343
-130.900003,48.25000096,-2.882771492,-6.474107124069619,3.591335632069619
-123.9000029,52.56666772,6.261958122,19.06778960674681,-12.805831484746811
-125.8833363,38.91666744,-22.95885468,-17.24818974521425,-5.7106649347857505
-120.7500028,50.58333434,43.01483536,20.394064522710178,22.62077083728982
-128.9166696,42.53333418,-11.4995966,-8.295536711856037,-3.204059888143963
-123.0833362,48.01666763,4.503158569,7.853396724159076,-3.350238155159076
-123.0833362,39.8500008,-6.872554779,30.509775097969452,-37.38232987696945
-123.4333362,47.43333428,65.62934875,37.06034784070769,28.569000909292313
-119.5833361,52.68333439,27.05370331,30.358840945145193,-3.3051376351451935
-130.200003,50.35000101,-15.29864883,-7.4972586795543785,-7.801390150445621
-119.2333361,47.43333428,-31.02991676,-20.262821979441018,-10.767094780558981
-121.9166695,52.80000106,11.93868542,2.83848342644844,9.100201993551561
-120.1666695,43.00000086,0.257149577,9.176845084785349,-8.919695507785349
-122.9666695,41.60000083,11.65077591,14.45486503264708,-2.8040891226470794
-129.850003,51.16666769,-36.21550369,-43.08062942997465,6.865125739974651
-132.5333364,38.10000076,-22.64574242,-23.27464715319035,0.6289047331903497
-133.0000031,52.56666772,-40.88366699,-59.81192197708773,18.928254987087726
-121.4500028,38.3333341,-23.86359406,-34.128901007804444,10.265306947804444
-132.7666697,51.28333436,-3.274175882,-9.017742072913595,5.7435661909135955
-126.5833363,43.70000087,-6.77387619,-9.982584966999536,3.2087087769995355
-119.1166694,49.06666765,4.03469944,21.720765667231255,-17.686066227231255
-126.5833363,49.65000099,3.464241982,-8.025966779118075,11.490208761118076
-124.3666696,43.11666753,3.345391035,4.247680258255204,-0.9022892232552038
-129.2666697,44.63333423,14.80809784,4.136676127610444,10.671421712389556
-122.3833362,48.95000098,-58.57330704,-53.597768683767356,-4.975538356232647
-127.8666696,41.25000082,22.38606834,17.812482716837618,4.5735856231623835
-124.4833362,41.95000084,-34.26507187,-27.463069451548936,-6.802002418451064
-120.5166695,51.28333436,6.108498573,-6.891514497774587,13.000013070774587
-122.9666695,44.05000088,-36.86870193,-17.19328113059601,-19.67542079940399
-130.3166697,42.30000085,-8.138502121,-8.553718402609425,0.4152162816094247
-125.5333362,46.73333427,-22.18597412,-34.27329022767198,12.087316107671978
-130.550003,41.83333417,-1.380375147,-9.940473274198618,8.560098127198618
-120.7500028,46.15000092,34.10859299,16.418077298231395,17.690515691768603
-124.2500029,50.81666768,99.3074646,69.5615274396374,29.7459371603626
-123.2000029,43.00000086,-21.15139198,17.355465838238334,-38.50685781823833
-128.2166696,45.1000009,-9.322394371,-7.528719797383335,-1.7936745736166646
-122.0333362,48.71666764,9.910768509,22.14498223289673,-12.23421372389673
-125.7666696,45.21666757,-41.08465576,-33.17620170746058,-7.908454052539419
-131.7166697,39.61666746,-28.0347805,-28.689993221977886,0.655212721977886
-129.7333363,40.08333413,-67.15039825,-67.66521533467453,0.514817084674533
-125.3000029,42.53333418,-72.56218719,-71.26358667176565,-1.2986005182343519
-132.8833364,41.25000082,-5.59367466,-7.07053367219775,1.4768590121977505
-123.5500029,43.70000087,27.2873745,32.87103380828587,-5.583659308285874
-120.2833361,47.55000095,-6.702971458,-3.8277997392122187,-2.8751717187877817
-124.3666696,44.86666756,-37.29090118,-27.33304917987019,-9.957852000129808
-121.3333362,42.18333418,3.304210901,-0.295668665099706,3.599879566099706
-129.3833363,51.8666677,-18.96627426,-2.4858240856268914,-16.480450174373107
-131.1333364,49.18333432,22.05587769,3.6736428321495813,18.382234857850417
-126.0000029,52.80000106,6.186638832,4.228632270783281,1.9580065612167186
-130.7833363,47.66666762,-9.931077003,-8.175550448234404,-1.7555265547655967
-126.1166696,39.03333411,-22.58015442,-15.410217951305993,-7.169936468694006
-128.6833363,46.03333425,4.143548965,-2.4549999855451436,6.598548950545144
-123.6666695,38.21666743,-47.15146255,-40.073497236328386,-7.077965313671612
-123.3166695,45.33333424,59.3894043,42.69697211147021,16.692432188529793
-124.6000029,38.3333341,-28.91245079,-39.948352376626076,11.035901586626075
-122.5000028,43.00000086,34.08839417,9.373711074884447,24.714683095115554
-119.8166695,44.98333423,28.9624157,16.033594340046292,12.928821359953709
-124.8333362,38.3333341,-26.31678009,-24.8355639462733,-1.4812161437267015
-123.0833362,41.25000082,53.75439453,101.6398545160854,-47.88545998608541
-127.0500029,46.85000094,-6.077028275,-13.28718399667559,7.210155721675591
-130.3166697,47.31666761,-4.560660362,-7.273679840864318,2.713019478864318
-130.4333363,53.03333439,-23.84692955,-3.167488141338537,-20.67944140866146
-131.8333364,47.66666762,-8.830096245,-10.240624226320296,1.4105279813202962
-130.0833363,39.03333411,-19.01104546,-18.053525081640814,-0.9575203783591846
-123.5500029,43.46666754,31.47122765,16.956552292252812,14.514675357747187
-130.0833363,44.98333423,4.759366035,-2.3009732315893157,7.060339266589316
-127.5166696,43.70000087,1.015149832,-5.483233107025761,6.4983829390257615
-129.500003,38.68333411,-8.504837036,-15.738850447780965,7.234013411780966
-131.7166697,39.50000079,-28.50390625,-22.78780667360809,-5.716099576391908
-125.3000029,37.98333409,-20.19120026,-21.483735084181223,1.2925348241812245
-122.8500029,39.03333411,8.355085373,23.791703432841047,-15.436618059841047
-131.1333364,39.26666745,-28.3484478,-19.8922277362065,-8.456220063793499
-120.9833362,43.70000087,18.63326263,30.887954570822853,-12.254691940822852
-119.8166695,50.81666768,2.48483181,-16.54512581569318,19.02995762569318
-124.1333362,52.10000104,-8.85872364,-10.968914350123143,2.1101907101231436
-126.4666696,43.00000086,8.670521736,-2.8654720026275373,11.535993738627537
-123.6666695,40.31666747,-26.242733,-9.11536630548521,-17.12736669451479
-130.550003,52.33333438,-11.07804108,1.3588101797114374,-12.436851259711437
-125.4166696,44.51666756,-78.24858093,-60.67400956983747,-17.57457136016253
-127.1666696,43.93333421,-10.95041943,-15.913568175400062,4.963148745400062
-127.0500029,41.7166675,3.671670675,16.351227430097424,-12.679556755097424
-124.1333362,39.15000078,-10.73001766,-16.16056503201241,5.430547372012411
-120.9833362,47.08333427,89.39627838,20.270898096306492,69.1253802836935
-131.8333364,53.96666775,3.353800535,9.92696582635013,-6.573165291350131
-123.5500029,42.06666751,30.235672,18.861717822310688,11.373954177689313
-123.3166695,49.30000099,-73.45388794,-44.561980247087035,-28.891907692912966
-130.6666697,43.70000087,-20.2242794,-16.475284827232628,-3.748994572767373
-128.5666696,38.3333341,-25.27563667,-26.968121907409984,1.6924852374099828
-131.8333364,49.41666765,-13.02841187,-14.614853365210257,1.5864414952102575
-122.8500029,52.33333438,28.63199615,2.7901289208520783,25.841867229147923
-123.2000029,53.61666774,-12.46389294,-13.696701023158507,1.232808083158508
-120.7500028,53.61666774,-93.85523987,12.681401892881512,-106.53664176288152
-131.1333364,44.98333423,0.253110409,-7.6215711472116014,7.874681556211601
-132.6500031,47.43333428,-5.454886436,-8.435566853893853,2.9806804178938533
-121.6833362,51.8666677,-12.83037758,-10.73298578482635,-2.0973917951736496
-124.8333362,39.96666747,-21.83878517,-20.385698332756647,-1.4530868372433545
-128.6833363,41.36666749,0.030952185,-2.9759890066618513,3.006941191661851
-127.8666696,52.45000105,-21.56122017,-3.891042063293642,-17.670178106706356
-122.5000028,50.000001,-24.64341164,-64.90897546942148,40.26556382942148
-125.7666696,41.01666749,-14.42914391,-17.44638304227489,3.017239132274888
-125.1833362,50.23333434,-25.44615936,-11.769385113089022,-13.676774246910977
-125.3000029,39.26666745,5.377828598,-20.50168832214469,25.87951692014469
-131.950003,48.95000098,-13.5236578,-14.159124392235041,0.6354665922350407
-131.950003,39.26666745,-21.50647354,-23.0909857179328,1.5845121779327975
-130.6666697,38.21666743,-26.94977379,-26.732966265876303,-0.21680752412369486
-120.7500028,47.31666761,37.8850708,17.938707222413996,19.946363577586006
-128.3333363,51.05000102,-4.544678688,-11.287891801768899,6.743213113768898
-125.3000029,48.1333343,-40.71779251,-34.58982040906386,-6.127972100936141
-125.6500029,47.90000096,-13.12848568,-26.236619931011095,13.108134251011094
-122.7333362,47.08333427,-40.44444656,-24.894490397508694,-15.54995616249131
-127.1666696,41.7166675,-40.77075958,-28.30808620820899,-12.462673371791013
-125.0666696,53.03333439,-1.717095017,-4.057183410378194,2.3400883933781937
-124.2500029,46.15000092,-51.68361282,-29.80094030488961,-21.88267251511039
-123.6666695,47.66666762,23.00316811,41.66710494374899,-18.663936833748988
-132.8833364,43.93333421,-13.44908047,-16.406637748511944,2.9575572785119437
-125.1833362,46.73333427,-15.31137371,-32.949318550336685,17.637944840336687
-120.6333361,40.31666747,54.62891388,21.723330729698244,32.90558315030175
-125.4166696,52.45000105,-14.69141579,-5.031048072929062,-9.660367717070939
-129.0333363,49.30000099,-5.709085464,-10.93951942893001,5.23043396493001
-133.0000031,43.93333421,-16.89554024,-16.406637748511944,-0.4889024914880551
-125.7666696,38.68333411,-21.12522125,-20.113783773267304,-1.011437476732695
-125.7666696,43.70000087,-37.55083084,-38.37548597168717,0.824655131687166
-124.8333362,44.75000089,-26.95210838,-17.641477888952036,-9.310630491047963
-120.1666695,49.41666765,0.220930874,29.24734345162687,-29.02641257762687
-127.6333363,52.10000104,-6.345078468,-12.234178499551822,5.8891000315518225
-130.7833363,44.28333422,-15.4568491,-14.257670638623923,-1.1991784613760768
-131.950003,47.08333427,-11.23237038,-13.041092582089203,1.8087222020892018
-124.1333362,38.80000078,-70.51945496,-56.181666333909455,-14.33778862609055
-121.6833362,38.10000076,-56.135952,-36.60416399821709,-19.531788001782914
-128.800003,41.48333416,-1.447274446,-3.818260843611161,2.370986397611161
-121.4500028,48.95000098,34.04881668,32.87682659600447,1.1719900839955315
-119.3500028,44.16666755,34.88064575,14.222840797965743,20.657804952034255
-131.600003,47.90000096,-12.53854561,-13.755164256733737,1.2166186467337372
-123.2000029,53.73333441,-5.862470627,-12.055515818003341,6.193045191003341
-122.6166695,47.20000094,-53.49921417,-44.59406384210294,-8.905150327897061
-125.0666696,47.08333427,-42.65477371,-37.35127215741376,-5.303501552586241
-120.9833362,38.3333341,-32.21297073,-21.33352511022816,-10.879445619771843
-131.4833364,40.78333415,-0.331709087,-5.018921251787072,4.687212164787072
-126.9333363,47.90000096,-16.36145401,-13.436276655902379,-2.9251773540976203
-127.4000029,50.46666768,42.68314743,20.870456942364317,21.81269048763568
-120.4000028,49.76666766,44.19837189,3.783557701031488,40.414814188968506
-131.7166697,45.1000009,-26.10318184,-18.459199260993348,-7.643982579006654
-121.3333362,39.73333413,-19.66558075,5.962027093124058,-25.627607843124057
-120.0500028,42.76666752,18.20910645,-0.9289694952197224,19.13807594521972
-125.1833362,47.31666761,-40.3149147,-34.382069855653725,-5.932844844346278
-124.6000029,39.26666745,-62.37537766,-52.71116737764224,-9.664210282357757
-128.5666696,43.5833342,-30.99915314,-15.235202764620189,-15.763950375379812
-129.6166697,47.20000094,-11.84327221,-7.964540502948931,-3.8787317070510694
-123.2000029,46.26666759,90.11354065,24.52599174277913,65.58754890722088
-127.750003,48.25000096,-8.437375069,-12.311937084746834,3.874562015746834
-121.9166695,45.21666757,41.95172501,14.631010690314202,27.320714319685795
-126.2333363,42.65000085,24.7304306,9.05365646284208,15.676774137157919
-129.500003,53.03333439,21.05230713,-3.017277250755453,24.06958438075545
-130.7833363,45.45000091,-5.026252747,-4.894239493004506,-0.13201325399549368
-125.8833363,45.33333424,-30.06754494,-27.88240197832966,-2.1851429616703406
-132.1833364,49.76666766,-23.13652992,-13.34526986643544,-9.79126005356456
-120.2833361,48.60000097,-13.75083447,20.380338753800594,-34.131173223800594
-119.0000028,40.2000008,-18.10324478,-1.9994688225718091,-16.10377595742819
-121.2166695,49.30000099,31.38098907,56.62700286050584,-25.24601379050584
-120.2833361,39.8500008,19.09947777,21.23406950852245,-2.134591738522449
-119.2333361,39.8500008,15.45901203,-1.2306925229169918,16.689704552916993
-119.2333361,40.31666747,-10.79231453,8.300016489989202,-19.092331019989203
-131.0166697,52.91666772,-11.92780685,6.549736187327981,-18.47754303732798
-123.5500029,43.11666753,1.774384022,25.053752107834693,-23.279368085834694
-122.1500028,40.43333414,-42.73810959,-50.39332471073698,7.655215120736976
-127.0500029,44.98333423,-4.487448692,-10.340582260940257,5.853133568940257
-132.0666697,45.68333425,28.82302094,21.830024856330663,6.992996083669336
-125.6500029,44.40000089,-50.47618866,-45.609182045470774,-4.867006614529224
-127.8666696,41.95000084,-6.117225647,-2.7377455116451657,-3.379480135354834
-131.950003,53.03333439,73.37460327,54.486906006535385,18.88769726346461
-123.0833362,42.06666751,-12.88928795,12.088769897971602,-24.978057847971602
-124.1333362,42.53333418,10.089674,16.893603795333792,-6.803929795333792
-128.9166696,52.45000105,-5.577283859,-1.4014316737666639,-4.175852185233335
-131.4833364,53.03333439,7.216635704,21.517112270548502,-14.300476566548502
-124.3666696,39.38333412,-32.48579788,-34.956459875885486,2.470661995885486
-129.9666697,50.000001,5.453375816,-2.819300009589309,8.27267582558931
-132.7666697,47.08333427,-6.284099579,-11.922881966113309,5.6387823871133085
-120.6333361,50.000001,22.91428947,6.990703460223991,15.92358600977601
-130.3166697,40.55000081,-7.988143921,-8.053441652771836,0.06529773177183618
-128.450003,53.26666773,28.37588692,5.739312343873788,22.63657457612621
-125.0666696,44.40000089,-21.13992119,-29.844846458326064,8.704925268326065
-126.7000029,42.06666751,-29.58508301,-13.333855247807758,-16.251227762192244
-126.9333363,49.53333432,-21.28866959,-9.538328681169736,-11.750340908830266
-130.550003,45.1000009,-4.759646416,-0.6689021834189055,-4.090744232581095
-129.3833363,43.93333421,-14.89236641,-16.755716157954428,1.8633497479544285
-123.9000029,41.60000083,20.8861618,2.3558975571851435,18.530264242814855
-132.4166697,47.31666761,-5.089216232,-11.15333129579533,6.064115063795329
-119.5833361,49.88333433,-49.43314743,-20.40432553158508,-29.028821898414918
-120.2833361,38.80000078,42.25470734,63.50931680212793,-21.254609462127924
-131.7166697,42.76666752,-10.23209763,-13.675810095001443,3.4437124650014432
-120.0500028,50.11666767,9.490478516,1.0154575910099093,8.47502092499009
-120.4000028,51.28333436,45.4829483,-4.340661091768076,49.82360939176807
-126.4666696,43.5833342,-7.955524445,-10.475068302497036,2.5195438574970357
-129.150003,48.25000096,-0.395187914,-3.5043853286575137,3.1091974146575136
-126.2333363,50.46666768,-13.55005646,-5.712531508352277,-7.8375249516477234
-127.9833363,48.01666763,1.128637314,-7.019180173570227,8.147817487570228
-123.5500029,38.10000076,-1.033197403,-9.099218702858524,8.066021299858523
-121.6833362,40.08333413,32.91491699,-0.3546724785850952,33.269589468585096
-124.4833362,47.66666762,-47.48587036,-42.06776893808118,-5.41810142191882
-119.5833361,41.13333416,-0.731650829,16.60397795276511,-17.33562878176511
-129.6166697,44.28333422,-21.06422806,-6.423017413879203,-14.641210646120799
-130.4333363,46.38333426,15.03022289,20.582956125615507,-5.5527332356155075
-124.1333362,45.80000092,-17.83519745,-22.147320735560807,4.3121232855608085
-120.1666695,51.05000102,-42.02354431,0.6557894355118474,-42.67933374551185
-130.4333363,38.45000077,-36.48865891,-29.26190019361989,-7.2267587163801075
-130.7833363,52.91666772,-9.880067825,7.5916128242041205,-17.47168064920412
-121.4500028,38.10000076,-27.62668228,-36.39214973608684,8.765467456086842
-121.6833362,40.43333414,48.88565445,32.46734461477079,16.41830983522921
-119.9333361,49.06666765,107.8591309,31.889137111235435,75.96999378876455
-133.0000031,38.10000076,-24.82463837,-23.27464715319035,-1.549991216809648
-126.8166696,39.50000079,-18.57367706,-18.244728629449718,-0.3289484305502839
-126.5833363,51.28333436,-9.274461746,25.384762004778878,-34.65922375077888
-119.2333361,44.75000089,28.07225418,10.033376615009129,18.038877564990873
-121.3333362,51.05000102,-7.364936829,-9.057401070906934,1.6924642419069338
-119.5833361,45.91666758,-46.10183334,-24.923664082329882,-21.178169257670117
-121.3333362,53.50000107,29.28823662,0.8184960842592769,28.469740535740723
-126.5833363,52.33333438,-34.82558823,36.8377403587844,-71.6633285887844
-131.7166697,44.75000089,-31.92663193,-19.983111776150437,-11.943520153849562
-126.9333363,39.96666747,-53.88762283,-57.33081381309284,3.4431909830928404
-122.1500028,38.68333411,4.539646149,1.8262244981309754,2.7134216508690248
-123.4333362,43.35000087,5.699777603,16.64997305250095,-10.95019544950095
-131.600003,38.91666744,-9.616794586,-15.879139943153577,6.262345357153578
-127.750003,49.76666766,-54.56048584,-25.054999406765074,-29.505486433234925
-130.200003,39.38333412,-17.45602226,-19.135250185706514,1.6792279257065132
-126.0000029,49.30000099,4.869605064,-5.409011172494291,10.27861623649429
-129.850003,39.03333411,-17.14520264,-18.053525081640814,0.9083224416408129
-124.7166696,42.53333418,-13.24837017,-31.750533682900983,18.502163512900985
-123.3166695,40.78333415,-2.679311752,-3.82150810438327,1.1421963523832703
-123.3166695,41.25000082,-22.63881111,3.3345225154455203,-25.97333362544552
-128.9166696,45.45000091,-4.933279991,-6.3887620596277,1.4554820686277
-123.7833362,45.21666757,79.25766754,80.3606982008388,-1.1030306608387974
-127.4000029,42.30000085,1.82895112,1.9671544610265896,-0.1382033410265897
-124.9500029,51.5166677,33.58180618,68.84115943124769,-35.25935325124769
-123.2000029,47.31666761,-1.68147862,-10.474966037411392,8.793487417411392
-120.5166695,50.93333435,63.95619583,-3.251959741180643,67.20815557118064
-123.4333362,49.41666765,-49.98095322,-43.94671833386069,-6.034234886139316
-119.8166695,45.33333424,-5.955641747,-10.29052071762004,4.334878970620041
-130.900003,43.81666754,-11.7550602,-15.915112635477302,4.160052435477301
-128.450003,47.90000096,-8.135784149,-6.92017439032651,-1.215609758673489
-129.150003,41.48333416,10.69921112,-3.2143311742764915,13.91354229427649
-125.6500029,48.4833343,-35.54913712,-27.34639667941931,-8.202740440580687
-123.6666695,40.78333415,62.92406464,54.842667222799236,8.081397417200762
-125.3000029,43.5833342,-61.52505875,-54.40921707229753,-7.11584167770247
-121.6833362,38.80000078,-10.56395626,-28.168791410397382,17.604835150397385
-130.0833363,48.60000097,-16.29579544,-10.213690909171675,-6.082104530828325
-126.5833363,44.16666755,-4.130432129,-9.044853493842004,4.914421364842004
-120.2833361,45.56666758,-39.10675049,-25.804248757244945,-13.302501732755058
-121.1000028,52.45000105,-4.75688839,-3.2211801809081235,-1.5357082090918768
-122.1500028,47.55000095,-88.16159821,-54.08155947275115,-34.08003873724884
-131.3666697,47.43333428,5.814652443,-3.5724001472423894,9.387052590242389
-120.8666695,41.25000082,15.47517586,39.62966599227332,-24.154490132273317
-129.7333363,50.46666768,-39.2351799,-23.561738895782323,-15.673441004217675
-122.6166695,52.33333438,-7.37009716,-3.0179063027648754,-4.352190857235125
-119.4666695,39.73333413,80.42041016,8.92170639510997,71.49870376489004
-128.100003,41.13333416,-6.474712372,-1.82896300931196,-4.64574936268804
-120.8666695,43.00000086,55.79287338,24.523083554224336,31.269789825775668
-132.7666697,39.73333413,-39.64544678,-35.19388813765757,-4.451558642342434
-132.1833364,42.76666752,-9.664381981,-13.635975206624396,3.971593225624396
-120.4000028,46.85000094,-19.43986511,10.903106420313577,-30.342971530313577
-119.2333361,52.80000106,-126.5549622,-4.307967725296295,-122.24699447470371
-124.8333362,50.70000101,-72.19455719,-14.426651659650682,-57.76790553034932
-127.8666696,40.78333415,15.44325352,13.332368189759105,2.1108853302408956
-130.3166697,50.35000101,-10.96632195,-3.419966141598092,-7.546355808401907
-122.5000028,47.55000095,-74.51695251,-76.2206815589921,1.703729048992102
-120.4000028,38.45000077,32.42659378,30.88651058983191,1.5400831901680867
-119.1166694,43.2333342,-10.15595055,5.9854843040725845,-16.141434854072585
-120.9833362,46.03333425,25.24237251,17.70339003155977,7.538982478440229
-123.3166695,47.31666761,34.20394135,37.228894203159136,-3.024952853159135
-120.8666695,38.3333341,-40.96763611,-18.683722251884802,-22.2839138581152
-119.5833361,46.96666761,-21.61424637,-17.409320692363746,-4.204925677636254
-119.3500028,46.50000093,-44.76821136,-23.435719332464974,-21.33249202753503
-130.6666697,50.93333435,-9.926109314,-14.237576882385962,4.311467568385963
-120.5166695,42.06666751,-9.622282028,17.511691787998874,-27.133973815998875
-120.6333361,48.1333343,56.99952698,26.65511746930623,30.34440951069377
-124.3666696,41.25000082,-35.24225998,-31.622672294075468,-3.6195876859245324
-132.6500031,43.2333342,-13.86117363,-15.781014529121641,1.9198408991216418
-124.8333362,48.71666764,24.79003716,12.512292485549235,12.277744674450766
-126.9333363,41.13333416,3.338123083,-0.6893133995408485,4.027436482540849
-121.9166695,53.96666775,-24.63486862,-17.539276574716748,-7.095592045283251
-130.0833363,52.68333439,-15.1148634,-6.716415945582054,-8.398447454417948
-122.7333362,50.70000101,14.47085571,80.36758068818347,-65.89672497818347
-132.6500031,40.2000008,-14.81169128,-27.89864765174858,13.08695637174858
-125.6500029,45.1000009,-50.84019852,-40.19276061724746,-10.647437902752543
-127.750003,45.21666757,-17.7951622,-7.783830121085589,-10.01133207891441
-128.450003,47.20000094,-7.858017921,-8.260829892395876,0.40281197139587555
-129.7333363,51.98333437,-8.626011848,-0.1398289053519068,-8.486182942648092
-131.8333364,43.70000087,-17.06817627,-18.48024774110905,1.4120714711090514
-130.7833363,39.03333411,-17.05557632,-12.513262266349495,-4.542314053650506
-127.1666696,51.28333436,3.839384794,2.187174250630892,1.6522105433691077
-121.6833362,45.1000009,43.35151291,23.552855900151172,19.798657009848824
-122.2666695,47.20000094,-54.57656479,-45.0529598577935,-9.523604932206496
-119.4666695,48.1333343,-12.15614414,-29.043496954777947,16.887352814777948
-121.1000028,42.88333419,2.25565815,13.08566471149772,-10.83000656149772
-126.4666696,48.01666763,-26.8261261,-19.888001119602187,-6.938124980397813
-119.0000028,48.36666763,26.81487083,-8.414602891263057,35.229473721263055
-119.3500028,43.5833342,7.602619171,7.065380272805973,0.537238898194027
-123.2000029,46.96666761,73.10184479,39.29200221029024,33.80984257970976
-127.6333363,42.76666752,-5.445053101,0.08764268604366222,-5.532695787043663
-119.8166695,51.75000103,72.82735443,1.8953473145054172,70.93200711549459
-122.9666695,44.86666756,-16.52178383,-11.243275815085125,-5.278508014914875
-129.500003,52.56666772,5.248605728,2.900069546598522,2.3485361814014785
-123.2000029,38.68333411,34.81150818,25.870613252035596,8.9408949279644
-130.7833363,50.58333434,18.80345917,-28.15803801593303,46.96149718593303
-119.0000028,48.25000096,-28.57172203,-25.126934871996458,-3.4447871580035425
-129.7333363,51.28333436,-0.349095821,-2.6843649803750735,2.3352691593750734
-128.450003,45.45000091,-3.432048321,-7.384629090022512,3.9525807690225125
-127.5166696,47.43333428,-6.975014687,-11.688692780868388,4.713678093868388
-123.9000029,44.98333423,68.79184723,45.981324255848726,22.810522974151276
-130.3166697,43.46666754,-4.809873581,-12.373653348989402,7.563779767989402
-128.6833363,48.71666764,-31.13194656,-19.844286356537445,-11.287660203462554
-127.6333363,51.28333436,-8.71284008,-0.7058411552000663,-8.006998924799934
-131.8333364,40.08333413,-46.93097687,-39.74677831693526,-7.184198553064739
-127.750003,49.06666765,-41.72858047,-25.889991968792877,-15.83858850120712
-126.3500029,51.8666677,-47.15184402,41.70647661804387,-88.85832063804386
-125.7666696,47.66666762,-11.19380093,-18.155256794118994,6.961455864118994
-123.0833362,43.70000087,8.123077393,-10.32320377762224,18.446281170622242
-128.9166696,42.18333418,-7.156285286,-7.615942246742184,0.45965696074218343
-124.0166695,52.10000104,-13.69253731,-5.463566445206924,-8.228970864793077
-127.750003,51.75000103,22.72831917,7.096363779565491,15.63195539043451
-124.9500029,43.00000086,-23.13052368,-29.69844135877644,6.567917678776439
-121.6833362,49.06666765,-8.799419403,-26.487570541086413,17.68815113808641
-131.250003,39.15000078,-26.63200188,-19.046895442644065,-7.585106437355936
-121.5666695,42.41666751,27.76687622,6.606795006655384,21.16008121334462
-120.2833361,50.35000101,-15.77292156,0.6011371143596913,-16.37405867435969
-123.2000029,40.2000008,12.25658131,14.280278668124012,-2.0236973581240125
-121.3333362,40.2000008,82.35614777,67.22265444569115,15.133493324308859
-123.0833362,39.50000079,69.24456787,53.83237953381598,15.412188336184016
-128.800003,39.26666745,-4.222752571,-11.371572483753194,7.148819912753194
-129.9666697,52.91666772,-9.197372437,-5.920824445935667,-3.2765479910643336
-120.8666695,52.80000106,-22.93404198,25.533331143894205,-48.467373123894205
-127.750003,39.38333412,-13.2434454,-13.089614230144223,-0.15383116985577772
-126.8166696,49.41666765,-20.66646957,-10.256293269102693,-10.410176300897307
-131.1333364,45.68333425,2.185187817,-4.229642235252825,6.414830052252825
-131.7166697,40.78333415,-3.75631094,-5.018921251787072,1.2626103117870717
-131.600003,43.00000086,-16.66200447,-14.973879319461,-1.6881251505389994
-122.9666695,39.15000078,22.63056946,26.88537289395173,-4.254803433951729
-128.9166696,40.78333415,4.604438782,6.633500549211634,-2.0290617672116342
-128.2166696,41.60000083,-12.82624531,-6.5171097062017616,-6.309135603798238
-125.7666696,47.20000094,-8.023657799,-19.773335548192325,11.749677749192324
-127.8666696,45.33333424,-15.89342976,-8.013661074683867,-7.879768685316133
-130.900003,50.93333435,-33.55132294,-15.795869691324642,-17.75545324867536
-121.6833362,38.21666743,-52.59380341,-33.709934944426394,-18.883868465573606
-127.1666696,41.36666749,33.86950684,14.031116065946284,19.838390774053714
-129.2666697,40.43333414,3.549859047,8.696665378166385,-5.146806331166385
-131.7166697,43.5833342,-11.27724648,-17.863021683457045,6.585775203457045
-129.850003,52.68333439,-5.822490692,-5.08733686762454,-0.7351538243754598
-128.800003,46.26666759,-1.11747694,-6.670797004532454,5.553320064532453
-119.5833361,47.66666762,-1.698852062,-20.966116712367015,19.267264650367014
-120.8666695,47.90000096,24.80624962,54.13073457502658,-29.32448495502658
-125.7666696,50.58333434,-12.01568985,8.071186450299447,-20.086876300299444
-126.5833363,53.26666773,-13.73725319,-0.8687934410760227,-12.868459748923978
-119.7000028,41.25000082,19.34727859,13.500483595385324,5.846794994614674
-132.8833364,51.40000103,-7.513120651,-7.9070037416335195,0.3938830906335191
-125.1833362,43.81666754,-41.77584457,-35.705860425702376,-6.069984144297621
-128.800003,45.91666758,-5.480074883,-7.373540342880003,1.8934654598800025
-125.5333362,51.05000102,-71.00792694,-26.333084194159543,-44.674842745840465
-127.0500029,53.85000108,11.0953846,11.460910493214366,-0.36552589321436635
-122.0333362,52.56666772,-15.43816853,-2.1480164369230432,-13.290152093076957
-124.2500029,37.98333409,-42.79533768,-57.916238492186885,15.120900812186882
-119.0000028,43.46666754,-19.61800575,-1.290399054467955,-18.327606695532044
-131.8333364,43.5833342,-15.98277378,-17.863021683457045,1.880247903457045
-129.150003,42.88333419,-9.836846352,-10.179686477772101,0.342840125772101
-125.7666696,44.51666756,-44.71881485,-37.867521127376385,-6.851293722623616
-125.1833362,46.15000092,-25.80123901,-33.87814625816768,8.076907248167682
-121.5666695,52.33333438,-12.34647846,-10.73298578482635,-1.6134926751736494
-119.9333361,49.18333432,12.50329304,15.459773568994775,-2.956480528994774
-129.0333363,53.85000108,1.946444511,16.97387240631483,-15.02742789531483
-123.0833362,44.63333423,-12.97371292,-3.8023092874238658,-9.171403632576135
-130.6666697,38.91666744,-15.63327217,-16.540066145682545,0.9067939756825449
-123.7833362,53.26666773,-10.78552818,-11.105056819019454,0.3195286390194543
-124.3666696,42.41666751,6.826672554,6.5575414346738174,0.2691311193261825
-125.1833362,43.35000087,-51.93394852,-45.11996437639201,-6.813984143607989
-122.7333362,48.83333431,-87.40485382,-47.778635857124534,-39.626217962875465
-122.8500029,42.88333419,-6.398444176,-7.068248756871276,0.6698045808712765
-129.500003,46.85000094,-3.753267527,-7.475358757716216,3.7220912307162157
-126.4666696,42.88333419,13.27876091,-1.2084093147912727,14.487170224791274
-125.0666696,49.88333433,-43.61037064,-32.909557588230975,-10.700813051769025
-133.0000031,42.53333418,-10.88207626,-12.870004149212015,1.9879278892120151
-130.550003,39.50000079,-25.73194695,-22.535443903931476,-3.196503046068525
-131.3666697,53.96666775,-7.928880692,-5.733685262874608,-2.195195429125392
-120.9833362,40.43333414,55.57162476,48.08190235417922,7.489722405820778
-120.5166695,49.18333432,18.14746284,31.21471510008085,-13.06725226008085
-126.9333363,52.45000105,24.53701401,-23.349483421646912,47.886497431646916
-132.1833364,39.15000078,-16.03986359,-15.717097785916513,-0.32276580408348643
-126.7000029,45.68333425,-6.033478737,-10.523628332341595,4.490149595341594
-121.4500028,45.91666758,-3.949847937,10.762952007757852,-14.712799944757851
-128.6833363,39.26666745,-4.387516975,-11.420736652091389,7.033219677091389
-127.750003,43.46666754,-7.355760574,-4.75692282138114,-2.5988377526188593
-124.1333362,44.51666756,-35.02441406,-8.084665213687915,-26.939748846312085
-127.4000029,48.25000096,-13.43838787,-16.411285907167397,2.972898037167397
-127.9833363,38.80000078,-2.21111393,-12.566097972324812,10.354984042324812
-129.2666697,44.51666756,-5.291996002,-5.166575935564319,-0.12542006643568104
-130.3166697,47.78333429,-16.50808334,-8.72050005538368,-7.7875832846163195
-124.8333362,53.26666773,-13.72577858,-4.057183410378194,-9.668595169621806
-127.6333363,51.8666677,2.032277584,7.935576697581393,-5.903299113581393
-129.850003,43.81666754,-17.52615929,-16.142556661258816,-1.3836026287411833
-132.4166697,40.31666747,5.574839592,-10.59443085277432,16.16927044477432
-131.950003,40.31666747,-6.569666862,-8.852656959922637,2.282990097922637
-127.9833363,40.31666747,-12.7374115,-23.466639462005705,10.729227962005705
-130.900003,40.43333414,9.287711143,0.28012745840214,9.00758368459786
-122.5000028,51.28333436,49.47467804,43.078180730246466,6.396497309753535
-131.8333364,51.5166677,-12.02695656,-11.991082031567753,-0.03587452843224703
-121.8000028,39.96666747,-8.259540558,-11.1962043525983,2.936663794598301
-128.3333363,44.86666756,-4.694993973,-7.756215022995287,3.0612210499952868
-119.1166694,41.01666749,-31.2743721,4.961136772430122,-36.235508872430124
-131.950003,50.58333434,-1.944604516,-8.25380871367687,6.30920419767687
-129.500003,46.03333425,-6.425348282,-3.67389121390575,-2.75145706809425
-122.1500028,42.41666751,28.08016586,12.212749284544865,15.867416575455136
-122.3833362,51.16666769,74.25570679,57.64048611514231,16.615220674857696
-128.100003,41.7166675,-7.295795441,-6.9488696062492945,-0.3469258347507056
-127.9833363,46.6166676,-10.9025135,-8.517015509813463,-2.3854979901865363
-122.7333362,53.26666773,-10.32945251,-5.532790311525781,-4.796662198474219
-119.2333361,39.96666747,20.23330116,4.8335386815261785,15.399762478473821
-128.2166696,51.28333436,-1.381511688,2.8150617708597925,-4.196573458859793
-121.2166695,42.41666751,9.271988869,24.27755011387261,-15.005561244872611
-119.2333361,42.06666751,24.62643242,13.781174977118969,10.845257442881032
-129.9666697,43.00000086,-10.78527069,-13.36571295328495,2.580442263284949
-122.3833362,40.31666747,-80.34477234,-58.36879592088707,-21.97597641911294
-128.9166696,48.36666763,2.990579128,-2.983340517180887,5.973919645180887
-120.6333361,53.61666774,-80.53650665,10.840422307427847,-91.37692895742785
-124.1333362,39.8500008,9.25835228,-21.336320248880295,30.594672528880295
-122.3833362,44.86666756,19.77963066,19.14417835736672,0.6354523026332792
-123.5500029,46.03333425,50.72217178,65.57435313961537,-14.852181359615372
-133.0000031,50.11666767,-1.2063905,-8.367494014380151,7.161103514380152
-126.3500029,41.13333416,0.074742794,-5.396103278138267,5.470846072138267
-131.8333364,50.23333434,-5.538600922,-12.054450241627906,6.515849319627907
-120.1666695,40.43333414,26.39907455,14.022381206484793,12.376693343515209
-119.3500028,52.80000106,-57.34102631,3.476292096271872,-60.817318406271866
-121.6833362,47.20000094,-30.18142128,8.05706176198531,-38.238483041985305
-127.6333363,53.15000106,-29.87912369,-2.5759816806303686,-27.30314200936963
-120.6333361,44.98333423,28.2918129,16.584632270121197,11.707180629878803
-120.4000028,44.86666756,-27.0484333,-6.4128546685904215,-20.63557863140958
-120.4000028,44.98333423,6.108687401,15.29488948125714,-9.18620208025714
-126.7000029,51.28333436,41.58561707,7.881993277018512,33.70362379298149
-119.2333361,50.93333435,-66.74155426,-32.4852593797299,-34.256294880270104
-126.7000029,41.48333416,-9.084424973,-8.163532480654876,-0.9208924923451249
-126.9333363,42.41666751,-25.60212898,-19.800067014664286,-5.802061965335714
-129.850003,40.08333413,-68.6120224,-66.22458900479822,-2.387433395201782
-120.9833362,51.28333436,-5.284823418,-9.230551696201593,3.9457282782015923
-119.0000028,38.10000076,-9.704936981,32.908706522966085,-42.61364350396609
-122.5000028,51.05000102,95.50017548,53.55419737675977,41.94597810324023
-127.4000029,38.80000078,-8.90926075,-14.927771752481023,6.0185110024810236
-121.9166695,45.80000092,-17.49759293,-15.997737422658208,-1.4998555073417918
-126.0000029,43.5833342,-20.271595,-21.923239815594947,1.6516448155949455
-125.7666696,39.26666745,-8.309886932,-10.244656814176631,1.9347698821766315
-126.1166696,50.11666767,63.26888275,60.339573705416576,2.9293090445834267
-120.8666695,48.71666764,27.11853027,30.94305437405155,-3.824524104051548
-119.0000028,48.4833343,8.999689102,-9.853734657225884,18.853423759225883
-132.8833364,53.3833344,39.72655487,42.03398649054521,-2.3074316205452092
-122.2666695,48.36666763,-56.19857025,-20.97390773956988,-35.22466251043012
-131.3666697,51.5166677,-5.565220833,-21.401034153149403,15.835813320149404
-125.5333362,48.60000097,-48.11798096,-32.88141261780392,-15.23656834219608
-129.2666697,40.55000081,18.47380447,5.708184665398141,12.76561980460186
-123.7833362,40.66666748,10.03833485,1.5517596689738473,8.486575181026152
-121.4500028,51.75000103,-19.09356308,-9.352192584902207,-9.741370495097792
-122.5000028,39.61666746,-49.34660721,-19.380440642963485,-29.966166567036517
-129.0333363,45.1000009,-6.514573097,-7.75705969467416,1.2424865976741595
-128.100003,46.6166676,-9.574526787,-8.758489120799196,-0.8160376662008044
-130.7833363,44.75000089,-1.981889844,-7.639660868466128,5.657771024466127
-128.450003,53.15000106,-4.518404007,-2.4149408637537886,-2.1034631432462114
-130.4333363,42.65000085,-10.9434166,-9.058245209366186,-1.8851713906338148
-130.550003,48.1333343,-8.062829018,-6.955154455868262,-1.1076745621317388
-127.8666696,47.20000094,-9.101373672,-8.234283463462004,-0.867090208537995
-123.0833362,52.56666772,8.335149765,6.464367281777648,1.870782483222353
-120.1666695,50.000001,9.450746536,5.183429732057399,4.2673168039426015
-121.9166695,40.31666747,-6.417881012,-26.259843919619453,19.841962907619454
-132.5333364,46.26666759,-3.362900734,-11.993484378268429,8.630583644268429
-120.7500028,53.50000107,13.85056973,8.103071121944208,5.747498608055793
-121.2166695,50.81666768,-33.53402328,-11.532250054649637,-22.001773225350362
-124.6000029,50.81666768,-3.438245058,-11.491325629430477,8.053080571430478
-132.6500031,46.26666759,-12.19418621,-12.174983638962146,-0.01920257103785339
-132.5333364,43.70000087,-21.23270035,-16.10141022738096,-5.131290122619038
-122.1500028,39.38333412,-31.38668251,-32.784068732669866,1.3973862226698657
-127.5166696,38.21666743,-23.92045593,-25.566752122397546,1.6462961923975463
-127.5166696,38.3333341,-28.0784893,-28.331244836136815,0.2527555361368137
-124.0166695,43.81666754,18.92989159,22.631999177883568,-3.7021075878835674
-120.6333361,38.68333411,1.891153574,17.15923361353153,-15.26808003953153
-130.550003,52.10000104,2.377879143,-2.1728488735130527,4.550728016513053
-128.2166696,50.23333434,-65.53285217,-63.45816065984511,-2.074691510154885
-120.9833362,41.25000082,11.37925243,41.57848770592343,-30.199235275923428
-126.7000029,40.78333415,-3.505469322,-0.3302966179526892,-3.175172704047311
-127.2833363,44.40000089,-5.531148911,-10.397538769493014,4.866389858493014
-128.3333363,43.93333421,3.142726421,-6.002885537675922,9.145611958675921
-123.3166695,46.73333427,60.61984634,50.966738256424776,9.653108083575226
-126.3500029,45.21666757,-12.29716015,-15.716075744601088,3.4189155946010885
-120.8666695,39.96666747,20.66363335,28.02306448348049,-7.359431133480488
-126.0000029,50.93333435,26.78597069,22.746153731853806,4.039816958146194
-127.0500029,47.90000096,-12.8199358,-15.614660602983271,2.7947248029832714
-127.1666696,52.68333439,24.8441391,30.87680572493952,-6.0326666249395196
-121.2166695,44.28333422,-23.12544441,-5.793377388379604,-17.332067021620396
-125.0666696,38.10000076,-17.19641685,-23.46538641682601,6.268969566826012
-122.9666695,43.81666754,-13.40678406,-13.296219880293103,-0.11056417970689658
-126.1166696,47.78333429,-11.17702675,-12.498159223475156,1.3211324734751564
-132.0666697,53.73333441,-4.361656189,8.17035614099314,-12.53201232999314
-121.2166695,40.08333413,13.77756786,19.992935456012624,-6.215367596012625
-123.9000029,50.70000101,23.69189453,-9.333653066581968,33.025547596581966
-125.6500029,52.33333438,-23.72055435,25.273034256955548,-48.99358860695555
-123.2000029,52.10000104,-17.93450546,-4.806266714046351,-13.128238745953649
-119.2333361,49.65000099,13.5632019,-20.048153942011012,33.61135584201101
-127.750003,44.28333422,-4.27717495,-6.52705191370469,2.24987696370469
-123.0833362,41.7166675,16.73287582,57.53728089914202,-40.804405079142015
-124.7166696,38.91666744,-41.87927628,-37.813250241666196,-4.066026038333803
-129.850003,40.43333414,24.87385368,15.897437458857267,8.976416221142733
-124.3666696,40.31666747,7.13534832,-17.79369847587022,24.92904679587022
-120.9833362,51.8666677,-25.13879395,-11.021628812458113,-14.117165137541887
-131.1333364,51.28333436,-24.69805336,-15.437318945757026,-9.260734414242974
-129.500003,51.8666677,-15.75665092,-2.4858240856268914,-13.270826834373109
-131.4833364,39.73333413,-37.84163666,-34.46297868322809,-3.378657976771912
-121.8000028,50.93333435,-10.13177013,11.830561955698458,-21.962332085698456
-130.0833363,40.08333413,-70.19335938,-66.22458900479822,-3.9687703752017853
-124.2500029,39.96666747,-9.348905563,-22.04701595098035,12.698110387980348
-120.9833362,43.93333421,-9.529028893,10.27171176264552,-19.80074065564552
-129.500003,51.98333437,-7.04331398,-2.4858240856268914,-4.557489894373108
-119.7000028,51.16666769,12.68361759,4.328188609309896,8.355428980690105
-124.4833362,48.4833343,11.9817524,-37.40445174294645,49.38620414294645
-129.7333363,44.63333423,-13.30481815,-8.752242060099613,-4.552576089900386
-131.0166697,50.46666768,-8.247244835,-11.93946279317935,3.6922179581793504
-121.4500028,48.36666763,-0.112411737,0.6292501183481832,-0.7416618553481832
-120.5166695,43.2333342,-2.4308846,10.12812008875533,-12.55900468875533
-130.6666697,39.8500008,-39.93670654,-42.35688899239882,2.4201824523988194
-132.7666697,44.86666756,-17.11811638,-14.78353500337527,-2.3345813766247296
-123.7833362,41.83333417,28.45665741,18.954171619305377,9.502485790694621
-121.5666695,46.96666761,51.24207687,65.75579926654885,-14.51372239654885
-125.6500029,52.68333439,47.63099289,35.06620850664518,12.56478438335482
-131.8333364,43.46666754,-14.96377659,-16.27190760890265,1.3081310189026514
-123.4333362,45.56666758,123.804039,89.1772248757414,34.6268141242586
-123.5500029,50.81666768,28.59913635,20.11771008455367,8.481426265446327
-120.0500028,53.3833344,36.3614006,11.049129310514987,25.312271289485018
-125.3000029,40.90000082,-41.81918716,-44.40723283013592,2.5880456701359194
-128.450003,48.95000098,-19.92098999,-16.790668749534774,-3.130321240465225
-127.6333363,38.3333341,-22.6177845,-28.113580512930607,5.495796012930608
-121.2166695,41.25000082,-12.83888817,2.854600890048628,-15.693489060048629
-120.4000028,43.46666754,23.83449745,12.215163964293255,11.619333485706745
-121.9166695,52.91666772,13.19926643,5.225413211849689,7.97385321815031
-120.9833362,48.95000098,3.822347879,27.43303276355223,-23.61068488455223
-123.2000029,49.30000099,-52.55624771,-43.16718011806655,-9.389067591933454
-130.550003,50.70000101,-25.96837997,-8.640338863573131,-17.32804110642687
-126.8166696,41.13333416,-4.287435532,-1.357076323097855,-2.9303592089021446
-122.6166695,51.75000103,17.09715652,-0.10210933470901006,17.199265854709008
-127.1666696,46.38333426,-1.445778489,-12.205746169732501,10.759967680732501
-120.6333361,53.3833344,33.98202515,15.751224675594637,18.230800474405363
-127.750003,46.85000094,-9.472157478,-8.580808194821362,-0.8913492831786378
-120.4000028,41.01666749,41.58506775,18.54556644656987,23.03950130343013
-129.0333363,38.3333341,-27.35065269,-25.591541814719008,-1.7591108752809923
-127.9833363,49.18333432,-39.3867836,-25.889991968792877,-13.496791631207124
-130.3166697,39.73333413,-33.66858673,-34.20456410508634,0.5359773750863397
-119.3500028,53.96666775,12.4151125,48.68650258793019,-36.27139008793019
-122.2666695,41.36666749,96.6696701,74.66701209570122,22.00265800429878
-124.9500029,44.28333422,6.763865471,-24.895165809759167,31.659031280759166
-120.0500028,53.73333441,25.97266579,18.452470778605395,7.5201950113946054
-119.2333361,44.05000088,25.94996452,11.962232091083244,13.987732428916757
-125.6500029,51.8666677,26.84361267,44.95011960578066,-18.106506935780658
-126.0000029,45.80000092,-21.41737175,-23.024768885357457,1.6073971353574557
-131.7166697,52.33333438,-48.18775558,-35.59579917289609,-12.591956407103908
-125.8833363,53.73333441,-4.743019104,2.719356314437,-7.462375418437
-126.4666696,48.4833343,-21.90837669,-23.777461048652057,1.8690843586520565
-124.7166696,38.68333411,-38.91480255,-33.35803349216226,-5.556769057837741
-121.9166695,40.2000008,-20.4726429,-28.853799295487274,8.381156395487274
-128.5666696,44.63333423,-8.669552803,-7.2781201820523265,-1.3914326209476737
-120.5166695,45.68333425,-49.55778503,-11.906808299139245,-37.650976730860755
-131.1333364,45.91666758,-0.725359678,-1.9172989743842461,1.1919392963842461
-128.450003,46.96666761,-5.500654221,-8.761283517848032,3.260629296848032
-126.7000029,46.6166676,-14.86002159,-15.465041847785784,0.6050202577857835
-125.6500029,53.3833344,-0.076185316,-8.220050732740686,8.143865416740686
-125.8833363,46.6166676,-36.51337433,-27.782739977338796,-8.730634352661202
-123.2000029,48.95000098,-73.49385834,-38.66307026358989,-34.830788076410116
-129.2666697,50.81666768,56.71403885,18.98601015515661,37.72802869484339
-129.150003,39.03333411,-13.78930569,-18.053525081640814,4.264219391640813
-126.3500029,47.66666762,-25.49860764,-22.981433024740987,-2.5171746152590124
-127.8666696,45.91666758,-8.122152328,-6.276727770774263,-1.845424557225737
-132.6500031,49.30000099,-4.6755867,-5.181949268869911,0.5063625688699105
-121.3333362,38.80000078,-75.49494171,-48.70192060307826,-26.79302110692175
-119.8166695,40.66666748,-10.74257278,12.77999137902325,-23.52256415902325
-124.6000029,40.2000008,-7.050991058,-20.114985686352522,13.063994628352521
-123.2000029,44.28333422,-1.301459312,5.8617550926145645,-7.163214404614564
-126.3500029,41.36666749,-4.164849281,-2.8946711943535477,-1.2701780866464527
-124.6000029,40.55000081,-16.22645569,-26.853222919416122,10.62676722941612
-120.0500028,40.43333414,53.98828506,4.877355756601681,49.11092930339832
-121.8000028,47.31666761,-18.6736393,-10.753720447361271,-7.91991885263873
-125.5333362,49.65000099,35.30337524,43.461892059955446,-8.158516819955445
-120.7500028,52.56666772,7.84301281,-10.340050574056182,18.183063384056183
-119.5833361,51.8666677,24.83651352,13.563619356913119,11.272894163086882
-122.1500028,51.16666769,-57.65429306,-7.653249077807095,-50.001043982192904
-123.5500029,46.73333427,-7.718680382,36.64198406006522,-44.36066444206522
-119.5833361,44.51666756,-42.82092285,17.675913206781175,-60.49683605678118
-126.2333363,50.81666768,-8.879680634,3.388036596838899,-12.267717230838898
-121.9166695,48.1333343,-44.39914703,-43.02965636708296,-1.3694906629170447
-126.5833363,51.63333437,-17.0915947,2.555184134954069,-19.64677883495407
-120.8666695,40.90000082,26.67690277,17.54433711338619,9.13256565661381
-124.6000029,53.85000108,-29.98332024,-18.096586460158292,-11.886733779841709
-123.2000029,51.98333437,-44.47149658,-15.243376771363677,-29.228119808636322
-129.3833363,40.08333413,-58.84812164,-72.06703452974911,13.218912889749106
-132.4166697,43.11666753,-12.06583691,-16.08624205025263,4.020405140252629
-129.500003,45.80000092,12.88312244,4.115630586288414,8.767491853711586
-128.5666696,44.05000088,11.91261959,-3.4337694600905926,15.346389050090593
-129.500003,50.46666768,-63.82077408,-75.00355229816716,11.182778218167165
-128.2166696,53.50000107,-57.13524628,29.660881891955974,-86.79612817195597
-121.2166695,48.1333343,55.99404144,13.334250911353019,42.65979052864698
-129.150003,52.91666772,13.01994228,5.507132634671298,7.512809645328702
-125.6500029,49.88333433,36.77524948,44.23653082784093,-7.461281347840931
-122.0333362,47.78333429,-89.85129547,-70.10697111264165,-19.74432435735835
-121.1000028,48.4833343,20.21443558,36.061782556143704,-15.847346976143704
-122.7333362,42.88333419,18.90543747,0.18145027019768734,18.723987199802313
-119.0000028,44.98333423,-0.102253094,9.246155219612568,-9.348408313612568
-125.3000029,41.60000083,-43.28316879,-46.605272602455216,3.322103812455218
-131.950003,48.71666764,-7.056521416,-10.643520608358171,3.5869991923581717
-122.6166695,51.05000102,79.09632874,60.83735013291485,18.258978607085155
-133.0000031,48.01666763,-15.99628067,-10.729136802702628,-5.2671438672973725
-124.8333362,45.68333425,-47.88052368,-34.92852408663039,-12.951999593369614
-129.850003,47.90000096,-9.358805656,-7.288075203066012,-2.0707304529339874
-122.8500029,50.81666768,-45.89832306,-8.933417827858772,-36.964905232141234
-121.8000028,43.93333421,39.96518707,47.263669101660795,-7.298482031660797
-124.0166695,41.25000082,-0.631037474,-7.006757463013781,6.375719989013781
-119.1166694,38.21666743,59.17746735,40.74677417981735,18.43069317018265
-131.8333364,53.15000106,75.14815521,75.70852819780082,-0.5603729878008181
-124.3666696,38.68333411,-72.64278412,-65.21803631941711,-7.424747800582892
-120.8666695,50.000001,19.04428864,8.55454665034533,10.489741989654672
-131.8333364,52.10000104,-54.30145264,-40.2929777761794,-14.008474863820602
-121.6833362,42.76666752,4.328392982,7.895447768424972,-3.567054786424972
-122.0333362,50.58333434,17.78982353,11.603059483654928,6.186764046345072
-121.5666695,46.73333427,8.267661095,3.165846440621654,5.101814654378345
-131.3666697,49.18333432,-22.58397675,-15.805883686426311,-6.7780930635736905
-125.8833363,41.25000082,-15.7208128,-11.323480155450909,-4.39733264454909
-119.9333361,47.08333427,-33.09786606,-3.532338860069458,-29.565527199930543
-121.6833362,50.11666767,39.07743073,47.98472961110145,-8.907298881101447
-120.2833361,38.10000076,5.735613823,55.04320482968206,-49.30759100668206
-130.0833363,39.38333412,-18.23756409,-16.820575551846662,-1.416988538153337
-126.1166696,47.08333427,-31.65644455,-23.002276853581073,-8.654167696418927
-125.6500029,51.40000103,-49.52573776,-10.766448972838415,-38.75928878716158
-130.4333363,42.06666751,-7.976427078,-9.070147871095399,1.0937207930953985
-128.100003,46.50000093,-12.77844143,-8.758489120799196,-4.019952309200805
-119.9333361,47.20000094,-28.8651619,-5.415577980008479,-23.44958391999152
-121.8000028,48.25000096,-22.76633263,-24.87411767345131,2.107785043451308
-127.5166696,40.2000008,-85.89051056,-77.65263900260997,-8.237871557390022
-129.0333363,45.91666758,-7.934155464,-6.4053524455128805,-1.5288030184871193
-131.4833364,52.80000106,33.69993591,29.837824909574366,3.862111000425635
-131.3666697,44.51666756,-32.63137817,-19.252144367644046,-13.379233802355952
-124.0166695,50.000001,-15.79265022,-28.020592208000306,12.227941988000305
-126.4666696,48.25000096,-40.74657059,-24.571088096058077,-16.17548249394192
-127.2833363,49.41666765,-33.72193146,-40.23352585391288,6.51159439391288
-131.250003,52.45000105,41.87458801,35.44135109544697,6.433236914553028
-126.5833363,49.30000099,-35.60695267,-11.596389475048335,-24.010563194951665
-120.6333361,47.43333428,25.3840065,24.65906567048526,0.7249408295147433
-126.7000029,53.26666773,7.259951591,-4.473511527088907,11.733463118088906
-128.9166696,39.38333412,-8.436695099,-12.86204221487764,4.42534711587764
-125.5333362,47.90000096,-17.64765167,-28.97334435036898,11.32569268036898
-127.750003,50.23333434,39.96273804,26.318767573883203,13.643970466116794
-129.6166697,39.50000079,-23.46652603,-23.073969642840034,-0.3925563871599671
-119.7000028,53.85000108,6.804495811,29.992741033037802,-23.188245222037803
-127.4000029,42.06666751,-4.198741913,-11.930020344842344,7.731278431842344
-123.9000029,40.55000081,-2.223184824,1.5517596689738473,-3.774944492973847
-129.850003,49.30000099,-4.764017105,-6.009169559462679,1.245152454462679
-120.8666695,43.35000087,-6.321923256,10.057917093681235,-16.379840349681235
-124.6000029,47.66666762,-50.89840698,-39.360195375464066,-11.538211604535931
-126.5833363,44.05000088,-9.091255188,-10.838478901746333,1.7472237137463331
-126.8166696,44.86666756,-8.329044342,-10.597430954998712,2.2683866129987127
-131.8333364,51.16666769,-2.176839828,-10.058431261964152,7.881591433964152
-121.1000028,46.73333427,53.13939667,40.11437727895429,13.02501939104571
-122.1500028,46.96666761,-13.93338871,-2.0410629967525957,-11.892325713247404
-128.100003,50.23333434,12.6164608,-0.5190023863594612,13.13546318635946
-120.5166695,53.3833344,33.0655899,20.61282586493596,12.452764035064039
-120.2833361,38.45000077,52.20114517,63.19725967972871,-10.996114509728713
-125.8833363,50.93333435,0.293133974,57.682244108723275,-57.389110134723275
-129.9666697,53.26666773,30.32818985,8.11660128940674,22.211588560593263
-125.7666696,46.26666759,-28.94210815,-31.712481833020732,2.7703736830207326
-125.7666696,48.4833343,-25.61872864,-23.89476797313446,-1.7239606668655405
-129.150003,45.1000009,-8.559361458,-7.324409092772086,-1.2349523652279135
-132.4166697,37.98333409,-21.9173584,-23.27464715319035,1.3572887531903497
-124.0166695,39.73333413,15.32671738,-14.545045501551261,29.871762881551263
-127.0500029,48.71666764,-39.33305359,-30.725436068894663,-8.607617521105336
-131.600003,53.61666774,-2.884358168,-5.397945068713257,2.5135869007132574
-130.4333363,44.16666755,-2.427654982,-10.439717052335164,8.012062070335164
-120.0500028,52.80000106,56.17003632,24.304480969325354,31.865555350674647
-119.1166694,49.18333432,44.23551941,17.824634542405228,26.410884867594774
-133.0000031,41.95000084,-24.97701073,-15.18485018750182,-9.79216054249818
-125.3000029,53.73333441,-12.50520992,-20.71257532162571,8.20736540162571
-129.150003,48.95000098,-1.22399497,-4.1113098820737735,2.8873149120737738
-121.1000028,51.5166677,-5.758163452,9.001116718166946,-14.759280170166946
-131.250003,51.75000103,-45.89249039,-38.105140192630024,-7.787350197369975
-128.450003,53.50000107,10.0522089,23.396130331893197,-13.343921431893197
-126.1166696,43.11666753,-22.05138397,-16.69749251036007,-5.353891459639929
-126.8166696,42.65000085,-12.2990694,-20.12763938765731,7.8285699876573105
-130.4333363,43.35000087,-8.163412094,-13.583370316759238,5.419958222759238
-130.4333363,43.00000086,-9.515597343,-11.667257021254626,2.1516596782546262
-124.4833362,53.73333441,0.818297505,7.226166191877608,-6.407868686877608
-132.0666697,43.93333421,-13.55515194,-16.088716302994655,2.533564362994655
-125.5333362,43.81666754,-64.04858398,-62.239500823397066,-1.809083156602938
