long,lat,ps_q_test_data,ps_q_predicted,residual
-127.4979167,45.37291667,-2857,-2858.271235465482,1.2712354654818228
-127.43125,45.31458333,-2885,-2880.710717599513,-4.289282400487082
-127.21875,45.21458333,-2881,-2882.738040588413,1.7380405884127867
-127.14375,45.46875,-2862,-2862.52468267007,0.5246826700699785
-127.0979167,45.08958333,-2857,-2855.911244104312,-1.088755895687882
-127.2854167,45.43125,-2880,-2883.5204509054215,3.5204509054215123
-127.4354167,45.13958333,-2997,-2977.959128787389,-19.04087121261091
-127.0770833,45.21041667,-2879,-2873.4529157310308,-5.547084268969229
-127.21875,45.08541667,-2861,-2862.8782023086883,1.8782023086882873
-127.1604167,45.09791667,-2851,-2858.6577869415833,7.657786941583254
-127.4395833,45.13958333,-3001,-2977.6814540201417,-23.3185459798583
-127.3729167,45.26458333,-2930,-2924.847541389199,-5.1524586108012045
-127.08125,45.35625,-2871,-2867.9454109518965,-3.0545890481034803
-127.1104167,45.10625,-2859,-2858.008107055843,-0.9918929441569162
-127.0645833,45.44791667,-2848,-2849.4496632298924,1.4496632298923942
-127.4854167,45.00208333,-2960,-2962.4049927375745,2.404992737574503
-127.2354167,45.35208333,-2888,-2886.5522278445196,-1.4477721554803793
-127.26875,45.33541667,-2894,-2896.1760641096503,2.1760641096502695
-127.4395833,45.47708333,-2830,-2833.665687226149,3.6656872261492026
-127.0395833,45.23125,-2872,-2869.1792584998034,-2.8207415001966183
-127.10625,45.40208333,-2864,-2863.218311436233,-0.7816885637671476
-127.2770833,45.26458333,-2891,-2896.615768537135,5.615768537134954
-127.14375,45.08958333,-2857,-2859.7194470127474,2.7194470127474233
-127.4645833,45.37291667,-2918,-2921.3248323578987,3.3248323578986856
-127.11875,45.08541667,-2860,-2857.2923056110544,-2.7076943889455833
-127.1895833,45.22708333,-2876,-2885.0100604996505,9.010060499650535
-127.3895833,45.35208333,-2879,-2887.6207815559815,8.620781555981466
-127.0145833,45.03958333,-2840,-2839.7954911509864,-0.20450884901356403
-127.20625,45.40625,-2872,-2874.235188703884,2.2351887038839777
-127.2270833,45.31875,-2897,-2897.0769486548397,0.07694865483972535
-127.0395833,45.03125,-2841,-2842.6027535376797,1.602753537679746
-127.0520833,45.01875,-2842,-2845.166691903492,3.1666919034919374
-127.05625,45.20625,-2874,-2871.374628221978,-2.625371778021872
-127.0729167,45.10625,-2857,-2856.655620684719,-0.3443793152810031
-127.2729167,45.07708333,-2881,-2876.7200268540923,-4.279973145907661
-127.2979167,45.16875,-2872,-2873.660884003992,1.6608840039921233
-127.31875,45.13541667,-2865,-2872.546686191852,7.546686191852132
-127.25625,45.14375,-2871,-2870.7271021549936,-0.27289784500635506
-127.1020833,45.40625,-2862,-2862.1850541147423,0.1850541147423428
-127.1479167,45.31875,-2891,-2890.4327927712616,-0.5672072287384253
-127.1895833,45.08958333,-2855,-2857.8910511027902,2.891051102790243
-127.11875,45.10625,-2861,-2858.325893559037,-2.674106440962987
-127.11875,45.36458333,-2872,-2869.1677572767476,-2.8322427232524205
-127.3229167,45.49375,-2868,-2860.516846816418,-7.48315318358209
-127.16875,45.09375,-2851,-2858.6594312941347,7.65943129413472
-127.24375,45.36875,-2887,-2884.7594067976925,-2.2405932023075366
-127.3979167,45.39375,-2898,-2899.8868602500734,1.8868602500733687
-127.28125,45.38541667,-2887,-2888.2399743934434,1.23997439344339
-127.0395833,45.34375,-2872,-2870.3782145236246,-1.6217854763754076
-127.1770833,45.48125,-2863,-2861.6772543976817,-1.322745602318264
-127.1854167,45.49791667,-2843,-2861.6691645528804,18.669164552880375
-127.0770833,45.20625,-2878,-2873.4529157310308,-4.547084268969229
-127.0395833,45.13541667,-2861,-2861.8093141000786,0.809314100078609
-127.2479167,45.07291667,-2877,-2874.859669216995,-2.1403307830050835
-127.2895833,45.21041667,-2877,-2876.118829506569,-0.8811704934310001
-127.3604167,45.27291667,-2935,-2928.726498154594,-6.273501845405917
-127.04375,45.39791667,-2856,-2855.4610718918707,-0.538928108129312
-127.24375,45.07708333,-2875,-2871.891242706704,-3.108757293296094
-127.18125,45.33958333,-2886,-2887.3821406734323,1.3821406734323318
-127.4979167,45.06041667,-2931,-2912.9244864199127,-18.075513580087318
-127.30625,45.28541667,-2913,-2918.641581661106,5.641581661106102
-127.0395833,45.20625,-2871,-2869.281681056525,-1.7183189434749693
-127.3145833,45.15208333,-2885,-2874.4276778677445,-10.572322132255522
-127.4645833,45.18541667,-2978,-2964.7256738550955,-13.274326144904535
-127.0854167,45.11458333,-2859,-2858.296100374953,-0.7038996250471428
-127.1520833,45.31041667,-2895,-2892.464106170333,-2.5358938296672022
-127.06875,45.16875,-2870,-2869.6560274822195,-0.34397251778045757
-127.0770833,45.38958333,-2861,-2861.1202850514096,0.12028505140960988
-127.4145833,45.19791667,-2934,-2936.285526866361,2.285526866361124
-127.4645833,45.15208333,-2893,-2912.435815462974,19.435815462974006
-127.2895833,45.13958333,-2873,-2874.11070642227,1.110706422270141
-127.1145833,45.09375,-2859,-2856.6449163908464,-2.355083609153553
-127.38125,45.11875,-2916,-2913.615467006518,-2.3845329934820256
-127.4729167,45.40625,-2848,-2843.552655601828,-4.447344398171936
-127.31875,45.32708333,-2900,-2898.7294287525256,-1.270571247474436
-127.3729167,45.40208333,-2893,-2894.075840647095,1.0758406470949922
-127.1729167,45.01041667,-2865,-2863.5828343336834,-1.4171656663165777
-127.4104167,45.05208333,-2884,-2879.301747325066,-4.698252674933883
-127.3270833,45.16458333,-2871,-2874.7303923944987,3.730392394498722
-127.05625,45.01875,-2842,-2845.166691903492,3.1666919034919374
-127.15625,45.36458333,-2877,-2876.29112891701,-0.7088710829898446
-127.01875,45.41458333,-2849,-2850.1445166939093,1.1445166939092815
-127.1520833,45.05625,-2854,-2856.77233379544,2.772333795439863
-127.4645833,45.44375,-2834,-2841.577809664093,7.577809664092911
-127.31875,45.13958333,-2867,-2875.9987656808235,8.998765680823453
-127.1395833,45.16041667,-2869,-2869.831732077154,0.8317320771539016
-127.38125,45.24375,-2937,-2932.214377972505,-4.78562202749481
-127.1479167,45.12291667,-2864,-2863.1775682370258,-0.8224317629742472
-127.48125,45.19375,-2912,-2916.0839363901314,4.0839363901313845
-127.23125,45.25208333,-2886,-2890.0051039970385,4.005103997038532
-127.2895833,45.08541667,-2876,-2878.337268443762,2.3372684437617863
-127.1479167,45.43958333,-2865,-2865.3231937877313,0.3231937877312703
-127.1229167,45.14791667,-2867,-2867.4819802209286,0.48198022092856263
-127.44375,45.05625,-2890,-2893.346885104229,3.3468851042289316
-127.3979167,45.28958333,-2888,-2887.8376871940345,-0.16231280596548459
-127.4854167,45.24375,-2896,-2894.5958701353807,-1.4041298646193354
-127.33125,45.18541667,-2880,-2876.7552572977547,-3.2447427022452757
-127.23125,45.05208333,-2868,-2865.787058051054,-2.2129419489460815
-127.36875,45.22708333,-2959,-2935.065099948684,-23.934900051316163
-127.4604167,45.21875,-2982,-2975.1464741584805,-6.853525841519513
-127.1729167,45.10625,-2864,-2860.190043029158,-3.809956970841995
-127.2354167,45.22708333,-2884,-2884.659085346897,0.6590853468969726
-127.4854167,45.20208333,-2903,-2901.7690889832006,-1.2309110167993822
-127.1229167,45.43541667,-2859,-2860.8677998942844,1.867799894284417
-127.3395833,45.08125,-2942,-2948.990760455148,6.99076045514812
-127.1604167,45.20208333,-2882,-2880.269678326846,-1.7303216731538669
-127.0229167,45.17291667,-2864,-2864.2434373905444,0.2434373905443863
-127.1020833,45.48541667,-2854,-2854.881004656972,0.8810046569719816
-127.0895833,45.26041667,-2871,-2876.050969967337,5.050969967337096
-127.1520833,45.23541667,-2879,-2884.0175672306495,5.017567230649547
-127.2729167,45.11875,-2871,-2870.2660959368136,-0.7339040631864009
-127.2895833,45.34791667,-2894,-2892.0080931588145,-1.9919068411854823
-127.18125,45.02708333,-2865,-2864.902378918074,-0.09762108192580854
-127.3395833,45.19375,-2876,-2878.8770417894075,2.8770417894074853
-127.35625,45.22291667,-2897,-2918.002334695234,21.002334695233912
-127.31875,45.22708333,-2880,-2882.831378964841,2.831378964840951
-127.1020833,45.42708333,-2857,-2859.029961618509,2.029961618508878
-127.4645833,45.33125,-2963,-2963.696325990869,0.6963259908688997
-127.10625,45.08541667,-2858,-2856.3597457518863,-1.6402542481137061
-127.2479167,45.15208333,-2870,-2868.8420249084998,-1.1579750915002478
-127.3354167,45.02291667,-2901,-2901.253945380209,0.25394538020918844
-127.2020833,45.48541667,-2847,-2857.6100552698663,10.61005526986628
-127.06875,45.10625,-2857,-2856.259543785355,-0.740456214644837
-127.3229167,45.22291667,-2882,-2881.6995136417427,-0.3004863582573307
-127.19375,45.46875,-2871,-2865.929940825501,-5.070059174498965
-127.3145833,45.01875,-3005,-2982.4223525805996,-22.577647419400364
-127.26875,45.39791667,-2882,-2880.9554355524133,-1.0445644475867084
-127.4479167,45.32291667,-2902,-2897.8121375175724,-4.18786248242759
-127.2645833,45.10625,-2863,-2867.3086514195793,4.3086514195792915
-127.13125,45.20625,-2882,-2880.8264097491365,-1.1735902508635263
-127.36875,45.04375,-2878,-2876.1415855111463,-1.8584144888536684
-127.0104167,45.48958333,-2838,-2840.2537663220814,2.2537663220814466
-127.2020833,45.17708333,-2872,-2873.5566362760856,1.5566362760855554
-127.28125,45.03541667,-2876,-2878.263518931207,2.263518931206818
-127.4854167,45.15208333,-2871,-2871.382939745819,0.38293974581893053
-127.1229167,45.22708333,-2876,-2878.9408210133465,2.940821013346522
-127.2854167,45.45625,-2895,-2895.5542874146904,0.5542874146904069
-127.04375,45.42708333,-2850,-2850.0039471711857,0.003947171185700427
-127.10625,45.16458333,-2870,-2871.8811826424435,1.8811826424434912
-127.0270833,45.24791667,-2867,-2867.4805300696985,0.48053006969848866
-127.2104167,45.21458333,-2881,-2882.7900466823567,1.7900466823566603
-127.1229167,45.47291667,-2859,-2858.910087100087,-0.08991289991308804
-127.2020833,45.06041667,-2863,-2865.387849519708,2.3878495197081975
-127.33125,45.22708333,-2886,-2888.1715055947243,2.1715055947242945
-127.2979167,45.22708333,-2881,-2879.1352809385558,-1.864719061444248
-127.36875,45.28958333,-2914,-2912.1149851279483,-1.88501487205167
-127.1979167,45.41041667,-2873,-2873.5552584849706,0.5552584849706363
-127.1145833,45.13958333,-2866,-2867.4684663126095,1.4684663126095074
-127.2395833,45.35208333,-2888,-2887.1494753507386,-0.8505246492613878
-127.06875,45.11041667,-2857,-2857.3357301142446,0.33573011424459764
-127.4520833,45.20625,-2931,-2941.8648770503773,10.864877050377345
-127.14375,45.41041667,-2868,-2868.054841027332,0.05484102733180407
-127.05625,45.07291667,-2857,-2854.8998696744516,-2.1001303255484345
-127.2770833,45.43958333,-2881,-2882.0905981319197,1.0905981319197053
-127.2604167,45.26875,-2893,-2898.0433840283977,5.043384028397668
-127.0770833,45.06875,-2855,-2854.293124005203,-0.7068759947969738
-127.1270833,45.43958333,-2861,-2860.674003976942,-0.32599602305799635
-127.4770833,45.07708333,-2889,-2888.517636919076,-0.48236308092418767
-127.4395833,45.26875,-2885,-2887.7769439391195,2.776943939119519
-127.3645833,45.46875,-2915,-2901.658636840973,-13.341363159026969
-127.09375,45.37708333,-2862,-2864.45985889698,2.459858896980222
-127.1229167,45.38958333,-2866,-2866.9606052983236,0.9606052983235713
-127.2104167,45.22291667,-2884,-2884.234554497508,0.23455449750781554
-127.1479167,45.13125,-2865,-2864.6109927826506,-0.38900721734944455
-127.34375,45.06875,-3038,-3022.3366134126336,-15.663386587366404
-127.4604167,45.16875,-2977,-2948.1369535356625,-28.863046464337458
-127.0604167,45.10625,-2857,-2856.0217982082168,-0.9782017917832491
-127.03125,45.19791667,-2869,-2868.191881492067,-0.808118507933159
-127.0604167,45.16041667,-2868,-2868.1544970176483,0.15449701764828205
-127.1854167,45.21458333,-2883,-2883.5655526844994,0.5655526844993801
-127.1104167,45.42708333,-2859,-2860.598861291798,1.59886129179813
-127.4979167,45.33125,-2881,-2883.2657590766185,2.265759076618451
-127.1604167,45.39375,-2870,-2870.821315864142,0.8213158641419795
-127.15625,45.08125,-2863,-2860.6580517031803,-2.341948296819737
-127.0979167,45.05208333,-2850,-2848.712020281369,-1.2879797186310498
-127.04375,45.08958333,-2854,-2854.244363140549,0.24436314054901231
-127.2604167,45.41041667,-2878,-2878.6111887828774,0.6111887828774343
-127.2270833,45.40208333,-2875,-2874.4973382038943,-0.5026617961057127
-127.4729167,45.19791667,-2971,-2963.146349454182,-7.8536505458178
-127.2020833,45.33125,-2889,-2889.678218213345,0.6782182133451897
-127.0854167,45.05208333,-2847,-2847.250195909756,0.25019590975580286
-127.10625,45.06875,-2856,-2854.8878655424674,-1.1121344575326475
-127.2520833,45.47291667,-2876,-2882.0688331564393,6.068833156439268
-127.0895833,45.30208333,-2885,-2885.3669773533825,0.36697735338248094
-127.3270833,45.36875,-2888,-2888.552253661631,0.5522536616308571
-127.2854167,45.19791667,-2873,-2873.8090423319145,0.8090423319144975
-127.03125,45.38541667,-2855,-2853.6216861127327,-1.378313887267268
-127.00625,45.01041667,-2846,-2843.301690603494,-2.6983093965059197
-127.0645833,45.40625,-2858,-2857.9326073010147,-0.0673926989852589
-127.01875,45.44791667,-2842,-2843.111665340837,1.1116653408371349
-127.00625,45.48958333,-2837,-2838.9091475184828,1.9091475184827686
-127.41875,45.36458333,-2896,-2897.4631404161873,1.4631404161873434
-127.2520833,45.14791667,-2870,-2869.982578745355,-0.017421254644887085
-127.0979167,45.26458333,-2873,-2877.290931828849,4.290931828848898
-127.25625,45.11041667,-2862,-2867.729733522516,5.729733522516199
-127.2729167,45.45625,-2885,-2891.371689517725,6.371689517724917
-127.3479167,45.21458333,-2882,-2895.5635102632855,13.56351026328548
-127.0604167,45.13125,-2861,-2862.837355043867,1.8373550438668644
-127.4895833,45.41458333,-2840,-2840.7593677575373,0.7593677575373476
-127.0270833,45.08958333,-2853,-2853.103738050983,0.10373805098288358
-127.2854167,45.43541667,-2881,-2883.5204509054215,2.5204509054215123
-127.31875,45.06041667,-2983,-2975.5757203681924,-7.424279631807622
-127.4895833,45.09791667,-2868,-2869.1612516713762,1.1612516713762489
-127.0145833,45.36458333,-2856,-2854.712480678659,-1.2875193213408238
-127.38125,45.39791667,-2894,-2895.8489946844984,1.8489946844983933
-127.05625,45.37708333,-2861,-2859.2252442764416,-1.7747557235584281
-127.38125,45.31875,-2886,-2883.151515706478,-2.8484842935217785
-127.31875,45.30208333,-2926,-2919.816620751604,-6.183379248395795
-127.3395833,45.04791667,-2971,-2981.6078169741995,10.607816974199523
-127.0145833,45.24791667,-2866,-2866.1298966048666,0.12989660486664434
-127.18125,45.27291667,-2891,-2890.698264090462,-0.30173590953791063
-127.3729167,45.12291667,-2886,-2894.433350717721,8.433350717721169
-127.2354167,45.33125,-2892,-2891.708161778266,-0.29183822173399676
-127.13125,45.28958333,-2888,-2889.8170165654114,1.8170165654114498
-127.0645833,45.38958333,-2859,-2859.169038705973,0.1690387059729801
-127.2729167,45.08958333,-2870,-2869.9035856534883,-0.09641434651166492
-127.26875,45.36458333,-2890,-2887.7744038363344,-2.225596163665614
-127.48125,45.48958333,-2837,-2836.7142541307403,-0.28574586925969925
-127.2645833,45.28125,-2903,-2906.311810380063,3.3118103800629797
-127.0104167,45.16875,-2864,-2863.1657494916417,-0.8342505083583092
-127.1229167,45.45208333,-2860,-2860.5189728750593,0.5189728750592622
-127.3479167,45.39791667,-2886,-2890.6387766457733,4.638776645773305
-127.0270833,45.41875,-2849,-2849.458751940465,0.4587519404649356
-127.35625,45.47708333,-2907,-2887.2422279207613,-19.757772079238748
-127.3770833,45.25208333,-2932,-2929.224607595038,-2.7753924049620764
-127.1395833,45.35208333,-2879,-2880.0058604954497,1.0058604954497241
-127.4395833,45.42291667,-2850,-2862.930987025068,12.930987025068134
-127.13125,45.03541667,-2855,-2853.1765995331075,-1.8234004668925081
-127.1520833,45.29375,-2897,-2893.502821919408,-3.497178080592221
-127.0479167,45.45208333,-2845,-2846.4924785452686,1.4924785452685683
-127.43125,45.10625,-2888,-2895.3332586872893,7.333258687289344
-127.01875,45.39375,-2852,-2851.770542166106,-0.2294578338937754
-127.1645833,45.03125,-2862,-2862.111964526596,0.11196452659578426
-127.05625,45.13958333,-2863,-2864.657146858207,1.6571468582069429
-127.0854167,45.15208333,-2865,-2867.7997621070217,2.7997621070217065
-127.1104167,45.48958333,-2857,-2856.652427070663,-0.3475729293368204
-127.36875,45.49375,-2840,-2838.3503492821555,-1.6496507178444517
-127.44375,45.48541667,-2833,-2831.8838191607433,-1.1161808392566854
-127.1979167,45.11458333,-2866,-2862.615436641697,-3.3845633583027848
-127.1770833,45.22291667,-2876,-2884.001373873626,8.001373873626108
-127.4020833,45.20625,-2948,-2941.2698179857966,-6.730182014203365
-127.2395833,45.33541667,-2892,-2891.3102664563576,-0.6897335436424328
-127.18125,45.43958333,-2869,-2868.2513896017817,-0.7486103982182613
-127.1979167,45.14791667,-2869,-2868.2290611544795,-0.7709388455205044
-127.1354167,45.19791667,-2881,-2879.047258563269,-1.9527414367307756
-127.43125,45.21875,-2891,-2897.6973533908476,6.697353390847638
-127.15625,45.38958333,-2871,-2870.594325863799,-0.40567413620101433
-127.46875,45.10208333,-2869,-2870.2702207768634,1.2702207768634253
-127.2395833,45.06458333,-2875,-2874.962870225092,-0.037129774907953106
-127.0854167,45.46458333,-2851,-2852.784249254486,1.7842492544859851
-127.20625,45.33125,-2889,-2889.678218213345,0.6782182133451897
-127.2854167,45.48958333,-2903,-2894.4703475452893,-8.529652454710686
-127.1270833,45.33541667,-2879,-2884.2093833442686,5.209383344268645
-127.21875,45.48541667,-2853,-2854.720144178652,1.7201441786519354
-127.3104167,45.13541667,-2865,-2872.533214393932,7.533214393932212
-127.3104167,45.49791667,-2853,-2864.59928503143,11.5992850314301
-127.3145833,45.26041667,-2903,-2904.5719813796513,1.5719813796513336
-127.3104167,45.30208333,-2928,-2919.7331783345753,-8.266821665424686
-127.31875,45.20208333,-2874,-2873.5605543796687,-0.4394456203312984
-127.21875,45.30208333,-2896,-2900.9468758696307,4.9468758696307304
-127.0229167,45.13125,-2860,-2859.162029996362,-0.83797000363802
-127.4395833,45.25625,-2885,-2890.1094609327065,5.109460932706497
-127.3645833,45.23958333,-2952,-2929.9914557459574,-22.00854425404259
-127.36875,45.33125,-2890,-2889.0728834923393,-0.9271165076606849
-127.48125,45.26875,-2908,-2907.5952475100175,-0.4047524899824566
-127.3520833,45.07708333,-3029,-2991.5657560760606,-37.43424392393945
-127.4770833,45.43958333,-2835,-2834.2881079556646,-0.7118920443354
-127.2145833,45.46458333,-2866,-2868.515087528227,2.5150875282270135
-127.0979167,45.13125,-2863,-2863.9362283271957,0.9362283271957494
-127.2854167,45.39791667,-2884,-2883.8279852245932,-0.17201477540675114
-127.0645833,45.47708333,-2847,-2847.7073670338564,0.7073670338563716
-127.44375,45.18958333,-2926,-2921.3086400987136,-4.691359901286432
-127.35625,45.41458333,-2896,-2896.7040965266565,0.7040965266564854
-127.49375,45.09791667,-2868,-2869.251039232786,1.2510392327858426
-127.30625,45.26041667,-2905,-2896.4032350148377,-8.596764985162281
-127.2604167,45.40208333,-2879,-2879.4707920785513,0.47079207855131244
-127.2104167,45.47291667,-2879,-2865.4283514464732,-13.571648553526757
-127.1770833,45.28958333,-2901,-2898.1771660240724,-2.8228339759275514
-127.1104167,45.38958333,-2865,-2864.99038519299,-0.00961480701016626
-127.29375,45.33958333,-2897,-2896.205476726589,-0.7945232734109595
-127.3854167,45.18541667,-2927,-2932.381251227702,5.381251227701796
-127.26875,45.31458333,-2907,-2908.8474362996894,1.8474362996894342
-127.4770833,45.39375,-2851,-2861.122155139545,10.122155139545157
-127.2645833,45.37291667,-2887,-2887.0624327329288,0.062432732928755286
-127.2354167,45.21041667,-2881,-2881.593316355942,0.5933163559420791
-127.2354167,45.13958333,-2869,-2868.411437665834,-0.5885623341659993
-127.1520833,45.34375,-2884,-2884.380818141183,0.38081814118322654
-127.3020833,45.08958333,-2876,-2872.226696303509,-3.7733036964909843
-127.4895833,45.06041667,-2919,-2911.3307119479723,-7.669288052027696
-127.4604167,45.45625,-2833,-2834.161398569109,1.161398569109224
-127.29375,45.40625,-2883,-2882.395697562752,-0.6043024372479522
-127.3395833,45.22291667,-2882,-2894.622085787546,12.622085787545984
-127.40625,45.42291667,-2935,-2911.9165071123066,-23.08349288769341
-127.3354167,45.10208333,-2879,-2881.367264065083,2.3672640650829635
-127.3145833,45.22291667,-2879,-2880.4893116219832,1.4893116219832336
-127.31875,45.24791667,-2892,-2896.191118604182,4.191118604182066
-127.05625,45.49791667,-2847,-2846.137407301769,-0.8625926982308556
-127.31875,45.43958333,-2890,-2895.385872405915,5.385872405915052
-127.1729167,45.45208333,-2866,-2867.277395111716,1.2773951117160323
-127.06875,45.09375,-2856,-2854.8717731220368,-1.1282268779632432
-127.16875,45.38541667,-2875,-2872.2441560737034,-2.7558439262966203
-127.0270833,45.25208333,-2867,-2867.2256808768466,0.22568087684658167
-127.24375,45.45625,-2878,-2875.29930143967,-2.7006985603297835
-127.4479167,45.32708333,-2904,-2898.988336140865,-5.011663859134842
-127.11875,45.15625,-2869,-2868.787017963766,-0.21298203623382506
-127.2229167,45.06041667,-2870,-2869.2692941106316,-0.7307058893684371
-127.1770833,45.37708333,-2879,-2876.819841814101,-2.1801581858990176
-127.24375,45.26041667,-2892,-2896.227229637238,4.227229637237997
-127.4229167,45.34791667,-2892,-2893.150445086151,1.1504450861511941
-127.3979167,45.12708333,-2964,-2973.2159073778444,9.21590737784436
-127.0770833,45.07291667,-2856,-2856.020111682772,0.020111682772039785
-127.4104167,45.25208333,-2893,-2898.624801388434,5.624801388434207
-127.0229167,45.23541667,-2869,-2866.7290524686173,-2.270947531382717
-127.15625,45.43541667,-2867,-2866.2321719393635,-0.7678280606364751
-127.2895833,45.30625,-2919,-2918.2165023588923,-0.783497641107715
-127.15625,45.35208333,-2880,-2880.6350876635493,0.6350876635492568
-127.1354167,45.47708333,-2859,-2862.566817014951,3.5668170149510843
-127.3020833,45.41875,-2881,-2884.2194285869,3.219428586899994
-127.4104167,45.23958333,-2902,-2906.808454294284,4.80845429428382
-127.4479167,45.11458333,-2877,-2889.56695750275,12.566957502750029
-127.0229167,45.12291667,-2857,-2858.1681704401026,1.1681704401025854
-127.18125,45.12708333,-2866,-2864.2741987543295,-1.7258012456704819
-127.36875,45.12291667,-2875,-2888.691303819272,13.69130381927198
-127.2604167,45.43541667,-2880,-2878.580507851357,-1.419492148642803
-127.0729167,45.08541667,-2856,-2855.5690341084683,-0.43096589153174136
-127.1604167,45.38541667,-2873,-2872.3441391706506,-0.6558608293494217
-127.3854167,45.48958333,-2839,-2835.7688406068387,-3.231159393161306
-127.1395833,45.16458333,-2871,-2871.0204351337065,0.02043513370654182
-127.15625,45.15208333,-2869,-2868.452822957808,-0.5471770421918336
-127.0020833,45.19791667,-2866,-2864.748366687679,-1.2516333123207914
-127.23125,45.19791667,-2876,-2876.315489251918,0.31548925191782473
-127.3020833,45.01041667,-3049,-3041.385252210156,-7.614747789843932
-127.4270833,45.30625,-2874,-2875.2879254500203,1.2879254500203388
-127.26875,45.32291667,-2901,-2903.538693237071,2.5386932370711293
-127.2229167,45.42291667,-2874,-2872.5996830299005,-1.4003169700995386
-127.01875,45.46041667,-2839,-2841.3876343057373,2.387634305737265
-127.0020833,45.32708333,-2869,-2868.237287318797,-0.7627126812030838
-127.49375,45.19375,-2885,-2893.0761299843534,8.076129984353429
-127.08125,45.15625,-2866,-2867.4805113893663,1.4805113893662565
-127.41875,45.45625,-2841,-2844.703365159705,3.7033651597048447
-127.2729167,45.23541667,-2884,-2881.713848623771,-2.2861513762290997
-127.2395833,45.49791667,-2883,-2870.9247589423644,-12.075241057635594
-127.1104167,45.04791667,-2851,-2850.958806403813,-0.041193596186985815
-127.2020833,45.17291667,-2872,-2872.3010931236067,0.30109312360673357
-127.4645833,45.04375,-2945,-2934.4025620396287,-10.59743796037128
-127.4145833,45.41041667,-2936,-2920.561249454064,-15.438750545935818
-127.4145833,45.33958333,-2885,-2883.831568632368,-1.1684313676319107
-127.1770833,45.30208333,-2900,-2897.6439852397566,-2.356014760243397
-127.1145833,45.12291667,-2862,-2863.3245440046885,1.324544004688505
-127.4479167,45.19375,-2932,-2930.5132312987603,-1.4867687012397255
-127.0895833,45.43958333,-2853,-2853.5822853415834,0.5822853415834288
-127.28125,45.49791667,-2882,-2879.975271798739,-2.0247282012610412
-127.25625,45.47708333,-2879,-2889.186075888231,10.18607588823079
-127.44375,45.16875,-2959,-2948.7050109325432,-10.294989067456754
-127.3645833,45.00625,-2921,-2910.1953847187383,-10.804615281261704
-127.25625,45.23541667,-2885,-2884.5766899183177,-0.42331008168230255
-127.0395833,45.27708333,-2874,-2871.221968837138,-2.778031162862135
-127.34375,45.48541667,-2868,-2874.995057572396,6.9950575723960355
-127.1604167,45.42291667,-2871,-2868.3636175260217,-2.6363824739783013
-127.4854167,45.41458333,-2843,-2840.7593677575373,-2.2406322424626524
-127.28125,45.16875,-2871,-2872.8146473278975,1.8146473278975463
-127.0020833,45.16875,-2861,-2862.6311883383996,1.6311883383996246
-127.13125,45.43125,-2861,-2862.5122284738027,1.5122284738026792
-127.1270833,45.24375,-2880,-2879.48157887676,-0.5184211232399321
-127.0604167,45.11041667,-2857,-2857.097984537106,0.0979845371061856
-127.0020833,45.20208333,-2865,-2864.748366687679,-0.25163331232079145
-127.2770833,45.07291667,-2884,-2882.696058059215,-1.30394194078508
-127.1604167,45.30208333,-2896,-2895.8480426995,-0.15195730049981648
-127.3520833,45.48958333,-2848,-2848.0341659486257,0.034165948625741294
-127.0145833,45.36875,-2854,-2854.712480678659,0.7124806786591762
-127.1145833,45.02708333,-2853,-2851.7336492144436,-1.2663507855563694
-127.1229167,45.31875,-2890,-2886.333686376912,-3.666313623088172
-127.2979167,45.00208333,-3046,-3043.1164200897942,-2.8835799102057535
-127.2354167,45.32291667,-2896,-2895.6683487300356,-0.3316512699643681
-127.0604167,45.43541667,-2851,-2849.727662998108,-1.2723370018920832
-127.09375,45.22708333,-2872,-2876.3260379533704,4.32603795337036
-127.0729167,45.14791667,-2864,-2866.320845558452,2.32084555845222
-127.23125,45.27708333,-2905,-2897.6499937960625,-7.3500062039374825
-127.0354167,45.38958333,-2855,-2854.2910695280493,-0.7089304719506799
-127.0645833,45.31041667,-2885,-2880.4148020963903,-4.585197903609696
-127.3895833,45.11875,-2945,-2956.3648450205874,11.364845020587381
-127.4854167,45.16458333,-2874,-2872.198863535566,-1.8011364644339665
-127.2729167,45.38541667,-2886,-2886.6776095214545,0.6776095214545421
-127.1229167,45.36458333,-2873,-2872.6574083515347,-0.3425916484652589
-127.4354167,45.10208333,-2878,-2882.908313231668,4.908313231668217
-127.4270833,45.01875,-2973,-2970.8966329887394,-2.103367011260616
-127.1854167,45.19375,-2877,-2876.9799239495965,-0.020076050403531553
-127.44375,45.38541667,-2959,-2937.0152072094743,-21.984792790525717
-127.1770833,45.49375,-2859,-2858.7071703299594,-0.2928296700406463
-127.1854167,45.04375,-2851,-2856.4893839994,5.489383999400161
-127.4229167,45.31458333,-2878,-2876.8878732606418,-1.1121267393582457
-127.0520833,45.04791667,-2839,-2841.4017651801446,2.4017651801445936
-127.01875,45.10625,-2853,-2853.677524141034,0.677524141034155
-127.19375,45.49791667,-2872,-2860.1582254473587,-11.841774552641255
-127.3145833,45.30208333,-2927,-2919.1884210692324,-7.81157893076761
-127.11875,45.49375,-2855,-2857.1933229076913,2.193322907691254
-127.1895833,45.19375,-2877,-2876.9799239495965,-0.020076050403531553
-127.05625,45.15625,-2866,-2865.6579120061697,-0.34208799383031874
-127.2354167,45.46458333,-2874,-2869.863149396252,-4.1368506037479165
-127.2479167,45.20208333,-2876,-2876.967493214597,0.967493214597198
-127.2979167,45.43125,-2880,-2886.6215340442845,6.6215340442845445
-127.19375,45.31041667,-2894,-2896.4135398867456,2.413539886745639
-127.0520833,45.16041667,-2866,-2866.2022146493177,0.2022146493177388
-127.11875,45.31875,-2890,-2884.720685604165,-5.279314395835172
-127.2145833,45.41458333,-2873,-2873.6794342587127,0.6794342587127176
-127.4145833,45.22708333,-2903,-2908.1195711260493,5.119571126049323
-127.28125,45.31458333,-2909,-2911.9571965381833,2.957196538183325
-127.1645833,45.00208333,-2862,-2861.4599468768824,-0.5400531231175592
-127.11875,45.14375,-2867,-2867.809996464382,0.8099964643820385
-127.2520833,45.27291667,-2902,-2901.106144979163,-0.8938550208367815
-127.16875,45.15625,-2869,-2868.4132276462697,-0.5867723537303391
-127.4479167,45.49375,-2833,-2833.346640730633,0.34664073063322576
-127.06875,45.32708333,-2882,-2878.2637868217935,-3.736213178206526
-127.2604167,45.12708333,-2890,-2872.743045282192,-17.256954717808185
-127.3104167,45.16458333,-2873,-2873.1434374921996,0.14343749219960955
-127.01875,45.35625,-2858,-2858.711396469497,0.7113964694967763
-127.0645833,45.11875,-2858,-2859.4800491568644,1.4800491568644247
-127.2604167,45.10625,-2862,-2867.3086514195793,5.3086514195792915
-127.3395833,45.43541667,-2898,-2898.4465129593614,0.44651295936137103
-127.2395833,45.21458333,-2881,-2881.605998852191,0.6059988521910782
-127.4104167,45.12708333,-2991,-2990.2436727984577,-0.7563272015422626
-127.2229167,45.29791667,-2900,-2903.179242003561,3.17924200356083
-127.1520833,45.24375,-2883,-2884.2425596954754,1.2425596954753928
-127.4729167,45.10625,-2868,-2864.969395386512,-3.030604613487867
-127.0395833,45.11875,-2857,-2858.0870802961435,1.0870802961435402
-127.4895833,45.12291667,-2868,-2870.892430593043,2.892430593043173
-127.2145833,45.39791667,-2875,-2875.4665531568694,0.466553156869395
-127.3145833,45.33541667,-2898,-2893.4196750199135,-4.580324980086516
-127.44375,45.08958333,-2873,-2873.7010577119713,0.7010577119713162
-127.0020833,45.16458333,-2861,-2862.2249897640577,1.224989764057682
-127.28125,45.36041667,-2891,-2892.0602011011983,1.060201101198345
-127.1979167,45.05208333,-2859,-2860.7964890004428,1.7964890004427616
-127.2020833,45.49791667,-2840,-2858.7367260116084,18.736726011608425
-127.4979167,45.34375,-2873,-2883.179445745317,10.179445745317025
-127.0104167,45.18541667,-2867,-2865.116242814574,-1.8837571854260204
-127.0520833,45.05625,-2843,-2842.573084651074,-0.4269153489258315
-127.4520833,45.43125,-2845,-2851.10849638664,6.108496386640127
-127.34375,45.00208333,-2911,-2904.4503020423854,-6.549697957614626
-127.4854167,45.25625,-2897,-2895.8142878542244,-1.1857121457755966
-127.40625,45.21041667,-2933,-2931.7100520056006,-1.2899479943994265
-127.4479167,45.20625,-2912,-2918.598196905788,6.598196905787972
-127.4104167,45.28541667,-2882,-2884.8316254068154,2.8316254068154194
-127.4145833,45.09375,-2897,-2919.802100417856,22.802100417855854
-127.0395833,45.28541667,-2873,-2873.223285195954,0.22328519595384932
-127.4979167,45.41041667,-2837,-2841.3300892804004,4.330089280400443
-127.24375,45.03958333,-2862,-2864.865284373837,2.8652843738368574
-127.06875,45.24791667,-2873,-2872.004571731172,-0.9954282688281637
-127.1145833,45.16041667,-2869,-2870.0121504287154,1.0121504287153584
-127.2604167,45.42291667,-2876,-2878.2221803498787,2.2221803498787267
-127.0020833,45.30208333,-2867,-2867.875775614904,0.8757756149038869
-127.1354167,45.32708333,-2889,-2888.342387909027,-0.6576120909730889
-127.4895833,45.43541667,-2835,-2835.3381477199423,0.33814771994229886
-127.40625,45.07708333,-2898,-2899.435268783395,1.435268783394804
-127.33125,45.14791667,-2871,-2876.7331408585096,5.733140858509614
-127.4270833,45.28958333,-2874,-2876.1577427665584,2.1577427665583855
-127.2020833,45.12708333,-2866,-2865.566753795307,-0.4332462046932051
-127.3770833,45.48541667,-2840,-2840.8812775739593,0.8812775739593235
-127.3479167,45.44791667,-2914,-2910.3272092832253,-3.6727907167746707
-127.4895833,45.10625,-2867,-2864.3683540737625,-2.6316459262375247
-127.31875,45.48541667,-2908,-2899.178196664712,-8.821803335288223
-127.03125,45.23541667,-2871,-2868.089458935345,-2.910541064654808
-127.3145833,45.19375,-2874,-2872.6014693747866,-1.398530625213425
-127.0479167,45.19791667,-2872,-2870.6441685450654,-1.3558314549345596
-127.1020833,45.34791667,-2872,-2877.412176098788,5.412176098788223
-127.3145833,45.10208333,-2875,-2872.9875070100243,-2.0124929899757262
-127.40625,45.01458333,-2972,-2962.10556473876,-9.894435261239778
-127.19375,45.28541667,-2897,-2899.2740728121325,2.2740728121325446
-127.4854167,45.04791667,-2954,-2942.111448893878,-11.888551106122122
-127.4104167,45.32291667,-2874,-2881.145741534818,7.145741534818171
-127.0770833,45.29791667,-2881,-2882.949005896863,1.9490058968631274
-127.3270833,45.45625,-2918,-2909.4529174782515,-8.547082521748507
-127.28125,45.17708333,-2870,-2872.8146473278975,2.8146473278975463
-127.0104167,45.41458333,-2848,-2849.2358933898645,1.2358933898644864
-127.0354167,45.18958333,-2869,-2868.517357518428,-0.48264248157192924
-127.4145833,45.43958333,-2860,-2872.9557666205683,12.955766620568284
-127.1229167,45.21875,-2880,-2879.571078435869,-0.4289215641310875
-127.0020833,45.31458333,-2865,-2868.1887379686505,3.1887379686504573
-127.31875,45.03125,-3022,-3003.6932059933324,-18.306794006667587
-127.24375,45.29791667,-2912,-2908.237353014285,-3.762646985715037
-127.46875,45.11875,-2871,-2871.867950683238,0.8679506832381776
-127.05625,45.33541667,-2878,-2875.93191629906,-2.068083700939951
-127.39375,45.21041667,-2956,-2952.7192216784565,-3.280778321543494
-127.05625,45.16041667,-2867,-2866.9326743262304,-0.06732567376957377
-127.10625,45.16041667,-2868,-2870.692479585891,2.692479585890851
-127.2895833,45.03125,-2945,-2940.4141428603994,-4.585857139600648
-127.25625,45.23958333,-2887,-2887.6624287570426,0.6624287570425622
-127.1979167,45.16458333,-2871,-2870.6335749947984,-0.3664250052015632
-127.1979167,45.08541667,-2858,-2861.6259302947647,3.6259302947646574
-127.1354167,45.46041667,-2862,-2862.0561015095327,0.056101509532709315
-127.06875,45.09791667,-2856,-2855.0611002673363,-0.9388997326636854
-127.48125,45.33541667,-2910,-2913.577654683763,3.5776546837628302
-127.1770833,45.09791667,-2853,-2858.392821959278,5.392821959278081
-127.1520833,45.04375,-2856,-2855.0560769860986,-0.9439230139014398
-127.4729167,45.26875,-2936,-2943.6250334816027,7.625033481602713
-127.2145833,45.48541667,-2858,-2854.601278425181,-3.3987215748188646
-127.3270833,45.29375,-2937,-2928.7920229299834,-8.207977070016568
-127.2604167,45.07708333,-2877,-2874.8723663747032,-2.1276336252967667
-127.45625,45.29791667,-2924,-2926.989554286487,2.989554286486964
-127.38125,45.46458333,-2900,-2883.005745502588,-16.99425449741193
-127.2895833,45.23958333,-2885,-2882.904094063862,-2.095905936138024
-127.05625,45.25625,-2868,-2871.358512147806,3.358512147805868
-127.0895833,45.38958333,-2862,-2861.932154976935,-0.06784502306481954
-127.40625,45.37291667,-2893,-2893.2987284105234,0.29872841052338117
-127.3270833,45.28125,-2925,-2920.6046639032634,-4.395336096736628
-127.06875,45.48541667,-2848,-2847.8594422483934,-0.14055775160659323
-127.3770833,45.38541667,-2888,-2888.7507947223658,0.7507947223657538
-127.3729167,45.49375,-2839,-2837.3517563860332,-1.6482436139667698
-127.3354167,45.33125,-2899,-2896.099636134255,-2.900363865745021
-127.3895833,45.41041667,-2906,-2905.260308420848,-0.739691579151895
-127.4020833,45.46041667,-2841,-2863.101912913136,22.101912913135948
-127.4604167,45.23541667,-2980,-2973.6539873560123,-6.346012643987706
-127.0979167,45.32708333,-2882,-2883.183125096773,1.183125096772983
-127.06875,45.11875,-2858,-2859.4800491568644,1.4800491568644247
-127.35625,45.09791667,-2913,-2942.244060670174,29.244060670173894
-127.10625,45.31458333,-2888,-2884.290052121616,-3.7099478783839004
-127.0104167,45.11458333,-2854,-2853.4935779605717,-0.5064220394283439
-127.36875,45.26041667,-2937,-2929.205062494109,-7.794937505891085
-127.4395833,45.20625,-2893,-2900.3381881713876,7.338188171387628
-127.4145833,45.08125,-2886,-2902.9237757872575,16.923775787257455
-127.0645833,45.23125,-2873,-2872.004571731172,-0.9954282688281637
-127.05625,45.35625,-2864,-2864.686228368382,0.686228368382217
-127.49375,45.09375,-2868,-2870.3796196036656,2.37961960366556
-127.2020833,45.08541667,-2859,-2861.5508215354325,2.550821535432533
-127.1395833,45.39375,-2868,-2869.6024148143733,1.6024148143733328
-127.14375,45.13125,-2865,-2864.778399391539,-0.22160060846090346
-127.41875,45.26041667,-2885,-2891.4919434291223,6.49194342912233
-127.4020833,45.06458333,-2893,-2886.5258504998565,-6.47414950014354
-127.4520833,45.49791667,-2835,-2833.513466809092,-1.486533190908176
-127.25625,45.16458333,-2869,-2870.9182668642707,1.918266864270663
-127.31875,45.37708333,-2886,-2888.191265336991,2.1912653369909094
-127.0854167,45.37291667,-2862,-2864.3465965457544,2.346596545754437
-127.0520833,45.39375,-2858,-2856.8117403046112,-1.1882596953887514
-127.10625,45.25208333,-2877,-2876.8908734165057,-0.10912658349434423
-127.4729167,45.34791667,-2935,-2922.7009936802106,-12.299006319789441
-127.0145833,45.23958333,-2867,-2866.1298966048666,-0.8701033951333557
-127.49375,45.13541667,-2876,-2871.5892452217704,-4.410754778229602
-127.19375,45.28125,-2897,-2897.6748707681636,0.6748707681636006
-127.18125,45.27708333,-2891,-2891.476693542587,0.47669354258687235
-127.04375,45.47291667,-2844,-2844.095838969147,0.09583896914682555
-127.2145833,45.36875,-2883,-2881.3665302935483,-1.6334697064517059
-127.4145833,45.00208333,-2968,-2971.3632760165037,3.3632760165037325
-127.18125,45.08541667,-2857,-2859.688490247029,2.688490247029222
-127.4604167,45.28125,-2969,-2966.06442102106,-2.935578978940157
-127.10625,45.29791667,-2892,-2886.639940341921,-5.360059658079081
-127.43125,45.49791667,-2832,-2831.358347300728,-0.6416526992720719
-127.0520833,45.49791667,-2846,-2845.8878771562527,-0.11212284374732917
-127.30625,45.00208333,-2999,-3028.458179656451,29.458179656451193
-127.45625,45.14791667,-2947,-2948.9125468277857,1.912546827785718
-127.1479167,45.06458333,-2857,-2859.4616072088056,2.461607208805617
-127.15625,45.45208333,-2863,-2865.671103785289,2.6711037852887785
-127.0520833,45.35208333,-2865,-2866.912991009849,1.9129910098490654
-127.48125,45.36875,-2871,-2871.5994814660285,0.5994814660284646
-127.15625,45.27708333,-2885,-2886.9858426309966,1.985842630996558
-127.0020833,45.30625,-2866,-2867.514277919964,1.5142779199641154
-127.3104167,45.19375,-2874,-2872.675686763355,-1.3243132366451391
-127.10625,45.21875,-2876,-2876.8279250433648,0.8279250433647576
-127.0104167,45.03958333,-2840,-2839.6079665919947,-0.39203340800531805
-127.16875,45.26875,-2889,-2887.9832790829937,-1.016720917006296
-127.34375,45.23958333,-2900,-2904.07403742945,4.0740374294500725
-127.0729167,45.39375,-2860,-2859.361941521869,-0.6380584781309153
-127.3895833,45.21041667,-2961,-2957.476079927274,-3.523920072726014
-127.11875,45.16458333,-2869,-2871.518639988462,2.5186399884619277
-127.2979167,45.37291667,-2889,-2890.0386203170606,1.0386203170605768
-127.01875,45.01875,-2843,-2843.2013783177754,0.2013783177753794
-127.3895833,45.45208333,-2915,-2904.78911389744,-10.210886102559925
-127.0895833,45.07708333,-2857,-2856.60295067504,-0.3970493249598803
-127.18125,45.05625,-2857,-2858.3189978018236,1.3189978018235706
-127.0729167,45.00625,-2848,-2849.4988613651703,1.4988613651703417
-127.09375,45.26458333,-2872,-2877.290931828849,5.290931828848898
-127.4104167,45.16041667,-2986,-2974.21350739772,-11.78649260227985
-127.4104167,45.16875,-2967,-2971.3601966141787,4.360196614178676
-127.2979167,45.21458333,-2878,-2876.5589078003063,-1.441092199693685
-127.36875,45.18958333,-2887,-2895.0560069972494,8.05600699724937
-127.1520833,45.03958333,-2858,-2854.4318535476395,-3.568146452360452
-127.35625,45.47291667,-2914,-2903.0630753112478,-10.936924688752242
-127.09375,45.36458333,-2867,-2866.3611779948174,-0.6388220051826465
-127.34375,45.07291667,-3032,-3014.513447919029,-17.486552080970796
-127.3270833,45.15208333,-2873,-2875.7444038037793,2.744403803779278
-127.35625,45.44791667,-2917,-2911.833715658783,-5.166284341216851
-127.2145833,45.10625,-2856,-2860.664690042027,4.664690042026905
-127.41875,45.02291667,-2973,-2968.8192839817107,-4.180716018289331
-127.09375,45.46041667,-2853,-2854.297121359834,1.297121359833909
-127.0645833,45.07708333,-2858,-2855.4911983229235,-2.5088016770764625
-127.34375,45.24791667,-2919,-2915.1771999494863,-3.822800050513706
-127.0020833,45.01458333,-2845,-2842.335976846242,-2.6640231537580803
-127.1979167,45.46875,-2871,-2866.696715392239,-4.303284607760816
-127.21875,45.24375,-2880,-2887.3880457010146,7.388045701014562
-127.2270833,45.04791667,-2864,-2862.9023844310655,-1.0976155689345433
-127.1354167,45.37291667,-2872,-2874.4425396510424,2.4425396510423525
-127.0895833,45.13541667,-2864,-2865.847088997469,1.8470889974692
-127.41875,45.43125,-2857,-2877.266637336669,20.26663733666919
-127.00625,45.02291667,-2843,-2841.48644371585,-1.5135562841501269
-127.30625,45.08125,-2882,-2880.3250380967975,-1.6749619032025294
-127.24375,45.34791667,-2890,-2887.1494753507386,-2.850524649261388
-127.4020833,45.36041667,-2888,-2888.8046239536498,0.8046239536497524
-127.0104167,45.33541667,-2871,-2868.8945354857615,-2.1054645142385198
-127.2020833,45.30625,-2894,-2897.6481907924504,3.6481907924503503
-127.35625,45.06458333,-2985,-2973.69129548963,-11.308704510369807
-127.1729167,45.11458333,-2864,-2862.783221347043,-1.2167786529571458
-127.10625,45.10208333,-2859,-2856.91676916983,-2.0832308301701232
-127.05625,45.31041667,-2875,-2876.4505733637347,1.4505733637347475
-127.05625,45.20208333,-2874,-2871.374628221978,-2.625371778021872
-127.3104167,45.11041667,-2871,-2873.087986410548,2.087986410548183
-127.1520833,45.21875,-2894,-2883.701801832062,-10.298198167938153
-127.3479167,45.12291667,-2866,-2873.493470179386,7.493470179385895
-127.3520833,45.00625,-2906,-2906.4570791325636,0.4570791325636492
-127.4979167,45.46041667,-2836,-2834.8834793217948,-1.1165206782052337
-127.26875,45.19375,-2873,-2872.090578504876,-0.9094214951242066
-127.4145833,45.18541667,-2953,-2949.2723512902944,-3.7276487097055906
-127.0104167,45.39791667,-2850,-2850.8619188620614,0.8619188620614295
-127.0854167,45.30208333,-2884,-2885.3669773533825,1.366977353382481
-127.49375,45.47708333,-2835,-2834.233205446905,-0.7667945530952238
-127.3270833,45.22291667,-2884,-2883.6929915210794,-0.30700847892057936
-127.26875,45.33958333,-2892,-2894.4792894869747,2.4792894869747215
-127.1104167,45.23125,-2875,-2877.7319977103352,2.7319977103352358
-127.33125,45.12291667,-2869,-2872.1961691303995,3.1961691303995394
-127.0479167,45.29791667,-2893,-2877.7338580423057,-15.266141957694344
-127.3604167,45.16041667,-2867,-2871.0994387756964,4.099438775696399
-127.09375,45.26875,-2870,-2878.188190891361,8.188190891361046
-127.25625,45.39791667,-2880,-2880.558872784997,0.5588727849972202
-127.13125,45.28125,-2883,-2884.477880076228,1.477880076227848
-127.3104167,45.17291667,-2873,-2873.1434374921996,0.14343749219960955
-127.0104167,45.48125,-2838,-2840.255395743749,2.255395743748977
-127.3020833,45.36875,-2891,-2890.6108401430106,-0.3891598569894086
-127.3729167,45.43541667,-2916,-2913.144238714903,-2.8557612850968326
-127.2354167,45.40625,-2875,-2874.772565710126,-0.22743428987405423
-127.3604167,45.06041667,-2924,-2946.3357018303723,22.335701830372273
-127.4770833,45.31875,-2951,-2938.0647026102024,-12.935297389797597
-127.16875,45.39791667,-2871,-2870.721332767195,-0.2786672328052191
-127.1604167,45.12291667,-2866,-2863.573031143011,-2.4269688569888785
-127.4854167,45.19791667,-2898,-2901.7690889832006,3.769088983200618
-127.25625,45.22291667,-2884,-2881.596185085693,-2.403814914307077
-127.4395833,45.48958333,-2833,-2831.1915212222693,-1.8084787777306701
-127.3854167,45.05625,-2889,-2890.900882211056,1.9008822110558867
-127.1229167,45.08125,-2860,-2859.324529986566,-0.6754700134338236
-127.1520833,45.19791667,-2882,-2878.8997855839966,-3.100214416003382
-127.2645833,45.45625,-2883,-2885.0332359699487,2.0332359699486915
-127.13125,45.18541667,-2879,-2878.303069864631,-0.6969301353688024
-127.2729167,45.17291667,-2870,-2872.424612921931,2.4246129219309296
-127.1354167,45.46875,-2861,-2861.9134524762608,0.9134524762607725
-127.3020833,45.39791667,-2883,-2884.145706131286,1.145706131285806
-127.2604167,45.36458333,-2888,-2887.6346525588788,-0.3653474411212301
-127.2645833,45.26875,-2892,-2898.0433840283977,6.043384028397668
-127.35625,45.13958333,-2883,-2879.91605814947,-3.083941850530209
-127.4979167,45.39791667,-2843,-2845.890662606009,2.8906626060088456
-127.10625,45.19375,-2877,-2876.170988819957,-0.8290111800429258
-127.35625,45.05625,-2921,-2940.14251007101,19.142510071009838
-127.2895833,45.28958333,-2915,-2918.7891950550097,3.7891950550097135
-127.2520833,45.03125,-2902,-2898.2117933435075,-3.788206656492548
-127.35625,45.00625,-2919,-2908.6707806294785,-10.329219370521514
-127.39375,45.28958333,-2891,-2892.2423124665693,1.242312466569274
-127.19375,45.35208333,-2883,-2882.9901808699083,-0.009819130091727857
-127.2770833,45.09375,-2869,-2870.4090753321866,1.4090753321866032
-127.44375,45.22708333,-2891,-2897.2355683565966,6.235568356596559
-127.03125,45.05208333,-2839,-2840.600152742259,1.6001527422590698
-127.4645833,45.11041667,-2870,-2866.828699951174,-3.171300048826197
-127.2395833,45.27291667,-2900,-2899.7281478690375,-0.271852130962543
-127.1354167,45.38958333,-2867,-2868.745736597831,1.7457365978311827
-127.0604167,45.36875,-2861,-2862.4102112657365,1.410211265736507
-127.3604167,45.44375,-2917,-2911.7184785412314,-5.281521458768566
-127.25625,45.08125,-2873,-2873.9640804107003,0.9640804107002623
-127.4854167,45.35208333,-2882,-2884.1607023304023,2.160702330402273
-127.35625,45.21041667,-2883,-2902.482998080223,19.482998080222842
-127.1770833,45.16041667,-2871,-2870.3528445487214,-0.6471554512786497
-127.2354167,45.08125,-2870,-2868.2651009782217,-1.7348990217783467
-127.1645833,45.43541667,-2868,-2866.755976971242,-1.2440230287579652
-127.4520833,45.11041667,-2873,-2867.432465429276,-5.567534570724092
-127.1270833,45.37708333,-2867,-2871.1064242360817,4.106424236081693
-127.2395833,45.02291667,-2894,-2895.75067902458,1.7506790245802222
-127.09375,45.38125,-2862,-2864.45985889698,2.459858896980222
-127.1979167,45.43958333,-2871,-2870.8787562434786,-0.12124375652138042
-127.0479167,45.11875,-2858,-2858.9214286723077,0.9214286723076839
-127.40625,45.18541667,-2970,-2962.0712798099557,-7.92872019004426
-127.03125,45.07291667,-2854,-2853.9924564513544,-0.007543548645571718
-127.41875,45.44791667,-2847,-2858.288631377293,11.288631377292859
-127.08125,45.19375,-2882,-2873.1972276051747,-8.802772394825297
-127.2770833,45.03541667,-2873,-2876.0516642370812,3.0516642370812406
-127.3604167,45.26875,-2939,-2927.948226059358,-11.051773940641851
-127.2354167,45.48541667,-2867,-2862.4998459545204,-4.500154045479576
-127.2979167,45.18541667,-2872,-2874.2522220319515,2.2522220319515327
-127.0895833,45.42708333,-2856,-2856.1410213216213,0.14102132162133785
-127.20625,45.13958333,-2868,-2868.046538308755,0.046538308754861646
-127.25625,45.40208333,-2878,-2879.4707920785513,1.4707920785513124
-127.4479167,45.09791667,-2872,-2870.946415592071,-1.0535844079290655
-127.0770833,45.44791667,-2851,-2852.7077256324874,1.7077256324873815
-127.1104167,45.24791667,-2877,-2877.7319977103352,0.7319977103352358
-127.0729167,45.36458333,-2864,-2863.8472526986234,-0.15274730137662118
-127.0229167,45.26875,-2868,-2867.643150418093,-0.3568495819072268
-127.4270833,45.26458333,-2881,-2884.1488771951094,3.148877195109435
-127.0770833,45.39375,-2861,-2860.917110967942,-0.08288903205811948
-127.24375,45.44791667,-2880,-2876.1102588355807,-3.88974116441932
-127.40625,45.32708333,-2877,-2882.5758383596726,5.575838359672616
-127.1520833,45.02291667,-2860,-2861.2031234032597,1.203123403259724
-127.3270833,45.27291667,-2920,-2917.7921321354193,-2.2078678645807486
-127.4270833,45.23958333,-2888,-2892.02928643231,4.029286432310073
-127.1395833,45.18958333,-2881,-2878.8593802283676,-2.140619771632373
-127.1145833,45.33541667,-2880,-2882.590320864433,2.5903208644331244
-127.24375,45.02291667,-2896,-2895.75067902458,-0.24932097541977782
-127.4229167,45.36041667,-2896,-2895.809779683436,-0.19022031656413674
-127.20625,45.46875,-2871,-2865.4283514464732,-5.571648553526757
-127.44375,45.43125,-2847,-2848.9157286261816,1.9157286261815898
-127.23125,45.33541667,-2890,-2889.564999598339,-0.43500040166100007
-127.0020833,45.39375,-2850,-2850.1184756022103,0.11847560221031017
-127.0479167,45.46458333,-2844,-2845.3957499774488,1.3957499774487587
-127.2979167,45.01458333,-3054,-3050.087410490515,-3.91258950948486
-127.4270833,45.42291667,-2861,-2876.6721991122886,15.672199112288581
-127.08125,45.33958333,-2880,-2878.3979949587456,-1.6020050412544151
-127.0729167,45.07291667,-2857,-2855.8241415766183,-1.1758584233816691
-127.34375,45.26041667,-2929,-2922.2881547284037,-6.711845271596303
-127.0645833,45.16041667,-2868,-2868.061125851325,0.06112585132495951
-127.48125,45.13958333,-2874,-2872.3578623151925,-1.6421376848074942
-127.36875,45.23541667,-2955,-2938.2580835144486,-16.741916485551428
-127.3229167,45.12291667,-2871,-2872.1207276219106,1.1207276219106461
-127.43125,45.48541667,-2833,-2830.970088979733,-2.029911020266809
-127.1645833,45.40208333,-2872,-2870.821315864142,-1.1786841358580205
-127.1229167,45.18541667,-2879,-2878.2627702915956,-0.7372297084043566
-127.10625,45.48958333,-2855,-2855.083527397374,0.08352739737392767
-127.38125,45.29791667,-2896,-2892.3014002024593,-3.698599797540737
-127.19375,45.14791667,-2869,-2868.13905716409,-0.8609428359100093
-127.0979167,45.05625,-2851,-2849.639263270633,-1.3607367293670904
-127.1979167,45.17708333,-2872,-2873.5999888460233,1.5999888460232796
-127.13125,45.35625,-2876,-2875.6936429013667,-0.30635709863327065
-127.0354167,45.46041667,-2842,-2843.8033782153334,1.803378215333396
-127.2854167,45.08958333,-2873,-2871.003139459359,-1.996860540641137
-127.44375,45.33125,-2902,-2893.1153535314093,-8.884646468590745
-127.4854167,45.33958333,-2892,-2896.7638766577757,4.763876657775654
-127.0979167,45.06458333,-2854,-2852.7239149394577,-1.2760850605423002
-127.0229167,45.19791667,-2868,-2866.831475025339,-1.168524974661068
-127.2479167,45.20625,-2877,-2878.4364042021793,1.4364042021793466
-127.34375,45.11041667,-2886,-2877.3181267581203,-8.681873241879657
-127.4979167,45.43541667,-2837,-2835.3864546091295,-1.613545390870513
-127.3479167,45.48541667,-2863,-2874.995057572396,11.995057572396036
-127.2270833,45.01458333,-2890,-2884.4885042494784,-5.51149575052159
-127.35625,45.34375,-2893,-2890.8559008675215,-2.144099132478459
-127.1145833,45.30625,-2889,-2887.159388615286,-1.840611384714066
-127.2395833,45.44791667,-2880,-2876.1102588355807,-3.88974116441932
-127.33125,45.12708333,-2864,-2872.1961691303995,8.19616913039954
-127.4145833,45.16458333,-2960,-2962.32993335299,2.329933352989883
-127.2520833,45.24791667,-2892,-2890.4921118555458,-1.5078881444542276
-127.1020833,45.09791667,-2859,-2856.215230374939,-2.784769625061017
-127.4895833,45.46041667,-2835,-2834.2494673423294,-0.7505326576706466
-127.01875,45.22291667,-2868,-2866.5131843452555,-1.4868156547445324
-127.3645833,45.28541667,-2919,-2920.0175441214833,1.0175441214832972
-127.0479167,45.43541667,-2849,-2848.9389439632328,-0.061056036767240585
-127.2020833,45.23125,-2898,-2887.2150593301326,-10.78494066986741
-127.2145833,45.22708333,-2884,-2885.2621790008393,1.2621790008392964
-127.4895833,45.18541667,-2880,-2880.834263730781,0.8342637307810037
-127.2229167,45.05625,-2868,-2866.8683941517097,-1.1316058482902918
-127.16875,45.38125,-2877,-2873.3389484194818,-3.661051580518233
-127.4145833,45.29791667,-2876,-2879.1039680605186,3.103968060518582
-127.23125,45.16041667,-2870,-2870.2982367532672,0.29823675326724697
-127.1395833,45.36041667,-2875,-2876.9866760316577,1.9866760316576801
-127.1229167,45.08541667,-2860,-2859.006288872747,-0.9937111272529364
-127.3729167,45.20625,-2917,-2923.734748568791,6.734748568791019
-127.1354167,45.03958333,-2856,-2853.260744104772,-2.7392558952278705
-127.2479167,45.36041667,-2889,-2887.4627549218303,-1.5372450781696898
-127.16875,45.29375,-2897,-2896.2531934542767,-0.7468065457233024
-127.1145833,45.11458333,-2861,-2858.9655697285034,-2.0344302714966034
-127.2229167,45.25208333,-2886,-2888.9701691415994,2.970169141599399
-127.48125,45.38958333,-2854,-2861.05178829739,7.051788297389976
-127.4020833,45.28125,-2889,-2888.8327818679363,-0.16721813206368097
-127.18125,45.34791667,-2884,-2884.48898273895,0.48898273895019884
-127.3895833,45.37708333,-2889,-2892.6823479165387,3.6823479165386743
-127.1520833,45.20625,-2884,-2882.1895365633613,-1.8104634366386563
-127.1604167,45.08541667,-2859,-2859.837152762902,0.8371527629019511
-127.2479167,45.10625,-2861,-2864.821529854063,3.821529854063101
-127.04375,45.29375,-2871,-2875.6939951646746,4.693995164674561
-127.44375,45.00208333,-2967,-2970.472060548741,3.4720605487409557
-127.0395833,45.36458333,-2856,-2858.157156163595,2.1571561635951184
-127.1604167,45.09375,-2847,-2858.4930397946055,11.493039794605465
-127.4354167,45.23125,-2886,-2891.9609189849984,5.960918984998443
-127.1895833,45.40208333,-2873,-2872.3302254052965,-0.6697745947035401
-127.0395833,45.00625,-2849,-2847.6587305466155,-1.3412694533844842
-127.16875,45.31041667,-2896,-2894.956811478208,-1.0431885217922172
-127.3854167,45.08541667,-2964,-2978.3261241175032,14.326124117503241
-127.1229167,45.30208333,-2892,-2890.0762890238775,-1.9237109761224929
-127.23125,45.31875,-2898,-2897.42456060445,-0.5754393955498927
-127.0479167,45.24375,-2873,-2870.541745988344,-2.4582540116562086
-127.3270833,45.19791667,-2874,-2875.5540322590055,1.554032259005453
-127.1770833,45.33958333,-2886,-2887.3821406734323,1.3821406734323318
-127.21875,45.02708333,-2889,-2886.498250622504,-2.5017493774957984
-127.2479167,45.42708333,-2876,-2877.558482593571,1.5584825935711706
-127.1895833,45.31458333,-2895,-2894.6142389643805,-0.38576103561945274
-127.0895833,45.09791667,-2858,-2856.1401941842737,-1.859805815726304
-127.0604167,45.28958333,-2873,-2880.5822934672283,7.582293467228283
-127.0854167,45.28541667,-2878,-2881.0308022326067,3.030802232606675
-127.26875,45.23958333,-2884,-2885.695055009264,1.6950550092637968
-127.0520833,45.07708333,-2857,-2854.9630033201206,-2.036996679879394
-127.0645833,45.41041667,-2857,-2857.3556010518932,0.3556010518932453
-127.41875,45.25625,-2887,-2891.4919434291223,4.49194342912233
-127.3770833,45.37708333,-2885,-2887.2713455793887,2.271345579388708
-127.13125,45.49375,-2862,-2862.636177192507,0.636177192507148
-127.4229167,45.17291667,-2920,-2931.385024287366,11.385024287365923
-127.2895833,45.33958333,-2896,-2896.1418653288324,0.14186532883240943
-127.3770833,45.08958333,-3019,-2984.985606683439,-34.01439331656093
-127.3104167,45.26041667,-2903,-2903.115551022993,0.11555102299280406
-127.3145833,45.21458333,-2878,-2875.8956953287166,-2.104304671283444
-127.4604167,45.33958333,-2959,-2953.8784367598064,-5.121563240193609
-127.1895833,45.46875,-2869,-2866.043249050589,-2.956750949410889
-127.2770833,45.34375,-2892,-2892.2514624604505,0.25146246045051157
-127.44375,45.01041667,-2968,-2971.4174347424614,3.4174347424614098
-127.1270833,45.21041667,-2881,-2879.8870035685927,-1.1129964314072822
-127.0729167,45.00208333,-2856,-2850.3535690261647,-5.646430973835322
-127.23125,45.20208333,-2878,-2878.1363292437004,0.136329243700402
-127.4895833,45.29791667,-2903,-2900.4837198663445,-2.5162801336555276
-127.1270833,45.26875,-2878,-2881.027966416163,3.0279664161630535
-127.3854167,45.13125,-2906,-2904.8141035851518,-1.18589641484823
-127.1854167,45.48958333,-2851,-2859.1054415446442,8.105441544644236
-127.46875,45.05208333,-2906,-2915.1543225269747,9.154322526974738
-127.3770833,45.05625,-2893,-2901.190280485412,8.190280485412131
-127.11875,45.23541667,-2877,-2877.643585639187,0.6435856391872221
-127.2229167,45.01458333,-2888,-2884.4885042494784,-3.51149575052159
-127.2020833,45.48958333,-2849,-2856.4496282764267,7.449628276426665
-127.23125,45.13125,-2869,-2866.8282134968467,-2.171786503153271
-127.24375,45.05625,-2875,-2873.297942085441,-1.702057914559191
-127.0354167,45.48541667,-2841,-2843.011193320932,2.011193320931852
-127.4729167,45.30625,-2962,-2958.2005413184493,-3.799458681550732
-127.3604167,45.29791667,-2908,-2910.7403070798014,2.7403070798013687
-127.06875,45.15208333,-2866,-2866.786363531264,0.7863635312642145
-127.4520833,45.40208333,-2872,-2885.8423834769346,13.842383476934629
-127.4770833,45.46875,-2832,-2833.633382098305,1.6333820983049918
-127.4979167,45.00625,-2961,-2964.5913070513525,3.591307051352487
-127.41875,45.18541667,-2940,-2933.465291004734,-6.534708995266101
-127.2645833,45.03125,-2908,-2898.8094458429273,-9.190554157072711
-127.2395833,45.45208333,-2879,-2875.955227733698,-3.0447722663020613
-127.30625,45.11875,-2870,-2870.1327154959376,0.13271549593764576
-127.11875,45.16041667,-2869,-2870.3299369319093,1.3299369319092875
-127.0520833,45.34791667,-2870,-2870.83455836171,0.8345583617101511
-127.4854167,45.08541667,-2872,-2871.1898920595754,-0.8101079404245866
-127.2854167,45.25625,-2892,-2894.3145411763703,2.3145411763703123
-127.18125,45.19375,-2876,-2877.1465511045562,1.146551104556238
-127.4145833,45.02291667,-2972,-2966.629009652788,-5.370990347211773
-127.34375,45.39375,-2885,-2889.1644197363994,4.164419736399395
-127.0979167,45.01458333,-2852,-2849.97312980135,-2.0268701986501583
-127.4895833,45.01458333,-2966,-2967.1346848411054,1.1346848411053543
-127.1729167,45.31875,-2892,-2891.08350608058,-0.9164939194201907
-127.01875,45.28541667,-2870,-2868.9568973348487,-1.0431026651513093
-127.1270833,45.02291667,-2854,-2854.416964735409,0.41696473540878287
-127.36875,45.03541667,-2868,-2867.1099926071574,-0.8900073928425627
-127.39375,45.28125,-2896,-2897.369395173108,1.3693951731079324
-127.0479167,45.05625,-2843,-2842.573084651074,-0.4269153489258315
-127.3979167,45.13541667,-2951,-2961.4257195633604,10.425719563360417
-127.1145833,45.01458333,-2851,-2851.714918427553,0.7149184275531297
-127.4354167,45.18958333,-2898,-2913.572337562315,15.57233756231517
-127.3104167,45.32291667,-2903,-2901.392840163312,-1.6071598366879698
-127.4770833,45.22708333,-2921,-2927.2674712210605,6.267471221060532
-127.30625,45.13125,-2864,-2869.806924307888,5.806924307888039
-127.3354167,45.31041667,-2906,-2907.094901593187,1.0949015931869326
-127.4145833,45.17291667,-2952,-2957.7925509932834,5.792550993283385
-127.2479167,45.49375,-2884,-2876.0864638260337,-7.9135361739663495
-127.1854167,45.29791667,-2900,-2898.5243348548975,-1.475665145102539
-127.0854167,45.26041667,-2870,-2876.050969967337,6.050969967337096
-127.4479167,45.31458333,-2897,-2896.5869102346314,-0.4130897653685679
-127.4395833,45.03958333,-2911,-2907.7920927538685,-3.2079072461315263
-127.29375,45.23125,-2883,-2879.778277747174,-3.221722252826112
-127.19375,45.48958333,-2858,-2857.5945024391226,-0.40549756087739297
-127.4270833,45.03125,-2917,-2916.1962214577616,-0.8037785422384331
-127.3854167,45.43125,-2915,-2916.044065192966,1.0440651929661726
-127.3520833,45.21875,-2888,-2909.3859963301375,21.38599633013746
-127.19375,45.03541667,-2865,-2858.5470590576674,-6.452940942332589
-127.1229167,45.34791667,-2878,-2880.455687961926,2.4556879619258325
-127.4145833,45.27291667,-2883,-2890.350115151622,7.350115151622049
-127.4229167,45.15208333,-2947,-2963.3922059123315,16.39220591233152
-127.1729167,45.09375,-2852,-2857.930306217089,5.930306217088855
-127.3520833,45.47708333,-2912,-2894.085995565991,-17.914004434008802
-127.0604167,45.26041667,-2868,-2872.4649647201927,4.464964720192711
-127.46875,45.25208333,-2954,-2963.519088410035,9.519088410034783
-127.0020833,45.46458333,-2836,-2839.0601452878313,3.0601452878313466
-127.00625,45.28541667,-2867,-2867.115246461994,0.11524646199404742
-127.2895833,45.18125,-2871,-2874.3015395909197,3.301539590919674
-127.1604167,45.41458333,-2872,-2869.529509521725,-2.4704904782752237
-127.0770833,45.17708333,-2871,-2870.7489160396563,-0.2510839603437489
-127.4145833,45.28958333,-2878,-2881.267169489484,3.2671694894838765
-127.4145833,45.37291667,-2896,-2895.915598429046,-0.08440157095401446
-127.34375,45.14791667,-2887,-2874.154063784946,-12.845936215053825
-127.20625,45.00625,-2877,-2877.8815871929214,0.8815871929214154
-127.0729167,45.06458333,-2853,-2852.160510356272,-0.8394896437280295
-127.4895833,45.10208333,-2867,-2867.56676865578,0.5667686557799243
-127.1020833,45.32291667,-2883,-2883.496059206171,0.4960592061711395
-127.39375,45.47291667,-2840,-2852.9452097467192,12.945209746719229
-127.3770833,45.17708333,-2874,-2886.8709653104706,12.870965310470638
-127.35625,45.21458333,-2886,-2905.343516500547,19.34351650054714
-127.2520833,45.31875,-2902,-2904.2575419704067,2.2575419704066917
-127.4645833,45.03958333,-2952,-2939.4969381725004,-12.50306182749955
-127.44375,45.32291667,-2898,-2888.8106405623907,-9.189359437609255
-127.4770833,45.44375,-2835,-2834.226074978366,-0.7739250216341134
-127.23125,45.29375,-2907,-2903.851052893196,-3.1489471068039165
-127.4770833,45.26875,-2915,-2924.3648981184233,9.364898118423298
-127.36875,45.36458333,-2883,-2887.3002334317,4.30023343169978
-127.0020833,45.11458333,-2853,-2853.0209462568664,0.020946256866409385
-127.2479167,45.31875,-2901,-2903.697947901046,2.6979479010460636
-127.3020833,45.44791667,-2892,-2894.1003979162115,2.1003979162114774
-127.0395833,45.12291667,-2858,-2860.2487072146596,2.2487072146595892
-127.23125,45.18125,-2872,-2873.8559886324515,1.8559886324514991
-127.1729167,45.39791667,-2872,-2871.241412532271,-0.7585874677288302
-127.2854167,45.46041667,-2897,-2895.9342986700212,-1.065701329978765
-127.1270833,45.28541667,-2882,-2885.7401139031017,3.740113903101701
-127.0479167,45.35208333,-2865,-2866.912991009849,1.9129910098490654
-127.0729167,45.19375,-2877,-2872.8991566464365,-4.100843353563505
-127.3145833,45.49375,-2864,-2869.4369841832354,5.436984183235381
-127.04375,45.14375,-2865,-2863.763147914605,-1.236852085395185
-127.48125,45.21875,-2917,-2920.6951437812013,3.6951437812012955
-127.0854167,45.04375,-2846,-2846.5094595045903,0.5094595045902679
-127.2229167,45.39375,-2878,-2875.58541891034,-2.414581089659805
-127.00625,45.41041667,-2848,-2849.3335331970425,1.3335331970424704
-127.0270833,45.37708333,-2855,-2854.492627458536,-0.5073725414640649
-127.0270833,45.16875,-2864,-2864.735900361567,0.735900361567019
-127.33125,45.43958333,-2896,-2896.0075133108244,0.007513310824379005
-127.05625,45.47708333,-2846,-2845.6196035689613,-0.38039643103866183
-127.0979167,45.44791667,-2854,-2856.1121941153283,2.1121941153282933
-127.16875,45.31458333,-2894,-2893.05986160561,-0.9401383943900328
-127.0395833,45.04375,-2839,-2841.3268394590286,2.3268394590286334
-127.0020833,45.17291667,-2864,-2862.890202968458,-1.1097970315418024
-127.21875,45.12708333,-2867,-2865.514747701363,-1.4852522986370786
-127.4395833,45.18958333,-2910,-2914.487091185969,4.487091185968893
-127.34375,45.08125,-2984,-2964.7224604382677,-19.277539561732283
-127.15625,45.22708333,-2875,-2883.7727665269203,8.77276652692035
-127.4979167,45.17291667,-2872,-2871.8641018355224,-0.13589816447756675
-127.38125,45.29375,-2898,-2894.104905002731,-3.895094997269098
-127.26875,45.13958333,-2873,-2872.137072475579,-0.8629275244211385
-127.0020833,45.12708333,-2858,-2856.9137083779924,-1.086291622007593
-127.0395833,45.27291667,-2872,-2870.443539385013,-1.5564606149869178
-127.0229167,45.08541667,-2852,-2852.832980754907,0.832980754907112
-127.2395833,45.07708333,-2874,-2871.8686911042264,-2.1313088957736
-127.3104167,45.39375,-2884,-2886.551184908282,2.5511849082818117
-127.30625,45.42708333,-2881,-2888.8822670409572,7.882267040957231
-127.18125,45.37291667,-2880,-2878.370825929554,-1.6291740704459698
-127.0229167,45.11041667,-2853,-2854.3182627173974,1.3182627173973742
-127.16875,45.45625,-2865,-2865.305794290444,0.3057942904438278
-127.13125,45.36041667,-2875,-2874.4162239381503,-0.5837760618496759
-127.36875,45.02708333,-2898,-2887.538530430802,-10.461469569198016
-127.0979167,45.08125,-2858,-2856.450679805473,-1.5493201945268993
-127.0520833,45.36041667,-2860,-2863.805049238539,3.805049238539141
-127.2395833,45.17291667,-2871,-2871.117045293441,0.11704529344115144
-127.2770833,45.36041667,-2890,-2890.4978362292095,0.4978362292094971
-127.2395833,45.08125,-2871,-2870.4036808086075,-0.5963191913924675
-127.08125,45.26875,-2874,-2875.0860593440507,1.0860593440506818
-127.3104167,45.23125,-2880,-2884.671846251319,4.671846251319039
-127.26875,45.15208333,-2872,-2872.4802295045365,0.4802295045365099
-127.19375,45.15208333,-2869,-2869.000652036266,0.0006520362658193335
-127.2770833,45.46041667,-2886,-2891.7517007730557,5.751700773055745
-127.0645833,45.02291667,-2842,-2845.3808176709576,3.38081767095764
-127.1520833,45.47708333,-2866,-2865.2034571168815,-0.7965428831184909
-127.1770833,45.37291667,-2880,-2878.370825929554,-1.6291740704459698
-127.3979167,45.02291667,-2940,-2946.7667153182497,6.76671531824968
-127.3645833,45.13125,-2900,-2884.8570237734953,-15.142976226504743
-127.3104167,45.34791667,-2894,-2889.655670268913,-4.344329731086873
-127.4479167,45.08958333,-2872,-2872.9483211354686,0.9483211354686318
-127.3145833,45.38958333,-2884,-2886.7122117888653,2.712211788865261
-127.05625,45.10625,-2856,-2855.7009233007984,-0.29907669920157787
-127.4229167,45.18958333,-2921,-2924.40283204496,3.402832044960178
-127.11875,45.41041667,-2864,-2863.451583721966,-0.548416278033983
-127.0479167,45.21875,-2873,-2870.610350066535,-2.38964993346508
-127.49375,45.03958333,-2955,-2956.555547227529,1.5555472275291322
-127.20625,45.26458333,-2897,-2892.3286539261467,-4.671346073853329
-127.1020833,45.03125,-2851,-2849.93553528093,-1.0644647190702017
-127.2020833,45.07708333,-2866,-2865.415461542267,-0.5845384577328332
-127.3104167,45.28958333,-2922,-2927.354383765096,5.354383765095918
-127.3604167,45.24791667,-2948,-2930.178607361953,-17.8213926380472
-127.0020833,45.47291667,-2837,-2838.863045366744,1.8630453667437905
-127.2354167,45.28125,-2908,-2901.999590860286,-6.0004091397140655
-127.0270833,45.29791667,-2870,-2873.7200212244775,3.7200212244774775
-127.0770833,45.19375,-2879,-2873.0498587549732,-5.950141245026771
-127.4604167,45.42291667,-2844,-2848.860976871923,4.860976871922958
-127.1895833,45.06875,-2865,-2862.245039979849,-2.7549600201509747
-127.3520833,45.30208333,-2908,-2911.8526797365116,3.852679736511618
-127.13125,45.19375,-2879,-2878.954441785497,-0.04555821450321673
-127.48125,45.14791667,-2872,-2872.2710294249855,0.27102942498549965
-127.1395833,45.40625,-2868,-2868.569157492883,0.5691574928828231
-127.1354167,45.35625,-2876,-2877.204242694864,1.204242694864206
-127.35625,45.36041667,-2888,-2888.919397314812,0.9193973148121586
-127.4395833,45.08125,-2876,-2882.3072297482204,6.307229748220379
-127.0770833,45.47291667,-2852,-2851.2460568319825,-0.7539431680174857
-127.34375,45.33958333,-2894,-2892.6060935143164,-1.3939064856836012
-127.40625,45.13125,-2985,-2986.240065186898,1.2400651868979367
-127.0479167,45.05208333,-2840,-2841.507565965356,1.507565965356207
-127.49375,45.05208333,-2952,-2943.159949553538,-8.8400504464621
-127.4854167,45.13958333,-2873,-2871.3340234071843,-1.6659765928156958
-127.41875,45.36041667,-2894,-2892.6993190675207,-1.3006809324792812
-127.04375,45.25208333,-2868,-2869.921657703582,1.9216577035817863
-127.3979167,45.22708333,-2928,-2928.683124444009,0.6831244440090813
-127.3770833,45.12708333,-2906,-2895.54933416404,-10.45066583596008
-127.4604167,45.06875,-2896,-2896.725708438866,0.7257084388661497
-127.2729167,45.44375,-2882,-2883.389200371822,1.3892003718219712
-127.2479167,45.21041667,-2878,-2880.8398291289545,2.839829128954534
-127.05625,45.03958333,-2840,-2841.5141223742967,1.5141223742966758
-127.2229167,45.47291667,-2861,-2865.961667094717,4.961667094717086
-127.09375,45.25625,-2874,-2877.251955994598,3.25195599459812
-127.3145833,45.09375,-2877,-2875.010500159893,-1.9894998401068733
-127.36875,45.34791667,-2887,-2887.489927789526,0.48992778952606386
-127.1479167,45.21041667,-2882,-2883.9437779421587,1.9437779421587038
-127.18125,45.40208333,-2872,-2872.060375920454,0.06037592045413476
-127.24375,45.16458333,-2870,-2869.4633728686135,-0.5366271313864672
-127.1520833,45.04791667,-2854,-2855.8467720767576,1.8467720767575884
-127.34375,45.19375,-2876,-2880.572867566432,4.572867566431796
-127.1729167,45.23125,-2881,-2885.0004338145145,4.000433814514508
-127.49375,45.33541667,-2885,-2884.473771660357,-0.5262283396427847
-127.3270833,45.10625,-2874,-2871.7324111286125,-2.2675888713874883
-127.20625,45.33958333,-2888,-2887.5974516890406,-0.4025483109594461
-127.2270833,45.23541667,-2885,-2887.1630532361887,2.1630532361887163
-127.39375,45.01875,-2936,-2941.7695125801692,5.769512580169248
-127.4854167,45.42291667,-2838,-2836.7941243028877,-1.205875697112333
-127.08125,45.23125,-2872,-2873.5396718046477,1.5396718046476963
-127.4145833,45.26875,-2884,-2892.7106946008907,8.710694600890747
-127.4479167,45.31875,-2899,-2896.489954449742,-2.510045550257928
-127.41875,45.19791667,-2921,-2920.4784665808006,-0.5215334191993861
-127.33125,45.23125,-2886,-2890.5755515572578,4.575551557257768
-127.39375,45.32291667,-2878,-2883.0121456393526,5.012145639352639
-127.3854167,45.03541667,-2871,-2872.038674185972,1.0386741859720132
-127.2729167,45.05208333,-2882,-2879.3032218597705,-2.696778140229526
-127.4270833,45.36875,-2900,-2905.3018181379007,5.301818137900682
-127.0354167,45.06875,-2853,-2852.5909448001466,-0.4090551998533556
-127.04375,45.01041667,-2845,-2845.7393728910533,0.7393728910533355
-127.1104167,45.11041667,-2860,-2859.0842933847325,-0.9157066152674815
-127.1645833,45.41875,-2872,-2869.529509521725,-2.4704904782752237
-127.20625,45.06875,-2868,-2866.6420366101884,-1.35796338981163
-127.0520833,45.48958333,-2846,-2845.3163257792257,-0.6836742207742645
-127.0145833,45.31458333,-2870,-2870.0899044224343,0.08990442243430152
-127.4020833,45.15208333,-2974,-2972.045266212476,-1.9547337875242192
-127.4270833,45.27708333,-2877,-2881.1590061216234,4.159006121623406
-127.4979167,45.27708333,-2891,-2891.462085634792,0.4620856347919471
-127.4854167,45.31041667,-2906,-2906.9931253819345,0.9931253819345329
-127.2270833,45.29791667,-2903,-2903.179242003561,0.1792420035608302
-127.36875,45.36875,-2882,-2887.3002334317,5.30023343169978
-127.33125,45.00625,-2891,-2892.8724502776518,1.872450277651751
-127.3645833,45.26458333,-2939,-2929.3443370020723,-9.65566299792772
-127.3770833,45.46875,-2895,-2881.7448945698507,-13.255105430149342
-127.1270833,45.15208333,-2868,-2868.3435750931044,0.34357509310439127
-127.0229167,45.36041667,-2855,-2858.7647994417534,3.764799441753439
-127.4645833,45.20625,-2986,-2985.019231339977,-0.9807686600229317
-127.2979167,45.21041667,-2877,-2876.069511947601,-0.9304880523991415
-127.1520833,45.37708333,-2874,-2874.5405660897063,0.5405660897063171
-127.1145833,45.45625,-2858,-2857.582103222249,-0.41789677775113887
-127.45625,45.24375,-2966,-2965.360213469288,-0.639786530712172
-127.1354167,45.13125,-2864,-2864.362371557596,0.3623715575959068
-127.1354167,45.20625,-2883,-2882.337009542634,-0.6629904573660497
-127.2895833,45.11875,-2868,-2871.551684577843,3.5516845778429342
-127.4895833,45.33125,-2892,-2891.677952009033,-0.32204799096689385
-127.06875,45.43125,-2853,-2851.4568243211806,-1.5431756788193525
-127.03125,45.46875,-2842,-2842.664158003952,0.6641580039517976
-127.3395833,45.00625,-2892,-2894.609924957895,2.609924957895146
-127.2145833,45.11875,-2866,-2864.7035010524887,-1.2964989475112816
-127.39375,45.38125,-2891,-2895.047275032599,4.047275032598918
-127.2354167,45.36875,-2885,-2883.2076146518675,-1.792385348132484
-127.0729167,45.11875,-2859,-2859.8761260562283,0.8761260562282587
-127.4020833,45.42708333,-2938,-2910.74684702561,-27.253152974390105
-127.43125,45.18125,-2906,-2923.152676056748,17.152676056748078
-127.0520833,45.32291667,-2879,-2876.443123085655,-2.556876914345139
-127.0229167,45.33958333,-2871,-2870.1495271485264,-0.8504728514735689
-127.45625,45.11041667,-2872,-2867.5275048411318,-4.472495158868242
-127.1104167,45.13541667,-2865,-2866.5165583510197,1.5165583510197393
-127.21875,45.47291667,-2868,-2865.961667094717,-2.038332905282914
-127.4395833,45.21041667,-2891,-2899.219987202346,8.219987202346147
-127.2354167,45.27291667,-2900,-2899.2020749506783,-0.7979250493217478
-127.01875,45.49791667,-2839,-2841.165371366695,2.165371366695126
-127.38125,45.49791667,-2839,-2836.3703688637643,-2.62963113623573
-127.39375,45.40208333,-2899,-2899.0902849550635,0.0902849550634528
-127.1395833,45.26875,-2881,-2883.962345065527,2.962345065527188
-127.1854167,45.26458333,-2894,-2889.1577130788514,-4.84228692114857
-127.3770833,45.30208333,-2896,-2896.7012253488933,0.7012253488933311
-127.1020833,45.01875,-2852,-2850.3186516080436,-1.6813483919563623
-127.2770833,45.10208333,-2866,-2868.4717566827885,2.4717566827885094
-127.2479167,45.10208333,-2861,-2864.8222819673765,3.8222819673765116
-127.01875,45.21458333,-2868,-2866.5860388384385,-1.413961161561474
-127.05625,45.47291667,-2845,-2845.696037527404,0.6960375274038597
-127.1895833,45.33125,-2889,-2889.969270808398,0.9692708083980506
-127.20625,45.45208333,-2871,-2870.889338894958,-0.1106611050417996
-127.2354167,45.00208333,-2883,-2886.017080660608,3.017080660607917
-127.3645833,45.29791667,-2906,-2909.8117093307,3.8117093307000687
-127.3020833,45.02708333,-3057,-3054.0691387824813,-2.930861217518668
-127.0729167,45.35208333,-2875,-2870.3641400111064,-4.635859988893571
-127.16875,45.27708333,-2888,-2889.6578305768016,1.6578305768016435
-127.3729167,45.25208333,-2936,-2929.8086463326754,-6.19135366732462
-127.2770833,45.06041667,-2887,-2883.6535895109323,-3.3464104890676936
-127.24375,45.11875,-2872,-2870.401855288972,-1.5981447110279987
-127.28125,45.14375,-2875,-2873.5673146709505,-1.432685329049491
-127.1020833,45.41458333,-2861,-2860.925565056698,-0.07443494330209433
-127.10625,45.24375,-2877,-2876.51343301943,-0.48656698056993264
-127.1354167,45.16875,-2871,-2870.8052564925506,-0.1947435074494024
-127.0979167,45.46458333,-2854,-2855.314158028231,1.3141580282308496
-127.08125,45.36875,-2864,-2864.385745957793,0.3857459577930058
-127.3729167,45.38125,-2886,-2888.7507947223658,2.750794722365754
-127.3145833,45.11458333,-2871,-2873.341325989011,2.341325989010784
-127.4604167,45.09375,-2871,-2870.426731111243,-0.5732688887569566
-127.0145833,45.18958333,-2867,-2866.2323191615883,-0.7676808384117066
-127.0354167,45.36458333,-2856,-2857.6722588373364,1.6722588373363578
-127.3645833,45.25208333,-2943,-2932.8593950208983,-10.140604979101681
-127.0520833,45.02708333,-2841,-2842.790036452948,1.7900364529477883
-127.3354167,45.05208333,-3036,-3000.3135502066166,-35.68644979338342
-127.3354167,45.41875,-2889,-2890.538387692641,1.5383876926412086
-127.3979167,45.11041667,-3012,-2996.0265738123853,-15.973426187614677
-127.14375,45.25625,-2884,-2883.0261101687643,-0.9738898312357378
-127.4270833,45.22291667,-2893,-2897.5932578737165,4.593257873716539
-127.0604167,45.21458333,-2876,-2872.965689410923,-3.034310589076995
-127.3229167,45.45208333,-2915,-2903.790865829617,-11.209134170383095
-127.13125,45.46041667,-2862,-2860.4974905575077,-1.5025094424922827
-127.2729167,45.43958333,-2881,-2882.0905981319197,1.0905981319197053
-127.4479167,45.08541667,-2873,-2874.604241194332,1.6042411943321895
-127.4395833,45.31875,-2891,-2890.2654243176203,-0.7345756823797274
-127.1645833,45.04375,-2853,-2855.323533494366,2.3235334943660746
-127.2854167,45.03958333,-2882,-2883.145855731407,1.1458557314072095
-127.4895833,45.34791667,-2880,-2879.175995154103,-0.8240048458969795
-127.13125,45.41041667,-2866,-2865.436377775297,-0.5636222247030673
-127.3020833,45.03541667,-3006,-2955.439871816192,-50.56012818380805
-127.2479167,45.43541667,-2878,-2877.558482593571,-0.4415174064288294
-127.1895833,45.43541667,-2871,-2869.564539270585,-1.435460729414899
-127.15625,45.11458333,-2864,-2862.895633450975,-1.1043665490251442
-127.4229167,45.38958333,-2911,-2923.342820672099,12.342820672099151
-127.4104167,45.38958333,-2900,-2900.8073012972377,0.8073012972377
-127.2645833,45.34791667,-2891,-2889.326535741747,-1.6734642582528068
-127.3479167,45.06458333,-3028,-3014.021530462063,-13.978469537937144
-127.2770833,45.12708333,-2867,-2870.496835142783,3.4968351427828566
-127.3145833,45.44791667,-2900,-2898.7879664296606,-1.212033570339372
-127.23125,45.12708333,-2869,-2866.44996611606,-2.5500338839401593
-127.2854167,45.21875,-2879,-2875.9818651583787,-3.018134841621304
-127.4104167,45.30208333,-2877,-2879.528257040109,2.5282570401091107
-127.4229167,45.06875,-2892,-2895.204009557086,3.2040095570860103
-127.43125,45.36041667,-2899,-2898.8362490315503,-0.1637509684496763
-127.0770833,45.45208333,-2851,-2852.5526945306046,1.55269453060464
-127.18125,45.49375,-2855,-2858.7071703299594,3.7071703299593537
-127.1645833,45.20208333,-2881,-2880.269678326846,-0.7303216731538669
-127.30625,45.16875,-2872,-2873.660884003992,1.6608840039921233
-127.49375,45.21875,-2893,-2894.1341681396875,1.1341681396875174
-127.1770833,45.20208333,-2879,-2879.3704480723964,0.370448072396357
-127.0895833,45.18125,-2875,-2874.062699828809,-0.9373001711910547
-127.1645833,45.41458333,-2873,-2869.529509521725,-3.4704904782752237
-127.06875,45.42708333,-2854,-2852.4699090344784,-1.5300909655215946
-127.0520833,45.25208333,-2868,-2870.3953402253287,2.3953402253287095
-127.3270833,45.41041667,-2885,-2888.496996897322,3.4969968973218784
-127.31875,45.16458333,-2872,-2873.1569092901195,1.156909290119529
-127.25625,45.35208333,-2889,-2889.326535741747,0.32653574174719324
-127.1354167,45.28541667,-2887,-2888.190119877143,1.1901198771429335
-127.4979167,45.31458333,-2889,-2890.2807058092535,1.2807058092535044
-127.11875,45.28125,-2877,-2881.925473122937,4.925473122937092
-127.29375,45.05625,-2893,-2888.61233161892,-4.387668381079948
-127.3854167,45.45625,-2924,-2899.1174730750704,-24.882526924929607
-127.0770833,45.26041667,-2870,-2873.471627051263,3.4716270512631127
-127.16875,45.41458333,-2873,-2870.022294575484,-2.977705424515989
-127.33125,45.46458333,-2916,-2913.931615532399,-2.0683844676009357
-127.04375,45.34375,-2874,-2871.266493644655,-2.733506355345071
-127.05625,45.22291667,-2874,-2871.2679552502645,-2.7320447497354508
-127.2479167,45.28958333,-2913,-2910.7717630187217,-2.2282369812783145
-127.28125,45.16458333,-2872,-2872.8146473278975,0.8146473278975463
-127.29375,45.49791667,-2847,-2880.1873541719574,33.187354171957395
-127.3895833,45.16041667,-2902,-2907.877277445633,5.877277445632899
-127.3229167,45.28125,-2920,-2921.191366802511,1.1913668025108564
-127.2604167,45.41875,-2876,-2878.499146008212,2.4991460082119374
-127.4270833,45.41875,-2944,-2918.1144031689546,-25.885596831045405
-127.40625,45.06458333,-2891,-2885.9551831122217,-5.044816887778325
-127.0104167,45.21875,-2867,-2865.733796256909,-1.266203743090955
-127.05625,45.15208333,-2865,-2865.6579120061697,0.6579120061696813
-127.18125,45.35625,-2881,-2880.934108823969,-0.06589117603107297
-127.1604167,45.06458333,-2858,-2859.8577815702156,1.857781570215593
-127.4479167,45.37708333,-2958,-2942.4861851026612,-15.513814897338762
-127.1645833,45.35625,-2880,-2879.284575895236,-0.7154241047642245
-127.23125,45.01041667,-2887,-2886.6500780052747,-0.3499219947252641
-127.4770833,45.42291667,-2836,-2836.7941243028877,0.794124302887667
-127.18125,45.23541667,-2888,-2885.8500133831526,-2.1499866168474
-127.20625,45.37708333,-2882,-2879.7045797159285,-2.295420284071497
-127.30625,45.28125,-2911,-2911.5487491596414,0.5487491596413747
-127.4645833,45.44791667,-2835,-2839.0774092160145,4.07740921601453
-127.3104167,45.00208333,-2959,-3010.6241183608017,51.62411836080173
-127.0229167,45.43541667,-2845,-2845.7637808006566,0.7637808006566047
-127.46875,45.29375,-2973,-2969.8298150012656,-3.170184998734385
-127.3020833,45.29375,-2927,-2922.6101258439276,-4.3898741560724375
-127.44375,45.18125,-2938,-2940.724036192423,2.7240361924227727
-127.0520833,45.22708333,-2873,-2870.537495573352,-2.462504426648138
-127.48125,45.35625,-2885,-2885.7933021351673,0.7933021351673233
-127.08125,45.30625,-2885,-2882.9670627095984,-2.0329372904016054
-127.3270833,45.27708333,-2921,-2918.472262182338,-2.5277378176620005
-127.45625,45.03541667,-2946,-2940.7249859022036,-5.275014097796429
-127.20625,45.02708333,-2886,-2882.8866417613403,-3.113358238659657
-127.1395833,45.42708333,-2864,-2866.1437764391353,2.1437764391353085
-127.0104167,45.26458333,-2866,-2865.449318820117,-0.5506811798832132
-127.2895833,45.46458333,-2903,-2903.5939721972204,0.5939721972204097
-127.3104167,45.38958333,-2884,-2887.256969054208,3.2569690542081844
-127.10625,45.13958333,-2866,-2866.8740331497243,0.874033149724255
-127.03125,45.12708333,-2859,-2859.5285769068305,0.5285769068304944
-127.0854167,45.26458333,-2870,-2876.050969967337,6.050969967337096
-127.00625,45.08958333,-2850,-2851.6545295496844,1.654529549684412
-127.0645833,45.07291667,-2858,-2855.4280646772545,-2.571935322745503
-127.1854167,45.47291667,-2869,-2866.043249050589,-2.956750949410889
-127.1604167,45.00208333,-2861,-2861.4599468768824,0.45994687688244085
-127.25625,45.21041667,-2879,-2879.6622814178363,0.6622814178363114
-127.1854167,45.18958333,-2876,-2876.9799239495965,0.9799239495964684
-127.1895833,45.39375,-2874,-2872.7406982777175,-1.2593017222825438
-127.0854167,45.40625,-2861,-2860.695723571977,-0.30427642802305854
-127.33125,45.13541667,-2866,-2872.792302334904,6.7923023349039795
-127.28125,45.27291667,-2893,-2899.5501927090863,6.550192709086332
-127.3229167,45.32708333,-2900,-2898.679200126278,-1.3207998737220805
-127.1854167,45.16875,-2872,-2870.714356506138,-1.2856434938621533
-127.0354167,45.34375,-2871,-2869.3528666718835,-1.6471333281165244
-127.0895833,45.11041667,-2859,-2858.414824031182,-0.5851759688180209
-127.00625,45.34375,-2864,-2865.717015650872,1.717015650871872
-127.4895833,45.36041667,-2868,-2871.3977102048593,3.3977102048593224
-127.4645833,45.06458333,-2895,-2897.290951756728,2.290951756728191
-127.4354167,45.08125,-2876,-2882.3072297482204,6.307229748220379
-127.49375,45.42291667,-2836,-2835.994683059943,-0.005316940057127795
-127.0604167,45.23958333,-2873,-2872.097942897495,-0.9020571025048412
-127.4895833,45.20625,-2900,-2899.057912157873,-0.9420878421269663
-127.06875,45.19375,-2875,-2872.5030797470727,-2.496920252927339
-127.2354167,45.38958333,-2879,-2877.5108115986563,-1.4891884013436538
-127.48125,45.11458333,-2868,-2867.4504626816615,-0.54953731833848
-127.01875,45.20625,-2867,-2866.619857316969,-0.3801426830309538
-127.44375,45.07291667,-2894,-2890.9070139436562,-3.0929860563437614
-127.1479167,45.21875,-2885,-2883.897046843602,-1.1029531563981436
-127.0854167,45.37708333,-2861,-2864.3465965457544,3.346596545754437
-127.1229167,45.06458333,-2855,-2856.8014458911794,1.8014458911793554
-127.1145833,45.07291667,-2858,-2857.2092863829216,-0.7907136170783815
-127.08125,45.17291667,-2872,-2870.60918997038,-1.3908100296198427
-127.45625,45.12291667,-2877,-2881.5001605300886,4.5001605300885785
-127.1979167,45.29375,-2899,-2900.1833326131114,1.1833326131113608
-127.0770833,45.13125,-2863,-2863.621879628906,0.6218796289058446
-127.0020833,45.36875,-2852,-2853.4996649114973,1.499664911497348
-127.1479167,45.11458333,-2864,-2862.659366451141,-1.340633548858932
-127.3479167,45.45208333,-2915,-2909.268929651338,-5.731070348661888
-127.2020833,45.41041667,-2873,-2873.720872238333,0.7208722383329587
-127.4770833,45.33125,-2933,-2933.0119191821195,0.01191918211952725
-127.0604167,45.17291667,-2869,-2870.0084132786014,1.008413278601438
-127.3229167,45.31041667,-2912,-2911.0687967590384,-0.9312032409616222
-127.49375,45.03541667,-2953,-2956.5891713216984,3.589171321698359
-127.29375,45.44375,-2885,-2888.1461701329845,3.14617013298448
-127.3645833,45.28125,-2922,-2924.3506231080837,2.3506231080837097
-127.0645833,45.39791667,-2859,-2858.9658646225053,-0.034135377494749264
-127.0395833,45.17708333,-2866,-2866.980738341208,0.9807383412080526
-127.18125,45.31458333,-2896,-2894.4742365236343,-1.5257634763656824
-127.4729167,45.13541667,-2877,-2870.7731715954005,-6.226828404599473
-127.2770833,45.43125,-2879,-2881.1997400075056,2.199740007505625
-127.00625,45.29375,-2868,-2868.6072401713723,0.6072401713722684
-127.04375,45.19375,-2872,-2869.928746517421,-2.071253482578868
-127.3395833,45.13541667,-2867,-2872.835712658849,5.835712658848934
-127.05625,45.46875,-2845,-2845.696037527404,0.6960375274038597
-127.2895833,45.36875,-2889,-2890.357571160667,1.3575711606667937
-127.1229167,45.28125,-2878,-2883.538473895684,5.538473895684092
-127.4354167,45.07291667,-2891,-2889.737534721559,-1.262465278441141
-127.06875,45.29375,-2887,-2881.4535178454653,-5.546482154534715
-127.3979167,45.17708333,-2969,-2958.8537068141845,-10.146293185815466
-127.1145833,45.06875,-2856,-2855.4822987053526,-0.5177012946473951
-127.1354167,45.31875,-2894,-2888.783692350953,-5.216307649046939
-127.0645833,45.43541667,-2851,-2850.768627531631,-0.23137246836904524
-127.0395833,45.39791667,-2855,-2854.5727927708404,-0.4272072291596487
-127.0729167,45.41458333,-2858,-2857.0065053587637,-0.9934946412363388
-127.48125,45.24791667,-2902,-2904.911934412604,2.9119344126038413
-127.3895833,45.08541667,-2943,-2964.491711831815,21.491711831814882
-127.1229167,45.08958333,-2859,-2858.7647540923163,-0.23524590768374765
-127.48125,45.36041667,-2880,-2881.002452827766,1.0024528277658646
-127.28125,45.11458333,-2868,-2869.6096780454095,1.6096780454095097
-127.03125,45.47708333,-2841,-2842.5877240455093,1.587724045509276
-127.3229167,45.01458333,-2921,-2909.687377971556,-11.312622028443911
-127.3729167,45.32708333,-2890,-2890.2453601921998,0.2453601921997688
-127.03125,45.03958333,-2840,-2840.6067091511995,0.6067091511995386
-127.01875,45.46458333,-2839,-2841.3876343057373,2.387634305737265
-127.2479167,45.02291667,-2899,-2898.7674105700307,-0.23258942996926635
-127.34375,45.20625,-2877,-2881.5457289225633,4.545728922563285
-127.3395833,45.26458333,-2928,-2923.0746032207285,-4.925396779271523
-127.4770833,45.25625,-2912,-2922.6709459971503,10.670945997150284
-127.4645833,45.24375,-2978,-2972.896395288522,-5.103604711478056
-127.44375,45.31875,-2893,-2886.3159717696576,-6.684028230342392
-127.3770833,45.42291667,-2914,-2910.1417354868613,-3.8582645131386926
-127.1979167,45.44375,-2871,-2870.8787562434786,-0.12124375652138042
-127.4479167,45.43541667,-2844,-2848.9071616319466,4.907161631946565
-127.26875,45.05208333,-2880,-2878.1419974893956,-1.858002510604365
-127.06875,45.01875,-2846,-2846.423462907415,0.423462907414887
-127.2229167,45.16041667,-2870,-2870.538216330917,0.5382163309168391
-127.08125,45.04791667,-2845,-2846.0425693619154,1.0425693619154117
-127.3104167,45.22708333,-2880,-2881.69539433365,1.6953943336498014
-127.25625,45.33125,-2894,-2896.7211140921795,2.721114092179505
-127.2479167,45.33958333,-2891,-2891.2426585802145,0.24265858021453823
-127.38125,45.23541667,-2945,-2936.412731274206,-8.58726872579382
-127.3395833,45.39375,-2885,-2888.6232325753235,3.6232325753235273
-127.0354167,45.16458333,-2865,-2865.264106679233,0.26410667923300934
-127.1520833,45.46458333,-2863,-2864.257429994567,1.2574299945667917
-127.1604167,45.18125,-2875,-2875.218152610988,0.21815261098799965
-127.0979167,45.41875,-2860,-2860.5665335335552,0.56653353355523
-127.15625,45.38541667,-2872,-2871.91397508684,-0.08602491316014493
-127.3729167,45.37708333,-2884,-2887.2713455793887,3.271345579388708
-127.2020833,45.01875,-2883,-2880.0846815339164,-2.9153184660835905
-127.1520833,45.09375,-2850,-2859.40903624301,9.409036243010178
-127.23125,45.29791667,-2906,-2903.526853953171,-2.473146046828788
-127.48125,45.30208333,-2929,-2922.70287013088,-6.297129869119999
-127.09375,45.06875,-2855,-2854.660558482235,-0.33944151776495346
-127.2354167,45.23958333,-2891,-2887.782639289512,-3.21736071048781
-127.3145833,45.28541667,-2917,-2924.0562394070976,7.056239407097564
-127.3520833,45.31875,-2901,-2899.3440808318883,-1.6559191681117227
-127.25625,45.43958333,-2880,-2878.4367956607393,-1.5632043392606647
-127.41875,45.16458333,-2944,-2950.0534996985984,6.0534996985984435
-127.3229167,45.03958333,-3026,-3012.097301355717,-13.902698644283191
-127.4854167,45.27291667,-2905,-2897.9562729268805,-7.0437270731194985
-127.28125,45.38958333,-2886,-2887.6119080910325,1.6119080910325465
-127.4479167,45.48125,-2831,-2831.580090965471,0.5800909654708448
-127.2729167,45.31041667,-2911,-2911.7314361138074,0.7314361138073764
-127.0354167,45.11875,-2857,-2857.6924260146757,0.6924260146756751
-127.36875,45.30625,-2898,-2899.2887583789698,1.28875837896976
-127.19375,45.33541667,-2888,-2887.3428912622353,-0.6571087377647018
-127.44375,45.06041667,-2892,-2891.4703393411464,-0.5296606588535724
-127.21875,45.10208333,-2858,-2860.4258666397927,2.42586663979273
-127.1145833,45.32291667,-2889,-2884.7146238970763,-4.285376102923692
-127.31875,45.33958333,-2894,-2892.847504219548,-1.1524957804522273
-127.49375,45.47291667,-2835,-2833.742485580431,-1.2575144195689063
-127.0020833,45.26458333,-2864,-2864.4405673429505,0.4405673429505441
-127.0104167,45.34375,-2865,-2866.2940417327645,1.2940417327645264
-127.1145833,45.15625,-2869,-2868.4692314605722,-0.5307685394277541
-127.3604167,45.31041667,-2899,-2902.284789424272,3.284789424271821
-127.2770833,45.18125,-2871,-2873.0159509498903,2.015950949890339
-127.1770833,45.25208333,-2889,-2886.4251887837127,-2.574811216287344
-127.38125,45.07708333,-2937,-2950.1250409197933,13.125040919793264
-127.16875,45.10208333,-2864,-2860.1304531417054,-3.8695468582945978
-127.24375,45.13125,-2871,-2869.8204050501736,-1.1795949498264235
-127.43125,45.34375,-2896,-2893.933711718844,-2.066288281156176
-127.35625,45.43125,-2904,-2904.286251663442,0.2862516634418171
-127.44375,45.07708333,-2888,-2886.8933982406834,-1.106601759316618
-127.4645833,45.05208333,-2906,-2912.7454563398155,6.745456339815519
-127.1520833,45.16041667,-2870,-2870.0151900062615,0.015190006261491362
-127.4479167,45.14375,-2994,-2971.894236701175,-22.105763298824968
-127.03125,45.30208333,-2864,-2873.588004578165,9.588004578165055
-127.1395833,45.14791667,-2867,-2867.427218236835,0.4272182368349604
-127.00625,45.16041667,-2862,-2862.4130136213953,0.41301362139529374
-127.1229167,45.09791667,-2860,-2858.841433302711,-1.1585666972891886
-127.14375,45.03958333,-2857,-2853.701110405385,-3.298889594615048
-127.3479167,45.32291667,-2900,-2897.562251480335,-2.4377485196650923
-127.3604167,45.18541667,-2890,-2885.640336243597,-4.359663756402824
-127.16875,45.02708333,-2863,-2862.90450281191,-0.0954971880901212
-127.03125,45.04375,-2839,-2840.6067091511995,1.6067091511995386
-127.1479167,45.18541667,-2875,-2878.0406016986135,3.0406016986135
-127.1020833,45.43125,-2856,-2858.016876905211,2.01687690521112
-127.0395833,45.03541667,-2840,-2841.816893373718,1.8168933737179032
-127.41875,45.07291667,-2894,-2897.432305820051,3.4323058200511696
-127.43125,45.25625,-2882,-2886.4813941886964,4.481394188696413
-127.44375,45.29791667,-2888,-2881.7510458647125,-6.248954135287477
-127.1520833,45.48958333,-2859,-2866.8019765640247,7.801976564024699
-127.3104167,45.25625,-2896,-2902.68293972607,6.68293972606989
-127.49375,45.43541667,-2836,-2835.158194054017,-0.8418059459831966
-127.3645833,45.38958333,-2887,-2889.1003980235378,2.100398023537764
-127.45625,45.03125,-2941,-2946.59265728462,5.592657284620145
-127.0479167,45.11041667,-2855,-2856.777109629688,1.7771096296878568
-127.44375,45.12291667,-2896,-2944.900166092457,48.90016609245686
-127.0979167,45.47708333,-2853,-2854.574091356381,1.5740913563809045
-127.4979167,45.36041667,-2861,-2868.1891459460808,7.189145946080771
-127.2354167,45.20208333,-2878,-2877.7209804415847,-0.27901955841525705
-127.21875,45.48958333,-2854,-2854.631045365735,0.63104536573519
-127.0229167,45.11875,-2856,-2856.2741476761075,0.2741476761075319
-127.3270833,45.14375,-2869,-2878.3753802138212,9.375380213821245
-127.01875,45.27708333,-2869,-2867.977249916283,-1.0227500837168009
-127.0729167,45.31458333,-2883,-2879.8951610785284,-3.1048389214715826
-127.0145833,45.10625,-2853,-2853.402698153901,0.40269815390092845
-127.1395833,45.16875,-2871,-2871.0204351337065,0.02043513370654182
-127.3145833,45.14375,-2881,-2881.211305000101,0.21130500010121978
-127.2270833,45.30625,-2900,-2900.7137153371323,0.7137153371322711
-127.34375,45.32291667,-2900,-2897.8393833385985,-2.160616661401491
-127.1895833,45.11458333,-2865,-2862.6152802511187,-2.3847197488812526
-127.0104167,45.20208333,-2866,-2865.7676147354396,-0.23238526456043473
-127.3729167,45.19791667,-2888,-2915.15510288368,27.155102883679774
-127.3145833,45.05625,-2963,-2990.1311243635614,27.131124363561412
-127.1395833,45.02291667,-2856,-2858.111916026832,2.111916026832205
-127.3020833,45.47291667,-2915,-2911.0738710431046,-3.9261289568953543
-127.45625,45.48125,-2831,-2831.1903694213347,0.19036942133470802
-127.25625,45.44791667,-2882,-2880.9865042326624,-1.0134957673376448
-127.15625,45.47708333,-2866,-2864.8661875339794,-1.1338124660205722
-127.3270833,45.17708333,-2876,-2874.7303923944987,-1.2696076055012782
-127.0770833,45.46875,-2851,-2851.2460568319825,0.24605683198251427
-127.05625,45.17291667,-2868,-2868.7865905871836,0.7865905871835821
-127.2729167,45.07291667,-2884,-2880.9856977340387,-3.0143022659613052
-127.39375,45.31875,-2878,-2883.0121456393526,5.012145639352639
-127.18125,45.36458333,-2879,-2878.370825929554,-0.6291740704459698
-127.26875,45.12291667,-2877,-2872.6910510362186,-4.308948963781404
-127.1770833,45.36458333,-2879,-2878.370825929554,-0.6291740704459698
-127.4604167,45.25625,-2976,-2971.7401073927736,-4.259892607226448
-127.13125,45.04791667,-2853,-2853.9122769872797,0.9122769872797107
-127.2229167,45.36458333,-2885,-2881.485396047019,-3.514603952980906
-127.30625,45.03541667,-3020,-2970.232190241714,-49.76780975828615
-127.04375,45.00625,-2848,-2847.6587305466155,-0.3412694533844842
-127.18125,45.18958333,-2876,-2877.1465511045562,1.146551104556238
-127.34375,45.08958333,-2902,-2928.59042523498,26.590425234980103
-127.1104167,45.33958333,-2878,-2882.590320864433,4.590320864433124
-127.4520833,45.30625,-2894,-2907.756325623183,13.756325623182875
-127.0020833,45.15208333,-2861,-2860.950227443997,-0.04977255600306307
-127.46875,45.39375,-2858,-2869.7081352463297,11.708135246329675
-127.48125,45.34791667,-2893,-2896.9289344653675,3.928934465367547
-127.1479167,45.38541667,-2870,-2871.4110339873996,1.4110339873996054
-127.3604167,45.22708333,-2923,-2918.002334695234,-4.9976653047660875
-127.2354167,45.42708333,-2876,-2873.9225200925225,-2.077479907477482
-127.19375,45.37708333,-2881,-2878.094583561803,-2.9054164381968803
-127.1979167,45.46458333,-2871,-2867.9350238800916,-3.0649761199083514
-127.29375,45.13541667,-2866,-2869.816164388893,3.8161643888929575
-127.2645833,45.14791667,-2872,-2870.842528782202,-1.1574712177980473
-127.1395833,45.01041667,-2855,-2857.461979676952,2.461979676952069
-127.0104167,45.46875,-2838,-2840.383947924743,2.3839479247430972
-127.4354167,45.05208333,-2889,-2890.0214793123,1.0214793123000163
-127.49375,45.35208333,-2871,-2876.3895334133153,5.389533413315348
-127.09375,45.40208333,-2862,-2861.8422432446932,-0.1577567553067638
-127.1770833,45.38958333,-2874,-2872.674022876343,-1.3259771236571396
-127.24375,45.45208333,-2880,-2875.955227733698,-4.044772266302061
-127.2645833,45.23958333,-2885,-2887.6624287570426,2.662428757042562
-127.0520833,45.43958333,-2849,-2848.7958796038884,-0.204120396111648
-127.1979167,45.18541667,-2874,-2876.2477705173915,2.247770517391473
-127.2854167,45.37708333,-2887,-2888.9457617057715,1.9457617057714742
-127.11875,45.17291667,-2874,-2873.676548466601,-0.32345153339883836
-127.38125,45.28958333,-2902,-2898.3094438506364,-3.6905561493636014
-127.3479167,45.41041667,-2890,-2893.138884735415,3.138884735415104
-127.4020833,45.29791667,-2882,-2879.234655501676,-2.765344498323884
-127.1729167,45.07291667,-2862,-2861.297518786915,-0.7024812130848659
-127.1854167,45.23958333,-2884,-2886.858700009177,2.858700009177028
-127.1020833,45.10208333,-2859,-2856.91676916983,-2.0832308301701232
-127.18125,45.04791667,-2853,-2856.617838517002,3.6178385170019283
-127.2229167,45.18958333,-2875,-2876.15241185351,1.152411853509875
-127.1979167,45.39791667,-2874,-2875.1899729413403,1.1899729413403293
-127.13125,45.17708333,-2874,-2874.9527328195313,0.9527328195313203
-127.2854167,45.36041667,-2892,-2892.0602011011983,0.060201101198344986
-127.29375,45.08958333,-2874,-2871.034791146323,-2.9652088536768133
-127.2104167,45.44791667,-2872,-2871.044369996841,-0.9556300031590581
-127.0770833,45.18541667,-2874,-2872.3984868341076,-1.6015131658923565
-127.21875,45.17291667,-2872,-2872.249087029663,0.24908702966286
-127.4104167,45.13125,-2991,-2985.2773493660707,-5.722650633929334
-127.0104167,45.24791667,-2865,-2865.665192178718,0.6651921787179162
-127.0020833,45.49375,-2836,-2838.6749660699447,2.6749660699447304
-127.16875,45.10625,-2864,-2860.6273578648334,-3.372642135166643
-127.4354167,45.46458333,-2835,-2832.7719524360878,-2.2280475639122415
-127.0854167,45.44375,-2852,-2853.5822853415834,1.5822853415834288
-127.3729167,45.33541667,-2886,-2887.9919738240187,1.9919738240187144
-127.1020833,45.25208333,-2876,-2876.8908734165057,0.8908734165056558
-127.03125,45.41458333,-2852,-2851.2620471042405,-0.737952895759463
-127.4270833,45.16041667,-2934,-2947.5937205651626,13.593720565162585
-127.4604167,45.32708333,-2954,-2951.3708594651457,-2.6291405348542867
-127.2645833,45.26458333,-2889,-2897.198306563266,8.198306563266215
-127.19375,45.02291667,-2879,-2876.8751804152103,-2.1248195847897478
-127.01875,45.21041667,-2868,-2866.619857316969,-1.3801426830309538
-127.49375,45.03125,-2951,-2955.6706517503735,4.6706517503735085
-127.0270833,45.07291667,-2854,-2853.5719616696174,-0.42803833038260564
-127.14375,45.20625,-2882,-2882.55218818379,0.5521881837898945
-127.1145833,45.34375,-2879,-2880.51584196361,1.5158419636100007
-127.1520833,45.25625,-2886,-2884.8527123381155,-1.1472876618845476
-127.09375,45.10208333,-2858,-2856.6894621095976,-1.3105378904024292
-127.4479167,45.45625,-2836,-2836.413363967853,0.41336396785300167
-127.1229167,45.13541667,-2865,-2866.390901983552,1.3909019835518848
-127.31875,45.34791667,-2894,-2889.256112936957,-4.743887063043076
-127.10625,45.28125,-2885,-2880.570328038354,-4.429671961645909
-127.1020833,45.11041667,-2860,-2858.4898602218473,-1.510139778152734
-127.3979167,45.38541667,-2894,-2897.712516505816,3.7125165058159837
-127.1229167,45.01875,-2853,-2853.7670283855286,0.767028385528647
-127.4770833,45.43541667,-2835,-2835.3381477199423,0.33814771994229886
-127.1604167,45.32291667,-2891,-2891.1242080971624,0.1242080971624091
-127.2354167,45.07291667,-2875,-2871.0234362668275,-3.9765637331724975
-127.19375,45.19375,-2877,-2876.8091384478676,-0.19086155213244638
-127.4729167,45.32708333,-2955,-2950.4377011609627,-4.562298839037339
-127.23125,45.14375,-2869,-2868.564153075847,-0.43584692415288373
-127.19375,45.23958333,-2891,-2886.687914507448,-4.312085492551887
-127.01875,45.13541667,-2861,-2859.808054304699,-1.1919456953010013
-127.4729167,45.13958333,-2873,-2869.9189629072907,-3.0810370927092663
-127.2520833,45.02291667,-2901,-2900.3936022320377,-0.6063977679623349
-127.1520833,45.03125,-2860,-2861.152030292983,1.1520302929829995
-127.00625,45.22708333,-2866,-2865.201830435905,-0.798169564095133
-127.2604167,45.08125,-2873,-2873.9640804107003,0.9640804107002623
-127.4645833,45.12291667,-2873,-2875.8539262846684,2.8539262846684323
-127.1229167,45.03958333,-2854,-2852.009492801415,-1.9905071985849645
-127.4229167,45.10625,-2917,-2941.9479808731853,24.947980873185315
-127.4729167,45.30208333,-2960,-2958.2005413184493,-1.7994586815507319
-127.2520833,45.35625,-2889,-2888.056733752085,-0.9432662479148348
-127.25625,45.45625,-2881,-2883.9986656549167,2.998665654916749
-127.25625,45.36041667,-2889,-2889.118936639484,0.11893663948421818
-127.4854167,45.13125,-2869,-2871.3068530483793,2.306853048379253
-127.1854167,45.26875,-2894,-2890.8108286748034,-3.1891713251966394
-127.3104167,45.22291667,-2879,-2880.5635290105515,1.5635290105515196
-127.28125,45.08541667,-2874,-2873.428491467962,-0.571508532038024
-127.3020833,45.43541667,-2881,-2886.6215340442845,5.6215340442845445
-127.0270833,45.16458333,-2864,-2864.329701787225,0.32970178722507626
-127.2145833,45.28125,-2904,-2899.956556483941,-4.043443516059142
-127.1145833,45.41458333,-2862,-2862.494464729987,0.4944647299871576
-127.41875,45.16875,-2939,-2944.5347994112176,5.534799411217591
-127.35625,45.18125,-2883,-2882.203665678975,-0.796334321024915
-127.4520833,45.49375,-2834,-2833.346640730633,-0.6533592693667742
-127.3604167,45.11875,-2870,-2888.6977788807394,18.697778880739406
-127.2104167,45.34791667,-2885,-2885.667351430289,0.6673514302888179
-127.1645833,45.36458333,-2878,-2876.721293000821,-1.2787069991791213
-127.29375,45.41041667,-2882,-2883.2205530266947,1.220553026694688
-127.3229167,45.33125,-2898,-2895.570963241556,-2.429036758443999
-127.2270833,45.11458333,-2860,-2862.3081881976636,2.3081881976636396
-127.1770833,45.35625,-2881,-2880.934108823969,-0.06589117603107297
-127.01875,45.41875,-2848,-2848.744906939787,0.7449069397871426
-127.1979167,45.12291667,-2866,-2865.0444360168344,-0.9555639831655753
-127.0979167,45.06041667,-2852,-2850.963548799161,-1.0364512008391102
-127.1270833,45.31041667,-2891,-2888.803490180353,-2.1965098196469626
-127.30625,45.41875,-2882,-2885.5036205454544,3.503620545454396
-127.23125,45.43541667,-2877,-2873.165233975706,-3.834766024293913
-127.4604167,45.41458333,-2848,-2851.9324681037283,3.932468103728297
-127.24375,45.38125,-2883,-2881.4770453133006,-1.5229546866994497
-127.3979167,45.30625,-2880,-2880.4642627209514,0.4642627209514103
-127.1729167,45.47291667,-2864,-2865.1945410786607,1.1945410786606772
-127.3645833,45.10625,-2917,-2928.8428863903728,11.842886390372769
-127.1270833,45.18125,-2878,-2875.861001106888,-2.138998893111875
-127.2270833,45.14375,-2869,-2868.0182758633896,-0.9817241366104099
-127.46875,45.49791667,-2837,-2835.096375174115,-1.90362482588489
-127.0229167,45.01458333,-2844,-2843.3549104520976,-0.6450895479024439
-127.2770833,45.40625,-2882,-2880.566547209539,-1.4334527904611605
-127.1229167,45.13125,-2864,-2864.6323121828455,0.6323121828454532
-127.43125,45.04375,-2885,-2897.546010571246,12.546010571245915
-127.23125,45.48541667,-2850,-2859.312646965812,9.312646965811837
-127.3145833,45.18125,-2877,-2873.490748725802,-3.50925127419805
-127.3354167,45.08958333,-2884,-2898.97405742916,14.974057429159984
-127.3645833,45.00208333,-2942,-2911.9675691859347,-30.032430814065265
-127.0270833,45.45208333,-2842,-2843.3975481158714,1.3975481158713592
-127.3604167,45.00208333,-2939,-2911.9675691859347,-27.032430814065265
-127.0104167,45.49791667,-2839,-2840.8253176991084,1.825317699108382
-127.4604167,45.23958333,-2980,-2973.6539873560123,-6.346012643987706
-127.1354167,45.06041667,-2855,-2857.413510773836,2.413510773836151
-127.24375,45.30208333,-2909,-2907.36963276103,-1.6303672389699386
-127.0520833,45.12291667,-2859,-2861.0830555908237,2.083055590823733
-127.4895833,45.25625,-2895,-2893.7114107808106,-1.2885892191893618
-127.4645833,45.17291667,-2953,-2948.086664375037,-4.913335624963111
-127.0104167,45.23958333,-2867,-2865.665192178718,-1.3348078212820838
-127.1145833,45.21041667,-2879,-2878.3624148669937,-0.6375851330062687
-127.1020833,45.18541667,-2878,-2875.5196168990915,-2.4803831009085116
-127.4729167,45.08125,-2881,-2880.3076566343602,-0.692343365639772
-127.18125,45.38125,-2880,-2875.088464445162,-4.911535554837883
-127.4645833,45.42291667,-2843,-2844.5493888994038,1.5493888994037661
-127.3479167,45.08958333,-2930,-2946.4985635226785,16.498563522678523
-127.3104167,45.46458333,-2916,-2910.2619119052756,-5.7380880947243895
-127.1229167,45.27708333,-2876,-2881.806395868288,5.8063958682878365
-127.43125,45.15208333,-2952,-2962.3487120349446,10.348712034944583
-127.39375,45.07291667,-2905,-2904.512802795417,-0.4871972045830262
-127.15625,45.40625,-2871,-2870.3588344959585,-0.6411655040415098
-127.3729167,45.07708333,-2983,-2976.1896177439608,-6.810382256039247
-127.18125,45.25625,-2891,-2887.794050918175,-3.2059490818251106
-127.4145833,45.48541667,-2837,-2832.3190544197614,-4.6809455802385855
-127.3645833,45.46458333,-2915,-2906.2398337089685,-8.76016629103151
-127.4520833,45.28541667,-2898,-2913.7866400607445,15.786640060744503
-127.48125,45.25625,-2904,-2905.9012953887445,1.9012953887445292
-127.0395833,45.18125,-2867,-2868.2849835943607,1.2849835943607104
-127.3395833,45.39791667,-2885,-2889.6157963928754,4.615796392875382
-127.4895833,45.43125,-2836,-2835.3381477199423,-0.6618522800577011
-127.2729167,45.02291667,-2914,-2909.0995571816284,-4.90044281837163
-127.2520833,45.09791667,-2862,-2865.727214061118,3.7272140611180475
-127.0270833,45.22291667,-2869,-2867.4762796547066,-1.523720345293441
-127.0520833,45.06458333,-2851,-2851.236238454105,0.23623845410520516
-127.24375,45.31875,-2900,-2902.135059665564,2.1350596655638583
-127.31875,45.05208333,-3028,-3022.965484864083,-5.03451513591699
-127.4895833,45.40625,-2841,-2839.482935868753,-1.5170641312470252
-127.3020833,45.10208333,-2870,-2868.9571288819575,-1.0428711180425125
-127.08125,45.00208333,-2855,-2850.403196402723,-4.596803597276903
-127.30625,45.03958333,-3015,-2969.6279502039843,-45.372049796015745
-127.4145833,45.12708333,-2997,-2987.2616605479425,-9.738339452057517
-127.1979167,45.06458333,-2865,-2864.9412779599547,-0.05872204004526793
-127.0729167,45.26041667,-2869,-2872.767670453233,3.7676704532332224
-127.4104167,45.16458333,-2974,-2972.6393042630775,-1.3606957369224801
-127.2770833,45.21875,-2878,-2878.0499337271776,0.049933727177631226
-127.4354167,45.30208333,-2880,-2878.3967902615104,-1.6032097384895678
-127.39375,45.37708333,-2890,-2892.6823479165387,2.6823479165386743
-127.01875,45.21875,-2868,-2866.5860388384385,-1.413961161561474
-127.1520833,45.36875,-2876,-2876.0915502051594,0.09155020515936485
-127.24375,45.23125,-2885,-2886.2248993524854,1.2248993524854086
-127.33125,45.28958333,-2938,-2925.847047166769,-12.152952833231211
-127.0020833,45.18125,-2866,-2864.0969947668136,-1.9030052331863772
-127.1895833,45.26041667,-2894,-2889.1577130788514,-4.84228692114857
-127.3604167,45.39791667,-2889,-2890.822076862913,1.8220768629130362
-127.0020833,45.24375,-2864,-2864.675512194496,0.6755121944961502
-127.3645833,45.27291667,-2931,-2930.122609097308,-0.8773909026917863
-127.13125,45.02291667,-2854,-2855.3183253609,1.318325360899962
-127.0895833,45.40625,-2861,-2860.695723571977,-0.30427642802305854
-127.08125,45.29375,-2890,-2883.2707245731344,-6.72927542686557
-127.24375,45.22708333,-2884,-2884.376259842959,0.3762598429589161
-127.4395833,45.36041667,-2907,-2908.397424383104,1.397424383103953
-127.2395833,45.48125,-2862,-2871.3968537889855,9.396853788985482
-127.1104167,45.21875,-2878,-2878.04648973427,0.046489734269925975
-127.1729167,45.33541667,-2887,-2887.17470565749,0.17470565748999434
-127.1895833,45.16041667,-2870,-2870.1862173937616,0.18621739376158075
-127.05625,45.32291667,-2879,-2877.1735827625675,-1.8264172374324517
-127.4979167,45.30208333,-2895,-2893.1767424710156,-1.8232575289844135
-127.34375,45.35208333,-2892,-2889.36505328549,-2.634946714510079
-127.3645833,45.32291667,-2894,-2894.4218432715015,0.42184327150152967
-127.41875,45.47708333,-2838,-2834.398039068414,-3.601960931585836
-127.28125,45.41458333,-2881,-2882.841724770805,1.8417247708048308
-127.36875,45.37708333,-2882,-2887.287985589096,5.287985589096024
-127.39375,45.08541667,-2924,-2958.000426323628,34.000426323627835
-127.0729167,45.33541667,-2880,-2877.859501699576,-2.140498300424042
-127.1729167,45.46875,-2866,-2865.1945410786607,-0.8054589213393228
-127.36875,45.49791667,-2834,-2836.9311664015254,2.931166401525388
-127.24375,45.34375,-2891,-2888.635774277446,-2.3642257225537833
-127.4479167,45.33125,-2905,-2898.9355516298156,-6.0644483701844365
-127.4645833,45.10625,-2869,-2866.3604946797664,-2.6395053202336385
-127.2229167,45.11875,-2864,-2865.145076980551,1.145076980551039
-127.1979167,45.36041667,-2882,-2882.5742341586247,0.5742341586246766
-127.2979167,45.05208333,-2894,-2913.6953900972326,19.695390097232575
-127.3479167,45.22708333,-2889,-2902.767641012622,13.76764101262188
-127.10625,45.12708333,-2863,-2862.7301108418033,-0.2698891581967473
-127.3979167,45.05625,-2885,-2887.944917392605,2.9449173926050207
-127.3145833,45.07291667,-2898,-2906.2679025075695,8.267902507569488
-127.05625,45.03541667,-2840,-2842.004176288986,2.0041762889859456
-127.2270833,45.22708333,-2884,-2885.314413726662,1.3144137266622238
-127.48125,45.16875,-2876,-2875.547461984442,-0.45253801555782047
-127.3895833,45.35625,-2882,-2887.6207815559815,5.620781555981466
-127.35625,45.21875,-2891,-2913.174232544076,22.17423254407595
-127.3854167,45.16875,-2884,-2894.034669395772,10.034669395772198
-127.1979167,45.03958333,-2857,-2858.19400520308,1.1940052030799961
-127.2895833,45.38541667,-2887,-2887.6317663742752,0.6317663742752302
-127.34375,45.15625,-2870,-2868.047829732888,-1.9521702671117964
-127.49375,45.23125,-2895,-2893.3926570504755,-1.6073429495245364
-127.4479167,45.12291667,-2886,-2912.6890592512214,26.68905925122135
-127.20625,45.18541667,-2874,-2876.2044179474537,2.2044179474537486
-127.0020833,45.44375,-2842,-2842.6902689677845,0.6902689677845046
-127.1729167,45.17708333,-2873,-2874.2101928612874,1.2101928612873962
-127.33125,45.34375,-2895,-2891.592324127285,-3.4076758727151173
-127.2854167,45.23125,-2882,-2879.645780054972,-2.354219945028035
-127.0979167,45.14791667,-2867,-2866.785896365279,-0.21410363472114113
-127.2979167,45.07708333,-2885,-2880.755840062094,-4.244159937905806
-127.4020833,45.01041667,-2969,-2968.948420203289,-0.05157979671093926
-127.0104167,45.18125,-2866,-2864.7709172732752,-1.229082726724755
-127.23125,45.43125,-2876,-2873.165233975706,-2.834766024293913
-127.1645833,45.35208333,-2881,-2881.06525174736,0.06525174735998007
-127.2354167,45.06041667,-2873,-2871.468000263018,-1.5319997369820157
-127.18125,45.41041667,-2875,-2871.5137421705303,-3.4862578294696505
-127.0354167,45.46458333,-2843,-2843.8033782153334,0.8033782153333959
-127.3645833,45.08958333,-3017,-2983.161910290383,-33.83808970961718
-127.4645833,45.21458333,-2986,-2985.019231339977,-0.9807686600229317
-127.2895833,45.04791667,-2888,-2885.775980032722,-2.2240199672778544
-127.0729167,45.16875,-2870,-2870.0521043815834,0.05210438158337638
-127.2895833,45.35625,-2894,-2892.0080931588145,-1.9919068411854823
-127.05625,45.41875,-2854,-2853.9861253023773,-0.013874697622668464
-127.03125,45.48958333,-2841,-2842.53397640129,1.533976401290147
-127.0979167,45.46041667,-2854,-2855.314158028231,1.3141580282308496
-127.44375,45.49375,-2833,-2832.1052514032795,-0.8947485967205466
-127.0729167,45.20208333,-2877,-2873.302213622494,-3.697786377505963
-127.11875,45.33958333,-2879,-2882.5963825715216,3.5963825715216444
-127.44375,45.37708333,-2955,-2933.25847683791,-21.741523162089834
-127.09375,45.16875,-2874,-2872.060074156553,-1.939925843446872
-127.3020833,45.03958333,-2993,-2954.8356317784624,-38.16436822153764
-127.0645833,45.14791667,-2865,-2865.9247686590884,0.9247686590883859
-127.03125,45.04791667,-2838,-2840.4943519570475,2.4943519570474564
-127.4979167,45.43125,-2836,-2835.3864546091295,-0.6135453908705131
-127.0979167,45.18958333,-2877,-2876.299359152485,-0.7006408475149328
-127.4645833,45.40208333,-2855,-2858.0482641270733,3.048264127073253
-127.2229167,45.30208333,-2898,-2901.739043419879,3.739043419879181
-127.0895833,45.44791667,-2852,-2853.5822853415834,1.5822853415834288
-127.4270833,45.25625,-2883,-2886.4813941886964,3.481394188696413
-127.1395833,45.44791667,-2863,-2864.036457884096,1.036457884095853
-127.01875,45.06041667,-2845,-2845.8964634869117,0.8964634869116708
-127.1270833,45.13958333,-2866,-2867.3428099451417,1.3428099451416529
-127.2854167,45.38958333,-2886,-2887.6119080910325,1.6119080910325465
-127.0645833,45.16875,-2869,-2869.6560274822195,0.6560274822195424
-127.03125,45.23125,-2870,-2868.089458935345,-1.910541064654808
-127.48125,45.46458333,-2834,-2833.2071011496682,-0.7928988503317669
-127.4479167,45.41041667,-2863,-2879.2610842845666,16.26108428456655
-127.1479167,45.30625,-2895,-2893.6376504602417,-1.3623495397582701
-127.21875,45.21041667,-2881,-2882.2486447357073,1.2486447357073303
-127.3979167,45.28125,-2892,-2892.2788158391086,0.27881583910857444
-127.14375,45.13958333,-2866,-2867.288047961048,1.2880479610480506
-127.2020833,45.13958333,-2868,-2868.046538308755,0.046538308754861646
-127.2145833,45.26458333,-2898,-2893.5846875390034,-4.415312460996574
-127.3770833,45.16458333,-2868,-2878.287286478041,10.287286478041096
-127.1270833,45.31875,-2891,-2886.333686376912,-4.666313623088172
-127.31875,45.06875,-2906,-2937.104144556976,31.104144556975825
-127.3895833,45.43958333,-2935,-2917.631145415018,-17.36885458498182
-127.24375,45.43125,-2877,-2876.3394185500388,-0.6605814499612279
-127.03125,45.29791667,-2870,-2874.328950090124,4.328950090124181
-127.2770833,45.08958333,-2872,-2870.752558808113,-1.2474411918869919
-127.3895833,45.38125,-2890,-2895.047275032599,5.047275032598918
-127.1020833,45.12291667,-2861,-2862.7301108418033,1.7301108418032527
-127.1770833,45.39375,-2872,-2872.470848792875,0.47084879287513104
-127.4854167,45.38125,-2857,-2856.2365734878795,-0.7634265121205317
-127.23125,45.39375,-2878,-2877.0002052662057,-0.9997947337942605
-127.40625,45.01041667,-2972,-2968.920973539455,-3.07902646054481
-127.09375,45.11041667,-2859,-2858.262553161615,-0.7374468383850399
-127.3479167,45.35208333,-2891,-2889.36505328549,-1.634946714510079
-127.1145833,45.40625,-2864,-2863.7539537880316,-0.24604621196840526
-127.4270833,45.43541667,-2850,-2867.4089335057092,17.40893350570923
-127.3895833,45.06458333,-2900,-2895.5427687373754,-4.457231262624646
-127.15625,45.39791667,-2871,-2870.3911517803313,-0.6088482196687437
-127.4979167,45.23541667,-2893,-2891.8297841561493,-1.1702158438506558
-127.4604167,45.08958333,-2872,-2872.2417596702876,0.2417596702875926
-127.2354167,45.26875,-2898,-2898.305952908995,0.30595290899509564
-127.1270833,45.36875,-2872,-2872.6574083515347,0.6574083515347411
-127.0020833,45.28541667,-2866,-2866.994366710592,0.9943667105922032
-127.0395833,45.30625,-2872,-2874.490242120372,2.4902421203719314
-127.2770833,45.06458333,-2887,-2884.256349133346,-2.7436508666542068
-127.4729167,45.24375,-2944,-2940.712663641486,-3.2873363585140396
-127.4395833,45.26041667,-2885,-2890.1094609327065,5.109460932706497
-127.08125,45.03541667,-2845,-2845.6733798481628,0.6733798481627673
-127.14375,45.31875,-2892,-2889.0412030128928,-2.9587969871072346
-127.49375,45.48541667,-2836,-2836.345047863471,0.34504786347088157
-127.00625,45.05208333,-2836,-2839.428374411392,3.4283744113918146
-127.1770833,45.08541667,-2857,-2860.067185847312,3.0671858473119755
-127.0895833,45.28125,-2878,-2879.4587365093703,1.4587365093702829
-127.0395833,45.05208333,-2839,-2841.320283050088,2.3202830500881646
-127.0979167,45.35208333,-2875,-2874.0047648175864,-0.9952351824135803
-127.4270833,45.47708333,-2835,-2832.736777021218,-2.2632229787818687
-127.36875,45.39375,-2889,-2890.1803911341353,1.1803911341353341
-127.3395833,45.21875,-2881,-2890.454176962366,9.454176962366091
-127.1104167,45.02291667,-2852,-2852.3648547774333,0.36485477743326555
-127.16875,45.07291667,-2862,-2861.1718020976737,-0.8281979023263375
-127.2104167,45.16875,-2872,-2870.5902224248607,-1.4097775751392874
-127.3979167,45.11458333,-3003,-2991.8773827463924,-11.122617253607586
-127.2520833,45.07708333,-2877,-2873.89541629851,-3.1045837014899007
-127.39375,45.36458333,-2886,-2890.3231091452726,4.3231091452726105
-127.1479167,45.44791667,-2864,-2865.3231937877313,1.3231937877312703
-127.08125,45.20208333,-2879,-2873.6002845812322,-5.399715418767755
-127.00625,45.42708333,-2847,-2845.4401052506755,-1.559894749324485
-127.0020833,45.13958333,-2860,-2860.04823465601,0.04823465601020871
-127.2020833,45.43958333,-2871,-2871.044369996841,0.044369996840941894
-127.3354167,45.00208333,-2890,-2891.8302460874947,1.8302460874947428
-127.2770833,45.23125,-2883,-2881.713848623771,-1.2861513762290997
-127.0145833,45.01041667,-2846,-2843.9027575920513,-2.09724240794867
-127.0520833,45.31458333,-2876,-2876.3945737355084,0.394573735508402
-127.06875,45.17708333,-2871,-2870.2021370317557,-0.797862968244317
-127.2020833,45.42708333,-2874,-2872.4634917623307,-1.5365082376692953
-127.4020833,45.40625,-2907,-2904.8334069203993,-2.166593079600716
-127.23125,45.30208333,-2904,-2902.6591336999163,-1.3408663000836896
-127.2270833,45.00625,-2883,-2881.58850207315,-1.4114979268501884
-127.18125,45.32291667,-2891,-2891.7724918157014,0.7724918157014145
-127.4979167,45.13541667,-2873,-2871.9822917188426,-1.017708281157411
-127.49375,45.24791667,-2895,-2893.325083234883,-1.6749167651169046
-127.03125,45.01041667,-2846,-2845.0192425832242,-0.9807574167757593
-127.4395833,45.05625,-2888,-2887.1598981166144,-0.8401018833856142
-127.1895833,45.41458333,-2873,-2871.6311872135857,-1.3688127864143098
-127.39375,45.29375,-2889,-2888.8888195456548,-0.11118045434523083
-127.3104167,45.48541667,-2916,-2899.178196664712,-16.821803335288223
-127.45625,45.49791667,-2835,-2833.380622771815,-1.6193772281849306
-127.2479167,45.24791667,-2890,-2889.0649689329866,-0.9350310670133695
-127.0354167,45.43125,-2848,-2848.264751471495,0.2647514714949466
-127.0854167,45.07708333,-2857,-2856.60295067504,-0.3970493249598803
-127.0270833,45.44375,-2843,-2844.986559056645,1.986559056645092
-127.4354167,45.17708333,-2910,-2923.520114593871,13.520114593870858
-127.0104167,45.43541667,-2844,-2844.6510350714248,0.6510350714247579
-127.0145833,45.13541667,-2861,-2859.4205161493182,-1.5794838506817541
-127.31875,45.43125,-2885,-2893.6566502652577,8.656650265257667
-127.3729167,45.03125,-2861,-2872.597745834726,11.597745834726084
-127.3354167,45.16875,-2871,-2872.008724493668,1.008724493668069
-127.41875,45.15208333,-2954,-2961.747177956408,7.747177956407995
-127.0104167,45.19375,-2867,-2865.7676147354396,-1.2323852645604347
-127.16875,45.46875,-2867,-2864.604839837871,-2.395160162128832
-127.2229167,45.00208333,-2881,-2881.58850207315,0.5885020731498116
-127.0604167,45.06458333,-2852,-2851.5266878797697,-0.47331212023027547
-127.2520833,45.34791667,-2890,-2888.056733752085,-1.9432662479148348
-127.2479167,45.13125,-2873,-2870.741976058203,-2.2580239417970915
-127.3854167,45.33125,-2880,-2883.5505933595496,3.5505933595495662
-127.4104167,45.41041667,-2923,-2912.040604206742,-10.959395793257954
-127.0104167,45.30625,-2867,-2868.803825932904,1.8038259329041466
-127.3270833,45.01458333,-2910,-2903.983366168743,-6.016633831256968
-127.3729167,45.12708333,-2899,-2893.746408372747,-5.253591627253172
-127.1895833,45.40625,-2873,-2872.2979081209237,-0.7020918790763062
-127.1229167,45.34375,-2881,-2882.3407891358424,1.3407891358424422
-127.2479167,45.47291667,-2873,-2879.0495721396715,6.049572139671454
-127.1854167,45.01875,-2867,-2868.9735889011295,1.9735889011294603
-127.01875,45.01041667,-2846,-2843.961342220605,-2.03865777939518
-127.3979167,45.20208333,-2960,-2952.37017617308,-7.629823826920074
-127.11875,45.32291667,-2889,-2884.720685604165,-4.279314395835172
-127.38125,45.33958333,-2881,-2883.429382032541,2.4293820325410707
-127.2229167,45.30625,-2897,-2900.394274715646,3.3942747156461337
-127.20625,45.05625,-2862,-2863.5711491161283,1.5711491161282538
-127.3604167,45.00625,-2923,-2910.1953847187383,-12.804615281261704
-127.46875,45.04791667,-2928,-2927.468333171425,-0.5316668285749984
-127.3229167,45.42291667,-2888,-2892.315348368514,4.315348368514151
-127.2645833,45.22291667,-2882,-2881.596185085693,-0.40381491430707683
-127.01875,45.38541667,-2853,-2851.770542166106,-1.2294578338937754
-127.4604167,45.29375,-2964,-2957.344246347825,-6.655753652175008
-127.4270833,45.43125,-2850,-2870.4211153862307,20.421115386230667
-127.2770833,45.03125,-2915,-2902.074725804042,-12.925274195958082
-127.2854167,45.41041667,-2882,-2882.9537675454703,0.9537675454703276
-127.0854167,45.21458333,-2869,-2875.716333514381,6.716333514380949
-127.4229167,45.14791667,-2957,-2967.618646692427,10.618646692426864
-127.2270833,45.36458333,-2885,-2881.485396047019,-3.514603952980906
-127.2020833,45.22708333,-2891,-2885.366419820606,-5.633580179393903
-127.1354167,45.31041667,-2894,-2891.2534961543943,-2.74650384560573
-127.19375,45.04791667,-2856,-2858.896627856964,2.8966278569641872
-127.06875,45.14375,-2864,-2865.80934203188,1.8093420318800781
-127.0729167,45.06041667,-2850,-2848.786048974795,-1.2139510252050059
-127.1770833,45.16458333,-2871,-2870.8809836610976,-0.11901633890238372
-127.2729167,45.43541667,-2881,-2881.1997400075056,0.19974000750562482
-127.2479167,45.16875,-2870,-2870.384943876643,0.3849438766428648
-127.20625,45.38958333,-2878,-2875.5587607781704,-2.441239221829619
-127.3645833,45.09791667,-2954,-2958.290416282801,4.290416282800834
-127.4645833,45.05625,-2902,-2901.0561939395902,-0.94380606040977
-127.3479167,45.31041667,-2905,-2904.6267569554684,-0.3732430445315913
-127.11875,45.31458333,-2891,-2886.2747714903803,-4.725228509619683
-127.2104167,45.06875,-2869,-2866.6420366101884,-2.35796338981163
-127.2854167,45.47708333,-2910,-2909.033007355348,-0.966992644651782
-127.36875,45.12708333,-2892,-2888.691303819272,-3.3086961807280204
-127.2604167,45.24791667,-2890,-2891.731398867896,1.7313988678961323
-127.1645833,45.19791667,-2878,-2878.4488383350636,0.44883833506355586
-127.0979167,45.21875,-2879,-2876.9562953758928,-2.0437046241072494
-127.0770833,45.11041667,-2859,-2857.882509122145,-1.1174908778548343
-127.2770833,45.48125,-2913,-2905.5280847857925,-7.471915214207456
-127.1354167,45.44375,-2863,-2863.1888467189356,0.18884671893556515
-127.3979167,45.24791667,-2907,-2910.8575256790336,3.8575256790336425
-127.1895833,45.27708333,-2894,-2892.4853801686113,-1.5146198313886998
-127.3479167,45.10208333,-2883,-2901.555487027383,18.55548702738315
-127.3729167,45.17708333,-2873,-2882.1668700031505,9.166870003150507
-127.08125,45.06458333,-2853,-2852.4912397501894,-0.5087602498106207
-127.0770833,45.18125,-2872,-2872.053161292809,0.05316129280890891
-127.48125,45.44791667,-2835,-2834.177726718378,-0.8222732816220741
-127.1520833,45.18125,-2873,-2875.443587502366,2.443587502365972
-127.4354167,45.37708333,-2916,-2913.9367828197232,-2.0632171802767516
-127.0729167,45.26875,-2874,-2873.6649295157454,-0.33507048425462926
-127.3520833,45.17291667,-2871,-2868.8148270747665,-2.1851729252334735
-127.05625,45.14375,-2864,-2864.6808905067855,0.6808905067855449
-127.0604167,45.37291667,-2862,-2860.5088921678994,-1.4911078321006244
-127.04375,45.46458333,-2844,-2844.7594716825542,0.7594716825542491
-127.3520833,45.17708333,-2874,-2873.7968825586427,-0.20311744135733534
-127.20625,45.34375,-2887,-2886.0085832063064,-0.9914167936935883
-127.30625,45.26875,-2906,-2899.095019277525,-6.904980722475102
-127.2145833,45.19791667,-2878,-2876.5032341037445,-1.4967658962555106
-127.16875,45.07708333,-2863,-2861.2349357433427,-1.765064256657297
-127.41875,45.09791667,-2895,-2909.2956849961115,14.295684996111504
-127.0270833,45.13125,-2860,-2859.913507597443,-0.08649240255681434
-127.4645833,45.11875,-2872,-2870.1337878035165,-1.8662121964835023
-127.11875,45.11875,-2861,-2861.4807035893664,0.48070358936638513
-127.04375,45.36875,-2855,-2859.0454352846255,4.045435284625455
-127.40625,45.39791667,-2904,-2902.3646328922882,-1.6353671077117724
-127.36875,45.47708333,-2866,-2878.299638808681,12.299638808680811
-127.2770833,45.25208333,-2894,-2893.285695970696,-0.714304029304003
-127.16875,45.00208333,-2864,-2862.8325976149094,-1.1674023850905542
-127.2729167,45.25625,-2894,-2895.1548664697652,1.1548664697652384
-127.1854167,45.19791667,-2878,-2877.382980925654,-0.6170190743459898
-127.4395833,45.19791667,-2899,-2904.2518759593713,5.2518759593713185
-127.0270833,45.19791667,-2868,-2867.58295262642,-0.4170473735798623
-127.1520833,45.15208333,-2869,-2868.4722710381184,-0.5277289618816212
-127.19375,45.39791667,-2874,-2873.7455905405773,-0.25440945942273174
-127.1354167,45.36875,-2874,-2874.4425396510424,0.4425396510423525
-127.08125,45.11458333,-2859,-2857.9111543161175,-1.0888456838824823
-127.2270833,45.43958333,-2877,-2872.2872869257762,-4.712713074223757
-127.2104167,45.36041667,-2884,-2882.739847911987,-1.260152088013001
-127.48125,45.40625,-2844,-2841.77232446463,-2.2276755353700537
-127.00625,45.07291667,-2851,-2852.2927056056683,1.2927056056682886
-127.4979167,45.12708333,-2867,-2871.375264651525,4.375264651524958
-127.10625,45.15208333,-2868,-2867.874798297687,-0.12520170231300654
-127.11875,45.11041667,-2861,-2859.4020798879264,-1.5979201120735524
-127.36875,45.16875,-2871,-2871.571712527452,0.5717125274518366
-127.2770833,45.24375,-2884,-2886.7783498991,2.778349899099794
-127.3229167,45.43125,-2887,-2893.6566502652577,6.656650265257667
-127.24375,45.33125,-2893,-2893.1459963873017,0.14599638730169318
-127.0104167,45.29375,-2868,-2869.184266253265,1.1842662532649229
-127.36875,45.27708333,-2924,-2922.9741518780934,-1.0258481219066198
-127.2145833,45.21041667,-2881,-2882.1964100098844,1.1964100098844028
-127.1979167,45.26458333,-2896,-2892.2112917077143,-3.788708292285719
-127.2895833,45.41041667,-2882,-2882.9537675454703,0.9537675454703276
-127.2770833,45.42291667,-2878,-2881.2993931224873,3.299393122487345
-127.26875,45.11458333,-2866,-2868.120587606947,2.1205876069470833
-127.28125,45.06458333,-2889,-2884.6463835393124,-4.35361646068759
-127.3395833,45.16875,-2871,-2871.122515363472,0.1225153634718481
-127.36875,45.38125,-2885,-2888.767434732073,3.7674347320730703
-127.09375,45.23541667,-2874,-2876.641803351958,2.6418033519580604
-127.19375,45.27291667,-2896,-2894.190031952727,-1.8099680472728323
-127.3979167,45.33541667,-2877,-2882.621364230627,5.621364230627023
-127.34375,45.02291667,-2897,-2896.833919370379,-0.16608062962086478
-127.3145833,45.02708333,-3046,-3001.6821494093674,-44.31785059063259
-127.4979167,45.24791667,-2894,-2891.702290919055,-2.297709080944969
-127.0604167,45.25208333,-2869,-2872.1932766403775,3.193276640377462
-127.4979167,45.22708333,-2893,-2893.092065734285,0.09206573428491538
-127.3270833,45.26875,-2918,-2916.1177379985,-1.8822620014998392
-127.1479167,45.36458333,-2876,-2875.78818781757,-0.21181218243009425
-127.3270833,45.17291667,-2874,-2874.7303923944987,0.7303923944987218
-127.2604167,45.09791667,-2864,-2867.277410686791,3.2774106867909722
-127.48125,45.21458333,-2929,-2923.1470580402024,-5.85294195979759
-127.0229167,45.13958333,-2862,-2861.3026967181204,-0.6973032818796128
-127.15625,45.24791667,-2885,-2884.313524390334,-0.686475609666104
-127.3604167,45.19791667,-2880,-2888.9931745910194,8.993174591019397
-127.45625,45.34375,-2936,-2941.696715775089,5.69671577508916
-127.4145833,45.32291667,-2877,-2883.322417497161,6.322417497161041
-127.3395833,45.02708333,-2902,-2896.150994610999,-5.849005389000922
-127.4479167,45.34791667,-2915,-2920.2627105577776,5.262710557777609
-127.3520833,45.18958333,-2881,-2882.5887330286364,1.5887330286363976
-127.45625,45.43541667,-2840,-2845.6358940402906,5.635894040290623
-127.0979167,45.31875,-2884,-2883.624429538699,-0.37557046130086746
-127.0229167,45.08958333,-2852,-2852.6198646044227,0.6198646044226734
-127.3145833,45.12291667,-2870,-2872.3718068397047,2.371806839704732
-127.14375,45.21041667,-2881,-2882.55218818379,1.5521881837898945
-127.14375,45.39791667,-2869,-2869.6024148143733,0.6024148143733328
-127.1354167,45.33541667,-2885,-2885.9465034852487,0.9465034852487406
-127.11875,45.49791667,-2865,-2859.4733226315034,-5.526677368496621
-127.28125,45.45625,-2890,-2895.5542874146904,5.554287414690407
-127.0604167,45.42708333,-2852,-2851.4289445009554,-0.5710554990446326
-127.0520833,45.38958333,-2858,-2857.014914388079,-0.9850856119210221
-127.06875,45.29791667,-2884,-2881.8489723994694,-2.151027600530597
-127.2895833,45.29791667,-2925,-2920.9132453352695,-4.086754664730506
-127.06875,45.07291667,-2857,-2855.4280646772545,-1.571935322745503
-127.48125,45.22291667,-2910,-2911.2414676968724,1.2414676968724052
-127.4854167,45.04375,-2957,-2950.3578524857367,-6.642147514263343
-127.19375,45.43541667,-2871,-2870.5180187289325,-0.4819812710675251
-127.0145833,45.21041667,-2867,-2866.2323191615883,-0.7676808384117066
-127.2645833,45.41458333,-2878,-2878.499146008212,0.49914600821193744
-127.1520833,45.15625,-2870,-2868.4722710381184,-1.5277289618816212
-127.3979167,45.03958333,-2877,-2878.430476489806,1.4304764898060967
-127.2020833,45.22291667,-2884,-2884.234554497508,0.23455449750781554
-127.3479167,45.43958333,-2907,-2906.431961625471,-0.5680383745288964
-127.20625,45.09375,-2856,-2859.279217852586,3.2792178525860436
-127.25625,45.13958333,-2871,-2870.989735547096,-0.010264452903811616
-127.2729167,45.13125,-2874,-2870.584025308442,-3.415974691557949
-127.2854167,45.21458333,-2877,-2875.7126711242117,-1.287328875788262
-127.2729167,45.18541667,-2872,-2873.0159509498903,1.015950949890339
-127.3354167,45.28125,-2936,-2923.49543002136,-12.50456997864012
-127.0979167,45.33958333,-2880,-2881.500126506056,1.500126506055949
-127.43125,45.18958333,-2903,-2913.572337562315,10.57233756231517
-127.1854167,45.40625,-2873,-2872.2979081209237,-0.7020918790763062
-127.4729167,45.31041667,-2965,-2958.4435203731987,-6.55647962680132
-127.33125,45.33541667,-2897,-2893.8830078714936,-3.1169921285063538
-127.3229167,45.04375,-3031,-3027.6971086210606,-3.302891378939421
-127.2020833,45.10208333,-2856,-2859.4759578456656,3.4759578456655618
-127.3645833,45.31875,-2895,-2896.203672623055,1.2036726230548993
-127.3145833,45.13541667,-2865,-2872.458997005364,7.458997005363926
-127.30625,45.16041667,-2876,-2874.038352740485,-1.961647259514848
-127.3354167,45.01458333,-2897,-2897.2368430143974,0.2368430143974365
-127.4270833,45.02708333,-2974,-2963.172004746755,-10.827995253244808
-127.3979167,45.36875,-2889,-2893.0152080649464,4.015208064946364
-127.45625,45.05208333,-2909,-2910.757260786911,1.757260786911047
-127.2645833,45.06458333,-2883,-2878.753504341981,-4.24649565801883
-127.2479167,45.28541667,-2911,-2909.5195653139417,-1.4804346860582882
-127.28125,45.18125,-2870,-2873.405985355857,3.4059853558569557
-127.4770833,45.33958333,-2916,-2929.2716674304647,13.271667430464731
-127.04375,45.33541667,-2877,-2873.8835966310544,-3.116403368945612
-127.3479167,45.08125,-3004,-2972.8050541667235,-31.194945833276506
-127.46875,45.13125,-2877,-2875.0784542717274,-1.9215457282725765
-127.16875,45.04375,-2851,-2855.839788388757,4.839788388756915
-127.30625,45.03125,-3017,-2995.6052817010286,-21.394718298971384
-127.3145833,45.47291667,-2916,-2912.866323251249,-3.133676748750986
-127.2479167,45.24375,-2898,-2889.0649689329866,-8.93503106701337
-127.2729167,45.06458333,-2886,-2882.5459888081696,-3.454011191830432
-127.1229167,45.43125,-2861,-2861.555996683834,0.5559966838341097
-127.4104167,45.29791667,-2878,-2878.976658940782,0.9766589407818174
-127.0645833,45.15625,-2868,-2866.786363531264,-1.2136364687357855
-127.2854167,45.41458333,-2881,-2882.841724770805,1.8417247708048308
-127.4604167,45.20208333,-2982,-2976.2023586141304,-5.7976413858696105
-127.0770833,45.20208333,-2878,-2873.4529157310308,-4.547084268969229
-127.30625,45.19791667,-2874,-2874.655279008009,0.6552790080090745
-127.4354167,45.21875,-2888,-2897.6973533908476,9.697353390847638
-127.4979167,45.12291667,-2867,-2871.375264651525,4.375264651524958
-127.48125,45.39791667,-2850,-2851.1755386122345,1.1755386122345044
-127.1395833,45.47708333,-2860,-2863.7680969527987,3.7680969527987145
-127.20625,45.49375,-2851,-2855.0156505772984,4.015650577298402
-127.06875,45.41875,-2856,-2855.2108187052777,-0.7891812947223116
-127.25625,45.46041667,-2880,-2883.1669313677535,3.1669313677534774
-127.0395833,45.42708333,-2850,-2849.1156680501554,-0.8843319498446363
-127.3895833,45.38958333,-2893,-2896.460231434661,3.460231434661182
-127.2979167,45.04375,-2914,-2935.6129824924988,21.61298249249876
-127.4270833,45.09791667,-2881,-2897.5032326523747,16.503232652374663
-127.2895833,45.16458333,-2872,-2873.7102015629603,1.7102015629602647
-127.29375,45.18541667,-2872,-2874.2614621129565,2.261462112956451
-127.20625,45.15208333,-2869,-2869.0473034567176,0.047303456717600056
-127.0020833,45.12291667,-2856,-2856.9137083779924,0.9137083779924069
-127.48125,45.49791667,-2840,-2836.881080209199,-3.118919790801101
-127.03125,45.11041667,-2854,-2855.2226309456946,1.2226309456946183
-127.3604167,45.07708333,-3028,-2997.06842324318,-30.93157675682005
-127.4145833,45.04791667,-2883,-2882.0345563317155,-0.9654436682844789
-127.1770833,45.10208333,-2857,-2859.699096659871,2.6990966598709747
-127.34375,45.27291667,-2942,-2926.235015370989,-15.764984629010996
-127.2979167,45.28125,-2908,-2909.3228019774897,1.3228019774896893
-127.34375,45.11458333,-2889,-2873.4562938180757,-15.543706181924335
-127.48125,45.38125,-2859,-2864.799358129452,5.799358129451775
-127.4104167,45.23541667,-2905,-2906.808454294284,1.8084542942838198
-127.3104167,45.31458333,-2911,-2908.922778550606,-2.0772214493940737
-127.00625,45.27291667,-2866,-2865.6803308690446,-0.31966913095538985
-127.44375,45.45208333,-2841,-2837.7458749791053,-3.254125020894662
-127.2020833,45.04375,-2855,-2858.043160310243,3.043160310242911
-127.4895833,45.17291667,-2875,-2874.095893525915,-0.9041064740849833
-127.16875,45.23541667,-2879,-2885.10854129619,6.108541296190197
-127.4479167,45.29375,-2887,-2893.8564096079217,6.856409607921705
-127.19375,45.06875,-2865,-2863.922815167827,-1.0771848321728612
-127.0229167,45.27291667,-2868,-2867.643150418093,-0.3568495819072268
-127.1520833,45.12291667,-2865,-2863.528432775022,-1.4715672249781164
-127.14375,45.30208333,-2894,-2892.7838056598584,-1.2161943401415556
-127.29375,45.39375,-2885,-2885.8920414636455,0.8920414636454552
-127.38125,45.04375,-2873,-2872.0154978586675,-0.9845021413325412
-127.30625,45.27291667,-2905,-2902.0246912777397,-2.9753087222602517
-127.2604167,45.48541667,-2899,-2890.0955469889054,-8.904453011094574
-127.19375,45.21458333,-2883,-2883.3947671827705,0.3947671827704653
-127.20625,45.26041667,-2895,-2890.9067276930277,-4.093272306972267
-127.3854167,45.16458333,-2871,-2891.0390415373467,20.039041537346748
-127.26875,45.35625,-2891,-2890.617215690162,-0.3827843098379162
-127.3729167,45.01875,-2902,-2903.263848059678,1.2638480596779118
-127.44375,45.01458333,-2973,-2972.601735835889,-0.39826416411096943
-127.21875,45.45625,-2870,-2870.750356243411,0.7503562434108062
-127.3354167,45.48125,-2911,-2898.221263045658,-12.778736954342094
-127.10625,45.17708333,-2877,-2874.2257234974004,-2.774276502599605
-127.0604167,45.09791667,-2855,-2854.823354690198,-0.17664530980209747
-127.0645833,45.28958333,-2872,-2880.488922300905,8.48892230090496
-127.0645833,45.16458333,-2868,-2869.2498289078776,1.2498289078775997
-127.21875,45.41875,-2874,-2873.7983000121835,-0.20169998781648246
-127.3645833,45.31041667,-2897,-2901.803128663064,4.803128663063944
-127.0104167,45.07291667,-2852,-2852.4657413773307,0.4657413773306871
-127.0145833,45.48958333,-2839,-2840.572446358781,1.5724463587807804
-127.1979167,45.26041667,-2895,-2890.7893654745953,-4.210634525404657
-127.34375,45.21041667,-2879,-2886.9134557208877,7.913455720887669
-127.08125,45.09791667,-2857,-2855.7552481254384,-1.2447518745616435
-127.4270833,45.06875,-2891,-2894.696582136943,3.696582136943107
-127.4354167,45.43125,-2848,-2857.326158328407,9.326158328407018
-127.28125,45.32291667,-2903,-2904.807818492785,1.807818492784918
-127.2395833,45.00625,-2888,-2889.5772899333915,1.577289933391512
-127.0520833,45.15625,-2865,-2864.927452329257,-0.07254767074300617
-127.1895833,45.26458333,-2894,-2889.1577130788514,-4.84228692114857
-127.1729167,45.38125,-2878,-2873.859028184558,-4.140971815441844
-127.3729167,45.23125,-2956,-2942.8716975095936,-13.12830249040644
-127.1354167,45.43541667,-2862,-2863.382642636278,1.3826426362779785
-127.1729167,45.31458333,-2895,-2892.6375919667953,-2.3624080332047015
-127.01875,45.33541667,-2875,-2869.9454047233394,-5.054595276660621
-127.14375,45.49791667,-2897,-2868.631490557944,-28.368509442056165
-127.34375,45.40208333,-2886,-2891.9279210257773,5.927921025777323
-127.1645833,45.07291667,-2862,-2861.0054105981444,-0.9945894018555919
-127.3520833,45.24791667,-2943,-2927.5462771883317,-15.453722811668285
-127.46875,45.22291667,-2984,-2969.0694852981705,-14.930514701829452
-127.16875,45.32291667,-2889,-2891.5057757193945,2.505775719394478
-127.3145833,45.18541667,-2876,-2873.490748725802,-2.50925127419805
-127.2104167,45.09791667,-2857,-2859.443964999564,2.443964999563832
-127.44375,45.43541667,-2845,-2847.501621804714,2.5016218047139773
-127.2854167,45.44791667,-2886,-2889.177935530049,3.177935530049126
-127.4145833,45.40625,-2925,-2917.2487157451233,-7.751284254876737
-127.0479167,45.06041667,-2847,-2847.8617770726282,0.8617770726282288
-127.4729167,45.06875,-2893,-2898.1952428759537,5.1952428759536815
-127.3145833,45.14791667,-2883,-2878.1380828233055,-4.861917176694533
-127.4354167,45.17291667,-2917,-2924.4962266907014,7.4962266907014055
-127.0645833,45.00625,-2850,-2849.1027844658065,-0.8972155341934922
-127.4229167,45.47708333,-2837,-2832.3982752247293,-4.601724775270668
-127.08125,45.32708333,-2879,-2880.0809935494626,1.0809935494626188
-127.45625,45.19791667,-2962,-2958.8537435089356,-3.1462564910643778
-127.1979167,45.09375,-2855,-2859.5344602026757,4.534460202675746
-127.4520833,45.35208333,-2937,-2935.007530757485,-1.9924692425151989
-127.16875,45.18541667,-2875,-2877.2035711052367,2.2035711052367333
-127.19375,45.13125,-2866,-2865.898349755642,-0.10165024435809755
-127.4645833,45.28125,-2971,-2968.5027563856665,-2.497243614333456
-127.21875,45.06875,-2871,-2868.3923501060763,-2.6076498939237354
-127.0645833,45.06041667,-2848,-2848.389972075431,0.3899720754311602
-127.1354167,45.06875,-2858,-2859.045778633826,1.045778633826103
-127.0645833,45.19375,-2874,-2872.5030797470727,-1.4969202529273389
-127.0229167,45.33125,-2877,-2870.777179060447,-6.222820939553003
-127.1479167,45.11875,-2864,-2862.7972519142572,-1.202748085742769
-127.1770833,45.45625,-2867,-2866.7144589194163,-0.2855410805836982
-127.0354167,45.21875,-2870,-2868.4835390398976,-1.5164609601024495
-127.3979167,45.38958333,-2896,-2899.8868602500734,3.8868602500733687
-127.3645833,45.23541667,-2953,-2925.8534209061663,-27.14657909383368
-127.2270833,45.15208333,-2869,-2868.9952973627737,-0.0047026372262735094
-127.3895833,45.00625,-2968,-2959.959229699607,-8.040770300392978
-127.0520833,45.28958333,-2870,-2877.379463811656,7.379463811656024
-127.0270833,45.16041667,-2864,-2864.329701787225,0.32970178722507626
-127.23125,45.02708333,-2894,-2890.2294882671467,-3.770511732853265
-127.0354167,45.15208333,-2864,-2863.9893443591723,-0.010655640827735624
-127.4229167,45.28125,-2877,-2876.7182396259145,-0.28176037408547927
-127.4270833,45.10625,-2896,-2911.5817397677333,15.581739767733325
-127.23125,45.00625,-2883,-2885.224433698728,2.2244336987278075
-127.3229167,45.35208333,-2892,-2889.256112936957,-2.7438870630430756
-127.29375,45.03125,-2994,-2954.1186969236596,-39.88130307634037
-127.3895833,45.03541667,-2872,-2873.320578745828,1.3205787458277882
-127.4270833,45.49375,-2832,-2830.8286694129138,-1.1713305870862314
-127.43125,45.46041667,-2838,-2839.585774508392,1.5857745083922055
-127.4520833,45.48958333,-2834,-2833.346640730633,-0.6533592693667742
-127.4395833,45.01458333,-2973,-2970.5244655705005,-2.4755344294994757
-127.43125,45.36458333,-2901,-2903.600070380217,2.6000703802169483
-127.3229167,45.23125,-2881,-2885.80783088251,4.8078308825101885
-127.30625,45.47708333,-2915,-2912.3655491780264,-2.634450821973587
-127.38125,45.02708333,-2907,-2907.273211863772,0.2732118637718486
-127.41875,45.11875,-3012,-2987.7621029858997,-24.237897014100326
-127.2520833,45.33958333,-2892,-2891.802252649575,-0.1977473504248337
-127.2020833,45.23541667,-2887,-2887.2150593301326,0.21505933013258982
-127.4645833,45.25625,-2961,-2970.291511361649,9.2915113616491
-127.46875,45.18125,-2955,-2951.012985088088,-3.987014911911956
-127.11875,45.37708333,-2866,-2867.6167731612945,1.6167731612945317
-127.00625,45.15625,-2862,-2861.1382513013345,-0.8617486986654512
-127.23125,45.38541667,-2881,-2878.5230285727143,-2.4769714272856618
-127.4895833,45.28125,-2897,-2896.3658114729164,-0.6341885270835519
-127.4645833,45.39791667,-2859,-2864.1222367388555,5.122236738855463
-127.18125,45.22291667,-2878,-2884.001373873626,6.0013738736261075
-127.0479167,45.03958333,-2840,-2841.5141223742967,1.5141223742966758
-127.4395833,45.49375,-2833,-2831.1915212222693,-1.8084787777306701
-127.2479167,45.49791667,-2897,-2877.3318550579306,-19.668144942069375
-127.3604167,45.39375,-2888,-2889.4171779399667,1.4171779399666775
-127.05625,45.32708333,-2877,-2876.7322783206414,-0.26772167935860125
-127.06875,45.43958333,-2851,-2849.9111730544405,-1.0888269455595037
-127.40625,45.13958333,-2979,-2981.7878242818942,2.7878242818942454
-127.4645833,45.06041667,-2902,-2897.290951756728,-4.709048243271809
-127.24375,45.03125,-2901,-2897.0739809444103,-3.926019055589677
-127.2145833,45.48958333,-2855,-2854.5121796122644,-0.48782038773561
-127.18125,45.06458333,-2861,-2860.78712567347,-0.21287432652979987
-127.41875,45.22291667,-2901,-2903.445335251097,2.4453352510968216
-127.3354167,45.38541667,-2885,-2888.795824064058,3.795824064057797
-127.4770833,45.26041667,-2914,-2922.6709459971503,8.670945997150284
-127.1645833,45.41041667,-2872,-2870.274682114218,-1.7253178857818057
-127.2604167,45.35625,-2890,-2889.326535741747,-0.6734642582528068
-127.21875,45.32291667,-2893,-2895.0133045314424,2.0133045314423725
-127.4479167,45.35625,-2928,-2930.0272892016224,2.0272892016223523
-127.0770833,45.33541667,-2880,-2878.1286454959777,-1.8713545040222925
-127.3104167,45.41041667,-2885,-2885.4144806635118,0.4144806635117675
-127.2854167,45.33958333,-2896,-2896.4613005757496,0.46130057574964667
-127.1145833,45.49791667,-2856,-2858.9324267944753,2.9324267944753046
-127.2020833,45.42291667,-2873,-2872.369850814263,-0.630149185737082
-127.4729167,45.37708333,-2872,-2872.903032450817,0.9030324508171361
-127.08125,45.03958333,-2845,-2845.4076337419615,0.40763374196149016
-127.4645833,45.31875,-2958,-2964.9337559565456,6.93375595654561
-127.36875,45.33541667,-2889,-2888.1902469232036,-0.809753076796369
-127.4354167,45.35208333,-2901,-2898.489404254999,-2.5105957450009555
-127.01875,45.28125,-2869,-2868.687659003429,-0.312340996571038
-127.1979167,45.12708333,-2866,-2865.0444360168344,-0.9555639831655753
-127.4729167,45.14791667,-2873,-2880.9082002178925,7.9082002178924995
-127.3145833,45.40625,-2885,-2885.8697646330365,0.8697646330365387
-127.1145833,45.05625,-2853,-2851.9918501782886,-1.008149821711413
-127.10625,45.36458333,-2870,-2867.737246186357,-2.2627538136430303
-127.3229167,45.25208333,-2897,-2902.2715168167597,5.271516816759686
-127.4020833,45.43541667,-2949,-2910.970583145308,-38.029416854692045
-127.0229167,45.27708333,-2869,-2868.4215798702176,-0.5784201297824438
-127.0020833,45.01041667,-2847,-2843.0959407490714,-3.90405925092864
-127.23125,45.19375,-2875,-2875.9124322758603,0.912432275860283
-127.4145833,45.30208333,-2875,-2879.655566159846,4.6555661598458755
-127.1270833,45.00208333,-2852,-2853.962029123171,1.9620291231708507
-127.4270833,45.04791667,-2884,-2881.740793900854,-2.259206099146013
-127.0270833,45.49791667,-2843,-2842.0785566090094,-0.9214433909905893
-127.16875,45.21458333,-2886,-2883.9511759083,-2.048824091700226
-127.00625,45.25208333,-2865,-2864.8333169039734,-0.16668309602664522
-127.2645833,45.34375,-2891,-2890.812834668455,-0.1871653315452022
-127.05625,45.21041667,-2875,-2871.374628221978,-3.625371778021872
-127.2479167,45.44375,-2879,-2877.329322879113,-1.6706771208869213
-127.0479167,45.15625,-2866,-2864.927452329257,-1.0725476707430062
-127.4729167,45.31458333,-2965,-2960.3981142082353,-4.601885791764744
-127.1479167,45.36875,-2876,-2875.78818781757,-0.21181218243009425
-127.4604167,45.17708333,-2984,-2964.5286531961697,-19.47134680383033
-127.1270833,45.03541667,-2854,-2852.2752389076163,-1.7247610923836874
-127.28125,45.24375,-2886,-2884.710281330301,-1.2897186696991412
-127.1395833,45.15208333,-2868,-2868.288813109011,0.28881310901078905
-127.1270833,45.33125,-2882,-2885.719671825325,3.7196718253248946
-127.3145833,45.41458333,-2885,-2886.783759978922,1.7837599789218075
-127.30625,45.14375,-2884,-2873.3619674164725,-10.638032583527547
-127.34375,45.25625,-2930,-2920.9257611445496,-9.074238855450403
-127.0979167,45.28958333,-2885,-2885.4082605758845,0.4082605758844693
-127.3645833,45.12291667,-2871,-2889.0889504243555,18.088950424355517
-127.19375,45.33125,-2890,-2889.1786211931794,-0.8213788068205758
-127.2104167,45.14791667,-2868,-2868.1857085845418,0.18570858454177142
-127.23125,45.38958333,-2879,-2877.2033793496735,-1.7966206503265312
-127.2270833,45.39375,-2878,-2875.58541891034,-2.414581089659805
-127.16875,45.06875,-2860,-2860.7571358418936,0.7571358418936143
-127.10625,45.04791667,-2850,-2849.160692470299,-0.8393075297008181
-127.3520833,45.43958333,-2909,-2906.431961625471,-2.5680383745288964
-127.06875,45.36458333,-2863,-2863.4511757992595,0.4511757992595449
-127.08125,45.11875,-2860,-2860.1741970149665,0.17419701496646667
-127.2354167,45.25625,-2890,-2894.377428265036,4.377428265036087
-127.3604167,45.26458333,-2943,-2927.948226059358,-15.051773940641851
-127.0395833,45.09375,-2853,-2854.156295203966,1.156295203965783
-127.21875,45.19791667,-2878,-2876.5554688295674,-1.4445311704325832
-127.3479167,45.46041667,-2916,-2913.2372621133013,-2.7627378866986874
-127.33125,45.19791667,-2874,-2878.2182809863903,4.218280986390255
-127.3020833,45.42291667,-2881,-2885.280232147541,4.280232147541028
-127.1604167,45.15208333,-2869,-2868.2468361467404,-0.7531638532595935
-127.0395833,45.08958333,-2853,-2854.244363140549,1.2443631405490123
-127.29375,45.29791667,-2926,-2920.976856733026,-5.023143266973875
-127.4354167,45.25625,-2881,-2886.4813941886964,5.481394188696413
-127.3645833,45.14791667,-2865,-2877.852416472445,12.85241647244493
-127.04375,45.05208333,-2840,-2841.320283050088,1.3202830500881646
-127.4270833,45.23541667,-2890,-2892.02928643231,2.029286432310073
-127.4104167,45.09791667,-2923,-2944.562505140002,21.56250514000203
-127.1895833,45.09375,-2855,-2857.7623651211647,2.7623651211647484
-127.2979167,45.10625,-2869,-2868.956376768644,-0.04362323135592305
-127.1520833,45.11041667,-2864,-2862.4531491425982,-1.5468508574017505
-127.2479167,45.46875,-2876,-2878.3435711151697,2.3435711151696523
-127.2270833,45.22291667,-2884,-2884.182548403564,0.18254840356394197
-127.49375,45.02291667,-2968,-2970.152838675175,2.1528386751751896
-127.0229167,45.23958333,-2869,-2866.7290524686173,-2.270947531382717
-127.2645833,45.30208333,-2915,-2912.0932425919345,-2.9067574080654595
-127.3895833,45.46875,-2843,-2858.3846035583606,15.384603558360595
-127.30625,45.32708333,-2902,-2903.2567557579405,1.256755757940482
-127.0145833,45.23541667,-2868,-2866.1298966048666,-1.8701033951333557
-127.0395833,45.36041667,-2858,-2861.5661017047682,3.5661017047682435
-127.4479167,45.19791667,-2922,-2922.1367718829847,0.13677188298470355
-127.4104167,45.08125,-2891,-2909.933187455678,18.933187455677853
-127.38125,45.06458333,-2904,-2901.9031769158614,-2.0968230841385775
-127.18125,45.02291667,-2868,-2865.4819686273236,-2.5180313726764325
-127.0104167,45.13958333,-2861,-2860.4840234492763,-0.5159765507237353
-127.3645833,45.02291667,-2898,-2897.794730244684,-0.20526975531583957
-127.0354167,45.25208333,-2867,-2868.5102687045887,1.510268704588725
-127.2020833,45.27291667,-2899,-2895.2156840556477,-3.784315944352329
-127.4145833,45.41458333,-2946,-2921.4946451189026,-24.505354881097446
-127.13125,45.18958333,-2880,-2878.954441785497,-1.0455582145032167
-127.26875,45.21875,-2880,-2878.9454012739457,-1.054598726054337
-127.26875,45.26875,-2892,-2898.9110252373807,6.911025237380727
-127.03125,45.39375,-2854,-2853.418512029265,-0.5814879707349974
-127.40625,45.44375,-2877,-2889.229173530851,12.229173530850858
-127.44375,45.21041667,-2893,-2898.040189510102,5.040189510102209
-127.43125,45.23958333,-2887,-2891.330543526078,4.330543526078145
-127.18125,45.45625,-2868,-2866.7144589194163,-1.2855410805836982
-127.00625,45.41875,-2848,-2847.341155292214,-0.6588447077861019
-127.4479167,45.13958333,-2981,-2966.220994889411,-14.779005110588969
-127.1479167,45.48958333,-2860,-2867.638226737767,7.638226737767127
-127.4645833,45.43541667,-2837,-2842.6898824056693,5.689882405669323
-127.09375,45.33125,-2880,-2883.010414987112,3.010414987112199
-127.0229167,45.02708333,-2842,-2840.9782550015534,-1.021744998446593
-127.0770833,45.01041667,-2846,-2847.4571822376433,1.4571822376433374
-127.3479167,45.28541667,-2933,-2928.2001762600157,-4.7998237399842765
-127.05625,45.16875,-2868,-2868.527575957125,0.5275759571250092
-127.0770833,45.05208333,-2846,-2844.103195792658,-1.8968042073420293
-127.3645833,45.12708333,-2884,-2889.0889504243555,5.088950424355517
-127.4895833,45.03541667,-2951,-2956.3153591657297,5.31535916572966
-127.48125,45.29375,-2922,-2921.7762618932984,-0.2237381067016031
-127.34375,45.20208333,-2876,-2880.9759245424893,4.975924542489338
-127.1145833,45.23125,-2876,-2877.7319977103352,1.7319977103352358
-127.4854167,45.47291667,-2834,-2833.633382098305,-0.3666179016950082
-127.1104167,45.44791667,-2857,-2858.04012531176,1.040125311760221
-127.19375,45.08541667,-2858,-2861.038269467934,3.0382694679337874
-127.0604167,45.48958333,-2848,-2846.3397237323534,-1.6602762676466227
-127.1479167,45.06875,-2859,-2860.1945699809544,1.194569980954384
-127.0645833,45.48958333,-2849,-2847.6536193896372,-1.3463806103627576
-127.13125,45.13541667,-2866,-2866.4312015565874,0.43120155658743897
-127.49375,45.23541667,-2894,-2893.4525764719774,-0.5474235280225912
-127.0979167,45.33541667,-2879,-2881.500126506056,2.500126506055949
-127.4354167,45.13125,-3005,-2969.233065431832,-35.766934568167926
-127.16875,45.03958333,-2855,-2855.215564950298,0.21556495029790312
-127.45625,45.42291667,-2869,-2847.495400534025,-21.504599465974934
-127.49375,45.16458333,-2872,-2871.525443515266,-0.4745564847339665
-127.1729167,45.11875,-2864,-2863.5961138363496,-0.4038861636504407
-127.08125,45.16041667,-2869,-2868.755273709427,-0.24472629057299855
-127.4520833,45.21458333,-2927,-2939.238068872509,12.238068872508848
-127.4395833,45.14791667,-2992,-2969.7238250176097,-22.27617498239033
-127.2229167,45.28125,-2907,-2900.008791209764,-6.9912087902362146
-127.14375,45.38541667,-2869,-2871.125238120882,2.1252381208819315
-127.36875,45.26875,-2930,-2924.018819296285,-5.9811807037149265
-127.43125,45.12291667,-2986,-2972.4652912648417,-13.534708735158347
-127.4979167,45.14791667,-2875,-2871.272640229269,-3.7273597707308
-127.0354167,45.15625,-2864,-2863.9893443591723,-0.010655640827735624
-127.2979167,45.30208333,-2925,-2920.610812609712,-4.389187390288043
-127.4645833,45.08541667,-2873,-2873.3530605832725,0.35306058327250867
-127.48125,45.38541667,-2857,-2861.9522757280715,4.952275728071527
-127.0854167,45.11875,-2860,-2860.493447732622,0.49344773262191666
-127.34375,45.34375,-2895,-2891.034229533666,-3.9657704663341065
-127.25625,45.15208333,-2870,-2870.9182668642707,0.9182668642706631
-127.4354167,45.18125,-2903,-2923.152676056748,20.152676056748078
-127.19375,45.19791667,-2878,-2877.212195423925,-0.7878045760749046
-127.1270833,45.22291667,-2879,-2878.9408210133465,-0.059178986653478205
-127.2729167,45.03958333,-2874,-2874.525907439591,0.5259074395908101
-127.03125,45.33541667,-2875,-2871.796548669966,-3.203451330034113
-127.2104167,45.01875,-2884,-2881.0304183671924,-2.9695816328076035
-127.43125,45.45208333,-2843,-2846.28372098496,3.2837209849599276
-127.1395833,45.03125,-2857,-2857.4807104638426,0.4807104638425699
-127.4770833,45.34791667,-2903,-2909.3893756146567,6.389375614656728
-127.4104167,45.48958333,-2837,-2833.446048745566,-3.553951254434196
-127.4229167,45.08125,-2879,-2888.8001185255634,9.800118525563448
-127.1354167,45.40208333,-2868,-2868.5425625143635,0.5425625143634534
-127.3854167,45.49791667,-2838,-2834.809518712209,-3.1904812877910445
-127.09375,45.04791667,-2848,-2848.6062194961573,0.6062194961573368
-127.2354167,45.19375,-2875,-2875.4970834737446,0.4970834737446239
-127.40625,45.49791667,-2833,-2834.77043175362,1.7704317536199596
-127.4104167,45.33125,-2879,-2880.7825926387745,1.7825926387745312
-127.2479167,45.25625,-2893,-2895.2408775911663,2.2408775911662815
-127.2354167,45.17708333,-2871,-2872.8493018023764,1.8493018023764307
-127.2520833,45.42291667,-2875,-2878.294070265558,3.2940702655578207
-127.1520833,45.26041667,-2886,-2884.8916881723662,-1.10831182763377
-127.44375,45.47291667,-2829,-2828.515310242732,-0.4846897572679154
-127.0604167,45.02291667,-2842,-2845.0209946822615,3.0209946822615166
-127.2729167,45.45208333,-2887,-2887.9160811825054,0.9160811825054225
-127.2729167,45.23125,-2884,-2881.713848623771,-2.2861513762290997
-127.4770833,45.48541667,-2834,-2836.235944381345,2.2359443813447797
-127.28125,45.46041667,-2891,-2895.9342986700212,4.934298670021235
-127.1854167,45.32291667,-2891,-2892.781178441726,1.7811784417258423
-127.2104167,45.12291667,-2866,-2865.566753795307,-0.4332462046932051
-127.1895833,45.31875,-2893,-2893.9288372634433,0.9288372634432562
-127.3395833,45.01458333,-2896,-2898.9969156045154,2.9969156045153795
-127.4979167,45.25208333,-2893,-2891.462085634792,-1.537914365208053
-127.2229167,45.35208333,-2886,-2884.830009239671,-1.1699907603288011
-127.0520833,45.31875,-2879,-2876.443123085655,-2.556876914345139
-127.3354167,45.37291667,-2888,-2889.5138592189896,1.5138592189896372
-127.4020833,45.49375,-2837,-2835.712924274004,-1.2870757259961465
-127.16875,45.02291667,-2864,-2863.5357083748995,-0.46429162510048627
-127.0479167,45.31458333,-2877,-2876.3945737355084,-0.605426264491598
-127.10625,45.21041667,-2878,-2877.1438501760886,-0.8561498239114371
-127.4770833,45.00625,-2964,-2964.3054425784558,0.30544257845576794
-127.1729167,45.26041667,-2890,-2887.299446884189,-2.70055311581109
-127.0270833,45.48541667,-2840,-2841.50863465365,1.508634653650006
-127.39375,45.15625,-2930,-2934.4765425736564,4.476542573656388
-127.2645833,45.16041667,-2870,-2870.9182668642707,0.9182668642706631
-127.0229167,45.16875,-2864,-2863.984422760486,-0.015577239514186658
-127.44375,45.20208333,-2900,-2899.1583904791437,-0.8416095208563092
-127.3229167,45.10208333,-2878,-2872.9877517440573,-5.012248255942723
-127.3395833,45.13958333,-2875,-2870.741340486002,-4.258659513997827
-127.3854167,45.38958333,-2891,-2894.954443812656,3.9544438126558816
-127.1854167,45.01458333,-2867,-2868.724759903187,1.7247599031870777
-127.45625,45.46875,-2830,-2827.384179104952,-2.6158208950478183
-127.43125,45.06041667,-2889,-2885.4335280330956,-3.5664719669043734
-127.1645833,45.09791667,-2851,-2858.6577869415833,7.657786941583254
-127.1395833,45.28958333,-2890,-2891.5851270208486,1.5851270208486312
-127.0770833,45.23958333,-2873,-2872.8224985743723,-0.17750142562772453
-127.31875,45.36875,-2888,-2888.7757330055447,0.77573300554468
-127.0104167,45.05625,-2841,-2840.3229451254465,-0.6770548745535052
-127.46875,45.01458333,-2968,-2968.5301363226235,0.530136322623548
-127.40625,45.18958333,-2964,-2962.0712798099557,-1.9287201900442597
-127.0854167,45.36041667,-2868,-2869.6568611847647,1.6568611847646935
-127.4895833,45.18125,-2878,-2878.182473900332,0.18247390033184274
-127.39375,45.31041667,-2880,-2882.198704678598,2.1987046785980056
-127.3520833,45.46875,-2913,-2911.7606591912318,-1.2393408087682474
-127.26875,45.33125,-2897,-2898.0117940405944,1.0117940405943955
-127.15625,45.41875,-2870,-2869.099345437914,-0.900654562085947
-127.49375,45.46041667,-2835,-2834.3585708244555,-0.6414291755445447
-127.4104167,45.48541667,-2838,-2832.615061481409,-5.384938518590843
-127.39375,45.43958333,-2943,-2916.89577209027,-26.10422790973007
-127.41875,45.24791667,-2890,-2892.784979663971,2.7849796639711712
-127.1354167,45.47291667,-2860,-2861.9134524762608,1.9134524762607725
-127.3395833,45.31458333,-2904,-2905.0344819901347,1.0344819901347364
-127.29375,45.19375,-2873,-2874.2614621129565,1.2614621129564512
-127.30625,45.41458333,-2883,-2885.5036205454544,2.503620545454396
-127.25625,45.00625,-2896,-2900.706927211786,4.706927211786024
-127.0395833,45.10625,-2855,-2855.5136403855304,0.5136403855303797
-127.16875,45.27291667,-2887,-2888.879401124677,1.8794011246768605
-127.4895833,45.03125,-2950,-2954.988445056629,4.988445056629189
-127.26875,45.11875,-2871,-2872.0473304765405,1.0473304765405373
-127.3895833,45.13541667,-2912,-2915.4494399373534,3.449439937353418
-127.1270833,45.11458333,-2862,-2860.99733949339,-1.0026605066100274
-127.0729167,45.27291667,-2876,-2873.6649295157454,-2.3350704842546293
-127.44375,45.05208333,-2896,-2898.1717048712453,2.1717048712453106
-127.0395833,45.43541667,-2847,-2848.061452008204,1.0614520082040144
-127.4020833,45.21458333,-2936,-2940.46913009144,4.469130091440093
-127.0020833,45.28958333,-2866,-2868.527420743325,2.5274207433249103
-127.45625,45.14375,-2941,-2933.8914401778597,-7.108559822140251
-127.45625,45.18958333,-2973,-2969.270719489202,-3.729280510798162
-127.18125,45.28125,-2896,-2894.7901311737874,-1.2098688262126416
-127.3104167,45.16875,-2873,-2873.1434374921996,0.14343749219960955
-127.29375,45.32291667,-2903,-2904.880186159685,1.880186159684854
-127.06875,45.26041667,-2868,-2872.3715935538694,4.371593553869388
-127.43125,45.36875,-2903,-2906.064733205696,3.0647332056960295
-127.46875,45.27708333,-2964,-2962.763871953373,-1.2361280466270728
-127.0354167,45.33125,-2874,-2873.099859543982,-0.9001404560181072
-127.0520833,45.17708333,-2868,-2868.3432258297485,0.3432258297484623
-127.29375,45.27291667,-2895,-2900.6621826540713,5.66218265407133
-127.1854167,45.38958333,-2876,-2872.943872361185,-3.0561276388148144
-127.28125,45.18541667,-2871,-2873.405985355857,2.4059853558569557
-127.1145833,45.20208333,-2878,-2877.79261048692,-0.2073895130802157
-127.3229167,45.18958333,-2875,-2873.633680976313,-1.3663190236870832
-127.35625,45.45208333,-2916,-2910.8628234489015,-5.1371765510984915
-127.09375,45.08125,-2858,-2856.450679805473,-1.5493201945268993
-127.4729167,45.06458333,-2895,-2902.6988459259924,7.698845925992373
-127.34375,45.47708333,-2912,-2901.1481576307347,-10.851842369265341
-127.01875,45.02291667,-2843,-2842.158733081318,-0.8412669186818675
-127.2520833,45.48958333,-2885,-2884.0116386467776,-0.9883613532224444
-127.1770833,45.27291667,-2890,-2890.698264090462,0.6982640904620894
-127.08125,45.02708333,-2843,-2846.7961752875135,3.796175287513506
-127.39375,45.03958333,-2874,-2873.2669958997203,-0.7330041002796861
-127.0270833,45.21458333,-2869,-2867.5491341478896,-1.4508658521103825
-127.2104167,45.00208333,-2876,-2877.8815871929214,1.8815871929214154
-127.3479167,45.04791667,-2909,-2929.31007624119,20.310076241190018
-127.1645833,45.31458333,-2894,-2892.678293983378,-1.3217060166221017
-127.4604167,45.29791667,-2962,-2957.344246347825,-4.655753652175008
-127.26875,45.40625,-2882,-2879.2563624093477,-2.74363759065227
-127.41875,45.03958333,-2888,-2889.737262124998,1.7372621249978693
-127.1854167,45.15625,-2870,-2868.6432984256185,-1.3567015743815318
-127.0604167,45.14375,-2864,-2865.9027131982034,1.9027131982034007
-127.21875,45.04791667,-2862,-2861.762042147332,-0.23795785266793246
-127.4729167,45.17291667,-2896,-2911.8304264762987,15.830426476298726
-127.1104167,45.21458333,-2878,-2878.04648973427,0.046489734269925975
-127.1520833,45.16875,-2871,-2871.203893062814,0.20389306281413155
-127.3770833,45.41458333,-2903,-2901.2578855990528,-1.74211440094723
-127.38125,45.40208333,-2897,-2897.0741492819543,0.07414928195430548
-127.4354167,45.28958333,-2875,-2876.954117757315,1.954117757315089
-127.3479167,45.37291667,-2887,-2889.176667579003,2.1766675790031513
-127.0895833,45.07291667,-2856,-2856.539817029371,0.5398170293710791
-127.0979167,45.13958333,-2866,-2866.646726089492,0.6467260894919491
-127.26875,45.17708333,-2871,-2871.4992404769164,0.49924047691638407
-127.3770833,45.39375,-2892,-2890.163751124428,-1.8362488755719824
-127.3604167,45.25208333,-2945,-2931.463284078184,-13.536715921815812
-127.2229167,45.21041667,-2881,-2882.2486447357073,1.2486447357073303
-127.14375,45.20208333,-2882,-2881.0832771962077,-0.9167228037922541
-127.3979167,45.41875,-2919,-2918.4302610799145,-0.5697389200854559
-127.3979167,45.18541667,-2974,-2962.392127566778,-11.607872433221928
-127.26875,45.48541667,-2904,-2897.310413331254,-6.68958666874596
-127.2479167,45.01041667,-2893,-2895.401631932858,2.401631932857981
-127.28125,45.38125,-2888,-2888.9457617057715,0.9457617057714742
-127.1104167,45.00625,-2851,-2851.970619718365,0.9706197183650147
-127.0104167,45.35625,-2857,-2857.802773165452,0.8027731654519812
-127.2604167,45.02708333,-2905,-2905.3465582559998,0.3465582559997529
-127.33125,45.28541667,-2936,-2922.1962233568547,-13.803776643145284
-127.2770833,45.40208333,-2883,-2881.1775396461585,-1.8224603538415067
-127.4395833,45.18541667,-2914,-2914.487091185969,0.4870911859688931
-127.4854167,45.21041667,-2904,-2901.7690889832006,-2.230911016799382
-127.19375,45.05625,-2859,-2861.4546872961805,2.4546872961805093
-127.04375,45.48541667,-2844,-2843.9672867881527,-0.03271321184729459
-127.0395833,45.01458333,-2843,-2844.979408988224,1.979408988223895
-127.20625,45.02291667,-2885,-2881.5458220139926,-3.4541779860073802
-127.0895833,45.14375,-2866,-2866.8227406076376,0.8227406076375701
-127.3229167,45.08958333,-2879,-2877.6704866852883,-1.3295133147116758
-127.0229167,45.18125,-2866,-2865.8347775631746,-0.16522243682538829
-127.3895833,45.39791667,-2895,-2897.8651303576075,2.8651303576075406
-127.18125,45.00208333,-2868,-2864.2231948412673,-3.7768051587327136
-127.4895833,45.43958333,-2836,-2834.2881079556646,-1.7118920443354
-127.1354167,45.36041667,-2874,-2875.926823731648,1.9268237316478007
-127.4479167,45.01041667,-2969,-2971.3148026568815,2.314802656881511
-127.34375,45.01041667,-2898,-2900.7544041916344,2.7544041916344213
-127.2854167,45.09791667,-2869,-2869.672369621791,0.6723696217909492
-127.3145833,45.48125,-2913,-2908.1584957075083,-4.841504292491663
-127.36875,45.13541667,-2879,-2880.9712989472014,1.971298947201376
-127.1229167,45.01041667,-2852,-2853.7670283855286,1.767028385528647
-127.0020833,45.26041667,-2863,-2864.4405673429505,1.4405673429505441
-127.4270833,45.21875,-2894,-2898.3960962970796,4.396096297079566
-127.4895833,45.21041667,-2899,-2899.057912157873,0.05791215787303372
-127.3729167,45.20208333,-2903,-2918.5085953919006,15.508595391900599
-127.18125,45.38541667,-2878,-2873.9936720993837,-4.00632790061627
-127.3770833,45.32291667,-2888,-2889.4265033574684,1.4265033574683912
-127.40625,45.46041667,-2840,-2853.7269945393145,13.726994539314546
-127.0895833,45.36458333,-2866,-2866.2479156435916,0.24791564359156837
-127.0854167,45.09375,-2857,-2855.975447037296,-1.0245529627040924
-127.2395833,45.18958333,-2873,-2875.020370117288,2.0203701172881665
-127.25625,45.45208333,-2883,-2882.149234801316,-0.8507651986838027
-127.1270833,45.37291667,-2870,-2872.6574083515347,2.657408351534741
-127.0145833,45.46041667,-2839,-2841.1849838559415,2.184983855941482
-127.49375,45.37291667,-2858,-2859.8544517931227,1.8544517931227347
-127.4979167,45.04791667,-2957,-2946.3295770799127,-10.670422920087276
-127.2229167,45.04791667,-2863,-2862.123147626056,-0.8768523739440752
-127.1104167,45.23541667,-2876,-2877.7319977103352,1.7319977103352358
-127.38125,45.06875,-2910,-2922.604073448017,12.604073448017061
-127.1479167,45.02291667,-2859,-2860.622496791949,1.6224967919488336
-127.3604167,45.12291667,-2868,-2888.6977788807394,20.697778880739406
-127.31875,45.21458333,-2878,-2876.451723357541,-1.548276642458859
-127.2895833,45.31875,-2906,-2908.2159743372545,2.2159743372544654
-127.19375,45.18125,-2874,-2874.101322883593,0.10132288359318409
-127.41875,45.23958333,-2894,-2897.6516478334,3.6516478334001476
-127.21875,45.08958333,-2859,-2860.3578126283387,1.3578126283387064
-127.48125,45.15208333,-2872,-2872.406778653827,0.4067786538271321
-127.1395833,45.08541667,-2861,-2860.3183946477175,-0.6816053522825314
-127.36875,45.38958333,-2889,-2890.1803911341353,1.1803911341353341
-127.1395833,45.20208333,-2881,-2881.0832771962077,0.08327719620774587
-127.1354167,45.07291667,-2859,-2860.772766311395,1.7727663113951166
-127.1395833,45.38958333,-2868,-2869.805588897841,1.8055888978410621
-127.4229167,45.04791667,-2883,-2881.809831417864,-1.1901685821358114
-127.3604167,45.17708333,-2872,-2877.077493377261,5.077493377260907
-127.28125,45.45208333,-2889,-2891.27901766006,2.2790176600601626
-127.43125,45.41458333,-2919,-2912.8507927661344,-6.149207233865582
-127.45625,45.33125,-2930,-2929.2130754539535,-0.7869245460465208
-127.01875,45.29791667,-2869,-2871.5025447292114,2.5025447292114222
-127.48125,45.22708333,-2907,-2909.754659195413,2.7546591954128417
-127.1895833,45.26875,-2895,-2890.8108286748034,-4.189171325196639
-127.1229167,45.11875,-2862,-2861.0372607187046,-0.9627392812953985
-127.3520833,45.29791667,-2911,-2918.11738016266,7.117380162660083
-127.2520833,45.08541667,-2868,-2868.0631144708523,0.06311447085226973
-127.0020833,45.18958333,-2867,-2864.748366687679,-2.2516333123207914
-127.3020833,45.05208333,-2895,-2920.5891960019094,25.589196001909386
-127.3479167,45.03958333,-2889,-2880.7878753228792,-8.212124677120755
-127.46875,45.47291667,-2831,-2831.848677063221,0.8486770632212028
-127.2354167,45.45208333,-2879,-2873.3614519384478,-5.638548061552228
-127.0729167,45.04791667,-2842,-2843.212826717383,1.2128267173829954
-127.1354167,45.00208333,-2854,-2856.3344601461245,2.3344601461244565
-127.3854167,45.24791667,-2928,-2925.55429625688,-2.445703743119793
-127.1729167,45.28541667,-2898,-2895.155126624366,-2.8448733756340516
-127.1145833,45.30208333,-2891,-2887.6971335732715,-3.302866426728542
-127.1270833,45.44791667,-2861,-2860.674003976942,-0.32599602305799635
-127.4354167,45.21458333,-2889,-2898.3052335786924,9.305233578692423
-127.25625,45.08958333,-2866,-2867.4561470157396,1.4561470157395888
-127.4395833,45.11875,-2899,-2938.7880660857536,39.7880660857536
-127.0770833,45.48125,-2851,-2851.1175046509884,0.11750465098839413
-127.1354167,45.27291667,-2881,-2883.4779723902043,2.477972390204286
-127.4770833,45.25208333,-2908,-2922.6709459971503,14.670945997150284
-127.1020833,45.07708333,-2857,-2856.6779868657054,-0.32201313429459333
-127.23125,45.13958333,-2869,-2868.5404094272685,-0.45959057273148574
-127.05625,45.48541667,-2846,-2845.5674853464097,-0.4325146535902604
-127.40625,45.01875,-2969,-2955.640570286783,-13.359429713217196
-127.3729167,45.29791667,-2902,-2903.9882653071677,1.9882653071676941
-127.29375,45.33541667,-2899,-2897.9022513492646,-1.0977486507354115
-127.3145833,45.21875,-2879,-2876.1648893628835,-2.835110637116486
-127.48125,45.37708333,-2862,-2866.0397480670786,4.039748067078563
-127.3020833,45.07708333,-2886,-2880.755840062094,-5.244159937905806
-127.2270833,45.03541667,-2855,-2860.076021316229,5.076021316228889
-127.2104167,45.06458333,-2868,-2866.6420366101884,-1.35796338981163
-127.1270833,45.39375,-2867,-2866.757431214856,-0.24256878514415803
-127.1395833,45.00625,-2855,-2857.717680967764,2.717680967763954
-127.4020833,45.09791667,-2968,-2958.703845082375,-9.29615491762479
-127.40625,45.40625,-2910,-2905.906280639668,-4.093719360332216
-127.35625,45.35208333,-2890,-2889.1867246193456,-0.8132753806544315
-127.45625,45.41041667,-2852,-2853.88946754053,1.8894675405299495
-127.4395833,45.13541667,-2999,-2980.922978923691,-18.077021076308938
-127.1604167,45.27708333,-2885,-2889.2762629545696,4.2762629545695745
-127.4479167,45.25625,-2927,-2919.1148797375777,-7.885120262422333
-127.0895833,45.05208333,-2848,-2847.250195909756,-0.7498040902441971
-127.00625,45.47708333,-2837,-2839.034926324624,2.034926324623939
-127.04375,45.26458333,-2877,-2870.193345783397,-6.806654216602965
-127.4854167,45.29791667,-2910,-2908.064810413896,-1.9351895861041157
-127.2270833,45.02708333,-2892,-2886.5935566415687,-5.406443358431261
-127.40625,45.20625,-2939,-2934.667652521253,-4.332347478747124
-127.4520833,45.42708333,-2847,-2851.651168909226,4.651168909225817
-127.1229167,45.02708333,-2853,-2853.785759172419,0.7857591724191479
-127.1229167,45.41458333,-2863,-2864.464684835321,1.4646848353208952
-127.2270833,45.46458333,-2871,-2868.633953281698,-2.3660467183021865
-127.0479167,45.45625,-2845,-2845.735763975035,0.7357639750348426
-127.3229167,45.33958333,-2894,-2892.7972755933,-1.202724406699872
-127.2479167,45.01458333,-2897,-2896.8759898026397,-0.12401019736034868
-127.3770833,45.29791667,-2899,-2901.703525065834,2.7035250658341283
-127.3270833,45.03125,-2933,-2962.868549073155,29.86854907315501
-127.14375,45.27708333,-2885,-2884.740774517652,-0.2592254823480289
-127.3520833,45.05208333,-2918,-2924.2416407912788,6.241640791278769
-127.2895833,45.37708333,-2887,-2888.3375536866033,1.3375536866033144
-127.3979167,45.38125,-2893,-2897.712516505816,4.712516505815984
-127.2604167,45.28125,-2905,-2906.311810380063,1.3118103800629797
-127.30625,45.26458333,-2906,-2898.2499418123934,-7.750058187606555
-127.25625,45.07708333,-2878,-2874.8723663747032,-3.1276336252967667
-127.0145833,45.22291667,-2867,-2866.1256461898747,-0.8743538101252852
-127.3770833,45.36875,-2881,-2887.101960332515,6.101960332514864
-127.15625,45.25625,-2887,-2885.271178282109,-1.728821717891151
-127.3145833,45.03958333,-3027,-3022.5000379357875,-4.499962064212468
-127.2354167,45.43541667,-2877,-2873.9225200925225,-3.077479907477482
-127.09375,45.01041667,-2850,-2849.97312980135,-0.026870198650158272
-127.1520833,45.21458333,-2889,-2883.432607797895,-5.567392202105111
-127.11875,45.02708333,-2853,-2852.0717759107265,-0.928224089273499
-127.10625,45.48125,-2855,-2854.881004656972,-0.1189953430280184
-127.29375,45.11458333,-2869,-2868.9078209583245,-0.0921790416755357
-127.1520833,45.31875,-2891,-2889.9943023668916,-1.0056976331084115
-127.28125,45.44375,-2883,-2885.709911269738,2.7099112697378587
-127.49375,45.31458333,-2893,-2893.3137001848095,0.3137001848094769
-127.08125,45.49375,-2854,-2851.6520666377287,-2.3479333622713057
-127.2395833,45.15208333,-2869,-2867.863255626552,-1.136744373447982
-127.2979167,45.45208333,-2894,-2896.7137331225117,2.7137331225117123
-127.25625,45.18125,-2872,-2871.50960489223,-0.49039510776992756
-127.2604167,45.23958333,-2886,-2887.6624287570426,1.6624287570425622
-127.38125,45.04791667,-2879,-2873.7729375061954,-5.227062493804624
-127.1520833,45.14791667,-2868,-2867.6106761659426,-0.38932383405744986
-127.24375,45.19791667,-2876,-2875.617314945864,-0.3826850541358908
-127.2854167,45.20625,-2875,-2874.3788467119884,-0.6211532880115556
-127.2020833,45.31875,-2894,-2895.702049288512,1.7020492885121712
-127.10625,45.23958333,-2876,-2876.51343301943,0.5134330194300674
-127.31875,45.35625,-2891,-2889.256112936957,-1.7438870630430756
-127.2395833,45.23125,-2885,-2886.031011499967,1.0310114999670077
-127.1520833,45.07708333,-2861,-2860.6580517031803,-0.34194829681973715
-127.1020833,45.01041667,-2851,-2850.3186516080436,-0.6813483919563623
-127.4854167,45.32708333,-2899,-2900.9288137239787,1.928813723978692
-127.2895833,45.41875,-2880,-2882.559300459762,2.5593004597621984
-127.1770833,45.02291667,-2866,-2865.4819686273236,-0.5180313726764325
-127.45625,45.02291667,-2974,-2972.0565574741445,-1.9434425258555166
-127.2270833,45.46041667,-2874,-2870.4103422458247,-3.5896577541752777
-127.4229167,45.48125,-2836,-2831.923503425376,-4.076496574623889
-127.0854167,45.39791667,-2862,-2861.7289808934675,-0.2710191065325489
-127.30625,45.01875,-3050,-3049.5786901253464,-0.42130987465361613
-127.1395833,45.34791667,-2881,-2882.487370435328,1.4873704353281028
-127.3395833,45.46875,-2914,-2915.2423871708147,1.242387170814709
-127.1395833,45.47291667,-2861,-2862.52468267007,1.5246826700699785
-127.0104167,45.01458333,-2845,-2842.7365920225307,-2.263407977469342
-127.4229167,45.05625,-2885,-2889.0694419460083,4.069441946008283
-127.13125,45.43541667,-2861,-2861.824031684253,0.8240316842529865
-127.03125,45.41875,-2850,-2849.8624373501184,-0.13756264988160183
-127.1020833,45.08125,-2858,-2856.6779868657054,-1.3220131342945933
-127.1395833,45.43958333,-2864,-2864.036457884096,0.03645788409585293
-127.18125,45.18125,-2874,-2874.438735540282,0.43873554028186845
-127.1479167,45.38125,-2871,-2872.505826333178,1.5058263331779926
-127.30625,45.10208333,-2872,-2868.9571288819575,-3.0428711180425125
-127.3020833,45.26041667,-2906,-2895.9527619472024,-10.047238052797638
-127.09375,45.02708333,-2851,-2849.590013474236,-1.4099865257639976
-127.2645833,45.40625,-2880,-2878.8597996419317,-1.1402003580683413
-127.26875,45.09791667,-2866,-2868.1832791833285,2.1832791833285228
-127.09375,45.08541667,-2857,-2856.132438691654,-0.8675613083460121
-127.1020833,45.44791667,-2855,-2856.471225638471,1.471225638470969
-127.06875,45.12708333,-2861,-2861.6416760753805,0.6416760753804738
-127.1270833,45.15625,-2869,-2868.3435750931044,-0.6564249068956087
-127.46875,45.11458333,-2870,-2871.5255523747114,1.525552374711424
-127.26875,45.31875,-2904,-2906.9380928123974,2.9380928123973717
-127.0645833,45.32708333,-2878,-2878.2637868217935,0.2637868217934738
-127.4104167,45.08541667,-2890,-2908.1114926664522,18.11149266645225
-127.1395833,45.09791667,-2862,-2859.7555081780997,-2.244491821900283
-127.2895833,45.22291667,-2880,-2878.0527331744256,-1.9472668255743883
-127.0604167,45.38958333,-2859,-2858.12807417245,-0.8719258275500579
-127.1895833,45.05208333,-2857,-2858.9571511747317,1.9571511747317345
-127.3395833,45.13125,-2865,-2872.835712658849,7.835712658848934
-127.1479167,45.35625,-2878,-2878.351470711985,0.3514707119848026
-127.3395833,45.18541667,-2884,-2877.403979298516,-6.596020701484122
-127.0770833,45.29375,-2890,-2882.553551342859,-7.446448657140991
-127.2104167,45.26458333,-2898,-2892.3286539261467,-5.671346073853329
-127.0604167,45.21041667,-2876,-2872.9995078894535,-3.0004921105464746
-127.0479167,45.36041667,-2859,-2863.090659120693,4.09065912069309
-127.2645833,45.19375,-2873,-2873.566048535639,0.5660485356388563
-127.21875,45.23958333,-2874,-2887.1630532361887,13.163053236188716
-127.0104167,45.08125,-2852,-2852.5288750229997,0.5288750229997277
-127.29375,45.04791667,-2891,-2894.03869064996,3.03869064995979
-127.3895833,45.31458333,-2881,-2882.4284885995094,1.4284885995093646
-127.3604167,45.47708333,-2899,-2886.066766495473,-12.933233504526925
-127.4354167,45.39791667,-2959,-2932.2282637897492,-26.771736210250765
-127.3645833,45.21041667,-2890,-2907.167771615416,17.16777161541586
-127.0645833,45.08958333,-2855,-2854.95984105862,-0.04015894138001386
-127.3229167,45.43541667,-2889,-2893.6566502652577,4.656650265257667
-127.2979167,45.36041667,-2893,-2891.994034836625,-1.0059651633750946
-127.2729167,45.39375,-2884,-2884.6710991296004,0.6710991296004067
-127.2729167,45.40625,-2882,-2880.566547209539,-1.4334527904611605
-127.2270833,45.25625,-2890,-2891.699305708685,1.6993057086851877
-127.1604167,45.48958333,-2845,-2862.217724402065,17.21772440206496
-127.4104167,45.33958333,-2883,-2881.654892670025,-1.3451073299747804
-127.16875,45.37291667,-2878,-2876.6213099038737,-1.37869009612632
-127.4979167,45.31875,-2886,-2888.9451827555886,2.9451827555885757
-127.3854167,45.40625,-2902,-2898.5312262213965,-3.468773778603463
-127.0895833,45.12708333,-2862,-2862.655074651138,0.6550746511379657
-127.3604167,45.28125,-2924,-2923.883109914471,-0.11689008552912128
-127.03125,45.14375,-2863,-2862.686846833427,-0.31315316657310177
-127.3854167,45.31458333,-2884,-2882.742278995994,-1.2577210040058162
-127.18125,45.26458333,-2893,-2888.149026452827,-4.850973547172998
-127.1020833,45.17291667,-2876,-2872.546395846844,-3.453604153155993
-127.00625,45.18541667,-2867,-2864.657131486753,-2.34286851324714
-127.4479167,45.11875,-2880,-2893.318897444923,13.318897444923095
-127.33125,45.16875,-2872,-2872.008724493668,0.008724493668069044
-127.40625,45.15625,-2991,-2975.3347900692497,-15.66520993075028
-127.1729167,45.49791667,-2859,-2861.3292979828784,2.3292979828784155
-127.1729167,45.32291667,-2890,-2891.08350608058,1.0835060805798093
-127.0479167,45.17708333,-2868,-2868.3432258297485,0.3432258297484623
-127.14375,45.26458333,-2883,-2883.065086003015,0.06508600301503975
-127.2020833,45.02708333,-2884,-2882.4850087085,-1.5149912914998822
-127.01875,45.48125,-2839,-2840.5954494113357,1.5954494113357214
-127.08125,45.37708333,-2861,-2862.484426859956,1.4844268599558745
-127.0520833,45.00625,-2848,-2847.8460134618836,-0.1539865381164418
-127.0145833,45.45625,-2840,-2841.2883975065893,1.2883975065892628
-127.1729167,45.28958333,-2898,-2896.3405214672334,-1.6594785327665704
-127.49375,45.08958333,-2869,-2871.048338018095,2.04833801809491
-127.34375,45.16041667,-2872,-2868.047829732888,-3.9521702671117964
-127.2354167,45.29375,-2909,-2905.494240594108,-3.5057594058921495
-127.1645833,45.06875,-2860,-2860.5907443423644,0.5907443423643599
-127.2229167,45.20625,-2880,-2879.845219808932,-0.15478019106785723
-127.0770833,45.31875,-2880,-2879.8051247611133,-0.19487523888665237
-127.00625,45.04375,-2838,-2839.4349308203323,1.4349308203322835
-127.1479167,45.15208333,-2869,-2868.1214065001222,-0.878593499877752
-127.19375,45.14375,-2869,-2868.0236305368817,-0.9763694631183171
-127.4270833,45.07708333,-2884,-2892.267879712956,8.267879712956073
-127.28125,45.09375,-2870,-2870.799109738153,0.79910973815322
-127.4104167,45.19375,-2952,-2945.8422300624075,-6.157769937592548
-127.14375,45.48541667,-2860,-2863.715978730247,3.715978730247116
-127.21875,45.47708333,-2857,-2858.7578249646713,1.757824964671272
-127.0645833,45.32291667,-2878,-2878.7050912637196,0.7050912637196234
-127.0729167,45.31041667,-2883,-2880.810878995754,-2.1891210042458624
-127.2895833,45.09375,-2872,-2871.5470519550704,-0.45294804492959884
-127.3895833,45.06041667,-2894,-2890.8211729926393,-3.1788270073607237
-127.3895833,45.10208333,-3014,-2989.134395139165,-24.865604860834992
-127.24375,45.15625,-2869,-2867.9204539004704,-1.0795460995295798
-127.4104167,45.35625,-2889,-2887.671862203636,-1.3281377963639898
-127.14375,45.40625,-2869,-2868.569157492883,-0.43084250711717686
-127.2895833,45.32291667,-2903,-2904.816574761928,1.8165747619282229
-127.0770833,45.33958333,-2880,-2878.1286454959777,-1.8713545040222925
-127.19375,45.13958333,-2868,-2867.999886888303,-0.00011311169691907708
-127.08125,45.35208333,-2878,-2870.902633270276,-7.0973667297239444
-127.1604167,45.48541667,-2865,-2861.5786922802818,-3.421307719718243
-127.13125,45.00625,-2853,-2854.9240903018317,1.9240903018317113
-127.4479167,45.00208333,-2966,-2970.369428463161,4.369428463161057
-127.2229167,45.23125,-2886,-2887.1630532361887,1.1630532361887163
-127.1270833,45.06041667,-2854,-2855.0410797508825,1.0410797508825453
-127.2979167,45.46458333,-2911,-2908.315741349773,-2.6842586502270933
-127.1979167,45.38541667,-2879,-2876.712796247849,-2.287203752151072
-127.2479167,45.23125,-2885,-2885.754237629436,0.7542376294359201
-127.08125,45.15208333,-2865,-2867.4805113893663,2.4805113893662565
-127.2895833,45.47708333,-2903,-2910.008880476463,7.008880476463219
-127.46875,45.36458333,-2904,-2923.0110284648686,19.01102846486856
-127.4354167,45.48958333,-2833,-2831.1915212222693,-1.8084787777306701
-127.29375,45.35625,-2894,-2892.071704556571,-1.9282954434288513
-127.1895833,45.46458333,-2869,-2867.2815575384416,-1.7184424615584248
-127.1104167,45.47708333,-2857,-2856.502022552813,-0.49797744718716785
-127.0270833,45.35208333,-2862,-2863.625223986702,1.6252239867021672
-127.2479167,45.43958333,-2878,-2877.152445541379,-0.8475544586208343
-127.41875,45.20625,-2912,-2912.646514135078,0.6465141350781778
-127.3854167,45.02291667,-2920,-2928.204266993172,8.204266993172041
-127.0145833,45.33958333,-2868,-2869.5061539266053,1.5061539266052932
-127.1229167,45.24791667,-2880,-2879.48157887676,-0.5184211232399321
-127.08125,45.24375,-2874,-2873.5396718046477,-0.46032819535230374
-127.0145833,45.32291667,-2872,-2870.1384537725808,-1.8615462274192396
-127.4895833,45.37708333,-2859,-2856.435005444172,-2.5649945558279796
-127.3645833,45.30625,-2899,-2903.0092234857,4.009223485700204
-127.24375,45.26875,-2898,-2898.8320258273543,0.8320258273543004
-127.1395833,45.37708333,-2871,-2873.951407835599,2.951407835599184
-127.1729167,45.26458333,-2891,-2887.299446884189,-3.70055311581109
-127.3229167,45.28958333,-2936,-2930.3735075846234,-5.6264924153765605
-127.1604167,45.37708333,-2877,-2875.170308885368,-1.829691114632169
-127.04375,45.06041667,-2847,-2847.67449415736,0.6744941573601864
-127.09375,45.09375,-2858,-2855.823176167729,-2.1768238322711113
-127.01875,45.47708333,-2838,-2840.6475676338873,2.64756763388732
-127.2020833,45.24375,-2880,-2887.4400517949584,7.4400517949584355
-127.3020833,45.01875,-3055,-3060.220969060337,5.220969060337211
-127.36875,45.07291667,-2976,-2987.052472984032,11.052472984032192
-127.1645833,45.33958333,-2886,-2886.874604733161,0.8746047331610498
-127.0229167,45.06041667,-2845,-2846.049995621234,1.0499956212338475
-127.0979167,45.25208333,-2876,-2877.0192437490336,1.0192437490336488
-127.4729167,45.02291667,-2971,-2971.1891136869453,0.18911368694534758
-127.2229167,45.49791667,-2854,-2856.6110541764483,2.611054176448306
-127.26875,45.27291667,-2895,-2901.8406972375956,6.8406972375955775
-127.0979167,45.28541667,-2888,-2882.2707640941185,-5.729235905881524
-127.2729167,45.39791667,-2882,-2882.2656203526044,0.265620352604401
-127.34375,45.04791667,-2924,-2953.2884698079306,29.288469807930596
-127.4145833,45.31458333,-2874,-2879.384935761634,5.384935761634097
-127.4729167,45.46458333,-2833,-2833.2071011496682,0.20710114966823312
-127.10625,45.22291667,-2874,-2876.1976676208424,2.197667620842367
-127.20625,45.39375,-2877,-2875.3555866947027,-1.6444133052973484
-127.0895833,45.17291667,-2873,-2872.4713596561787,-0.5286403438212801
-127.4645833,45.18958333,-2987,-2968.5595022936927,-18.44049770630727
-127.3979167,45.23958333,-2914,-2918.3996484625186,4.3996484625185985
-127.4604167,45.48958333,-2835,-2832.8497766732107,-2.1502233267892734
-127.1479167,45.46041667,-2864,-2863.9540676069773,-0.045932393022667384
-127.0645833,45.47291667,-2847,-2847.783800992299,0.7838009922988931
-127.4104167,45.01458333,-2974,-2966.4158962204842,-7.584103779515772
-127.3229167,45.44375,-2897,-2897.632194835187,0.6321948351869651
-127.4895833,45.45625,-2834,-2834.1836178925982,0.18361789259824945
-127.0520833,45.21041667,-2874,-2870.6441685450654,-3.3558314549345596
-127.15625,45.11041667,-2864,-2862.08995016738,-1.9100498326201887
-127.2479167,45.38125,-2884,-2882.696109356833,-1.3038906431670512
-127.20625,45.27708333,-2902,-2895.9941135077725,-6.005886492227546
-127.3729167,45.38958333,-2889,-2890.163751124428,1.1637511244280176
-127.49375,45.16875,-2873,-2871.525443515266,-1.4745564847339665
-127.0270833,45.30208333,-2863,-2872.9790757125184,9.979075712518352
-127.1645833,45.22291667,-2884,-2884.4112082753704,0.41120827537042715
-127.3645833,45.14375,-2865,-2882.21085818228,17.210858182279935
-127.18125,45.06875,-2863,-2861.520088445619,-1.479911554381033
-127.3645833,45.13958333,-2868,-2880.307229693086,12.307229693085901
-127.2270833,45.27708333,-2905,-2897.302381846452,-7.6976181535478645
-127.0854167,45.03125,-2846,-2847.8704536045834,1.8704536045834175
-127.2895833,45.08125,-2880,-2882.820912597032,2.82091259703202
-127.1895833,45.24375,-2887,-2887.083692474003,0.0836924740028735
-127.30625,45.44791667,-2894,-2896.5601068068236,2.560106806823569
-127.43125,45.25208333,-2883,-2886.4813941886964,3.481394188696413
-127.2104167,45.36875,-2883,-2881.2555638313816,-1.7444361686184493
-127.0270833,45.12708333,-2858,-2858.919648041184,0.9196480411837911
-127.1895833,45.38958333,-2876,-2872.943872361185,-3.0561276388148144
-127.01875,45.18541667,-2867,-2865.9684853961035,-1.0315146038965395
-127.1979167,45.03541667,-2867,-2859.565521849795,-7.4344781502049955
-127.3104167,45.21041667,-2876,-2874.7306298149974,-1.2693701850025718
-127.3479167,45.45625,-2917,-2912.535340405641,-4.464659594359091
-127.41875,45.27708333,-2880,-2886.1695553620493,6.169555362049323
-127.1145833,45.47708333,-2857,-2856.502022552813,-0.49797744718716785
-127.01875,45.03958333,-2840,-2839.54880878858,-0.45119121141988217
-127.1729167,45.14791667,-2868,-2867.650562113191,-0.349437886809028
-127.2229167,45.03958333,-2855,-2858.901866358738,3.9018663587380615
-127.2229167,45.15625,-2870,-2868.9952973627737,-1.0047026372262735
-127.2479167,45.32291667,-2897,-2900.29854832572,3.298548325719821
-127.33125,45.49791667,-2836,-2855.3019288297096,19.301928829709595
-127.0729167,45.42708333,-2854,-2853.8461328858575,-0.15386711414248566
-127.33125,45.47708333,-2912,-2910.5631455697157,-1.4368544302842565
-127.2770833,45.44791667,-2886,-2886.3383530266797,0.3383530266796697
-127.2645833,45.24375,-2886,-2889.6411911936466,3.6411911936465913
-127.0479167,45.39791667,-2857,-2856.097350186765,-0.9026498132348024
-127.01875,45.45208333,-2841,-2842.351040420101,1.3510404201010715
-127.1895833,45.07708333,-2863,-2862.320768008536,-0.6792319914638938
-127.4895833,45.35208333,-2876,-2879.0865510725775,3.0865510725775493
-127.1479167,45.23958333,-2882,-2883.582554819667,1.5825548196671662
-127.4020833,45.06875,-2897,-2894.2746356064918,-2.7253643935082437
-127.1354167,45.39791667,-2869,-2868.5425625143635,-0.4574374856365466
-127.08125,45.27708333,-2877,-2875.8644887961755,-1.1355112038245352
-127.21875,45.01875,-2888,-2884.6420272283563,-3.3579727716437446
-127.29375,45.03541667,-2892,-2911.162703618702,19.162703618701926
-127.1020833,45.07291667,-2857,-2856.6148532200364,-0.3851467799636339
-127.41875,45.46875,-2837,-2839.608877394084,2.6088773940841747
-127.31875,45.15208333,-2887,-2874.1709206994,-12.829079300599915
-127.23125,45.11458333,-2859,-2862.854065410121,3.8540654101211658
-127.4270833,45.05625,-2885,-2889.000404428998,4.000404428998081
-127.3979167,45.49375,-2838,-2838.4059475875265,0.40594758752649795
-127.41875,45.14791667,-2962,-2964.038930099177,2.0389300991769232
-127.0020833,45.36041667,-2855,-2856.9086104526705,1.908610452670473
-127.39375,45.46458333,-2843,-2863.544959035945,20.544959035944885
-127.1354167,45.48125,-2858,-2862.5146987923995,4.514698792399486
-127.1395833,45.25208333,-2883,-2882.7933979232,-0.20660207680020903
-127.0729167,45.49375,-2849,-2849.234036678105,0.23403667810498519
-127.1479167,45.00208333,-2857,-2860.167561179711,3.1675611797109013
-127.0020833,45.43125,-2846,-2844.825771081951,-1.1742289180488115
-127.3729167,45.37291667,-2881,-2887.2835934219925,6.283593421992464
-127.1645833,45.03958333,-2857,-2854.699310055907,-2.3006899440929374
-127.30625,45.38958333,-2884,-2887.256969054208,3.2569690542081844
-127.24375,45.07291667,-2876,-2873.9380982089656,-2.0619017910344155
-127.31875,45.36458333,-2888,-2889.06772723047,1.0677272304701546
-127.4604167,45.18958333,-2986,-2977.0058940676,-8.994105932400089
-127.40625,45.38125,-2895,-2898.7853902250845,3.785390225084484
-127.20625,45.26875,-2899,-2894.3195620139645,-4.680437986035486
-127.0104167,45.23541667,-2867,-2865.665192178718,-1.3348078212820838
-127.21875,45.37291667,-2883,-2881.485396047019,-1.5146039529809059
-127.1645833,45.38125,-2876,-2873.438931516429,-2.5610684835710344
-127.1604167,45.18958333,-2875,-2878.045781359006,3.045781359006014
-127.14375,45.14791667,-2868,-2867.427218236835,-0.5727817631650396
-127.0270833,45.07708333,-2854,-2853.6350953152864,-0.3649046847135651
-127.0229167,45.48958333,-2841,-2840.9972826564917,-0.0027173435082659125
-127.34375,45.26875,-2940,-2924.56062123407,-15.439378765930087
-127.3729167,45.19375,-2882,-2908.975554441463,26.97555444146292
-127.36875,45.30208333,-2901,-2899.2887583789698,-1.71124162103024
-127.4354167,45.31875,-2888,-2884.7086112723023,-3.291388727697722
-127.2020833,45.35208333,-2884,-2884.6001770240337,0.6001770240336555
-127.48125,45.41458333,-2844,-2842.00679837208,-1.993201627919916
-127.4895833,45.16041667,-2872,-2872.198863535566,0.19886353556603353
-127.00625,45.17291667,-2864,-2863.078226825796,-0.9217731742041906
-127.1270833,45.13125,-2865,-2864.6323121828455,-0.3676878171545468
-127.3520833,45.42291667,-2899,-2901.090939434713,2.090939434713164
-127.0479167,45.21458333,-2872,-2870.610350066535,-1.3896499334650798
-127.4895833,45.30625,-2901,-2900.962295152543,-0.03770484745700742
-127.31875,45.10208333,-2877,-2873.3265201483396,-3.6734798516604315
-127.3020833,45.46875,-2915,-2910.213470697766,-4.7865293022341575
-127.3979167,45.08541667,-2914,-2940.358176506097,26.358176506097152
-127.2104167,45.19791667,-2878,-2876.6074749235113,-1.3925250764887096
-127.4770833,45.16458333,-2876,-2887.061469016386,11.061469016386127
-127.1604167,45.34375,-2884,-2884.8510511389863,0.8510511389863495
-127.2395833,45.48958333,-2867,-2869.6793677104674,2.6793677104674316
-127.13125,45.40208333,-2868,-2866.9839515623385,-1.0160484376615386
-127.1770833,45.08125,-2860,-2861.2985773282235,1.2985773282234732
-127.4729167,45.19375,-2964,-2956.083227804111,-7.916772195888825
-127.26875,45.49375,-2894,-2886.8353805608645,-7.164619439135549
-127.2270833,45.41875,-2874,-2873.7983000121835,-0.20169998781648246
-127.3229167,45.38541667,-2885,-2887.485478024663,2.485478024662825
-127.4979167,45.32708333,-2883,-2884.9355302440126,1.9355302440126252
-127.4770833,45.16875,-2878,-2889.386228557254,11.386228557254071
-127.4604167,45.11875,-2873,-2874.02840266174,1.028402661740074
-127.4645833,45.09791667,-2870,-2871.26092301783,1.2609230178300095
-127.43125,45.22708333,-2889,-2896.8945149674846,7.894514967484611
-127.0229167,45.06875,-2852,-2851.361100545488,-0.6388994545118294
-127.2854167,45.01041667,-3054,-3020.0519324354805,-33.94806756451953
-127.30625,45.40625,-2884,-2884.589625199569,0.5896251995691273
-127.1020833,45.01458333,-2852,-2850.3186516080436,-1.6813483919563623
-127.0895833,45.08541667,-2857,-2856.284709561221,-0.7152904387789931
-127.0604167,45.03125,-2841,-2843.6869844681746,2.6869844681746144
-127.4104167,45.37291667,-2894,-2893.146295738419,-0.8537042615807877
-127.0270833,45.24375,-2868,-2867.4805300696985,-0.5194699303015113
-127.1104167,45.22291667,-2874,-2877.4162323117475,3.4162323117475353
-127.28125,45.06041667,-2889,-2885.8379353788478,-3.16206462115224
-127.3145833,45.33958333,-2896,-2892.219304537176,-3.780695462824042
-127.1479167,45.12708333,-2865,-2863.1775682370258,-1.8224317629742472
-127.3520833,45.33958333,-2895,-2892.328961656053,-2.6710383439472025
-127.1645833,45.36041667,-2879,-2878.2055770814263,-0.7944229185736731
-127.23125,45.39791667,-2877,-2876.057328908078,-0.9426710919219659
-127.3979167,45.44791667,-2904,-2895.1435308824707,-8.856469117529286
-127.16875,45.33125,-2888,-2889.259995117588,1.259995117588005
-127.4604167,45.11041667,-2871,-2868.869828428329,-2.1301715716708713
-127.3520833,45.23541667,-2914,-2918.6621856938928,4.662185693892752
-127.2520833,45.13958333,-2870,-2870.1297855102493,0.1297855102493486
-127.4020833,45.45208333,-2852,-2880.6300017096446,28.630001709644603
-127.4395833,45.09375,-2873,-2876.809924125828,3.80992412582782
-127.15625,45.29791667,-2894,-2893.718993835482,-0.28100616451820315
-127.2020833,45.37708333,-2882,-2879.7045797159285,-2.295420284071497
-127.2020833,45.11458333,-2867,-2862.3601942916075,-4.639805708392487
-127.39375,45.20625,-2961,-2951.982588679479,-9.017411320521205
-127.33125,45.18125,-2880,-2873.3185867331326,-6.6814132668673665
-127.3479167,45.07291667,-3034,-3023.844806601275,-10.155193398724805
-127.0979167,45.45625,-2854,-2855.654172025817,1.6541720258169335
-127.3354167,45.15208333,-2880,-2873.0227359029486,-6.977264097051375
-127.3270833,45.03958333,-3022,-2991.393250753225,-30.606749246775053
-127.2395833,45.41458333,-2874,-2876.522743260304,2.522743260304196
-127.18125,45.33125,-2889,-2889.6994213235557,0.6994213235557254
-127.24375,45.06875,-2877,-2875.0827984624066,-1.917201537593428
-127.3604167,45.01875,-2899,-2899.271863462747,0.27186346274720563
-127.04375,45.38541667,-2858,-2855.6642459753384,-2.3357540246615827
-127.4604167,45.48541667,-2833,-2832.371466923815,-0.6285330761847945
-127.43125,45.31875,-2885,-2882.396121451569,-2.603878548431112
-127.4229167,45.35208333,-2895,-2893.150445086151,-1.8495549138488059
-127.0729167,45.28958333,-2872,-2880.884999200269,8.884999200268794
-127.19375,45.12291667,-2866,-2864.954432026445,-1.0455679735550802
-127.2145833,45.20625,-2881,-2879.792985083109,-1.2070149168907847
-127.29375,45.41458333,-2881,-2883.108510252029,2.108510252029191
-127.01875,45.10208333,-2853,-2853.180619417906,0.1806194179062004
-127.0520833,45.19375,-2872,-2870.6441685450654,-1.3558314549345596
-127.0020833,45.06458333,-2849,-2848.541957651436,-0.45804234856404946
-127.36875,45.14375,-2865,-2877.488062195662,12.488062195662224
-127.04375,45.03125,-2841,-2842.6027535376797,1.602753537679746
-127.40625,45.26041667,-2894,-2899.667347793886,5.667347793886165
-127.3354167,45.31458333,-2904,-2904.9820971755357,0.9820971755357277
-127.3979167,45.04375,-2878,-2878.306559397554,0.3065593975538832
-127.1104167,45.22708333,-2875,-2877.4162323117475,2.4162323117475353
-127.04375,45.27708333,-2872,-2871.869034298034,-0.13096570196603352
-127.11875,45.43125,-2860,-2859.797722977986,-0.2022770220141865
-127.0145833,45.14375,-2861,-2860.7272845029484,-0.27271549705164944
-127.1479167,45.39791667,-2870,-2869.888210680891,-0.11178931910899337
-127.29375,45.18125,-2872,-2874.2614621129565,2.261462112956451
-127.2145833,45.12291667,-2867,-2865.46251297554,-1.537487024460006
-127.1895833,45.28541667,-2894,-2898.0004578072294,4.000457807229395
-127.4729167,45.17708333,-2910,-2913.4460084317584,3.4460084317584005
-127.1229167,45.44375,-2860,-2860.674003976942,0.6740039769420036
-127.4270833,45.45208333,-2843,-2848.524352288343,5.524352288342925
-127.0770833,45.27708333,-2876,-2875.1473155659,-0.852684434099956
-127.4895833,45.15208333,-2870,-2871.382939745819,1.3829397458189305
-127.38125,45.42291667,-2916,-2912.3824718503765,-3.6175281496234675
-127.2104167,45.43125,-2873,-2871.450407049033,-1.5495929509670532
-127.0729167,45.13125,-2863,-2863.471177520369,0.4711775203691104
-127.1104167,45.33125,-2881,-2884.1006093454894,3.1006093454893744
-127.0895833,45.31875,-2881,-2882.3844676771873,1.384467677187331
-127.45625,45.38958333,-2897,-2900.3760481913614,3.3760481913614058
-127.3479167,45.22291667,-2886,-2902.767641012622,16.76764101262188
-127.4979167,45.21041667,-2892,-2893.840562250154,1.8405622501541075
-127.1979167,45.05625,-2860,-2862.473150088308,2.4731500883081026
-127.48125,45.06458333,-2898,-2900.1845382316797,2.184538231679653
-127.49375,45.33958333,-2883,-2884.2861171567606,1.2861171567606107
-127.16875,45.33958333,-2886,-2886.774621636214,0.7746216362138512
-127.3604167,45.49791667,-2834,-2836.877639098264,2.8776390982638986
-127.0854167,45.32291667,-2880,-2882.3844676771873,2.384467677187331
-127.1270833,45.45208333,-2861,-2860.5189728750593,-0.48102712494073785
-127.30625,45.48541667,-2890,-2903.7995918524043,13.799591852404319
-127.26875,45.18541667,-2872,-2872.090578504876,0.09057850487579344
-127.21875,45.20625,-2881,-2879.845219808932,-1.1547801910678572
-127.1729167,45.08958333,-2853,-2858.0589921987143,5.05899219871435
-127.2645833,45.43958333,-2881,-2879.4713659757713,-1.5286340242287224
-127.1395833,45.21875,-2883,-2882.505457085233,-0.4945429147669529
-127.4729167,45.43125,-2837,-2835.3381477199423,-1.6618522800577011
-127.16875,45.23958333,-2882,-2885.10854129619,3.1085412961901966
-127.4145833,45.24375,-2895,-2896.6340044053195,1.6340044053195015
-127.0604167,45.23125,-2873,-2872.097942897495,-0.9020571025048412
-127.4145833,45.21458333,-2911,-2914.974928017103,3.9749280171031387
-127.43125,45.40208333,-2957,-2933.7513457585223,-23.248654241477652
-127.4979167,45.27291667,-2891,-2891.462085634792,0.4620856347919471
-127.10625,45.23125,-2875,-2876.51343301943,1.5134330194300674
-127.3645833,45.45208333,-2920,-2912.380561935582,-7.619438064417864
-127.24375,45.14375,-2869,-2867.7292891911934,-1.270710808806598
-127.0104167,45.44375,-2842,-2843.3640907519225,1.3640907519225038
-127.2645833,45.48958333,-2897,-2887.913080640502,-9.086919359498097
-127.13125,45.32291667,-2889,-2887.2730925574556,-1.726907442544416
-127.3770833,45.11875,-2905,-2900.7896490064295,-4.210350993570501
-127.13125,45.32708333,-2887,-2886.8317881155294,-0.16821188447056556
-127.19375,45.43958333,-2870,-2870.1119816767405,0.11198167674047
-127.1229167,45.43958333,-2860,-2860.674003976942,0.6740039769420036
-127.4770833,45.35208333,-2898,-2908.6265318144356,10.626531814435566
-127.41875,45.32291667,-2880,-2882.0273007931314,2.027300793131417
-127.3020833,45.07291667,-2892,-2891.3753718527573,-0.6246281472426745
