long,lat,FA,age,q_ihfc,q_ps,q_stein,ps_z,stein_z,bathy,z
-129.9666696659997,45.10000090199982,-2.550823211669922,1.126497717465312,112.31126546504034,445.7542585521082,480.51286314420787,2871.478088707128,3063.1839442209134,-2594.9921553287563,-2620.1562324672077
-129.9666696659997,45.21666757099982,-0.0335992276668548,1.3266812654596323,122.41514659772837,410.74980015048175,442.77886014441015,2903.1357773986388,3242.4303607443735,-2494.482786033992,-2562.282581640766
-129.9666696659997,45.33333423999981,5.402774810791016,1.5268648134539402,132.51902773041576,382.87795841151933,412.7336542531793,2932.48229980903,3450.9303978757634,-2410.496421697094,-2505.307924014411
-129.9666696659997,45.45000090899981,4.748456954956055,1.7270483614482723,142.62290886310436,360.00489794029863,388.0770198744142,2959.960242061652,3688.684055615124,-2382.0160502223466,-2457.766162269986
-129.9666696659997,45.56666757799981,3.1678214073181152,1.9272319094425927,152.7267899957924,340.7953576402224,367.3695761827805,2985.8867243573523,3955.6913339624157,-2430.997303359959,-2294.2362143043256
-129.9666696659997,45.683334246999806,3.723914384841919,1.8776910726265141,153.66657139846689,345.26184601680166,372.18434817172727,2979.6010387778033,3886.8891739407777,-2405.0025735523727,-2209.20054980889
-129.9666696659997,45.8000009159998,12.739927291870115,1.6840210344566613,149.3172642877549,364.5750156239517,393.00350187867167,2954.1944261227136,3635.1132982397567,-2127.9853289298994,-2245.2877955559784
-129.9666696659997,45.9166675849998,25.099245071411133,1.4903509962868082,144.96795717704293,387.53985984302204,417.75907703169344,2927.279764375911,3410.7183236285746,-1592.4922754729325,-2278.980969993878
-129.9666696659997,46.0333342539998,19.550853729248047,1.2966809581169552,140.61865006633093,415.47423070910435,447.8716878872648,2898.551649562923,3213.7042501072333,-1890.4550381801744,-2255.86897849737
-129.9666696659997,46.150000922999794,15.83944606781006,1.1027034671308908,133.85695959091802,450.53785695415945,485.6694724647064,2867.5339096240427,3043.823551794208,-1929.0201225097114,-2306.516975901527
-129.9666696659997,46.26666759199979,-1.4903594255447388,1.0617487053500974,133.64396429718226,459.14492560487196,494.947694985937,2860.644168683464,3011.468264359102,-2132.0829608542804,-2443.3443233180437
-129.9666696659997,46.38333426099979,-5.334891319274902,1.2571095595520667,173.37065319461055,421.9627310260564,454.866142354033,2892.4231403028216,3176.818422321775,-2550.002440414559,-2434.8191523667474
-129.9666696659997,46.500000929999786,-0.1766729205846786,1.4524704137540354,213.09734209203882,392.560873743427,423.17161481205517,2921.814681684824,3370.0296605332487,-2534.4811517156004,-2553.8149878217137
-129.9666696659997,46.61666759899978,4.286661148071289,1.6478312679560048,252.8240309894671,368.5566818453165,397.29564670826255,2949.287580870661,3591.1019789935253,-2383.014899933076,-2602.255858573212
-129.9666696659997,46.73333426799978,-10.786880493164062,1.8431921221579735,292.5507198868953,348.47799248659067,375.65128027352966,2975.1747415050086,3840.035377702603,-2723.4965480960936,-2626.194299191532
-129.9666696659997,46.85000093699978,1.519764423370361,2.031922367479087,332.93125902550685,331.8998861524058,357.7804620203889,2998.90930039055,4106.978605223563,-2654.9882588017426,-2671.864273276481
-129.9666696659997,46.966667605999774,-0.6286100149154663,2.2348327241061465,297.43715926852406,316.47408141869977,341.15179845366697,3023.2274923042587,4422.98421622853,-2690.000244415881,-2692.49578865801
-129.9666696659997,47.08333427499977,-0.326377809047699,2.1399568919286054,195.97452547188757,323.41350162765275,348.63233421791466,3012.0007024030865,4271.486657249149,-2648.4949225768714,-2722.5095898650493
-129.9666696659997,47.20000094399977,0.703510046005249,2.29634164019377,146.97666062893006,312.2068362991093,336.55180612423226,3030.378969156712,4524.712498898052,-2644.002555807193,-2742.584836849422
-129.9666696659997,47.316667612999765,-3.8407909870147705,2.2932004189414834,162.67466664089503,312.4205932666907,336.78223123075435,3030.0160859071466,4519.450378923189,-2699.498166896289,-2736.4158304281545
-129.9666696659997,47.43333428199976,-7.935532569885254,2.3224068162383094,201.35616603807546,310.4498899576852,334.6578582802999,3033.3805723769783,4568.654298340209,-2762.5157964458385,-2760.629447972229
-129.9666696659997,47.55000095099976,-9.18674373626709,2.3275345266459464,205.45578703669096,310.1077307235309,334.28901847652827,3033.9690810469538,4577.357195046074,-2702.497945840521,-2748.3168590067557
-129.9666696659997,47.66666761999976,-11.819599151611328,2.3300606417842205,206.33591266326215,309.9395848275476,334.10776105866915,3034.258765598251,4581.651646953041,-2949.015024062292,-2732.5510168767187
-129.9666696659997,47.78333428899976,-10.395098686218262,2.332586756922495,207.21603828983334,309.7717121503252,333.9267981643653,3034.5482931625593,4585.950757178124,-2849.5002074881813,-2707.041007405961
-129.9666696659997,47.90000095799975,-11.051026344299316,2.335112872060769,208.09616391640444,309.6041119527464,333.74612899686554,3034.837663994828,4590.254525721321,-2804.001121663774,-2630.762331623683
-129.85000299699968,45.10000090199982,-4.000527858734131,1.0977330772273122,106.31614190716108,451.5566928240553,486.7677541558513,2866.704652220756,3039.831536726215,-2399.5094204790657,-2657.962944923917
-129.85000299699968,45.21666757099982,-8.73755168914795,1.2979166252216325,116.4200230398491,415.27640980164114,447.6584414879063,2898.741503470168,3214.87446159975,-2713.6029503036666,-2659.112324470784
-129.85000299699968,45.33333423999981,-1.5383338928222656,1.4981001732159402,126.52390417253648,386.53625254036393,416.67721138662,2928.3891586150994,3419.171007081215,-2550.686082289013,-2602.1376668444295
-129.85000299699968,45.45000090899981,-0.0194444358348846,1.698283721210273,136.62778530522513,363.04088364409506,391.34974280416174,2956.1137531891122,3652.7211731706516,-2547.200036288326,-2545.1630092180676
-129.85000299699968,45.56666757799981,5.727469444274902,1.8724517213354244,145.7769776301501,345.7445512396711,372.70469332658695,2978.931452155305,3879.7175387871775,-2450.2918750728363,-2484.361596576439
-129.85000299699968,45.683334246999806,2.025423049926758,1.678781683165571,141.4276705194381,365.1434780306262,393.616291310024,2953.4873274831198,3628.682398002263,-2401.902959535617,-2417.113167884577
-129.85000299699968,45.8000009159998,7.437213897705078,1.4851116449957182,137.0783634087261,388.22286229683033,418.4953380058005,2926.5280489158663,3405.028158307189,-2037.2875391538505,-2361.793781729339
-129.85000299699968,45.9166675849998,15.329435348510742,1.2914416068258652,132.72905629801411,416.31616273268554,448.77927129103944,2897.7456433905572,3208.754819701955,-1893.681439889588,-2318.2970313406145
-129.85000299699968,46.0333342539998,1.895655870437622,1.0969291277114697,121.76966005102445,451.72213755652547,486.94609978142006,2866.570345424524,3039.1875315959737,-2297.2090582867077,-2301.664232105281
-129.85000299699968,46.150000922999794,12.664342880249023,0.9010561972484901,100.13568211618187,498.40767335303633,537.2720361973038,2832.233929879144,2896.344328768967,-2196.3988720960133,-2352.3122295094386
-129.85000299699968,46.26666759199979,7.949176788330078,0.709927472094464,70.07751072145457,561.5050516161903,605.2895622319472,2794.900178588572,2783.958910706569,-2165.2160004455936,-2402.588627041357
-129.85000299699968,46.38333426099979,-5.84415340423584,0.9052883262964332,109.80419961888285,497.2413065008472,536.0147194922602,2833.013242936843,2899.134638110938,-2568.601414623655,-2503.153527244453
-129.85000299699968,46.500000929999786,-5.624360084533691,1.1006491804984022,149.53088851631114,450.95811004408046,486.12249565317586,2867.1914005134845,3042.1714457641087,-2692.183690851006,-2622.1493626994193
-129.85000299699968,46.61666759899978,-4.899521827697754,1.2909266436691311,189.75885512616802,416.39919073058263,448.8687735677429,2897.6663348203724,3208.2694337572193,-2646.924119372566,-2670.590233450918
-129.85000299699968,46.73333426799978,-12.56739330291748,1.477888315258888,230.3137948939792,389.1704452556815,419.5168106936963,2925.489504711002,3397.2161634182453,-2760.711893726654,-2680.2150195856034
-129.85000299699968,46.85000093699978,-6.968404769897461,1.6787464096390987,204.60561619323383,365.14731417598085,393.6204265866981,2953.4825632599227,3628.6391703748,-2663.100041422431,-2694.6525338702118
-129.85000299699968,46.966667605999774,-7.4227705001831055,1.8870516085961135,143.38697697602817,344.40446254968833,371.26010846634944,2980.7949896297005,3899.7517773293903,-2657.6785745327634,-2715.2837148611147
-129.85000299699968,47.08333427499977,-8.212688446044922,1.8189195714404764,156.79608326153237,350.795417122256,378.14941085880224,2972.0356421939537,3807.5909686897603,-2710.0184948775836,-2734.5410446728765
-129.85000299699968,47.20000094399977,-5.549663543701172,1.9672146763462541,109.88264279303046,337.3143218712854,363.61709949422914,2990.901006163581,4012.525757733715,-2658.0988311039664,-2728.3720382516094
-129.85000299699968,47.316667612999765,-4.040678977966309,1.9640734550939676,125.58064880499539,337.583954250748,363.9077570127299,2990.508917603963,4008.0183560067358,-2798.8941249771688,-2722.203031830342
-129.85000299699968,47.43333428199976,-8.37090015411377,1.9609322338416808,141.2786548169603,337.854234257993,364.19911265912083,2990.116515377319,4003.5181573875534,-2758.399605776549,-2705.534653703019
-129.85000299699968,47.55000095099976,-11.173410415649414,1.9796275232571718,172.49184621195636,336.255128885099,362.4753137576937,2992.447328756085,4030.4076727556235,-2804.904390415333,-2686.040802869316
-129.85000299699968,47.66666761999976,-7.746519088745117,2.0170534998194034,216.5608350958534,333.12095297381813,359.0967440371958,2997.080530425279,4085.0042597138017,-2822.590963104886,-2668.772968970749
-129.85000299699968,47.78333428899976,-8.786018371582031,2.019579614957678,217.44096072242462,332.91255188358986,358.8720924435728,2997.391699601346,4088.7261647206997,-2780.9000814557903,-2656.70187749005
-129.85000299699968,47.90000095799975,-9.358805656433104,2.022105730095952,218.3210863489957,332.704541432951,358.6478619504641,2997.7026742310654,4092.4527280457123,-2767.3034242717094,-2638.7999548156195
-129.73333632799967,45.10000090199982,-2.604438066482544,1.0689684369893124,100.32101834928181,457.59178373274955,493.27344368373554,2861.8682543843697,3017.0831345369716,-2633.5044767990353,-2681.1188784675874
-129.73333632799967,45.21666757099982,-3.94455623626709,1.2691519849836326,110.42489948196985,419.9560500946848,452.70298635215363,2894.298260407645,3187.922567760582,-2601.900267552257,-2663.9661620938205
-129.73333632799967,45.33333423999981,-8.780770301818848,1.4693355329779405,120.52878061465724,390.3014532518805,420.7360113632712,2924.256529460417,3388.0156215921224,-2714.3983409922484,-2606.9915044674663
-129.73333632799967,45.45000090899981,-6.760111808776856,1.669519080972273,130.63266174734588,366.15499705114627,394.70668560542276,2952.2345491214746,3617.362296031634,-2698.501283519943,-2606.4676181062637
-129.73333632799967,45.56666757799981,1.6291723251342771,1.6735423318744815,133.53807675112128,365.71460787624903,394.23195617935966,2952.7791245791086,3622.2715368501954,-2246.392588353382,-2549.341263518337
-129.73333632799967,45.683334246999806,-4.700138092041016,1.479872293704628,129.18876964040928,388.90948870852054,419.2355055233546,2925.7750062871432,3399.358032071228,-2531.299778463618,-2479.9357707216836
-129.73333632799967,45.8000009159998,-10.676965713500977,1.2862022555347754,124.8394625296973,417.1632339529121,449.69239463088195,2896.9380005781886,3203.8254283821016,-2566.0915108501677,-2424.6163845664455
-129.73333632799967,45.9166675849998,-2.586660623550415,1.0911547882920487,109.68236051113085,452.91580650069,488.2328475151823,2865.604241722899,3034.575851784623,-2377.654280182156,-2406.6511898151507
-129.73333632799967,46.0333342539998,7.021282196044922,0.8952818578290689,88.04838257628829,500.01239113217156,539.0018851438855,2831.1676729151877,2892.558305809622,-2162.9161824295024,-2452.477978262502
-129.73333632799967,46.150000922999794,2.750472068786621,0.6994089273660893,66.41440464144574,565.7115858913858,609.8241096640995,2792.70735146618,2778.548089402975,-2357.9841340016674,-2502.7543569893583
-129.73333632799967,46.26666759199979,10.67819881439209,0.5035359969031096,44.780426706603166,666.7229389415323,718.7120306047862,2748.3609462468503,2692.545202564681,-2226.5892846092024,-2469.8243631325104
-129.73333632799967,46.38333426099979,3.2391912937164307,0.5499309198591756,46.58645122682924,637.9793028604325,687.7270504155507,2759.5506456989638,2710.384766065263,-2193.311096382672,-2478.1996861616885
-129.73333632799967,46.500000929999786,-7.478543281555176,0.7368925914489323,87.14139099464037,551.1357258229003,594.1116669449942,2800.44856873098,2798.198902336298,-2526.6819554592753,-2581.834837626995
-129.73333632799967,46.61666759899978,-7.74266242980957,0.9238542630386889,127.6963307624515,492.21962521054155,530.6014622808983,2836.410682384254,2911.529945257187,-2481.308931262448,-2630.2757083784936
-129.73333632799967,46.73333426799978,-8.28957748413086,1.122660095172051,111.77407311794352,446.51547608388955,481.33343817776995,2870.844794568531,3060.033476591477,-2746.200574975937,-2644.9414698752116
-129.73333632799967,46.85000093699978,-10.611400604248049,1.3309652941290657,50.555433900737874,410.0882193469433,442.0656912177866,2903.78614207376,3246.5860441742657,-2686.9980687201837,-2665.9795067534933
-129.73333632799967,46.966667605999774,-9.399166107177734,1.526491352086055,48.924035890782974,382.9247917529592,412.7841395206874,2932.429405372185,3450.514184517632,-2715.403616351752,-2688.3880011061096
-129.73333632799967,47.08333427499977,-7.9321746826171875,1.6175708341063828,87.99948360750805,371.98806421877737,400.9945981757594,2945.143153578747,3555.035422223341,-2674.0031232791503,-2717.93353026434
-129.73333632799967,47.20000094399977,-8.214505195617676,1.6380877124987383,72.78862495713082,369.65116788965645,398.47547755170854,2947.957302408495,3579.4159441513625,-2791.4935315207113,-2707.853966086728
-129.73333632799967,47.316667612999765,-8.715426445007324,1.6349464912464515,88.48663096909576,370.00610271896556,398.85808915392835,2947.5275915267016,3575.663260672265,-2759.032009115043,-2701.684959665461
-129.73333632799967,47.43333428199976,-3.4309706687927246,1.6318052699941648,104.18463698106069,370.3620619287364,399.2418050147822,2947.0974676446795,3571.917780300966,-2528.287232229447,-2685.016581538139
-129.73333632799967,47.55000095099976,-7.213126182556152,1.628664048741878,119.88264299302563,370.7190504559245,399.62663045619456,2946.6669295693155,3568.1795030374647,-2731.79370926479,-2657.482068707108
-129.73333632799967,47.66666761999976,-6.329072952270508,1.636848230276034,143.62752638583734,369.7910981955258,398.62631921081544,2947.787793724677,3577.9343270695913,-2725.6030330872645,-2631.534137534571
-129.73333632799967,47.78333428899976,-3.914470195770264,1.6751331400854605,188.75945217110504,365.54091422270574,394.044718406141,2952.994271112195,3624.21592850959,-2654.3954308326,-2615.7858965052324
-129.73333632799967,47.90000095799975,1.4125990867614746,1.709098588131135,228.54600878158698,361.8904322503903,390.1095825981932,2957.563740965195,3666.171564142421,-2588.0148342382995,-2597.883973830802
-129.61666965899963,45.10000090199982,-6.294925689697266,1.0402037967513058,94.32589479140111,463.8755066189655,500.0471527786705,2856.966336090723,2994.9387376531786,-2712.001436319821,-2685.972716090625
-129.61666965899963,45.21666757099982,-5.490874290466309,1.240387344745626,104.42977592408911,424.79754252497304,457.92200410674644,2889.804373668818,3161.574679226863,-2676.5974082563916,-2668.819999716859
-129.61666965899963,45.33333423999981,-5.134280204772949,1.440570892739934,114.53365705677652,394.17887098741363,424.91577871705704,2920.083246941177,3357.4642414084788,-2642.50400367903,-2668.296128097542
-129.61666965899963,45.45000090899981,-6.7024335861206055,1.6407544407342665,124.63753818946518,369.3506475777275,398.1515235507148,2948.3217806330044,3582.6074241980637,-2692.6014580156752,-2676.840836857054
-129.61666965899963,45.56666757799981,-8.374359130859375,1.4746329424134899,121.29917587208949,389.5997712392764,419.97961425337394,2925.020629435387,3393.7079449206394,-2704.7995756480154,-2619.714482269128
-129.61666965899963,45.683334246999806,-8.137147903442383,1.2809629042436368,116.94986876137747,418.0154968666614,450.6111144972216,2896.1287111152706,3198.916076147627,-2683.2952898087997,-2544.9154396456365
-129.61666965899963,45.8000009159998,-3.818450689315796,1.0853804488725785,97.59506097122906,454.118988488759,489.5298500920023,2864.6355783338904,3029.9885123601166,-2499.3052792475028,-2512.9705661387015
-129.61666965899963,45.9166675849998,-13.64630126953125,0.8895075184095989,75.96108303638648,501.6327094736472,540.7485511387243,2830.0979718283284,2888.796623237129,-2682.400287263964,-2557.464935972408
-129.61666965899963,46.0333342539998,-2.79842472076416,0.693634587946619,54.32710510154393,568.0614113493889,612.357167592434,2791.496547189604,2775.612063682495,-2548.8924980650636,-2602.920086937376
-129.61666965899963,46.150000922999794,-7.238382339477539,0.5741625135272422,58.4836440044464,624.3717453723418,673.0584156609654,2765.207292333916,2720.326846058071,-2603.3908904653576,-2569.990093080528
-129.61666965899963,46.26666759199979,5.321294784545898,0.49789554778255285,77.22486350458192,670.4888152627423,722.7715588731853,2746.9659988811472,2690.4834914231164,-2411.6748723534884,-2537.06009922368
-129.61666965899963,46.38333426099979,4.5127668380737305,0.3969216332941135,138.9173366894017,750.9452491835752,809.5017486132637,2720.5060091664827,2657.5045757865564,-2307.674282994514,-2545.435422252858
-129.61666965899963,46.500000929999786,4.870002746582031,0.3698202108184003,25.07886663090865,777.9744568166974,838.6386142721533,2712.8449572464756,2649.9199507403646,-2404.710158669978,-2556.8810247761994
-129.61666965899963,46.61666759899978,-4.898591041564941,0.5663061789372329,20.195778406535183,628.6877654594771,677.7109862862999,2763.3866111248085,2717.0564812304087,-2560.3025883674504,-2595.002161723989
-129.61666965899963,46.73333426799978,-8.412191390991211,0.7567548182377486,42.60403137418922,543.8549198059682,586.263125112646,2804.4707953714515,2809.0274170480075,-2725.103661775343,-2616.268442758486
-129.61666965899963,46.85000093699978,-7.491781234741211,0.9472034575382642,65.01228434184327,486.1149993100256,524.0208156272707,2840.6353234009025,2927.4759523399416,-2701.197452352214,-2639.0837957132553
-129.61666965899963,46.966667605999774,-10.891923904418944,1.1334041832393504,103.5452491044323,444.39406824791786,479.04660920507456,2872.6150995958437,3068.8808405433274,-2765.7001436319824,-2671.7806204346116
-129.61666965899963,47.08333427499977,-8.12662410736084,1.2033174629524694,97.86592742064062,431.291152662774,464.92196684314774,2883.935397185096,3128.5101145759245,-2723.4016432636363,-2701.326149592842
-129.61666965899963,47.20000094399977,-11.84327220916748,1.3606430901401356,124.72709536721345,405.5912234151275,437.21803278427313,2908.263124151774,3275.7426108423256,-2767.008540958773,-2691.2464527047446
-129.61666965899963,47.316667612999765,-10.849059104919434,1.3682679881419197,113.53353086818228,404.4595327388762,435.9980962012655,2909.405457398146,3283.337409891487,-2796.098049296271,-2681.1668875005757
-129.61666965899963,47.43333428199976,0.4887117743492126,1.3297856561862063,89.29710517054812,410.2700713564092,442.2617235115011,2903.607164062793,3245.4404103604816,-2349.272605140357,-2656.457843710761
-129.61666965899963,47.55000095099976,-12.210427284240724,1.299537084894282,82.78862515711697,415.01741427382103,447.3792502514196,2898.9903418624936,3216.410771780668,-2778.4946836011623,-2623.0014838973393
-129.61666965899963,47.66666761999976,-3.776788473129273,1.2963958636419952,98.48663116908193,415.51991231746035,447.9209316129343,2898.507833418798,3213.4344158728472,-2636.197531552368,-2597.053552724802
-129.61666965899963,47.78333428899976,-4.382358551025391,1.2940689372948064,114.76320655970295,415.8933274981424,448.32346460991306,2898.150028027895,3211.234261282028,-2578.790249568426,-2578.54706651701
-129.61666965899963,47.90000095799975,7.190451622009277,1.332353847104228,159.8951323449652,409.8744707029047,441.8352750838526,2903.996715667675,3247.935872471104,-2029.6306782020897,-2557.158674013374
-129.50000298999964,45.10000090199982,-7.572392463684082,1.1618829392438723,85.45061958780632,438.91403831645397,473.13926267508987,2877.2673588549296,3092.7397670446826,-2711.702507999751,-2702.8206439940172
-129.50000298999964,45.21666757099982,-6.245412826538086,1.211622704507633,98.43465236621132,429.8104373325487,463.3257896913262,2885.258071040939,3135.8307959986128,-2723.898855360101,-2700.597528192474
-129.50000298999964,45.33333423999981,-5.024229049682617,1.4118062525019413,108.53853349889872,398.1741929860835,429.2226441612589,2915.8680871760753,3327.516866530305,-2642.701004639879,-2699.1999209207434
-129.50000298999964,45.45000090899981,-4.9253997802734375,1.4693935911224483,113.40958210377563,390.29374245126485,420.72769929712734,2924.264911243553,3388.0778968555796,-2667.2994316800305,-2707.7446296802555
-129.50000298999964,45.56666757799981,-10.743717193603516,1.2754790399161864,107.14173936618621,418.9131523863863,451.5787665512956,2895.279878554086,3193.7990751619136,-2675.8016470398215,-2650.6182750923285
-129.50000298999964,45.683334246999806,-12.107461929321287,1.0796061094532068,85.50776143134367,455.3318105541108,490.8372444509472,2863.6643348034254,3025.4255133225715,-2714.500219279953,-2594.7021069759376
-129.50000298999964,45.8000009159998,12.883122444152832,0.9018644624787183,69.99433235308719,498.1842828607648,537.0312263722014,2832.3829066808985,2896.87622066894,-2011.1710440049744,-2588.6803933944234
-129.50000298999964,45.9166675849998,-3.261615037918091,0.8255974967340292,88.73555185322269,520.6866888391995,561.2883037121974,2818.018385238839,2848.7880977139257,-2673.801148159862,-2619.7908923607492
-129.50000298999964,46.0333342539998,-6.425348281860352,0.7493305309893399,107.4767713533582,546.5425074981752,589.1602829796919,2802.9735797824524,2804.9461293055597,-2639.9881817621863,-2650.516177722342
-129.50000298999964,46.150000922999794,-4.124182224273682,0.6730635652446504,126.2179908534937,576.6769836098064,621.6445568098162,2787.141579612688,2765.3503154438413,-2485.5097187987153,-2625.490506104974
-129.50000298999964,46.26666759199979,-4.16058349609375,0.5922781989705737,152.81412475036672,614.7489355664309,662.6852474800272,2769.3586445130272,2728.0396147161764,-2568.7006118400377,-2592.560512248126
-129.50000298999964,46.38333426099979,0.1962025463581085,0.48741078992220555,221.27515824175774,677.6619317661105,730.5040138807857,2744.3518401106694,2686.7127865183948,-2446.7274288754415,-2600.9358352773033
-129.50000298999964,46.500000929999786,-4.775571823120117,0.38683082648967126,62.71366548543166,760.6767129694458,819.9920432915951,2717.6850390931468,2654.617902237779,-2657.493047200811,-2598.2993435550443
-129.50000298999964,46.61666759899978,-1.718087077140808,0.2915544216672955,60.07225352889711,876.1951458753737,944.5182634602144,2688.985228666803,2631.026452989719,-2563.201460000191,-2576.9505999902185
-129.50000298999964,46.73333426799978,-3.4050450325012207,0.3676216698390705,82.21612572033112,780.2973055923447,841.1425919558726,2712.211344077752,2649.3281776293725,-2474.8222743966176,-2592.1089568714883
-129.50000298999964,46.85000093699978,-3.753267526626587,0.558070309139586,104.62437868798517,633.3097880036513,682.693420539272,2761.4643625230774,2713.676501529251,-2704.406357839316,-2617.4831809382777
-129.50000298999964,46.966667605999774,-7.645126342773437,0.7313327873691917,143.3081266889904,553.2267061501656,596.3656957614459,2799.3129907851076,2795.219390746635,-2687.500266720023,-2650.180005659634
-129.50000298999964,47.08333427499977,-4.929804801940918,1.0532488386559808,197.4902548593574,460.99388491732714,496.94083070145615,2859.1976931097383,3004.906587387513,-2665.0,-2648.2170688116757
-129.50000298999964,47.20000094399977,-9.097064018249512,1.079969968866996,191.1510555420687,455.2550997530731,490.75455196751375,2863.7256124968476,3025.712323783922,-2731.3981947202456,-2638.137371923578
-129.50000298999964,47.316667612999765,-9.597538948059082,1.0875948668687803,179.95749104303752,453.65644416947316,489.0312379286254,2865.0073577223143,3031.744846970352,-2770.4070783986863,-2655.0013867221596
-129.50000298999964,47.43333428199976,-3.27376127243042,1.0952197648705646,168.76392654400632,452.0745124908637,487.32595187559656,2866.284617745059,3037.8198116775443,-2742.998109440288,-2650.7198485905133
-129.50000298999964,47.55000095099976,-8.895813941955566,1.1028446628723487,157.57036204497516,450.5090151484436,485.63838165990336,2867.5574393232473,3043.937217905499,-2783.398682400219,-2617.263488777091
-129.50000298999964,47.66666761999976,-5.430729866027832,1.0501952782260047,129.32634573720202,461.6635941409331,497.6627618784107,2858.6766253642486,3002.5621946789915,-2677.376238083043,-2558.839701841499
-129.50000298999964,47.78333428899976,-7.486941337585449,0.9912350285818863,99.29710537053384,475.19552103456226,512.2498685874668,2848.462754109074,2958.6296118890223,-2718.593196880787,-2521.8605438040986
-129.50000298999964,47.90000095799975,-7.266302108764648,0.9609864572899858,92.78862535712119,482.6163438783473,520.2493453465572,2843.104708533741,2937.0756644495864,-2631.7985983996136,-2508.20106927498
-129.38333632099963,45.10000090199982,-8.269964218139648,1.3767677537041014,96.97871896572494,403.2090917499815,434.6501495058861,2910.6751146937836,3291.8536483883945,-2763.5020159196492,-2735.0657523187515
-129.38333632099963,45.21666757099982,-9.041242599487305,1.3064064372643822,92.92464607247872,413.92485290951834,446.2014941688931,2900.043483342607,3222.944689453923,-2748.994174624884,-2734.797506413979
-129.38333632099963,45.33333423999981,-3.266148328781128,1.3830416122639415,102.54340994101946,402.2935183707278,433.6631824103549,2911.609763613951,3298.1734969575796,-2680.988052353834,-2729.4223229845966
-129.38333632099963,45.45000090899981,-6.740702629089356,1.2697047004967652,95.05443982629262,419.86463455145866,452.6044424940328,2894.3841094806608,3188.434759659207,-2686.499295152018,-2728.024717800848
-129.38333632099963,45.56666757799981,-13.115939140319824,1.1532994456855294,100.24624020187998,440.54433129902196,474.8966811041638,2875.8712307379715,3085.4863581677705,-2703.498422512198,-2689.781230398836
-129.38333632099963,45.683334246999806,-11.844712257385254,1.07703247994084,118.98745970201549,455.875506398477,491.4233360963856,2863.230613787925,3023.3996214393433,-2682.995908704532,-2680.059458825923
-129.38333632099963,45.8000009159998,-2.427204370498657,1.0007655141961507,137.728679202151,472.9274183031585,509.8049058833257,2850.1339393561107,2965.559039257564,-2702.9992735041305,-2674.037745244409
-129.38333632099963,45.9166675849998,-5.546473503112793,0.9244985484514614,156.46989870228649,492.04808075741045,530.4165412964118,2836.527966423749,2911.9646116224335,-2686.9959075845336,-2671.6830852267494
-129.38333632099963,46.0333342539998,-7.851187705993652,0.8482315827067721,175.21111820242203,513.6927538333557,553.7490022477119,2822.3482106070696,2862.616338533951,-2693.996821632484,-2689.024504991471
-129.38333632099963,46.150000922999794,-5.389314651489258,0.7719646169620827,193.95233770255751,538.4705570216398,580.4589055722457,2807.5153095015844,2817.5142199921165,-2689.9977835842556,-2669.9278855071243
-129.38333632099963,46.26666759199979,-6.163139343261719,0.6827673555986876,235.17194630274278,572.5643249557552,617.2112051433353,2789.2040820265843,2770.152510582997,-2656.498917472157,-2644.902211814752
-129.38333632099963,46.38333426099979,-0.5679190158843994,0.5817987907493958,155.41637004219595,620.2606813135355,668.6267829315715,2766.965076118209,2723.5487890148725,-2584.9989129599476,-2639.1954442569154
-129.38333632099963,46.500000929999786,-4.053005695343018,0.48652238592701985,152.77495808566135,678.2803647520299,731.1706704500177,2744.1290484069027,2686.396971682964,-2595.5269467002468,-2618.1202487863516
-129.38333632099963,46.61666759899978,-4.348401069641113,0.3912459811046441,150.13354612912678,756.3724716901004,815.3521699508001,2718.923805661511,2655.8717974716456,-2671.997016896499,-2596.7715052215253
-129.38333632099963,46.73333426799978,-0.2608173787593841,0.2959695762822682,147.49213417259222,869.6352267218724,937.4468211263103,2690.4108008873914,2631.9732663809173,-2476.523809053589,-2575.272268122782
-129.38333632099963,46.85000093699978,0.2504987120628357,0.20069317145989227,144.85072221605762,1056.0740251668876,1138.4235681190876,2656.7957700444654,2614.70137841078,-2629.0026270719277,-2594.5385728474594
-129.38333632099963,46.966667605999774,-0.4144266545772552,0.41155041579709045,185.27149164280638,737.4781143625631,794.9844862718716,2724.5326834452917,2661.8214168311065,-2511.991477553042,-2592.7809672834414
-129.38333632099963,47.08333427499977,-5.493714332580566,0.7916719495920038,268.7685802159713,531.7261635898649,573.1886041990189,2811.415821410892,2828.7617336563435,-2677.0135629422734,-2585.2830849822376
-129.38333632099963,47.20000094399977,-8.41102409362793,0.799296847593788,257.57501571694013,529.1838832628065,570.448084337609,2812.911910655761,2833.189539459279,-2661.0009809599314,-2602.1470945172427
-129.38333632099963,47.316667612999765,-7.941508293151855,0.8069217455955722,246.38145121790893,526.6777230044934,567.7465010815525,2814.4008807803466,2837.659786782977,-2631.99477692896,-2638.85479729255
-129.38333632099963,47.43333428199976,-4.737083435058594,0.8145466435973565,235.18788671887776,524.2068355293003,565.0829410763857,2815.882832456397,2842.1724756274375,-2699.4938334567732,-2634.5738707534238
-129.38333632099963,47.55000095099976,-5.105944633483887,0.8221715415991407,223.99432221984657,521.7704011182987,562.4565206839115,2817.3578640051237,2846.7276059926603,-2612.9966955522677,-2619.2619321297548
-129.38333632099963,47.66666761999976,-8.28088665008545,0.8297964396009248,212.8007577208154,519.3676264767279,559.8663847505798,2818.826071473324,2851.3251778786453,-2652.977792610424,-2560.8381451941627
-129.38333632099963,47.78333428899976,-4.16937780380249,0.8295651499098747,199.38482667054478,519.4400234464712,559.9444270228562,2818.7816350795,2851.185093349922,-2610.477685810826,-2477.66966882658
-129.38333632099963,47.90000095799975,-5.295269012451172,0.7706049002657636,169.35558630388022,538.9454078288451,580.9707838472344,2807.244365745828,2816.748647994467,-2497.5099816627176,-2445.5375321671454
-129.26666965199962,45.10000090199982,-6.298620223999023,1.604530951612281,115.42388937690413,373.4965627683858,402.62072500060606,2943.3452848204256,3539.6996447588613,-2779.102155583658,-2762.6824256283817
-129.26666965199962,45.21666757099982,-9.986771583557127,1.5341696351725616,111.3698164836579,381.965349935806,411.74988325563663,2933.515605611423,3459.0919113622112,-2804.304802511357,-2762.017269856538
-129.26666965199962,45.33333423999981,-5.422812461853027,1.425015131141279,101.5167531464139,396.3245006217556,427.2287182326404,2917.8089917232596,3341.1938652532826,-2759.5996391040644,-2754.333215394845
-129.26666965199962,45.45000090899981,-6.318815231323242,1.3481248606005125,149.9698902422947,407.4699633246794,439.2432713001639,2906.380727180267,3263.36583351574,-2742.7998502720525,-2748.9580319654615
-129.26666965199962,45.56666757799981,-6.456138610839844,1.2626426914391187,168.36864756152818,421.0371568586807,453.86839463836856,2893.285811721313,3181.907296679287,-2739.7956105926596,-2740.157935923167
-129.26666965199962,45.683334246999806,-7.217313766479492,1.1771605222777248,186.7674048807616,436.05655007246986,470.05895591149846,2879.7396002249716,3105.7830167513457,-2707.0989209441586,-2730.430665263458
-129.26666965199962,45.8000009159998,-9.959954261779783,1.0996665659135831,205.46302605121483,451.1595434086207,486.3396361983777,2867.027457180541,3041.382293008683,-2725.7000471680876,-2723.7933369915245
-129.26666965199962,45.9166675849998,-10.754799842834473,1.0233996001688936,224.2042455513503,467.66841243530433,504.1358182226424,2854.071251333244,2982.2815606934355,-2709.5986441441573,-2721.4386769738653
-129.26666965199962,46.0333342539998,-13.016749382019045,0.9471326344242044,242.94546505148583,486.133173921063,524.0404074409631,2840.622588383338,2927.426982924837,-2717.4003642559323,-2712.2434169170933
-129.26666965199962,46.150000922999794,-10.757699012756348,0.8708656686795151,261.6866845516213,506.9732840367481,546.5055679813368,2826.620642968629,2876.818559702886,-2708.699934927987,-2693.146797432746
-129.26666965199962,46.26666759199979,-8.536713600158691,0.7767667550091202,248.11907459896025,536.8035064936954,578.6618633526367,2808.4703024419323,2820.2288059659004,-2703.5945981449845,-2680.8876924939796
-129.26666965199962,46.38333426099979,-8.236719131469727,0.6814903501867445,245.4776626424257,573.100521498189,617.7892127133578,2788.933500823072,2769.5166205501428,-2653.5002226399483,-2667.7782473865427
-129.26666965199962,46.500000929999786,-4.603943824768066,0.5858255497581604,242.9683494130536,618.1252784814193,666.3248676741393,2767.887345437172,2725.2649247835498,-2640.5990933440517,-2646.703051915979
-129.26666965199962,46.61666759899978,-0.6002475023269653,0.4700272803148951,247.30670795878302,690.0795005071974,743.889868069708,2739.9548745880666,2680.637860147679,-2529.0747776669095,-2625.354308351153
-129.26666965199962,46.73333426799978,-2.522423028945923,0.3542290108716296,251.64506650451239,794.9111628235571,856.8959947445746,2708.309994555649,2645.799540132229,-2670.4184604134716,-2603.8550712524093
-129.26666965199962,46.85000093699978,-2.5434529781341557,0.23843074142836437,255.98342505024186,968.9012904785801,1044.4533602533284,2670.9027964223365,2620.749964737199,-2546.9783905634577,-2585.6683124549554
-129.26666965199962,46.966667605999774,-4.025468826293945,0.2614817915005654,284.8958190815475,925.2091796864737,997.3542673097783,2678.9735160821824,2624.956045459516,-2596.22063644513,-2577.1257308179934
-129.26666965199962,47.08333427499977,-2.099088668823242,0.5109988283187958,335.19254039084274,661.8364880735885,713.4445486859461,2750.1946371708486,2695.3087279282613,-2589.296213712469,-2570.762543395869
-129.26666965199962,47.20000094399977,-2.618046522140503,0.5186237263205801,323.9989758918116,656.9532543595815,708.1805347852342,2752.054372059425,2698.1742578684652,-2438.776784195832,-2594.0207026532535
-129.26666965199962,47.316667612999765,0.9108145236968994,0.5262486243223645,312.80541139278034,652.1765397492148,703.0313460342272,2753.900485386479,2701.0822293294314,-2643.9043368151947,-2630.72840542856
-129.26666965199962,47.43333428199976,-7.561586380004883,0.5338735223241484,301.61184689374915,647.5025271747561,697.9928677214896,2755.733272150317,2704.0326423111596,-2613.59669622429,-2620.825696589137
-129.26666965199962,47.55000095099976,-15.693811416625977,0.541498420325933,290.41828239471795,642.9275883602005,693.0611886487371,2757.5530168526993,2707.0254968136505,-2766.8012630718913,-2605.5143715993026
-129.26666965199962,47.66666761999976,-12.1389741897583,0.5491233183277169,279.2247178956868,638.4482719829629,688.2325883694118,2759.3599940143918,2710.0607928369036,-2771.7166500457693,-2556.1224521955046
-129.26666965199962,47.78333428899976,-6.354517936706543,0.5567482163295017,268.03115339665493,634.0612927303897,683.5035253918526,2761.1544686586158,2713.1385303809197,-2588.0962153450228,-2472.953975827922
-129.26666965199962,47.90000095799975,-2.1573314666748047,0.5643731143312855,256.8375888976244,629.7635211722564,678.8706262620802,2762.9366967647966,2716.258709445698,-2421.210097086258,-2423.0158096461205
-129.1500029829996,45.10000090199982,-8.559361457824707,1.8322941495204608,133.86905978808332,349.5127808799753,376.7667584189741,2973.7679108131497,3825.4151753839215,-2809.899430672046,-2785.0308365941446
-129.1500029829996,45.21666757099982,-6.525546073913574,1.7619328330807413,129.81498689483712,356.42321614347145,384.21604907706234,2964.582363044908,3733.1086675250936,-2727.111089966573,-2783.1084846419626
-129.1500029829996,45.33333423999981,-5.915492057800293,1.579643921607582,109.64422548991332,376.4272531803922,405.77994202174386,2939.8936012229874,3510.7753454612,-2765.39927843213,-2772.3455138451295
-129.1500029829996,45.45000090899981,-5.981330871582031,1.4623839066984778,122.52737957408951,391.2280269949457,421.7348365985941,2923.2517319167914,3380.5768420583063,-2781.7975591043564,-2764.661460191603
-129.1500029829996,45.56666757799981,-7.3633317947387695,1.3892069330893007,150.07147697898358,401.39983344225203,432.69981056254454,2912.526180143078,3304.412004574334,-2774.3011375838823,-2755.8558652016495
-129.1500029829996,45.683334246999806,-6.354745864868164,1.3160299594801228,177.61557438387766,412.4086549089543,444.5670675125757,2901.5142214620982,3232.1562218009776,-2739.4001521919445,-2744.8973235569606
-129.1500029829996,45.8000009159998,-10.19212818145752,1.2428529858709458,205.1596717887717,424.37596479598426,457.4675529877549,2890.191607763661,3163.809493738239,-2720.599350608104,-2738.2599952850273
-129.1500029829996,45.9166675849998,-9.715993881225586,1.1696760122617682,232.70376919366578,437.4494423504264,471.56046182802385,2878.53046310973,3099.3718203861163,-2724.3001431839807,-2731.30342618723
-129.1500029829996,46.0333342539998,-10.948991775512695,1.096499038652591,260.2478665985598,451.8107202614846,487.0415899048868,2866.4984750786043,3038.8432017446103,-2721.900429551943,-2720.3072590078905
-129.1500029829996,46.150000922999794,-8.602049827575684,1.0233220650434136,287.7919640034539,467.68612926339534,504.15491655682206,2854.0578384499036,2982.2236378137213,-2709.904127951308,-2708.04815170057
-129.1500029829996,46.26666759199979,-8.680072784423828,0.8915583870247614,280.74320212038526,501.05541969164807,540.1262459993112,2830.4782934029604,2890.129870478081,-2745.5980655684516,-2704.741907614289
-129.1500029829996,46.38333426099979,-5.93734073638916,0.7409710270053953,275.8543537378547,549.6168586652777,592.4743629986101,2801.278858880209,2800.398892944422,-2682.6989182561656,-2697.3815573809397
-129.1500029829996,46.500000929999786,-8.302607536315918,0.5978983626037495,335.32589964272745,611.8528353917645,659.5633179410889,2770.6336073346383,2730.481094981549,-2683.496913120432,-2683.970763627872
-129.1500029829996,46.61666759899978,-2.8816802501678467,0.4657413923397274,372.7321711038202,693.2473855477873,747.3047754581645,2738.8583692517736,2679.17399125657,-2640.00143183981,-2662.6220200630464
-129.1500029829996,46.73333426799978,-1.5204007625579834,0.3499431228964619,377.07052964954954,799.764140295592,862.1273931106525,2707.045967250793,2644.697969080823,-2656.8980574722814,-2643.442708206993
-129.1500029829996,46.85000093699978,-0.9386685490608216,0.23414485345319658,381.408888195279,977.7286713227945,1053.9690742642174,2669.3598079475073,2620.010691525496,-2633.5994694083106,-2625.628635571625
-129.1500029829996,46.966667605999774,-2.6864476203918457,0.11834658400993124,385.74724674100844,1375.253616091136,1482.4918437433776,2620.4053841869895,2605.1121585905894,-2619.901861391753,-2609.5838346621094
-129.1500029829996,47.08333427499977,-6.279091835021973,0.2303257070455879,401.61650056571415,985.8014496680901,1062.6713440951924,2667.9729118432033,2619.363224934008,-2509.9932200016387,-2601.9706239315237
-129.1500029829996,47.20000094399977,-2.480764150619507,0.23795060504737212,390.422936066683,969.8783216635804,1045.5065774533405,2670.730633215903,2620.6664790114796,-2609.700273695837,-2607.2935762214456
-129.1500029829996,47.316667612999765,-4.997193336486816,0.24260271763420876,376.3004875132735,960.5341902879643,1035.4338182261438,2672.3915105513915,2621.482468690279,-2619.4061766706845,-2630.55173900961
-129.1500029829996,47.43333428199976,-7.750967025756836,0.23373082364233816,348.85375156915063,978.5942604222366,1054.9021594529722,2669.2100053075656,2619.9399857409917,-2663.5975213285783,-2617.450316761263
-129.1500029829996,47.55000095099976,-12.167393684387209,0.22485892965046758,321.4070156250277,997.7129044977044,1075.5116191000395,2665.9675235766995,2618.4549614588973,-2530.311711181481,-2594.143538230739
-129.1500029829996,47.66666761999976,-10.008498191833496,0.21598703565859695,293.9602796809049,1017.9977473717192,1097.3782142941802,2662.6604188737324,2617.027395843995,-2571.0985962081295,-2544.751618826941
-129.1500029829996,47.78333428899976,-7.656126022338867,0.20711514166672584,266.5135437367804,1039.5723835550853,1120.6351770822362,2659.284666098699,2615.657288896284,-2575.1066328482384,-2477.6058851784574
-129.1500029829996,47.90000095799975,4.241880416870117,0.1982432476748558,239.06680779265918,1062.579559004531,1145.4363843303368,2655.8358041021697,2614.344640615766,-2235.505246880106,-2433.938034499288
-129.0333363139996,45.10000090199982,-6.514573097229004,2.06005734742864,152.3142301992625,329.6256534992464,355.32889140124263,3002.3514955287865,4149.000240263575,-2830.6996441920337,-2809.767998082802
-129.0333363139996,45.21666757099982,-3.359922170639038,1.9541746196892258,142.9502475648268,338.4378868610602,364.8282767736541,2989.2712855992368,3993.8614321466985,-2800.3984213442423,-2800.9488601240682
-129.0333363139996,45.33333423999981,-5.462383270263672,1.8028023721914004,124.546453917983,352.35999775686406,379.83599288450733,2969.9396669716725,3786.2851835103133,-2766.8934752649593,-2790.185889327235
-129.0333363139996,45.45000090899981,-7.293041229248047,1.6939974495860943,104.41560067255604,363.4998892784971,391.844540346427,2955.5378003791743,3647.41398610953,-2815.799638768064,-2779.4170026654556
-129.0333363139996,45.56666757799981,-8.624028205871582,1.6136958921072062,122.42605401532622,372.434420900879,401.4757604376677,2944.609656646291,3550.4652677543404,-2796.699965471856,-2767.7129537220294
-129.0333363139996,45.683334246999806,-8.93272876739502,1.5405189184980288,149.9701514202203,381.1773978222365,410.90048895631656,2934.4117488236343,3466.2174664613726,-2776.000057520044,-2756.75441207734
-129.0333363139996,45.8000009159998,-8.986175537109375,1.4673419448888514,177.51424882511435,390.566502656716,421.02172854027776,2923.9686170565983,3385.878719879022,-2764.300792127876,-2745.151182720622
-129.0333363139996,45.9166675849998,-7.934155464172363,1.394164971279674,205.0583462300084,400.6854530479644,431.9297248885495,2913.261671319468,3309.449028007288,-2741.79952820797,-2736.3937057799412
-129.0333363139996,46.0333342539998,-8.067214012145996,1.3209879976704966,232.60244363490247,411.6339847029108,443.73199080482294,2902.269846887181,3236.9283908461703,-2723.699206752126,-2728.8165609343305
-129.0333363139996,46.150000922999794,-9.177742958068848,1.2478110240613192,260.1465410397965,423.5320203056714,456.5578001910183,2890.9691169996827,3168.31680839567,-2719.0976185763802,-2725.51031684805
-129.0333363139996,46.26666759199979,-9.907258987426758,1.1300626115060386,257.2017275914596,445.05061528434237,479.7543518462462,2872.065410794244,3066.1201496622043,-2772.9117104615652,-2726.728048613403
-129.0333363139996,46.38333426099979,-6.752837181091309,0.9988796343164541,246.83703170895208,473.37365011164155,510.2859335343383,2849.8038810587523,2964.182591206043,-2709.001430719808,-2720.549782778565
-129.0333363139996,46.500000929999786,-6.041335105895996,0.8433850788518287,232.38866340944134,515.1666046154742,555.3377795741776,2821.4259979518597,2859.6239127989156,-2687.0009385598523,-2712.888085408602
-129.0333363139996,46.61666759899978,-8.602972030639648,0.6922771978822628,223.04175906643889,568.6180549250016,612.957216595078,2791.2111892434377,2774.925417328317,-2696.099490096092,-2699.819950412338
-129.0333363139996,46.73333426799978,-5.558188438415527,0.541169316912697,213.69485472343646,643.1230516821652,693.2718936250217,2757.4747391916444,2706.8954437922307,-2683.0995319361546,-2681.013325021289
-129.0333363139996,46.85000093699978,-5.703667640686035,0.39006143594313125,204.34795038043404,757.5200834320268,816.5892690773059,2718.592145108267,2655.5339921906566,-2682.89879342447,-2663.6533583573805
-129.0333363139996,46.966667605999774,-1.3947842121124268,0.24497185568075824,246.5454100621993,955.8782129409717,1030.414781474807,2673.231210585428,2621.904091677621,-2641.489503841848,-2647.6085574478648
-129.0333363139996,47.08333427499977,-2.984955072402954,0.23692536486500088,317.80817576125054,971.9745194151927,1047.7662305335273,2670.3624289447725,2620.488774408491,-2610.8072365270045,-2633.1378935489765
-129.0333363139996,47.20000094399977,-6.658148765563965,0.2463002199346573,390.59226812601423,953.2970720982144,1027.632370869106,2673.700250264631,2622.1422863940493,-2648.2998569280194,-2638.4608458388984
-129.0333363139996,47.316667612999765,-5.813443183898926,0.23830886084285094,367.9823796713111,969.149026045404,1044.7204135102145,2670.859109951004,2620.7287563020195,-2626.3110646859745,-2643.7462967893694
-129.0333363139996,47.43333428199976,-4.760787963867188,0.22943696685098036,340.5356437271882,987.7088898554465,1064.727520852045,2667.648526504843,2619.2140824415887,-2545.089015777556,-2625.5563762265692
-129.0333363139996,47.55000095099976,-5.167934417724609,0.22056507285910976,313.08890778306534,1007.3775963906763,1085.9299352098692,2664.375245780017,2617.7568672483508,-2625.400528143303,-2599.050883027779
-129.0333363139996,47.66666761999976,-2.8281657695770264,0.21169317886723918,285.6421718389425,1028.2701453171835,1108.4516235851306,2661.0354445804924,2616.3571107223047,-2357.9223464606657,-2561.608724329596
-129.0333363139996,47.78333428899976,-13.10283660888672,0.20282128487536805,258.19543589481793,1050.5189578184054,1132.4353329752478,2657.624894598641,2615.014812863451,-2647.4941568811346,-2500.7333095277013
-129.0333363139996,47.90000095799975,-1.580559015274048,0.193949390883498,230.74869995069676,1074.2774236955129,1158.0464140664412,2654.138899643239,2613.729973671789,-2526.9816822434286,-2457.065458848532
-128.9166696449996,45.10000090199982,-8.326332092285156,2.2878205453368197,170.7594006104417,312.7877104264257,337.17797510565674,3029.3940090365213,4510.454839397821,-2813.6996364800916,-2815.843225348114
-128.9166696449996,45.21666757099982,-4.583536148071289,2.1645986130114996,155.17184472001026,321.56736805033,346.64224458003343,3014.940122823915,4310.202811739728,-2786.4001377600102,-2807.0240873893804
-128.9166696449996,45.33333423999981,-5.879003524780273,2.055793690406207,135.04099147458572,329.9672935184212,355.69717150317933,3001.8313731471562,4142.5950095926,-2779.1001429599805,-2796.255200428228
-128.9166696449996,45.45000090899981,-4.933279991149902,1.9469887678009008,114.91013822915878,339.0618567461771,365.5009019931802,2988.3708878051702,3983.6293206091477,-2789.998570400195,-2784.161678759019
-128.9166696449996,45.56666757799981,-5.931483268737793,1.8381848511251113,94.78063105166889,348.9523019842976,376.16257502929926,2974.5288655738723,3833.3070946206344,-2782.7999486401986,-2771.125031356263
-128.9166696449996,45.683334246999806,-8.236231803894043,1.765007877515934,122.32472845656295,356.1125957107365,383.8812073775812,2964.987596604148,3737.067274808055,-2764.800209599988,-2759.1671779787875
-128.9166696449996,45.8000009159998,-6.043553352355957,1.691830903906757,149.868825861457,363.73256239757444,392.0953566302415,2955.2464011154593,3644.7365097060933,-2785.3992528002063,-2745.2539222606
-128.9166696449996,45.9166675849998,-7.975963592529297,1.6186539302975795,177.41292326635107,371.86358848345776,400.86041618910895,2945.292158544762,3556.3147993147477,-2759.000107200094,-2730.7223326861695
-128.9166696449996,46.0333342539998,-9.118926048278809,1.5454769566884017,204.95702067124515,380.56547984362527,410.24085541547953,2935.1102471722875,3471.8021436340177,-2749.100688719982,-2723.145187840559
-128.9166696449996,46.150000922999794,-9.024581909179688,1.4722999830792247,232.5011180761392,389.9083227086892,420.31222565786504,2924.6842920655354,3391.198542663906,-2727.8016369597963,-2724.36292651611
-128.9166696449996,46.26666759199979,-8.819817543029785,1.3615068847764404,234.31405894794,405.4625413226957,437.0793164411682,2908.3926950682567,3276.6008640121813,-2733.899412880118,-2751.7686286243647
-128.9166696449996,46.38333426099979,-7.816226005554199,1.245164698213241,233.7376598781497,423.98184387538157,457.0426996782229,2890.554318285078,3165.908820871912,-2715.1988563201558,-2742.4794820666734
-128.9166696449996,46.500000929999786,-4.948735237121582,1.1179414777156949,226.58453629392753,447.4568121011245,482.34817680593596,2870.0646308689506,3056.17449887296,-2706.197070720568,-2733.5736378687047
-128.9166696449996,46.61666759899978,-10.233673095703123,0.9463196516484618,193.3810290414998,486.34194748398664,524.2654605516054,2840.476368235648,2926.865122330064,-2726.7992230400832,-2724.035689203134
-128.9166696449996,46.73333426799978,-8.707416534423828,0.7952117706788959,184.03412469849738,530.541375547557,571.9114298736906,2812.1112652695583,2830.8120424825865,-2709.300668319527,-2709.935329517735
-128.9166696449996,46.85000093699978,-5.882935523986816,0.6441038897093302,174.68722035549493,589.4984914510778,635.4658480805872,2780.8962913414716,2751.4274845696214,-2689.094095281061,-2692.8750862219044
-128.9166696449996,46.966667605999774,-5.478029251098633,0.5131784584124918,242.5214357114266,660.4294787628803,711.9278249320217,2750.7276633232364,2696.1235275151967,-2660.901737519715,-2678.628127823154
-128.9166696449996,47.08333427499977,-4.520820617675781,0.47996077995770303,224.89986901605715,682.9010551932238,736.1516687265414,2742.4772062376555,2684.0822578586262,-2644.7005119199066,-2664.1574639242663
-128.9166696449996,47.20000094399977,-1.0890438556671145,0.48206407628972286,225.8758964328379,681.4096420059017,734.5439595302258,2743.007920334896,2684.8208073819083,-2585.8987786409025,-2669.442912660824
-128.9166696449996,47.316667612999765,-4.197846412658691,0.48416737262174275,226.85192384961863,679.927957790675,732.946737942603,2743.537477908768,2685.562586319676,-2639.6008577598827,-2666.3319201374916
-128.9166696449996,47.43333428199976,-9.97247314453125,0.4862706689537626,227.8279512663994,678.455897230072,731.3598904338555,2744.065886487309,2686.30759467193,-2667.700513599903,-2656.9976906479665
-128.9166696449996,47.55000095099976,-10.746530532836914,0.4937889358272189,282.277872020286,673.2711136337662,725.7708126789139,2745.9454098755136,2688.9970422980628,-2665.699571120059,-2637.1330466849695
-128.9166696449996,47.66666761999976,-5.07734489440918,0.492815557143702,298.21830214597793,673.9356872854936,726.4872078272161,2745.7028810374504,2688.6465182774427,-2512.779784883006,-2608.0396620388497
-128.9166696449996,47.78333428899976,-11.033757209777832,0.4839436631518309,270.7715662018534,680.0850925569288,733.1161256152579,2743.4812081785763,2685.4835362232566,-2585.1084266379767,-2568.0327053860497
-128.9166696449996,47.90000095799975,-4.456333160400391,0.44673223222665753,342.00077419521284,707.8431192541345,763.0386415028958,2733.9331067800485,2672.8429358682274,-2493.8893900015064,-2524.36485470688
-128.80000297599958,45.10000090199982,-8.75272274017334,2.4968346647182846,174.3498524692138,299.40963124128706,322.7567126964061,3053.0481411486617,4875.476920172687,-2819.50014284798,-2795.939811283432
-128.80000297599958,45.21666757099982,-5.599267959594727,2.417589931226306,165.66638227661295,304.2771500381154,328.00378627696915,3044.201035073641,4733.330492581887,-2827.9998626879924,-2813.0933981909984
-128.80000297599958,45.33333423999981,-2.941872358322144,2.308785008621013,145.53552903118845,311.3643686539524,335.64364533268844,3031.8140309883465,4545.628198852093,-2786.4983539202485,-2800.999876521791
-128.80000297599958,45.45000090899981,-1.9266456365585327,2.1999800860157066,125.4046757857615,318.97106184636135,343.84348606290706,3019.131544540422,4366.568018285971,-2775.499781840045,-2788.9063548525824
-128.80000297599958,45.56666757799981,-4.739668846130371,2.0911751634104077,105.27382254033574,327.16395744740646,352.67523953955856,3006.131363894567,4196.149950883559,-2764.9997901760153,-2775.869707449827
-128.80000297599958,45.683334246999806,-1.5340508222579956,1.9894968365338395,94.6793054929056,335.42006017642035,361.5751288499092,2993.673335795438,4044.7056468410265,-2758.999428608081,-2762.5792562251486
-128.80000297599958,45.8000009159998,-7.4431657791137695,1.916319862924662,122.22340289779969,341.7642710136702,368.41404256819743,2984.5092189094767,3940.3828632194522,-2770.995394496963,-2747.666688162047
-128.80000297599958,45.9166675849998,-5.480074882507324,1.8431428893154846,149.76750030269372,348.4826466150489,375.6562973172214,2975.1683953517395,3839.969134308495,-2769.507277214594,-2730.8250743482354
-128.80000297599958,46.0333342539998,-9.787012100219728,1.7699659157063075,177.31159770758782,355.6134736556858,383.3431652543049,2965.6402309444734,3743.4644601081545,-2767.4990781761126,-2721.9978044188147
-128.80000297599958,46.150000922999794,-6.611700057983398,1.6967889420971298,204.85569511248187,363.2007581147562,391.52208381530664,2955.9129800816145,3650.86884061843,-2713.999064240151,-2749.40350652707
-128.80000297599958,46.26666759199979,-1.1174769401550293,1.592951158046843,211.42639030442038,374.85165185994157,404.0814799495637,2941.7425911780956,3526.185088051814,-2617.0025834231255,-2776.8092086353254
-128.80000297599958,46.38333426099979,-10.745023727416992,1.4601572051305596,198.18973639385368,391.52621961131393,422.05628139718107,2922.9293766440132,3378.201558248561,-2763.4987143681824,-2767.5200620776345
-128.80000297599958,46.500000929999786,-10.489297866821287,1.3737051863152034,220.6149489929736,403.65830295656366,435.13438887968897,2910.218094827145,3288.77906770189,-2765.500999935858,-2755.503338300009
-128.80000297599958,46.61666759899978,-12.195898056030272,1.2370033211149358,206.33204087890294,425.37819703671124,458.5479363476166,2889.272278535962,3158.5146840040243,-2733.500876063833,-2744.7212416632365
-128.80000297599958,46.73333426799978,-10.138514518737791,1.0492542244450949,154.37339467355832,461.8705758675796,497.88588343065896,2858.5158887616058,3001.841066043295,-2719.50071315175,-2734.1510661464604
-128.80000297599958,46.85000093699978,-9.437854766845703,0.898146343475529,145.02649033055587,499.2144019431651,538.1416711075393,2831.697041101895,2894.433401818939,-2714.9943256808697,-2721.79709071835
-128.80000297599958,46.966667605999774,-7.069133758544922,0.782468449966214,245.00203579962746,534.8441393678422,576.5497105475183,2809.600363567069,2823.473759445273,-2684.5006383997734,-2707.849855215725
-128.80000297599958,47.08333427499977,-2.868781566619873,0.7369659405773039,269.945532017435,551.1082982792406,594.0821006822383,2800.4635214476457,2798.2383611134114,-2699.9997974560056,-2695.1395285322787
-128.80000297599958,47.20000094399977,-4.482874870300293,0.7390692369093237,270.92155943421574,550.323547762085,593.2361576303936,2800.8919764988627,2799.3715179851915,-2654.998000128284,-2692.028536008946
-128.80000297599958,47.316667612999765,-5.86266040802002,0.7411725332413437,271.8975868509965,549.5421400619298,592.3938180585762,2801.31982231852,2800.5079042714574,-2663.499974304052,-2688.9175434856134
-128.80000297599958,47.43333428199976,-8.192447662353516,0.745272775985959,279.39460565076797,548.0283561384891,590.7619937220085,2802.1521389271966,2802.7325013784234,-2694.998857216162,-2679.5833139960887
-128.80000297599958,47.55000095099976,-7.135799407958984,0.7517472418654431,294.6446059557641,545.6632901157619,588.2125068145874,2803.461755627487,2806.27022921309,-2653.4996863680954,-2668.5743570385225
-128.80000297599958,47.66666761999976,-9.18591022491455,0.7582217077449271,309.89460626076027,543.3285821308281,585.69574517536,2804.765744792215,2809.838557704906,-2655.99971430404,-2646.12182569604
-128.80000297599958,47.78333428899976,-9.990509033203123,0.7646961736244118,325.1446065657574,541.0235882315629,583.2110146387108,2806.0641783498854,2813.437486853873,-2656.497710416451,-2614.463636521421
-128.80000297599958,47.90000095799975,-10.496895790100098,0.6628583700000001,131.77107820115583,581.0992122571622,626.411617826174,2784.9564007440435,2760.3741448178557,-2595.998285824243,-2584.5350477867846
-128.68333630699956,45.10000090199982,-11.992112159729004,2.6808472199070135,158.13189776663407,288.9512827238614,311.48285295541,3073.065253211717,5223.233763016355,-2827.89964553604,-2822.1014211485517
-128.68333630699956,45.21666757099982,-7.600493431091309,2.6209022544451797,156.92239320479356,292.23703086129564,315.0248140579638,3066.622031136749,5107.231948984876,-2843.6994349280585,-2815.4271698713383
-128.68333630699956,45.33333423999981,-0.5921834111213684,2.560957288983349,155.71288864295312,295.6374796777348,318.6904198607439,3060.104693696152,4993.853316138884,-2793.1992184481005,-2802.3467479142982
-128.68333630699956,45.45000090899981,-2.7879350185394287,2.452971404230513,135.89921334236422,302.07474412067,325.6296432308995,3048.1687669123785,4796.230079140005,-2785.099361744081,-2790.253226245089
-128.68333630699956,45.56666757799981,-2.6572036743164062,2.344166481625214,115.76836009693851,309.00565905458257,333.1010105038023,3035.8734869342657,4605.7175201549235,-2791.600075983975,-2786.644472773441
-128.68333630699956,45.683334246999806,-5.258827209472656,2.2353615590199145,95.63750685151275,316.4366439753965,341.1114417487667,3023.2893950577823,4423.847074333539,-2781.900142735979,-2775.062912769113
-128.68333630699956,45.8000009159998,-4.413478851318359,2.1408088219425676,94.57797993414233,323.34914438967985,348.5629585920197,3012.1026075777827,4272.8177804191,-2768.0,-2769.621478655423
-128.68333630699956,45.9166675849998,-5.306739807128906,2.06763184833339,122.1220773390364,329.02132912680344,354.67744359362405,3003.274181158581,4160.412032988532,-2764.498793040161,-2760.998876161579
-128.68333630699956,46.0333342539998,4.143548965454102,1.9944548747242123,149.66617474393047,335.0028884696534,361.1254273217791,2994.2880963099515,4051.9153402685783,-2403.1008853447324,-2753.7379440941713
-128.68333630699956,46.150000922999794,-10.612760543823242,1.9212779011150352,177.21027214882454,341.3230087394701,367.93837196111866,2985.1355922694106,3947.327702259243,-2741.3984938562385,-2781.1436462024267
-128.68333630699956,46.26666759199979,-8.141467094421387,1.8243954313172448,188.53872166090076,350.26857133338825,377.58148318657624,2972.7456402087305,3814.8728217811013,-2771.599143584126,-2781.113681583659
-128.68333630699956,46.38333426099979,-8.978875160217285,1.6916014784009619,175.30206775033406,363.7572273966518,392.12194493332265,2955.215532582224,3644.453180030837,-2767.2982359523717,-2767.5763366660003
-128.68333630699956,46.500000929999786,-10.774044036865234,1.5588075254846785,162.0654138397674,378.93473102757974,408.4829456083757,2936.9827477966073,3486.9065290502986,-2770.7018555677278,-2755.5596128883753
-128.68333630699956,46.61666759899978,-10.054034233093262,1.5022456744171664,207.49223810779745,386.0025537202235,416.10189630392097,2928.9814624387664,3423.7108542013566,-2762.300999151853,-2744.476053436413
-128.68333630699956,46.73333426799978,-9.588858604431152,1.3560651645141766,186.07954546387836,406.27526208967265,437.955410780559,2907.575738548048,3271.203146599234,-2749.500224319947,-2729.420729161281
-128.68333630699956,46.85000093699978,-12.248720169067385,1.1665590202050846,132.07754837585418,438.03347488038344,472.19003549502713,2878.0257662846843,3096.713880881974,-2740.199225728093,-2707.734594606482
-128.68333630699956,46.966667605999774,-9.680928230285645,1.1037844422583654,282.21502207068824,450.31718908815446,485.43159756825014,2867.7140113956084,3044.694134664638,-2737.6004962237976,-2693.8935689521013
-128.68333630699956,47.08333427499977,-8.245834350585938,1.0847678174115014,366.052548537992,454.2472040875463,489.6680635656619,2864.532656469772,3029.503244457475,-2713.0014868790317,-2702.22155840685
-128.68333630699956,47.20000094399977,-8.118033409118652,1.0820828043113442,396.84489888061205,454.8104253258371,490.27520313775216,2864.0812320460086,3027.3796663160006,-2679.799311232057,-2691.575063820072
-128.68333630699956,47.316667612999765,-6.858996391296387,1.0793977912111872,427.6372492232322,455.37574678732534,490.8846067022608,2863.629247205681,3025.26135096013,-2676.2962305125307,-2688.4640712967403
-128.68333630699956,47.43333428199976,-10.272455215454102,1.0767127781110297,458.4295995658522,455.9431815572522,491.49628836477774,2863.1766998564212,3023.1482983898636,-2711.099857264021,-2679.129841807215
-128.68333630699956,47.55000095099976,-12.17902946472168,1.0740277650108727,489.22194990847237,456.5127428352808,492.11026235423674,2862.7235878928086,3021.0405086052015,-2697.099857264021,-2669.750689960964
-128.68333630699956,47.66666761999976,-8.238430976867676,1.0713427519107155,520.0143002510923,457.08444393678593,492.72654302430647,2862.269909196255,3018.9379816061432,-2687.0998572640206,-2654.6727361701505
-128.68333630699956,47.78333428899976,-12.461996078491213,1.0741553688135954,541.4779442257573,456.4856264172099,492.081031477727,2862.7451346050907,3021.140561068141,-2673.6975734883563,-2626.793089768011
-128.68333630699956,47.90000095799975,-8.577288627624512,0.9123238899999999,327.64471605416725,495.3203091144987,533.9439283859563,2834.3047659322256,2903.8022312966273,-2618.9995640801963,-2595.536787044661
-128.56666963799955,45.10000090199982,-8.945996284484863,2.864859775095742,141.91394306405437,279.5174812289045,301.31343139699334,3092.4063828565895,5595.708858800994,-2836.2997096640647,-2824.3470266002632
-128.56666963799955,45.21666757099982,-6.667681694030762,2.804914809633908,140.7044385022138,282.4885316696192,304.516155603041,3086.175796310419,5471.654687595822,-2839.7986233442884,-2817.67277532305
-128.56666963799955,45.33333423999981,-5.193661689758301,2.7449698441720773,139.49493394037336,285.55638154679525,307.8232273805867,3079.8782681831417,5350.223697576139,-2805.0,-2804.4278253520283
-128.56666963799955,45.45000090899981,-3.140823602676392,2.68502487871024,138.2854293785328,288.72640402801767,311.2404388810028,3073.5115932934614,5231.415888741923,-2794.1996392160668,-2791.347403567701
-128.56666963799955,45.56666757799981,-4.2403564453125,2.59715779984002,126.26289765354122,293.5698765339327,316.46159111168953,3064.0494929351526,5062.008452603497,-2787.899001632152,-2787.738650096052
-128.56666963799955,45.683334246999806,-2.6718344688415527,2.4883528772347203,106.13204440811548,299.919480248208,323.3063182276748,3052.1079853264696,4860.043515199444,-2769.600285247957,-2786.413225898612
-128.56666963799955,45.8000009159998,-4.861985206604004,2.379547954629421,86.00119116268975,306.69975442045006,330.61529821586237,3039.9024212226723,4666.720690959088,-2769.0,-2782.680681659208
-128.56666963799955,45.9166675849998,-4.667392730712891,2.292120807351296,94.47665437537903,312.4941612009593,336.861535775922,3029.8913085723652,4517.643495354856,-2764.300142623978,-2785.01825161424
-128.56666963799955,46.0333342539998,11.42506504058838,2.2189438337421183,122.0207517802731,317.60512683006874,342.3710394559366,3021.364190977295,4397.1547841152915,-2663.5669700543076,-2785.9763287091446
-128.56666963799955,46.150000922999794,-4.403268814086914,2.145766860132941,149.56484918516716,322.9753608745959,348.1600285390069,3012.6952704738806,4280.575127586345,-2787.1991442561302,-2785.9463688668334
-128.56666963799955,46.26666759199979,-7.817137718200684,2.0558397045876466,165.65105301738114,329.96360080350803,355.6931908412302,3001.836989282363,4142.664065200043,-2778.2992074241356,-2781.5089907921515
-128.56666963799955,46.38333426099979,-8.942122459411621,1.9230457516713635,152.41439910681447,341.16608402460594,367.76921071904235,2985.3587380275976,3949.808311502767,-2764.5016036796856,-2767.9715724240896
-128.56666963799955,46.500000929999786,-9.081664085388184,1.7902517987550806,139.17774519624777,353.5929518038251,381.1650890577102,2968.3010200154354,3769.825548575218,-2765.1991442561302,-2753.7578095775643
-128.56666963799955,46.61666759899978,-7.7030744552612305,1.6574578458387972,125.9410912856811,367.4848276597679,396.1402124893188,2950.5980316371265,3602.715776417394,-2728.3002681441308,-2738.1891031062064
-128.56666963799955,46.73333426799978,-9.055829048156738,1.6307861625191291,194.36952722262134,370.4777667972884,399.36653220829953,2946.9578334793937,3570.7041803703114,-2741.4011409918267,-2712.161484161
-128.56666963799955,46.85000093699978,-8.41766357421875,1.4932641531067838,193.65244526999908,387.16165631640797,417.35138230766574,2927.697157759531,3413.890808298108,-2736.8994898720975,-2690.5815558718305
-128.56666963799955,46.966667605999774,-10.06052589416504,1.4152310871506566,304.4865248659085,397.69211383820505,428.70297390087467,2916.3721990910963,3331.050845963735,-2736.600285247957,-2700.5184461314902
-128.56666963799955,47.08333427499977,-9.567299842834473,1.3615615047077425,311.7145550750189,405.4544085434623,437.0705494917566,2908.400886784907,3276.655151852234,-2714.4020801116635,-2708.8464355862384
-128.56666963799955,47.20000094399977,-10.647427558898926,1.345974153616859,324.6854225431126,407.79537770859633,439.5940605395806,2906.0564416655216,3261.2509441046864,-2706.2005704959133,-2696.9436796844675
-128.56666963799955,47.316667612999765,-11.130370140075684,1.3303868025259757,337.65629001120635,410.17736891142835,442.161792402816,2903.698381603682,3246.024101182381,-2691.5007131198913,-2686.297186086763
-128.56666963799955,47.43333428199976,-13.570727348327637,1.316291992824462,362.1985769891213,412.3676039117963,444.5228154795309,2901.55419201024,3232.407982786435,-2685.5998298880727,-2678.5927612851233
-128.56666963799955,47.55000095099976,-13.975400924682615,1.3022628320865557,387.2498292149638,414.58285333662974,446.91080353187806,2899.4085589100505,3218.999296599445,-2689.9989734399705,-2671.3476286682853
-128.56666963799955,47.66666761999976,-10.805251121520996,1.288233671348649,412.30108144080634,416.8341918110099,449.33769475159403,2897.2513369898325,3205.734287078693,-2689.6007428478397,-2656.2696748774715
-128.56666963799955,47.78333428899976,-8.94820499420166,1.2742045106107416,437.35233366665045,419.122609988421,451.80455704040486,2895.0823364183925,3192.612954224177,-2686.900427871935,-2633.428777537131
-128.56666963799955,47.90000095799975,-5.804669380187988,1.1679138,586.2657908126525,437.77934178494104,471.916085849078,2878.2452121309666,3097.8682651441104,-2598.9995868802653,-2605.951016263668
-128.45000296899954,45.10000090199982,-10.848078727722168,3.048872330284471,125.69598836147462,270.9511755082934,292.07915037913,3111.135713618381,5992.902207526606,-2837.399852064042,-2831.571017732196
-128.45000296899954,45.21666757099982,-3.0723445415496826,2.988927364822637,124.48648379963407,273.65474213073685,294.99353316634364,3105.0980104006067,5860.795679147741,-2820.300848527887,-2822.684621284003
-128.45000296899954,45.33333423999981,-5.703444480895996,2.928982399360806,123.27697923779363,276.44088713095914,297.99693355008947,3098.999452355091,5731.312331954366,-2810.300787647864,-2819.699569895128
-128.45000296899954,45.45000090899981,-3.432048320770264,2.869037433898969,122.06747467595304,279.3139017896923,301.09397743253567,3092.8381614341506,5604.452165946457,-2794.299857488022,-2806.454619924105
-128.45000296899954,45.56666757799981,-4.742822647094727,2.809092468437135,120.8579701141125,282.2783962228829,304.2896344128962,3086.612160957774,5480.2151811240365,-2775.9995625600923,-2802.601710977864
-128.45000296899954,45.683334246999806,-3.4984326362609863,2.7413441954495266,116.62658196471821,285.74515481940693,308.02672063716795,3079.495180258272,5342.963319242557,-2793.1014140958023,-2801.347371711105
-128.45000296899954,45.8000009159998,-1.9918427467346191,2.632539272844227,96.49572871929247,291.5904053192019,314.3277665600378,3067.878561774802,5129.546003419533,-2756.401111343735,-2802.101855838268
-128.45000296899954,45.9166675849998,-2.363677263259888,2.523734350238928,76.36487547386673,297.8097002918618,321.03202384242064,3056.019296341655,4924.770800760205,-2763.90187918365,-2804.4394257932995
-128.45000296899954,46.0333342539998,-1.6581714153289795,2.443432792760024,94.37532881661576,302.6637857028135,326.26461654123005,3047.101925707727,4779.182791648293,-2757.89908086413,-2796.9274595936226
-128.45000296899954,46.150000922999794,-7.381833076477051,2.3702558191508465,121.91942622150982,307.30034529125254,331.26272139437555,3038.8472305264067,4650.6111165997345,-2808.7995879680343,-2789.840569637986
-128.45000296899954,46.26666759199979,-7.003353118896484,2.287283977858049,142.76338437386153,312.82439626717854,337.21752160025284,3029.3319254377266,4509.558818308641,-2758.700632991914,-2785.403191563304
-128.45000296899954,46.38333426099979,-7.526280403137207,2.154490024941766,129.52673046329483,322.3208614761591,347.4544932046041,3013.7363409915306,4294.266952664353,-2745.2998574880226,-2771.865773195241
-128.45000296899954,46.500000929999786,-6.371940612792969,2.021696072025483,116.29007655272817,332.7382478338946,358.6841966773074,2997.652256925578,4091.848077789792,-2734.300707327774,-2756.4823405990974
-128.45000296899954,46.61666759899978,-7.086578369140625,1.8889021191091995,103.05342264216148,344.2357189601174,371.0782067485165,2981.0306742723137,3902.302193684957,-2729.1999187520305,-2741.048931196978
-128.45000296899954,46.73333426799978,-6.8908281326293945,1.7829565126321598,110.47758415282549,354.31560780691575,381.9440956481158,2967.345881331418,3760.310882967163,-2724.796782928524,-2715.0213122517716
-128.45000296899954,46.85000093699978,-2.8847527503967285,1.7455064898435833,144.55862234175032,358.0963752968988,386.01967625478306,2962.4116618402254,3712.079410721414,-2642.7998601283734,-2694.8890145324644
-128.45000296899954,46.966667605999774,-5.500654220581055,1.5939965186056329,164.1877001992623,374.72871576990445,403.9489576652016,2941.887512302837,3527.4010889843103,-2754.0009379998332,-2699.2378490410383
-128.45000296899954,47.08333427499977,-8.566856384277344,1.5993728017864097,201.9081695563126,374.09836129652314,403.26945000601717,2942.6320912663646,3533.66757606935,-2734.1015043359735,-2707.565838495787
-128.45000296899954,47.20000094399977,-7.858017921447754,1.5780326723344735,217.69904804934828,376.6193795559875,405.98704984640653,2939.669196511392,3508.918296958604,-2722.2007564317028,-2695.663082594016
-128.45000296899954,47.316667612999765,-12.12546443939209,1.5553558668854133,247.10093035781586,379.35496555384196,408.935948785647,2936.4986754773295,3482.9831335190297,-2722.999514560056,-2685.2979985225575
-128.45000296899954,47.43333428199976,-11.389364242553713,1.5354257668736606,269.23655334614386,381.80907505553256,411.58142252033906,2933.693044032324,3460.4992842365427,-2676.299857488022,-2674.1470814279783
-128.45000296899954,47.55000095099976,-16.148893356323242,1.5165933465751378,288.46832456411215,384.17233370612524,414.1289611220681,2931.0251558267273,3439.520213289731,-2666.700142511978,-2666.9019488111403
-128.45000296899954,47.66666761999976,-9.047534942626951,1.4977609262766147,307.70009578208044,386.5800258201167,416.7243979778408,2928.3406511981852,3418.800044182559,-2659.0999437759865,-2651.8239950203265
-128.45000296899954,47.78333428899976,-6.868405342102051,1.4789285059780906,326.93186700004986,389.03356146148354,419.3692531042708,2925.639215747699,3398.338776915024,-2668.199913152035,-2628.983097679986
-128.45000296899954,47.90000095799975,-8.135784149169922,1.5283941657365168,252.37400387433553,382.6863514796509,412.5271063769359,2932.6988390355623,3452.6358849379594,-2648.8001102080307,-2616.79052420016
-128.33333629999953,45.10000090199982,-5.922931671142578,3.237127449772413,111.74437388241017,262.95459224837754,283.4590171019422,3129.720662355239,6424.832856015568,-2837.8005811198723,-2837.5956625377407
-128.33333629999953,45.21666757099982,-2.8857169151306152,3.1729399200113657,108.26852909705434,265.60101758911867,286.3118028985546,3123.4461806775244,6274.654923640632,-2829.899857600023,-2827.1679274382564
-128.33333629999953,45.33333423999981,-4.214304924011231,3.1129949545495355,107.05902453521388,268.1460788542908,289.05532054744384,3117.5288510930627,6137.119219273565,-2818.8016335997468,-2831.8788502127477
-128.33333629999953,45.45000090899981,-5.642650604248047,3.0530499890876976,105.8495199733733,270.76573323621693,291.8792478646979,3111.5542687801653,6002.206696091963,-2805.199790960024,-2828.8937961304937
-128.33333629999953,45.56666757799981,-4.914121627807617,2.993105023625864,104.64001541153277,273.4636971568412,294.78759106790113,3105.520739028952,5869.917354095849,-2792.6995728000693,-2825.111972060645
-128.33333629999953,45.683334246999806,-1.9475401639938357,2.93316005816403,103.43051084969225,276.2439515402965,297.78464150192895,3099.4264818350066,5740.251193285218,-2777.698641520231,-2824.269122179324
-128.33333629999953,45.8000009159998,-4.417767524719238,2.8732150927021958,102.22100628785174,279.1107665192219,300.87500227179044,3093.26962576557,5613.208213660066,-2795.8979414403207,-2825.023606306486
-128.33333629999953,45.9166675849998,-4.964883804321289,2.776725668453734,86.85941303046948,283.9188135458712,306.0579666486461,3083.2228513918008,5414.22498481519,-2804.497372400412,-2817.952912997818
-128.33333629999953,46.0333342539998,-5.640677452087402,2.667921751777929,66.72990585295841,289.65038829525645,312.2364727207988,3071.682092244279,5197.999362867582,-2806.199351840118,-2808.9295489584047
-128.33333629999953,46.150000922999794,-4.016526699066162,2.594744778168752,94.27400325785248,293.7063496587707,316.60870600896754,3063.787402595759,5057.435669299412,-2824.899857600023,-2798.3094923555027
-128.33333629999953,46.26666759199979,-4.474414825439453,2.518728251128451,119.87571573034191,298.1055092617431,321.3508991247861,3055.467560495872,4915.557081106894,-2801.3972774404665,-2791.2226033272664
-128.33333629999953,46.38333426099979,-5.491498947143555,2.385934298212168,106.63906181977524,306.2890133418713,330.1725287573722,3040.6264436105494,4677.829103515594,-2801.2981126403674,-2776.5155893606334
-128.33333629999953,46.500000929999786,-5.429618835449219,2.253140345295885,93.40240790920855,315.18572291606944,339.762977548476,3025.366245869247,4452.974116694022,-2804.0992920002222,-2758.270899036299
-128.33333629999953,46.61666759899978,-8.27527141571045,2.1203463923796018,80.16575399864186,324.9056406546073,350.24082585270037,3009.6493236201745,4240.992120642175,-2756.998494560142,-2742.837898260791
-128.33333629999953,46.73333426799978,-9.525394439697266,1.9875524394633186,66.92910008807517,335.5840886418343,361.75194777208657,2993.432035678934,4041.883115360055,-2758.1974368004144,-2728.951349289119
-128.33333629999953,46.85000093699978,2.644766330718994,1.8796146076513454,97.10436552426154,345.08513605502253,371.99385888743774,2979.8466311617594,3889.527141753157,-2192.173042004092,-2708.819051569812
-128.33333629999953,46.966667605999774,-8.264679908752441,1.8873424091344098,131.66052563567297,344.3779287154483,371.23150560184223,2980.8320342062966,3900.152399800806,-2718.9995491201094,-2699.1954397617496
-128.33333629999953,47.08333427499977,-7.420967102050781,1.895070210617474,166.2166857470844,343.6750516201761,370.4738202202492,2981.815421920719,3910.8212526569614,-2703.699606800118,-2701.9353763994845
-128.33333629999953,47.20000094399977,-6.241135597229004,1.8959609911543784,223.5110204341048,343.5943076029584,370.3867800223136,2981.928647640303,3912.053849192369,-2700.4015404797888,-2691.5702919285322
-128.33333629999953,47.316667612999765,-14.337244987487791,1.9031683826586705,235.50064726057892,342.9430862644315,369.6847783612805,2982.8437913815264,3922.048210854341,-2692.2031327994937,-2683.2185923033944
-128.33333629999953,47.43333428199976,-11.510573387145996,1.877885241599252,234.0853911017616,345.24399591885793,372.1651061757042,2979.6258355175505,3887.1553379249426,-2674.8998576000226,-2671.254464072291
-128.33333629999953,47.55000095099976,-11.367831230163574,1.8516579672335454,257.5915219654693,347.68045305460726,374.791551064935,2976.2647383400426,3851.4525880811048,-2658.6003706399188,-2659.131411502046
-128.33333629999953,47.66666761999976,-10.902776718139648,1.828981161784485,286.9934042739369,349.82918864032433,377.10783872483637,2973.3394049924423,3820.9878129093213,-2680.9999999999995,-2644.053457711232
-128.33333629999953,47.78333428899976,-5.461304664611816,1.8063043563354233,316.3952865824062,352.01826193924904,379.46760951405,2970.39587971313,3790.8984311164595,-2656.7000554400115,-2630.4961297356676
-128.33333629999953,47.90000095799975,-3.7137136459350586,1.7451642764429287,325.67596719281494,358.1314835594968,386.05752215632475,2962.3663308073574,3711.6433983969882,-2645.599912480037,-2619.794918197199
-128.21666963099952,45.10000090199982,-9.322394371032717,3.45827143073436,115.36169752833067,254.40820895240694,274.24621200073284,3150.8749882004677,6965.269070351219,-2840.5015031677303,-2839.7408908961397
-128.21666963099952,45.21666757099982,-7.4395751953125,3.387599608938043,108.42200144359093,257.04823250364296,277.09209681514403,3144.190152125062,6788.678355324171,-2830.999356096114,-2840.9978732324216
-128.21666963099952,45.33333423999981,-7.793059349060059,3.3169277871417293,101.48230535885165,259.7721870091196,280.0284572724791,3137.4352154728053,6615.733629966219,-2819.4934717132,-2842.1724059756025
-128.21666963099952,45.45000090899981,-5.283980369567871,3.2462559653454077,94.54260927411153,262.5846160401592,283.06019123837405,3130.6079255407535,6446.434894277336,-2811.499933584001,-2846.883328750094
-128.21666963099952,45.56666757799981,-4.378054618835449,3.1771175788145927,88.42206070895304,265.4263379624276,286.1235022689051,3123.8564766072304,6284.337780008635,-2824.9987088322305,-2843.0705814095795
-128.21666963099952,45.683334246999806,-4.886967658996582,3.117172613352759,87.21255614711252,267.96633288728555,288.86155851918005,3117.943075967126,6146.619262024311,-2835.99963843207,-2842.227731528258
-128.21666963099952,45.8000009159998,-6.533028602600098,3.057227647890924,86.003051585272,270.5806712005166,291.6797552363548,3111.9725376735773,6011.523925225465,-2834.999068720163,-2837.4979246179505
-128.21666963099952,45.9166675849998,-7.658310890197754,2.9972826824290904,84.79354702343147,273.2730517443993,294.5820796875381,3105.9431727460615,5879.051769612102,-2816.5003487519552,-2828.9158322410854
-128.21666963099952,46.0333342539998,-5.870013236999512,2.9209120640632413,77.22309734164648,276.82251994120344,298.40832496318757,3098.173660275799,5714.080459386418,-2823.4986708481774,-2812.656399252582
-128.21666963099952,46.150000922999794,-7.979415893554687,2.819233737186657,66.62858029419513,281.77023685102193,303.7418502694545,3087.670088404511,5501.048785685378,-2821.4997784800503,-2801.8034567752184
-128.21666963099952,46.26666759199979,-8.690291404724121,2.7460567635774797,94.1726776990892,285.4998627786347,307.7623014453002,3079.9930633535555,5352.402128308212,-2809.0002047839794,-2791.183400172316
-128.21666963099952,46.38333426099979,-11.273475646972656,2.61737857148257,83.75139317625562,292.4336788188944,315.23679604428105,3066.241004349398,5100.4947640564915,-2805.999678592113,-2775.0838063137735
-128.21666963099952,46.500000929999786,-10.536359786987305,2.484584618566287,70.51473926568893,300.14683132659235,323.55139747373346,3051.689782191378,4853.203665287907,-2786.99874171228,-2756.839115989439
-128.21666963099952,46.61666759899978,-12.507145881652832,2.4122651798142667,62.73961553530722,304.6127903917809,328.36559887714577,3043.601402249155,4723.94350367669,-2761.499897872067,-2740.818131414141
-128.21666963099952,46.73333426799978,-11.29348087310791,2.356981976708191,82.49402945336179,308.16444385116904,332.1941998157213,3037.3362933459393,4627.7078740624465,-2753.9973952644905,-2726.931992434995
-128.21666963099952,46.85000093699978,-10.832659721374512,2.1729604981801223,64.57719096067218,320.9480514012111,345.9746354421474,3015.9337758153315,4323.44142422769,-2733.500950223914,-2714.5777332397074
-128.21666963099952,46.966667605999774,-11.272856712341309,2.1806882996631867,99.1333510720836,320.378867797849,345.3610685773133,3016.8503813568686,4335.721533005091,-2704.998695392248,-2704.9541214316455
-128.21666963099952,47.08333427499977,-12.080140113830566,2.1884161011462506,133.68951118349503,319.81270174000497,344.75075455731184,3017.7653642243904,4348.045236590997,-2703.0003682879214,-2697.6733214997253
-128.21666963099952,47.20000094399977,-12.355069160461426,2.196143902629315,168.24567129490646,319.24952665887463,344.1436647415815,3018.678733005404,4360.41253498541,-2709.499488864102,-2690.955797138451
-128.21666963099952,47.316667612999765,-12.30748462677002,2.197034683166223,225.54000598191723,319.18480075851613,344.0738917060936,3018.7839132893987,4361.840910647887,-2701.9913941139985,-2682.6040975133137
-128.21666963099952,47.43333428199976,-10.28168487548828,2.197791783506963,265.67745493640035,319.12981926794174,344.01462292077304,3018.8732923167304,4363.055384132512,-2684.498463232313,-2670.6399692822097
-128.21666963099952,47.55000095099976,-7.368626594543457,2.206963963530931,269.0931249648452,318.46597431526965,343.29901329333296,3019.954887978312,4377.8018267583175,-2618.5049301919607,-2657.703704935188
-128.21666963099952,47.66666761999976,-3.988795518875122,2.188691420811188,268.66081373420167,319.79258618277294,344.7290704481556,3017.7979326430054,4348.485099469362,-2662.5006249279195,-2645.0876651541507
-128.21666963099952,47.78333428899976,-3.51008677482605,2.147960067581676,268.0821135731247,322.8104292986568,347.98223608440463,3012.957218760742,4284.0123449528,-2652.500142287977,-2633.0217007361825
-128.21666963099952,47.90000095799975,-6.33342170715332,2.0695702357711685,268.8973840624564,328.8672101202871,354.51130684077134,3003.510033546471,4163.3391506883245,-2646.4996824480972,-2619.9243458856395
-128.1000029619995,45.10000090199982,-10.404295921325684,3.6794154116963065,118.97902117425113,246.64439321811133,265.87699677544674,3171.363082044878,7541.40568671733,-2835.0,-2852.8968049688456
-128.1000029619995,45.21666757099982,-12.911789894104004,3.608743589899989,112.03932508951142,249.04776362271355,268.46777492765693,3164.8842679464965,7353.406058640155,-2828.8002843519535,-2874.028811900777
-128.1000029619995,45.33333423999981,-9.508238792419434,3.5380717681036753,105.09962900477214,251.5227889286178,271.1357954193903,3158.3416982029166,7169.052420232078,-2808.29957347207,-2866.360918805722
-128.1000029619995,45.45000090899981,-13.403971672058104,3.467399946307354,98.15993292003199,254.0731019765846,273.88497436963314,3151.7334527417256,6988.344771493069,-2820.199279328137,-2867.535448763668
-128.1000029619995,45.56666757799981,-8.197488784790039,3.3967281245110366,91.2202368352923,256.7025988040971,276.7195116173999,3145.057513135536,6811.283112423156,-2819.697145568489,-2858.775811315117
-128.1000029619995,45.683334246999806,-7.210604667663574,3.3260563027147194,84.28054075055257,259.4154636805753,279.6439177091199,3138.3117554005667,6637.867443022333,-2847.2996265120933,-2851.338009113034
-128.1000029619995,45.8000009159998,-7.770066261291504,3.255384480918402,77.34084466581287,262.2161971160295,282.66304409132243,3131.493942102776,6468.097763290596,-2838.5987072642347,-2846.6082022027263
-128.1000029619995,45.9166675849998,-6.730405807495117,3.1847126591220842,70.40114858107316,265.10964726973947,285.782116968473,3124.6017136883756,6301.974073227946,-2853.0998578240233,-2826.995747861086
-128.1000029619995,46.0333342539998,-6.281786918640137,3.1213502721559854,67.36608775901122,267.7869479029031,288.66818562190093,3118.3570233603787,6156.132045343209,-2840.4997790400494,-2802.612588728253
-128.1000029619995,46.150000922999794,-8.956904411315918,3.061405306694151,66.15658319717069,270.3959881035526,291.480671095275,3112.3905208851893,6020.853894927115,-2804.799841312053,-2790.361947239475
-128.1000029619995,46.26666759199979,-13.797232627868652,2.9705457225953853,66.52725473543185,274.5001197651332,295.90483085951956,3103.234490905431,5820.811789860854,-2796.9001421759767,-2779.5090043952287
-128.1000029619995,46.38333426099979,-13.064271926879885,2.848822844752972,60.863724532736,280.3031235477203,302.16033579056585,3090.745967808701,5562.2639342870425,-2796.698516528229,-2765.981767052973
-128.1000029619995,46.500000929999786,-12.778441429138184,2.8246555568648866,60.043137512494695,281.49968329454043,303.45019974326306,3088.2349069172524,5512.217840448604,-2748.9000596159017,-2749.666079740219
-128.1000029619995,46.61666759899978,-9.5745267868042,2.7606863903957723,76.33829802926289,284.74238727984834,306.945760237448,3081.5359686412203,5381.8071113325,-2754.200202767983,-2733.177541098254
-128.1000029619995,46.73333426799978,-11.43448543548584,2.524508253229567,80.29024322535864,297.76404912721557,320.9828129343718,3056.104541449377,4926.196801027832,-2724.4965214406684,-2718.1227096814882
-128.1000029619995,46.85000093699978,-7.844744682312012,2.5107100852788014,87.81346653417253,298.58114244915623,321.8636207876877,3054.582712899215,4900.83777329705,-2721.3999172960303,-2705.768450486201
-128.1000029619995,46.966667605999774,-10.475403785705566,2.4969119173280356,95.33668984298642,299.4049994490825,322.75171973068336,3053.0566967976106,4875.61772985659,-2726.0998923840702,-2698.347235106291
-128.1000029619995,47.08333427499977,-9.637277603149414,2.48311374937727,102.85991315180031,300.2357139580878,323.6472109111247,3051.526458385013,4850.536670706451,-2714.2982174723975,-2693.9501911194798
-128.1000029619995,47.20000094399977,-11.110329627990724,2.489489793158092,135.71849673131712,299.85098786610484,323.2324850112859,3052.2340986048093,4862.109192036987,-2702.2006530878743,-2691.3187825997447
-128.1000029619995,47.316667612999765,-9.279236793518066,2.4972175946411563,170.27465684272855,299.38667423047707,322.7319655654884,3053.090548955179,4876.174935969657,-2684.900596415864,-2684.6012597400477
-128.1000029619995,47.43333428199976,-10.954611778259276,2.4981083751780675,227.56899152972966,299.3332915183166,322.674420226615,3053.1891864085137,4877.799090759203,-2699.0998578240233,-2672.637131508944
-128.1000029619995,47.55000095099976,-7.842862129211426,2.4924151843552558,295.85426261222176,299.6749660323779,323.04273751324786,3052.558467570192,4867.428709689695,-2666.498832640232,-2659.420642835526
-128.1000029619995,47.66666761999976,-4.39116096496582,2.5015873643792235,299.26993264066664,299.1250758030276,322.4499684629232,3053.5742516920877,4884.147859691953,-2650.0,-2646.7595862930702
-128.1000029619995,47.78333428899976,-1.5402165651321411,2.510402581835462,302.5243009063012,298.59942874288066,321.88333299275416,3054.5487501336956,4900.274209853445,-2648.8002843519535,-2633.193020476797
-128.1000029619995,47.90000095799975,-0.205169141292572,2.3664956325396553,275.5247770168102,307.5443871539837,331.5257929229996,3038.419645802517,4644.110076272681,-2638.6999666880506,-2618.9904926959994
-127.98333629299952,45.10000090199982,-7.423428535461426,3.9005593926581996,122.59634482017073,239.55057155485505,258.23001978611256,3191.244186666788,8153.242705113747,-2836.69942497611,-2882.434073138229
-127.98333629299952,45.21666757099982,-7.396086692810059,3.8298875708618816,115.65664873543102,241.75064775303582,260.601651448269,3184.953449097514,7953.834163986448,-2842.6993646560923,-2903.5660800701608
-127.98333629299952,45.33333423999981,-5.789030075073242,3.759215749065569,108.71695265069174,244.0124768399331,263.03985130757746,3178.604398203056,7758.0716125282515,-2853.0994587680207,-2895.8981869751055
-127.98333629299952,45.45000090899981,-13.828804969787598,3.688543927269247,101.77725656595159,246.33900280214377,265.54779291404105,3172.1953816343002,7565.955050739116,-2879.8980212322977,-2888.2302938800503
-127.98333629299952,45.56666757799981,-6.808950424194336,3.618153614704762,95.06211397661802,248.72369344357253,268.1184347101467,3165.7505672557354,7378.227986554415,-2886.600284127954,-2877.318521956571
-127.98333629299952,45.683334246999806,-5.85457706451416,3.5478300783368537,88.40023723669685,251.1766439034834,270.7626590243938,3159.248954945144,7194.290866634365,-2873.7999227840237,-2864.9338326761863
-127.98333629299952,45.8000009159998,-8.337236404418945,3.4775065419689453,81.73836049677567,253.70362998714756,273.48669204234216,3152.6825808853764,7013.9638885444365,-2865.200568255909,-2844.9994222622877
-127.98333629299952,45.9166675849998,-10.443933486938477,3.4071830056010364,75.07648375685449,256.3084525106815,276.2946309565578,3146.049470386074,6837.247052284627,-2852.0,-2817.263246804267
-127.98333629299952,46.0333342539998,-7.388973236083984,3.336859469233128,68.4146070169333,258.9951911976243,279.19087361540903,3139.347546316601,6664.14035785494,-2832.400205231981,-2792.8555091931235
-127.98333629299952,46.150000922999794,-8.150397300720215,3.2665359328652195,61.75273027701213,261.76823155701936,282.18014749702155,3132.574621508,6494.643805255372,-2814.0991307681684,-2780.604867704345
-127.98333629299952,46.26666759199979,-7.456796646118164,3.1962123964973106,55.090853537090936,264.63229499666414,285.26754217067105,3125.7283904146598,6328.757394485925,-2780.800364143928,-2768.3542262155665
-127.98333629299952,46.38333426099979,-12.159422874450684,3.1309877744207224,65.43747981533514,267.3744923848261,288.2235680369685,3119.3109092907525,6178.12582190379,-2784.90350075117,-2754.714171204435
-127.98333629299952,46.500000929999786,-10.190115928649902,3.0670186079516077,81.73264033210333,270.1484334826534,291.21381289394395,3112.951694241946,6033.4101466553175,-2721.897301392652,-2740.9708392263597
-127.98333629299952,46.61666759899978,-10.90251350402832,3.003049441482493,98.02780084887152,273.0105423928659,294.29910062971106,3106.5258086690174,5891.6816710157345,-2760.4011365118176,-2726.28134140562
-127.98333629299952,46.73333426799978,-9.28341007232666,2.86234114725485,103.63113805380672,279.64043053443834,301.44596792735774,3092.145919971352,5590.443847792896,-2738.4983550402812,-2710.758956351703
-127.98333629299952,46.85000093699978,-8.483508110046387,2.848542979304084,111.15436136262062,280.3168929086409,302.17517884570816,3090.7169499555184,5561.6819433040455,-2739.8990055521595,-2698.611982451559
-127.98333629299952,46.966667605999774,-7.132467269897461,2.834744811353319,118.67758467143452,280.99828832997827,302.909707475684,3089.2845148065417,5533.059023105516,-2712.2996911840864,-2694.074521872373
-127.98333629299952,47.08333427499977,-6.158853530883789,2.8209466434025536,126.2008079802484,281.68467704783103,303.6496187647351,3087.8485891935206,5504.575087197309,-2685.4007168319768,-2689.6774778855624
-127.98333629299952,47.20000094399977,-8.0357027053833,2.8071484754517875,133.7240312890623,282.37612034683,304.3949787762874,3086.409147475416,5476.2301355794225,-2697.9013324317098,-2687.046069365827
-127.98333629299952,47.316667612999765,-6.00419807434082,2.7933503075010218,141.24725459787618,283.0726805698397,305.1458547145183,3084.966163695709,5448.024168251859,-2683.7999149440334,-2684.4146608460915
-127.98333629299952,47.43333428199976,-5.839530944824219,2.798291286652926,172.30364239055854,282.8226576054913,304.8763356955838,3085.4832897828796,5458.108455609557,-2678.300142063977,-2674.149473972727
-127.98333629299952,47.55000095099976,-7.0934648513793945,2.799182067189833,229.5979770775693,282.77765285785165,304.8278216102363,3085.5764708650395,5459.928389526158,-2695.598889088242,-2660.887968623266
-127.98333629299952,47.66666761999976,-2.820756673812866,2.787038585203478,326.03107028803663,283.3930323843343,305.49118662025546,3084.3049090050727,5435.168187525746,-2646.3001420639775,-2646.91818755817
-127.98333629299952,47.78333428899976,-4.688410758972168,2.7335016014489284,301.1101594638781,286.1547719485363,308.4682785039401,3078.6656600987253,5327.291316870207,-2636.9004261919317,-2632.2464493979414
-127.98333629299952,47.90000095799975,0.9433743953704834,2.5447820959957435,239.53930046252697,296.57555970051243,319.7016486015918,3058.333060779566,4963.709309376678,-2623.800392543984,-2619.1949108044246
-127.86666962399951,45.10000090199982,-6.8306169509887695,4.137889917415986,139.12530537487808,232.57937151972368,250.71522609841435,3211.9631415203025,8849.5785335583,-2864.600642335885,-2868.019539026754
-127.86666962399951,45.21666757099982,-15.14770221710205,4.067566381048077,132.46342863495687,234.5812706521004,252.8732274306928,3205.887300975439,8638.960136444879,-2903.3979375843537,-2889.1515459586853
-127.86666962399951,45.33333423999981,-15.89342975616455,3.997242844680173,125.8015518950361,236.63576925487493,255.08792978519554,3199.7587073222603,8431.951881161596,-2929.500217599954,-2881.483652863631
-127.86666962399951,45.45000090899981,-14.781920433044434,3.92691930831226,119.13967515511452,238.7452118256726,257.36186047656946,3193.575962147083,8228.553767708408,-2907.1009174558544,-2879.347176906831
-127.86666962399951,45.56666757799981,-11.722978591918944,3.8565957719443515,112.47779841519333,240.91209182056608,259.69770739325,3187.33760413874,8028.765796085353,-2884.7001955519945,-2869.3240008584944
-127.86666962399951,45.683334246999806,-12.1174955368042,3.786272235576442,105.81592167527215,243.139064047386,262.09833235716565,3181.0421050552704,7832.587966292416,-2855.0004904799275,-2852.866172691112
-127.86666962399951,45.8000009159998,-11.598244667053224,3.7159486992085338,99.15404493535097,245.42895834304676,264.56678586758096,3174.687865351857,7640.020278329602,-2858.0004899199284,-2833.8971297553717
-127.86666962399951,45.9166675849998,-8.122152328491211,3.6456251628406253,92.49216819542978,247.78479469513036,267.1063234018176,3168.273209434567,7451.062732196909,-2836.000489359929,-2811.4471460399573
-127.86666962399951,46.0333342539998,-7.3938188552856445,3.575301626472717,85.83029145550861,250.20979999149253,269.72042347094487,3161.7963805000054,7265.715327894336,-2825.199920992025,-2786.9917136919407
-127.86666962399951,46.150000922999794,-7.966601371765137,3.504978090104808,79.16841471558743,252.70742660917588,272.412807658202,3155.2555349158365,7083.978065421882,-2809.1999204320264,-2774.454981162583
-127.86666962399951,46.26666759199979,-4.19831657409668,3.434654553736899,72.50653797566625,255.281373086198,275.18746290271105,3148.6487360912456,6905.85094477955,-2769.5002220799506,-2762.2043396738045
-127.86666962399951,46.38333426099979,-6.0896406173706055,3.358052688053074,85.80911066100269,258.17661714446444,278.3084695678133,3141.374659841267,6715.929017345274,-2779.500709759881,-2748.5642846626724
-127.86666962399951,46.500000929999786,-8.240154266357422,3.253125978938473,118.96843201978025,262.30720389727963,282.76114731341187,3131.274846972349,6462.732451718206,-2746.4002437439167,-2736.787695634379
-127.86666962399951,46.61666759899978,-8.589700698852539,3.2454124925692724,119.71730366848541,262.6187362924771,283.0969720875032,3130.525994975414,6444.436320127515,-2748.500223759947,-2722.8678587015356
-127.86666962399951,46.73333426799978,-5.839917182922363,3.2001740412802153,126.9720328822605,264.46844393767645,285.0909144885506,3126.116059574282,6338.006571486567,-2729.7010760318044,-2706.318925128252
-127.86666962399951,46.85000093699978,-6.078886032104492,3.1863758733294496,134.4952561910744,265.04044769885616,285.70752141880513,3124.7647913277906,6305.841790239645,-2716.4997751200535,-2691.284060004909
-127.86666962399951,46.966667605999774,-7.828484535217285,3.172577705378684,142.0184794998883,265.6161790505842,286.3281466061434,3123.4105941583675,6273.815993283044,-2698.8024382075573,-2682.8878317969748
-127.86666962399951,47.08333427499977,-6.690488815307617,3.158779537427918,149.54170280870215,266.19567865568206,286.9528338841539,3122.0534489374045,6241.929180616767,-2703.6044584152696,-2678.490787810164
-127.86666962399951,47.20000094399977,-9.101373672485352,3.1449813694771533,157.06492611751605,266.77898780069773,287.5816277587881,3120.6933363271683,6210.181352240812,-2682.9995468801108,-2675.8593792904285
-127.86666962399951,47.316667612999765,-4.231759071350098,3.131183201526387,164.58814942632995,267.36614840826127,288.21457342167935,3119.3302367775873,6178.572508155177,-2683.4998012801057,-2671.6057978689432
-127.86666962399951,47.43333428199976,-4.754775047302246,3.1173850335756215,172.11137273514382,267.9572030497397,288.8517167637844,3117.9641305229725,6147.102648359866,-2681.6987224322143,-2669.6253381975816
-127.86666962399951,47.55000095099976,-3.1802549362182617,3.1035868656248558,179.6345960439577,268.5521949582018,289.49310438935964,3116.594997578674,6115.771772854878,-2673.8005678079044,-2659.781401301955
-127.86666962399951,47.66666761999976,-3.4095616340637207,3.1002557592016786,231.62696262538174,268.69643076375036,289.6485872783334,3116.2640103901945,6108.228806949059,-2675.499290240119,-2645.8116202368597
-127.86666962399951,47.78333428899976,-0.5820432901382446,3.092311188000529,247.26188625521365,269.04136833380414,290.0204220644573,3115.4738991460686,6090.271796453133,-2628.8991154241867,-2635.6753678718514
-127.86666962399951,47.90000095799975,3.526834726333618,2.7705689606490314,208.18823715673406,284.2340980923398,306.39783615571673,3082.57591580798,5401.759113484826,-2618.6992022721556,-2633.7192469043707
-127.75000295499952,45.10000090199982,-9.391390800476074,4.343190913133097,145.43297948738146,227.01585980205428,244.71788811834173,3229.4113289898946,9485.107167391496,-2923.5017092795656,-2876.2483780661505
-127.75000295499952,45.21666757099982,-17.795162200927734,4.278953722846665,145.85473792351416,228.7135338297407,246.54794176803404,3223.997120884273,9282.947411226116,-2890.5078592786986,-2874.7370118472118
-127.75000295499952,45.33333423999981,-12.215713500976562,4.235685001919732,143.2172363336093,229.87875236665758,247.8040206155616,3220.327295564431,9148.475013953033,-2871.2007752798786,-2872.60053492741
-127.75000295499952,45.45000090899981,-13.37673282623291,4.16536146555182,136.55535959368768,231.81114466838568,249.88709517919503,3214.3226018614405,8932.836190626962,-2865.5007091998805,-2871.3526558087556
-127.75000295499952,45.56666757799981,-10.32021141052246,4.095037929183911,129.8934828537665,233.7931027407968,252.02360050636673,3208.26700214328,8720.80750913102,-2878.4997812800457,-2857.2563416691287
-127.75000295499952,45.683334246999806,-7.049023628234863,4.024714392816002,123.23160611384533,235.82678240790145,254.2158605258958,3202.159179331838,8512.388969465203,-2882.20087631992,-2837.7987000856965
-127.75000295499952,45.8000009159998,-10.62328815460205,3.954390856448094,116.56972937392416,237.91447309192918,256.46634318241627,3195.997758555939,8307.580571629505,-2857.8003050400216,-2818.829657149957
-127.75000295499952,45.9166675849998,-8.326087951660156,3.884067320080185,109.90785263400298,240.05860865002413,258.777672118086,3189.7813035374493,8106.382315623928,-2837.695904080768,-2800.344854573821
-127.75000295499952,46.0333342539998,-7.277694702148437,3.813743783712276,103.2459758940818,242.2617793050204,261.1526395336891,3183.508312681531,7908.79420144847,-2816.100141839976,-2781.1756129276314
-127.75000295499952,46.150000922999794,-7.263557434082031,3.743420247344368,96.58409915416061,244.52674480328315,263.5942203724863,3177.177214840905,7714.816229103136,-2793.0009307198306,-2768.591185611333
-127.75000295499952,46.26666759199979,-5.076415061950684,3.673096710976459,89.92222241423943,246.85644895160718,266.1055879906585,3170.7863647202557,7524.44839858792,-2782.7974096004828,-2756.054453132043
-127.75000295499952,46.38333426099979,-4.057233810424805,3.618446460559679,94.00721461737976,248.71362846441477,268.1075848935498,3165.7775089461647,7379.001497596957,-2758.1001831200115,-2744.381140762847
-127.75000295499952,46.500000929999786,-4.707058906555176,3.5042119463821115,130.04289398080698,252.7350504558777,272.4425855311333,3155.183915730391,7082.017998285994,-2747.9003441599557,-2733.374212930295
-127.75000295499952,46.61666759899978,-4.522679328918457,3.3934052983803547,164.17769531135897,256.8282497831339,276.8549604898123,3144.7419243787344,6803.04782446269,-2725.3004255199285,-2718.427827744787
-127.75000295499952,46.73333426799978,-10.458229064941406,3.374458368506489,158.70741996510674,257.5482609456631,277.63111600277693,3142.9394607130944,6756.243787485969,-2730.5011940798136,-2700.5347614230895
-127.75000295499952,46.85000093699978,-9.47215747833252,3.36212785767587,158.7303519884973,258.02010428163163,278.13975229277713,3141.7637124092435,6725.92486194645,-2725.696772240592,-2685.4998962997465
-127.75000295499952,46.966667605999774,-9.270526885986328,3.3497973468452504,158.75328401188784,258.49455048927285,278.6511944187191,3140.5858061091762,6695.71692669999,-2693.899858160024,-2675.559908539947
-127.75000295499952,47.08333427499977,-8.50141716003418,3.3374668360146305,158.77621603527842,258.97162358769003,279.1654682726451,3139.405729886582,6665.61998174659,-2670.7005096798976,-2667.3040977347664
-127.75000295499952,47.20000094399977,-7.592818260192871,3.3251363251840114,158.79914805866898,259.451347907441,279.68260008233824,3138.223471704889,6635.634027086255,-2675.8006520798726,-2663.050516525093
-127.75000295499952,47.316667612999765,-2.344241142272949,3.312805814353392,158.82208008205953,259.9337480957506,280.2026164169412,3137.0390194158363,6605.759062718978,-2677.0013905597116,-2658.5363411787366
-127.75000295499952,47.43333428199976,-4.817407608032227,3.3004753035227727,158.8450121054501,260.41884912182894,280.72554419268977,3135.852360758014,6575.995088644764,-2691.1998283200683,-2656.5558815073746
-127.75000295499952,47.55000095099976,-2.201808452606201,3.288144792692153,158.8679441288407,260.9066762823003,281.25141067876433,3134.663483355383,6546.34210486361,-2657.4005673599045,-2655.2572668726352
-127.75000295499952,47.66666761999976,1.0036516189575195,3.2758142818615337,158.89087615223124,261.39725520674324,281.78024350326274,3133.472374715771,6516.800111375518,-2665.100622239915,-2649.2405363661333
-127.75000295499952,47.78333428899976,-0.9750696420669556,3.1612465,360.92454209502716,266.0917919541222,286.84084640349295,3122.296309044172,6247.619993323221,-2659.0992032801532,-2650.1997039717953
-127.75000295499952,47.90000095799975,-0.5182826519012451,3.1222083877779503,258.69218421293687,267.750145754208,288.62851375001173,3118.4420162818815,6158.087604099511,-2642.398689120264,-2648.235311370136
-127.63333628599952,45.10000090199982,-8.993409156799316,4.5560349321107845,147.6202995883971,221.64969414625216,238.93328466497022,3247.0704646708846,10176.470820454007,-2953.5025558717093,-2887.830220908168
-127.63333628599952,45.21666757099982,-12.12204933166504,4.491797741824351,148.0420580245298,223.22897378199843,240.63571187664223,3241.7851598498605,9964.330138012294,-2854.0002081439743,-2882.7918579230936
-127.63333628599952,45.33333423999981,-7.099649429321289,4.427560551537923,148.46381646066243,224.84249937311588,242.3750554424506,3236.4619253996743,9755.2017397002,-2850.0003593279307,-2862.865268357553
-127.63333628599952,45.45000090899981,-5.632911682128906,4.363323361251486,148.88557489679516,226.49152676541493,244.15266913536433,3231.0999328089883,9549.085625517682,-2849.500708639883,-2861.617389238898
-127.63333628599952,45.56666757799981,-9.342623710632324,4.333480086423471,147.30916729233968,227.2700755823232,244.99192689663684,3228.5954368419248,9454.353125691501,-2867.4992143681393,-2846.021050343449
-127.63333628599952,45.683334246999806,-10.241192817687988,4.263156550055562,140.64729055241853,229.13689224154385,247.00431242224263,3222.6594477219587,9233.6938761528,-2862.998994528187,-2827.5155610284887
-127.63333628599952,45.8000009159998,-8.704767227172852,4.192833013687654,133.9854138124973,231.0504804013411,249.0671165523249,3216.6742943462796,9016.64476844422,-2828.9985537282832,-2809.684916965248
-127.63333628599952,45.9166675849998,-2.644075632095337,4.122509477319745,127.32353707257616,233.0128262942515,251.182480399985,3210.638734499935,8803.205802565757,-2812.999984976133,-2790.9185616766067
-127.63333628599952,46.0333342539998,-7.110342979431152,4.052185940951836,120.66166033265498,235.02603628321037,253.3526745761379,3204.5514727588043,8593.376978517417,-2803.500062496002,-2773.7113420763153
-127.63333628599952,46.150000922999794,-5.931593894958496,3.9818624045839277,113.99978359273379,237.0923463675171,255.58010943672468,3198.4111572430174,8387.158296299198,-2789.9998404160533,-2761.1269147600174
-127.63333628599952,46.26666759199979,-6.032253265380859,3.9115388682160193,107.33790685281262,239.21413262463722,257.86734633873544,3192.216376111157,8184.5497559111,-2775.001214175787,-2754.086967846764
-127.63333628599952,46.38333426099979,-5.739419937133789,3.866759687239564,97.08359597864538,240.59526048426216,259.35617048222707,3188.2427345688775,8057.418124784269,-2734.9874491384994,-2737.2561612903946
-127.63333628599952,46.500000929999786,-4.655054092407227,3.764605718888715,138.24099793718403,243.83773198106505,262.8514803591379,3179.0907160047673,7772.873519821711,-2753.5007086398828,-2726.249233457843
-127.63333628599952,46.61666759899978,-3.004929780960083,3.6768072755263184,159.61690246963803,246.7318560734613,265.9712797267291,3171.1250935943117,7534.402785597593,-2733.498888512151,-2709.3145098033146
-127.63333628599952,46.73333426799978,-5.539200782775879,3.6496752503406107,147.3510439545514,247.64727168304762,266.95807675017875,3168.6443136427056,7461.847243026312,-2736.502090239607,-2691.0925411414582
-127.63333628599952,46.85000093699978,-3.651047945022583,3.622543225154903,135.08518543946477,248.57295251333022,267.95593944600944,3166.1542952510895,7389.8290876122255,-2700.0008012159346,-2674.945511335602
-127.63333628599952,46.966667605999774,-6.723939895629883,3.609110584942737,134.1930869604884,249.03510099903872,268.45412490987206,3164.918075145717,7354.372913236182,-2687.500058016008,-2663.6793488126905
-127.63333628599952,47.08333427499977,-5.71275520324707,3.596780074112118,134.21601898387894,249.46160785696756,268.9138895167649,3163.781258456982,7321.94181905844,-2670.4997740000545,-2654.1390742119215
-127.63333628599952,47.20000094399977,-4.405949592590332,3.5844495632814986,134.2389510072695,249.89031360271372,269.37602447427264,3162.642491470313,7289.621715173757,-2659.0004820799386,-2649.624898865565
-127.63333628599952,47.316667612999765,-7.584437370300293,3.572119052450879,134.26188303066007,250.32123719566698,269.8405502201824,3161.50176411347,7257.412601582137,-2661.500708639883,-2637.6627691935387
-127.63333628599952,47.43333428199976,-2.392793655395508,3.5597885416202595,134.28481505405063,250.7543978248712,270.30748743984316,3160.3590662272168,7225.314478283576,-2677.500253279999,-2632.939867627818
-127.63333628599952,47.55000095099976,-3.259161710739136,3.54745803078964,134.30774707744118,251.1898149126136,270.77685707003496,3159.2143875642664,7193.327345278077,-2645.500141727977,-2633.83158987723
-127.63333628599952,47.66666761999976,-2.0496339797973637,3.5628759320302192,141.85447232762135,250.64572936079676,270.1903453289063,3160.645367556378,7233.340991069674,-2642.0005669119064,-2640.1890101413182
-127.63333628599952,47.78333428899976,-0.4198869466781616,3.5786737999999993,102.34405259765417,250.09188623759366,269.5933151497051,3162.1084053989953,7274.520750884349,-2652.49902846422,-2642.720746086345
-127.63333628599952,47.90000095799975,3.032176971435547,3.4528952000000004,184.6076106781865,254.6061913932586,274.45963252937776,3150.368866105997,6951.707120696811,-2648.0009385598228,-2643.3983597152633
-127.51666961699952,45.10000090199982,-8.488273620605469,4.768878951088471,149.80761968941275,216.64691519760294,233.5404037442106,3264.321706814832,10900.905354299157,-2870.2996337920845,-2902.960982808718
-127.51666961699952,45.21666757099982,-7.391718864440918,4.704641760802038,150.22937812554545,218.12094939918777,235.1293787926525,3259.1565159426937,10678.783745581113,-2881.1983006082746,-2898.7394574985947
-127.51666961699952,45.33333423999981,-9.673142433166504,4.640404570515609,150.65113656167813,219.62548625563676,236.75123500317207,3253.955940283093,10459.674420992687,-2861.99673248055,-2871.3401643281286
-127.51666961699952,45.45000090899981,-6.948390960693359,4.5761673802291725,151.0728949978108,221.1615924933678,238.40712228237246,3248.719242492187,10243.577380533838,-2839.7004248479316,-2851.4135786852985
-127.51666961699952,45.56666757799981,-7.458233833312988,4.511930189942739,151.49465343394348,222.73038780736462,240.09824763575523,3243.4456592569395,10030.492624204604,-2852.299189632183,-2836.7693916891567
-127.51666961699952,45.683334246999806,-5.848645210266113,4.447692999656307,151.91641187007616,224.3330482915172,241.8258788655491,3238.1343999963,9820.420152004976,-2810.0036591993294,-2820.5932136303354
-127.51666961699952,45.8000009159998,-7.493641853332519,4.424713284146416,151.13631013320483,224.91482990844756,242.45302609995562,3236.2250860354707,9746.001991119145,-2833.8002832319544,-2802.762569567095
-127.51666961699952,45.9166675849998,-4.287635803222656,4.360951634559305,144.73922151114934,226.55310770324002,244.21905197340058,3230.901207574262,9541.533193022397,-2847.2995751520684,-2783.292217296067
-127.51666961699952,46.0333342539998,-3.046884775161743,4.290628098191396,138.07734477122816,228.40216841708516,246.21229699729156,3224.984097776252,9319.463659101173,-2792.900141615977,-2765.8034450941454
-127.51666961699952,46.150000922999794,-5.257298469543457,4.220304561823488,131.41546803130697,230.29725544796023,248.25515733489343,3219.018295193785,9101.004267010072,-2774.300061712004,-2758.763497023755
-127.51666961699952,46.26666759199979,-4.004351615905762,4.1499810254555785,124.7535912913858,232.2403104976954,250.3497260962279,3213.0025775677873,8886.155016749086,-2766.201132927817,-2753.8933185545975
-127.51666961699952,46.38333426099979,-6.17152214050293,4.07965748908767,118.09171455146463,234.23339191774718,252.49822213693744,3206.9356706329363,8674.915908318226,-2749.6015373437826,-2735.929342187292
-127.51666961699952,46.500000929999786,0.6072384119033813,4.02499949139532,146.43910189356112,235.81843022408228,254.20685706337477,3202.184048306373,8513.226630592393,-2746.9020041756453,-2718.125256998361
-127.51666961699952,46.61666759899978,-3.2954964637756348,3.960209252672282,155.05610962791707,237.73963517192632,256.27787191620865,3196.509607580796,8324.388923607172,-2715.8987990562955,-2701.1905333438326
-127.51666961699952,46.73333426799978,-5.937817573547363,3.9330772274865744,142.79025111283042,238.55823995390975,257.1603090887711,3194.1195576895275,8246.220214241319,-2722.0004837599386,-2680.9946100673637
-127.51666961699952,46.85000093699978,-8.574712753295898,3.905945202300867,130.52439259774377,239.38535945313853,258.0519249311588,3191.7212496966217,8168.588892032664,-2693.901557775748,-2664.5186781804205
-127.51666961699952,46.966667605999774,-6.712485313415527,3.8788131771151595,118.25853408265714,240.22114231034917,258.9528796746751,3189.314597405718,8091.494956981202,-2673.6976560484886,-2651.484040156362
-127.51666961699952,47.08333427499977,-7.752318382263184,3.8560933122096044,109.65582193247945,240.9277870687054,259.7146265106258,3187.292827509262,8027.351305850688,-2669.3999156160316,-2640.6175912566773
-127.51666961699952,47.20000094399977,-7.304584503173828,3.8437628013789844,109.67875395587002,241.3139170352904,260.13086575507447,3186.1930800940254,7992.697052741658,-2641.299122032179,-2628.6554630396445
-127.51666961699952,47.316667612999765,-7.116447448730469,3.8314322905483658,109.70168597926059,241.70190950011275,260.54911272988915,3185.0915673048203,7958.153789925695,-2652.900622575919,-2611.208014096289
-127.51666961699952,47.43333428199976,-6.975014686584473,3.8191017797177462,109.72461800265116,242.09177948441894,260.96938362762876,3183.9882806126316,7923.721517402789,-2634.3005109118963,-2608.675448565492
-127.51666961699952,47.55000095099976,-5.06610107421875,3.8067712688871267,109.74755002604171,242.4835421796113,261.3916948242765,3182.8832114195466,7889.400235172944,-2618.1003148639074,-2614.9255250498672
-127.51666961699952,47.66666761999976,-1.2555840015411377,3.8473227570318693,123.45318759940628,241.20224643803044,260.01048741344584,3186.5107702989108,8002.690724822986,-2628.900141615977,-2621.282945313955
-127.51666961699952,47.78333428899976,-0.6754743456840515,3.8297494421990845,151.7338046720701,241.75500735842488,260.6063510028498,3184.9410972261685,7953.447988358833,-2638.5002293599423,-2627.746751729827
-127.51666961699952,47.90000095799975,-1.2414491176605225,3.6022199607780445,209.6654622335586,249.2731746671199,268.7107628616003,3164.2830309403594,7336.235855727138,-2636.500708079886,-2629.9969328724137
-127.40000294799952,45.10000090199982,-9.867147445678713,4.9817229700661585,151.99493979042842,211.96827837050392,228.49694059322766,3281.1920787060662,11658.410768926948,-2990.6894621776746,-2899.386799402063
-127.40000294799952,45.21666757099982,-10.55217456817627,4.9174857797797245,152.4166982265611,213.34825871214602,229.984527738663,3276.1391679480016,11426.308233932568,-2936.4932546411255,-2899.3092904043315
-127.40000294799952,45.33333423999981,-9.289400100708008,4.853248589493295,152.83845666269372,214.75554713943345,231.50155237385562,3271.053144869359,11197.217983067809,-2877.8008490238644,-2871.9099972338654
-127.40000294799952,45.45000090899981,-4.03549337387085,4.789011399206859,153.26021509882645,216.19105635468654,233.04899837096553,3265.933349843732,10971.14001633263,-2902.2842338268656,-2847.3658278841067
-127.40000294799952,45.56666757799981,-4.792502403259277,4.724774208920426,153.68197353495913,217.65574234584494,234.62789626305704,3260.779101048887,10748.074333727069,-2820.2033447354333,-2833.434958587199
-127.40000294799952,45.683334246999806,-6.362067222595215,4.660537018633993,154.1037319710918,219.15060706212898,236.2393261284005,3255.589693406854,10528.020935251106,-2827.299214704137,-2817.2587805283783
-127.40000294799952,45.8000009159998,-8.764150619506836,4.5962998283475605,154.5254904072245,220.6767012946644,237.88442069571968,3250.364397458046,10310.979820904751,-2826.1013822077175,-2799.4281364651374
-127.40000294799952,45.9166675849998,-1.1174371242523191,4.532062638061126,154.9472488433572,222.23512778089096,239.56436869067298,3245.1024581643037,10096.950990687996,-2830.8043291030604,-2779.9577841941104
-127.40000294799952,46.0333342539998,-7.040185928344727,4.501608528541462,154.38488162674773,222.98558895783324,240.3733486205169,3242.5948052244435,9996.534960646588,-2786.9995580800983,-2758.780941898023
-127.40000294799952,46.150000922999794,-5.405885696411133,4.458746719063048,148.83115246988018,224.05480268748084,241.52593648858323,3239.051062569579,9856.354141235755,-2765.0004430399003,-2752.267889357524
-127.40000294799952,46.26666759199979,-3.5202107429504395,4.3884231826951385,142.16927572995897,225.84288273756607,243.45344575610724,3233.199727141353,9629.264181101888,-2768.2986851841697,-2747.3977108883664
-127.40000294799952,46.38333426099979,-6.184398651123047,4.31809964632723,135.5073989900378,227.67446720976378,245.4278517924846,3227.3013176635154,9405.784362798142,-2725.499332080154,-2730.1864312779066
-127.40000294799952,46.500000929999786,-6.637699127197266,4.285393263901924,154.63720584993814,228.54162849876369,246.36263176550972,3224.541699854457,9303.077330598036,-2728.199188896177,-2711.2491753858776
-127.40000294799952,46.61666759899978,-4.8069257736206055,4.243611229818246,150.4953167861961,229.663967965535,247.57248795925594,3221.000953988783,9173.006238491427,-2709.6002830079547,-2689.5255221817897
-127.40000294799952,46.73333426799978,-6.0763044357299805,4.216479204632538,138.22945827110945,230.40169916717016,248.3677452678007,3218.6923559962815,9089.224362331002,-2695.001898239714,-2669.329598905321
-127.40000294799952,46.85000093699978,-6.702265739440918,4.18934717944683,125.9635997560228,231.1465856144994,249.17071576703074,3216.376318342697,9005.979873327775,-2680.4006493918787,-2651.7073197756927
-127.40000294799952,46.966667605999774,-6.033424377441406,4.162215154261123,113.69774124093615,231.8987437248779,249.98152495218375,3214.0527686361756,8923.272771481745,-2666.2996906240865,-2638.6726817516346
-127.40000294799952,47.08333427499977,-6.984850883483887,4.135083129075415,101.43188272584953,232.65829258482572,250.80030119579595,3211.7216333031747,8841.103056792905,-2656.2001140160187,-2625.580823655075
-127.40000294799952,47.20000094399977,-4.437390327453613,4.107951103889708,89.1660242107629,233.42535402922883,251.62717583307904,3209.382837561277,8759.470729261266,-2629.7007925758544,-2605.817638786538
-127.40000294799952,47.316667612999765,-6.697024345397949,4.0907455286458525,85.1414889278611,233.91572959697547,252.1557894437247,3207.8957036591737,8707.982627749654,-2619.5998026080115,-2588.3701898431823
-127.40000294799952,47.43333428199976,-4.776043891906738,4.078415017815233,85.16442095125167,234.26906828926482,252.53668044685963,3206.828012802525,8671.216206002404,-2606.8013043837486,-2589.595313747824
-127.40000294799952,47.55000095099976,-4.699305534362793,4.089909352792683,91.55545968872542,233.93964023553207,252.18156456347285,3207.8233506441447,8705.485857632288,-2600.3006207839226,-2595.7998734646544
-127.40000294799952,47.66666761999976,-4.367433547973633,4.110841633514357,98.51038407024816,233.34327332528272,251.53869471751966,3209.6323696855357,8768.14191157977,-2609.2005660159093,-2597.3137142999544
-127.40000294799952,47.78333428899976,-4.742084503173828,4.113289450764639,114.43464918648279,233.27383173852766,251.46383828029494,3209.8436149735153,8775.489788606657,-2632.5998242880705,-2603.7775207158256
-127.40000294799952,47.90000095799975,-8.47979736328125,3.9110162447485,202.14190669911142,239.2301150107235,257.88457498422974,3192.170130807225,8183.0575443406315,-2624.7999115840375,-2608.767875221047
-127.28333627899951,45.10000090199982,-7.839395523071289,5.19456698904387,154.18225989144432,207.58022737845005,223.76672230509863,3297.70574534591,12448.987064337469,-2867.800132607995,-2881.214272478691
-127.28333627899951,45.21666757099982,-10.204028129577637,5.130329798757437,154.60401832757702,208.8757473788192,225.16326314053558,3292.7580969928886,12206.903603066761,-2878.8000756479787,-2884.636480567671
-127.28333627899951,45.33333423999981,-12.5595064163208,5.066092608471008,155.02577676370964,210.1958303807576,226.58628232808036,3287.779375547303,11967.832425925673,-2897.800130368,-2860.0923134318714
-127.28333627899951,45.45000090899981,-10.726322174072266,5.0018554181845705,155.44753519984235,211.5412625152661,228.0366272989144,3282.768988097772,11731.773532914154,-2887.0017977596594,-2842.5328187666937
-127.28333627899951,45.56666757799981,-6.3886260986328125,4.937618227898138,155.86929363597505,212.91286559419288,229.51518394735402,3277.726322633818,11498.726924032262,-2829.2004109119534,-2830.046393189295
-127.28333627899951,45.683334246999806,-8.686875343322754,4.873381037611705,156.29105207210773,214.3114992197934,231.02287890490769,3272.650747173284,11268.69259927997,-2850.4997316000217,-2817.480734838306
-127.28333627899951,45.8000009159998,-10.34493923187256,4.809143847325272,156.7128105082404,215.73806304876024,232.56068198084773,3267.541608837818,11041.670558657279,-2813.0994973760935,-2799.650090775065
-127.28333627899951,45.9166675849998,-5.973881721496582,4.74490665703884,157.1345689443731,217.1934992242712,234.129608783903,3262.3982328725965,10817.660802164197,-2810.399796224021,-2774.9952263371697
-127.28333627899951,46.0333342539998,-5.502647399902344,4.6806694667524065,157.55632738050576,218.67879499099405,235.73072354117352,3257.2199216061144,10596.663329800715,-2792.698771552239,-2751.789484822829
-127.28333627899951,46.150000922999794,-1.2703030109405518,4.616432276465973,157.97808581663844,220.19498550953833,237.3651421320453,3252.005953345505,10378.678141566834,-2760.201291391762,-2741.1685737823877
-127.28333627899951,46.26666759199979,-2.0834264755249023,4.578503772936509,157.63345312029162,221.10515634147265,238.34628540552447,3248.910349898252,10251.384331559755,-2736.098566096259,-2734.655519947973
-127.28333627899951,46.38333426099979,-3.1839849948883057,4.5565418035668195,152.92308342861313,221.6373656049346,238.91999478030115,3247.11202034028,10178.156720792967,-2731.6002015359827,-2718.0866245439925
-127.28333627899951,46.500000929999786,-3.599548578262329,4.554145232149951,158.20038245956118,221.69567511044974,238.9828510893684,3246.91551793919,10170.187160362657,-2727.3984598243264,-2700.0057640376554
-127.28333627899951,46.61666759899978,-4.195791721343994,4.527013206964243,145.93452394447453,222.35903378397947,239.69793651905042,3244.68726177713,10080.254730250468,-2710.6002004159836,-2677.7203334116602
-127.28333627899951,46.73333426799978,-4.262265682220459,4.499881181778536,133.66866542938791,223.02838302984907,240.41947964826454,3242.4523181779896,9990.859687295475,-2679.6996587520393,-2654.1546679955873
-127.28333627899951,46.85000093699978,-4.982996940612793,4.472749156592829,121.4028069143013,223.70381355910638,241.14757826143912,3240.21062656694,9902.00203149768,-2669.0994923361,-2636.53238886596
-127.28333627899951,46.966667605999774,-3.527906656265259,4.44561713140712,109.13694839921463,224.38541801752447,241.88233222859174,3237.962125449113,9813.681762857072,-2645.599686575997,-2624.2613994078374
-127.28333627899951,47.08333427499977,-8.188831329345703,4.418485106221413,96.87108988412803,225.073291038981,242.62384356287123,3235.70675238992,9725.898881373665,-2645.70101643171,-2611.73195822838
-127.28333627899951,47.20000094399977,-6.281039237976074,4.391353081035706,84.60523136904138,225.76752930065007,243.372216480053,3233.444443994822,9638.653387047452,-2637.300339007963,-2588.8807008694957
-127.28333627899951,47.316667612999765,-5.59117603302002,4.364221055849999,72.33937285395474,226.46823158007683,244.1275574600645,3231.17513588854,9551.945279878435,-2626.900030063957,-2569.1175145824577
-127.28333627899951,47.43333428199976,-2.360379695892334,4.337728255912753,60.6042238998492,227.15875944553815,244.87193065526728,3228.9524753708656,9467.79854408252,-2548.398868864185,-2570.2971190326684
-127.28333627899951,47.55000095099976,-5.847419738769531,4.3340049298441645,93.0706822720999,227.25631408259645,244.9770923156811,3228.6395569181723,9456.013537148436,-2580.4002827839536,-2566.3114471902754
-127.28333627899951,47.66666761999976,-8.140546798706055,4.300649920647487,109.18744585775643,228.1358899360661,245.92525490435952,3225.8302937183853,9350.890255087312,-2588.8010437278513,-2567.8253049065734
-127.28333627899951,47.78333428899976,-10.349753379821776,4.276434349814527,115.96849529597282,228.78089483903332,246.6205553904919,3223.783951087809,9275.08012311986,-2613.3969773444724,-2574.789613389087
-127.28333627899951,47.90000095799975,-11.8224515914917,4.17248889762243,178.14279510801506,231.61307052018387,249.67357579213086,3214.933486387893,8954.52721428559,-2607.4012196637786,-2579.7799678943084
-127.16666960999952,45.10000090199982,-6.001690864562988,5.465030099628218,151.45564853345985,202.37850335449204,218.15938315783643,3318.2091341487558,13501.29220629248,-2856.301608799639,-2869.6945028197483
-127.16666960999952,45.21666757099982,-10.38893985748291,5.405270310474908,153.91990105511255,203.49416010461522,219.36203553636705,3313.723302501026,13264.185702195049,-2885.899858720023,-2869.9347610500627
-127.16666960999952,45.33333423999981,-14.277299880981444,5.345510521321601,156.38415357676507,204.6284735707862,220.58479942672957,3309.212604240626,13029.686197749377,-2886.70006496,-2852.3752663848863
-127.16666960999952,45.45000090899981,-13.609458923339844,5.285750732168287,158.8484060984179,205.78196960042095,221.82824168037317,3304.6766211905347,12797.793692955418,-2864.5007063998855,-2834.812834858475
-127.16666960999952,45.56666757799981,-12.478251457214355,5.225990943014978,161.3126586200706,206.95519502737594,223.09295177164833,3300.114923319978,12568.50818781322,-2892.4066035188753,-2822.615458312208
-127.16666960999952,45.683334246999806,-11.191949844360352,5.166231153861666,163.7769111417233,208.1487187612435,224.37954297204226,3295.5270682686128,12341.829682322757,-2816.499780720046,-2811.494242353799
-127.16666960999952,45.8000009159998,-6.687557220458984,5.106471364708356,166.24116366337597,209.36313294655653,225.68865359977505,3290.912600845867,12117.758176484043,-2813.900345279955,-2795.9064165796985
-127.16666960999952,45.9166675849998,-8.429305076599121,5.0331610124842925,166.12490326073532,210.88235703550197,227.32634230993568,3285.214762997567,11846.439068821046,-2820.2986154402874,-2769.222654817071
-127.16666960999952,46.0333342539998,-7.281376838684082,4.957051880104471,165.4756547950539,212.49510338497134,229.06484587112675,3279.25532100384,11568.912619847255,-2786.8006447998823,-2746.0169133027302
-127.16666960999952,46.150000922999794,-6.754721641540527,4.880942747724648,164.82640632937253,214.1454258137304,230.8438555836305,3273.2499509190216,11295.614768896528,-2745.800202319981,-2735.3960022622896
-127.16666960999952,46.26666759199979,-5.213109970092773,4.804833615344826,164.17715786369115,215.83480652902338,232.66496923284797,3267.1975742139316,11026.545515968885,-2730.900343039957,-2724.3573904164996
-127.16666960999952,46.38333426099979,-1.445778489112854,4.728724482965003,163.52790939800974,217.5648109041505,234.52987425528008,3261.0970694748553,10761.70486106431,-2710.499293600115,-2707.1944175570306
-127.16666960999952,46.500000929999786,-3.0481536388397217,4.6288385040068905,160.57139012202254,219.89970387616998,237.04683530634136,3253.0157480032167,10420.543252104513,-2747.1980137604287,-2689.755940863742
-127.16666960999952,46.61666759899978,-6.265089988708496,4.6688570772516,154.3634203942676,218.95525315570043,236.0287390995535,3256.2638375351034,10556.352638847857,-2680.402872959466,-2666.9754284786095
-127.16666960999952,46.73333426799978,-6.721988677978516,4.724032596536944,149.36948090045104,217.67282625201958,234.6463123219329,3260.7193918099997,10745.516650197405,-2691.2007646398924,-2642.8479866726548
-127.16666960999952,46.85000093699978,-7.718393325805664,4.699932154563468,126.9693647203507,218.23020699425226,235.24715597327938,3258.776441999898,10662.617223987356,-2656.200282559954,-2621.6621443957124
-127.16666960999952,46.966667605999774,-8.749149322509766,4.682237075371702,114.71962454371706,218.64218519788847,235.6912590241964,3257.3467117067544,10602.020570944655,-2642.0,-2609.9535715563266
-127.16666960999952,47.08333427499977,-7.309809684753418,4.664541996179936,102.46988436708347,219.05650546125935,236.13788676177012,3255.9142772378636,10541.652492456098,-2620.9007911198532,-2597.424130376869
-127.16666960999952,47.20000094399977,-8.441767692565918,4.646846916988169,90.22014419044984,219.47319005947102,236.58706319805398,3254.479123190994,10481.512988521696,-2629.100621119918,-2574.5728730179853
-127.16666960999952,47.316667612999765,-6.710392951965332,4.629151837796402,77.97040401381624,219.89226156536168,237.03881266604958,3253.0412340171415,10421.602059141442,-2594.70005544001,-2551.6752891860806
-127.16666960999952,47.43333428199976,-5.1610517501831055,4.6114567586046356,65.72066383718263,220.31374285463738,237.49315982524314,3251.6005940185705,10361.919704315336,-2576.3996310400807,-2531.708715787371
-127.16666960999952,47.55000095099976,-5.501043319702148,4.65944621123961,92.75387521404828,219.17625786939269,236.26697711008777,3255.501264642788,10524.310233333832,-2544.1019888795727,-2527.7230439449786
-127.16666960999952,47.66666761999976,-7.528009414672852,4.717502877385168,125.80783226141978,217.82341979298621,234.80864870381282,3260.1934638496195,10723.014190320127,-2555.4015003197346,-2533.089346694688
-127.16666960999952,47.78333428899976,-5.541047096252441,4.7343636049508575,144.5897849456361,217.4352010808871,234.39015783962492,3261.550747886495,10781.182541517397,-2587.101535759689,-2540.053671945583
-127.16666960999952,47.90000095799975,-11.433390617370604,4.47734457047889,157.39304560495262,223.58898260175744,241.0237931241472,3240.5907843631758,9917.014257020832,-2580.300423839931,-2549.9232714004816
-127.05000294099952,45.10000090199982,-7.077943801879883,5.691518937681617,139.73428195398063,198.3108912553965,213.77459064403044,3334.99165856073,14423.586553565796,-2855.000357647933,-2864.349623044382
-127.05000294099952,45.21666757099982,-5.014227867126465,5.650580913505045,143.7999185102014,199.02796838546666,214.5475833373239,3331.9832702070207,14254.10860092464,-2873.000564671907,-2851.780115518801
-127.05000294099952,45.33333423999981,-3.1410813331604004,5.591310079248062,146.30577204884497,200.08008817021098,215.68174432499524,3327.608291831279,14010.903166839855,-2877.0003587679303,-2834.217684091454
-127.05000294099952,45.45000090899981,-4.916982650756836,5.531550290094748,148.77002457049778,201.15796173442092,216.84366729602488,3323.1736818780146,13768.287743324263,-2846.000205343975,-2815.997773521557
-127.05000294099952,45.56666757799981,-5.213861465454102,5.471790500941439,151.23427709215048,202.253445318049,218.0245734639355,3318.7150519963134,13528.279319460431,-2829.000974239859,-2804.9330305179756
-127.05000294099952,45.683334246999806,-8.226167678833008,5.412030711788129,153.69852961380317,203.36702371706713,219.2249854276614,3314.2320075961434,13290.87789524834,-2864.0076174065553,-2794.6611752462713
-127.05000294099952,45.8000009159998,-2.984104871749878,5.352270922634817,156.16278213545584,204.49920062029153,220.4454461521898,3309.7241431640564,13056.083470687989,-2800.5012705117906,-2783.494361139082
-127.05000294099952,45.9166675849998,-7.411725044250488,5.292511133481508,158.62703465710854,205.65049956667667,221.68652000050116,3305.1910418350944,12823.896045779386,-2799.9997176640463,-2767.8613422100093
-127.05000294099952,46.0333342539998,-6.80452823638916,5.2327513443281966,161.0912871787612,206.82146496256925,222.94879383014612,3300.6322749428755,12594.31562052252,-2767.9999202080257,-2744.6556006956675
-127.05000294099952,46.150000922999794,-7.1768293380737305,5.172991555174886,163.5555397004139,208.012663163412,224.23287815929731,3296.0474015464933,12367.3421949174,-2744.49957649607,-2733.6169892752223
-127.05000294099952,46.26666759199979,-10.35440731048584,5.113231766021577,166.0197922220666,209.22468362477954,225.5394084075395,3291.4359679327463,12142.975768964028,-2725.000282335953,-2720.1604454821786
-127.05000294099952,46.38333426099979,-6.24522590637207,5.053471976868265,168.4840447437193,210.45814012805997,226.86904621712605,3286.7975070921125,11921.216342662392,-2705.999918528028,-2702.9974726227097
-127.05000294099952,46.500000929999786,-5.146489143371582,5.027043492205235,173.0949768141533,211.01063172175225,227.46461947852467,3284.7374260191373,11823.975689470895,-2686.499776800051,-2681.4717685793535
-127.05000294099952,46.61666759899978,-9.314369201660156,5.0100460853459134,158.43607659949816,211.368272807889,227.85014836351118,3283.409628135163,11761.705048710817,-2679.4997762400526,-2658.03466410489
-127.05000294099952,46.73333426799978,-7.2983856201171875,4.992351006154147,146.18633642286454,211.74253234755525,228.2535915601016,3282.0249345474112,11697.102527556637,-2657.499775680053,-2632.795610901607
-127.05000294099952,46.85000093699978,-6.077028274536133,4.97465592696238,133.93659624623095,212.11878700317234,228.65918544591023,3280.63778479708,11632.728580956607,-2644.9999162880304,-2610.0626574247367
-127.05000294099952,46.966667605999774,-7.009514808654785,4.956960847770613,121.68685606959734,212.49705456402833,229.0669491973815,3279.2481657674275,11568.583208910726,-2623.5003392319613,-2593.984716483057
-127.05000294099952,47.08333427499977,-10.784839630126951,4.9392657685788475,109.43711589296373,212.87735304226953,229.47690223119577,3277.856064224551,11504.666411418999,-2602.500056336008,-2581.4552753035996
-127.05000294099952,47.20000094399977,-9.16232967376709,4.92157068938708,97.18737571633012,213.25970067650326,229.88906420815326,3276.461466815912,11440.978188481415,-2604.499858832023,-2558.5576926435842
-127.05000294099952,47.316667612999765,-9.065340042114258,4.903875610195314,84.93763553969653,213.6441159354715,230.30345503713409,3275.0643600688436,11377.518540097988,-2574.000110432019,-2525.2896411440747
-127.05000294099952,47.43333428199976,-10.61486530303955,4.886180531003548,72.68789536306292,214.030617521798,230.72009487913758,3273.6647303890327,11314.287466268712,-2563.5006193279182,-2479.529331416055
-127.05000294099952,47.55000095099976,-8.782021522521973,4.935021126844559,100.23013704581652,212.96888191944086,229.57556826070902,3277.5217604919226,11489.36823567678,-2506.5009011038715,-2456.2009872047965
-127.05000294099952,47.66666761999976,-8.957815170288086,4.9930777929901184,133.28409409318803,211.72712128327896,228.23697878640974,3282.0818561002993,11699.75143410064,-2526.001129343814,-2466.652110455157
-127.05000294099952,47.78333428899976,-11.501602172851562,4.976482155038369,140.47535577483166,212.0798626367377,228.61722587199088,3280.781060216115,11639.361743386595,-2586.0049405750256,-2486.3264130869466
-127.05000294099952,47.90000095799975,-12.81993579864502,4.890677775613549,144.76720642626174,213.93218848334635,230.61399063408436,3274.0206893311442,11330.336123281306,-2533.999911248037,-2496.1960125418454
-126.93333627199954,45.10000090199982,-5.847471237182617,5.889156920520518,125.55824127878492,194.95487328251141,210.15688027116155,3349.3654824419013,15258.991770597871,-2843.800282111954,-2846.1949775131225
-126.93333627199954,45.21666757099982,-2.778301239013672,5.848218896343945,129.62387783500571,195.63603357197263,210.89115543436986,3346.4081845080027,15083.607454737354,-2850.200640207887,-2833.6225333244324
-126.93333627199954,45.33333423999981,-3.655272483825684,5.807280872167376,133.68951439122625,196.3243839153505,211.63318131072865,3343.4405176658893,14909.446561807996,-2853.500705279885,-2815.4026227545382
-126.93333627199954,45.45000090899981,-0.0825634747743606,5.766342847990801,137.75515094744733,197.020051701547,212.38309522255142,3340.4623720779373,14736.509091809752,-2826.2002050079764,-2797.1827121846413
-126.93333627199954,45.56666757799981,-6.434992790222168,5.71759005886787,141.15589556423157,197.85824473229593,213.28664807784202,3336.9018952131214,14532.155169661613,-2818.1993295681605,-2786.1179691810594
-126.93333627199954,45.683334246999806,-5.467855453491211,5.65783026971456,143.6201480858843,198.90042062975257,214.410089783174,3332.5167914462945,14284.030826727889,-2793.699937167999,-2776.9787476750157
-126.93333627199954,45.8000009159998,-6.772994995117188,5.598070480561249,146.08440060753694,199.95924025403048,215.55147304413853,3328.1084674538433,14038.51348344591,-2798.5996391040703,-2766.6612940315563
-126.93333627199954,45.9166675849998,-11.118703842163086,5.538310691407939,148.54865312918966,201.0351513798864,216.7112805516496,3323.676550411308,13795.603139815672,-2783.795212912865,-2755.449288509967
-126.93333627199954,46.0333342539998,-6.987209320068359,5.478550902254629,151.01290565084233,202.128618831032,217.89001337500306,3319.2206574093407,13555.299795837176,-2771.6999388479962,-2742.876588133946
-126.93333627199954,46.150000922999794,-8.26224136352539,5.418791113101317,153.47715817249502,203.24012532392075,219.08819187146025,3314.7403950676016,13317.603451510422,-2745.2015714877166,-2729.4200443409018
-126.93333627199954,46.26666759199979,-10.49841022491455,5.359031323948007,155.9414106941477,204.37017236314423,220.3063566514641,3310.2353591294514,13082.514106835415,-2725.4003631359283,-2715.9635005478585
-126.93333627199954,46.38333426099979,-7.405363082885742,5.2992715347946975,158.40566321580036,205.51928119220923,221.54506960355533,3305.705134036237,12850.031761812152,-2721.4012916157594,-2694.713300872002
-126.93333627199954,46.500000929999786,-4.612557411193848,5.289791036892326,221.41779586682833,205.70336718708532,221.74351008228453,3304.9841004760965,12813.38956310503,-2679.1997178880456,-2672.531004205635
-126.93333627199954,46.61666759899978,-9.272971153259276,5.280718841653047,179.39203267089837,205.87998900074845,221.9339043449275,3304.2935148952142,12778.386891875167,-2665.7979765123955,-2647.982288551002
-126.93333627199954,46.73333426799978,-8.164532661437988,5.267074778553025,153.15356794874398,206.14647683947936,222.2211721206693,3303.2537957412624,12725.85800384733,-2657.9986217602736,-2621.92454904307
-126.93333627199954,46.85000093699978,-10.190025329589844,5.249379699361258,140.90382777211036,206.49363303196367,222.5953985308683,3301.9033689739395,12657.935338244122,-2626.501635439717,-2599.1915955662002
-126.93333627199954,46.966667605999774,-10.16123390197754,5.231684620169492,128.65408759547677,206.84254901334552,222.97152195312154,3300.550664212305,12590.241247195072,-2605.9990982402187,-2582.3852287474137
-126.93333627199954,47.08333427499977,-11.819475173950195,5.2139895409777255,116.40434741884314,207.1932397017878,223.34955846886626,3299.1956698892777,12522.775730700167,-2597.0009312798306,-2565.440096101091
-126.93333627199954,47.20000094399977,-9.992920875549316,5.196294461785959,104.15460724220955,207.5457201931069,223.72952435104617,3297.8383743395525,12455.538788759412,-2581.200196607987,-2532.1720446015815
-126.93333627199954,47.316667612999765,-11.672259330749512,5.178599382594193,91.90486706557594,207.90000576350158,224.11143606705315,3296.478765798429,12388.530421372809,-2566.399913936033,-2498.9039931020716
-126.93333627199954,47.43333428199976,-12.692992210388184,5.160904303402425,79.65512688894233,208.2561118723346,224.49531028172535,3295.1168324006208,12321.75062854035,-2508.101269503794,-2453.143683374052
-126.93333627199954,47.55000095099976,-10.058120727539062,5.210596042449475,107.70639887758384,207.26069796444503,223.4222769282197,3298.9355513431983,12509.863557920396,-2512.300053872012,-2404.0215977556377
-126.93333627199954,47.66666761999976,-12.853845596313477,5.251199997156578,134.71400324104644,206.45784002417977,222.55681448972726,3302.042392677395,12664.912014700096,-2433.5002476800028,-2395.130053714984
-126.93333627199954,47.78333428899976,-13.133877754211426,5.2186007051258505,136.3609266040277,207.10168132870675,223.2508606434391,3299.5489893545714,12540.334561632108,-2474.904831455174,-2419.889179516645
-126.93333627199954,47.90000095799975,-16.361454010009766,5.186001413095127,138.00784996700878,207.75158392856508,223.95144073444519,3297.0477859602606,12416.532889667998,-2451.503526399427,-2446.4991399797736
-126.81666960299954,45.10000090199982,-4.618477821350098,6.0867949033594435,111.38220060358749,191.7636665277588,206.71683260994092,3363.500072762899,16122.911351380311,-2840.600281887955,-2826.498559767293
-126.81666960299954,45.21666757099982,-7.53853702545166,6.045856879182871,115.44783715980827,192.4118113046268,207.4155178080957,3360.5913476789674,15941.620672300438,-2832.801279743776,-2813.880400435121
-126.81666960299954,45.33333423999981,-5.350678443908691,6.004918855006301,119.51347371602884,193.06657284394325,208.12133572435206,3357.6727579550793,15761.553416151719,-2826.2010508958424,-2795.6604898652267
-126.81666960299954,45.45000090899981,-3.8688483238220215,5.963980830829726,123.57911027224989,193.72806449909652,208.83440855106187,3354.744202540527,15582.709582934118,-2803.7999227840223,-2771.1339374458666
-126.81666960299954,45.56666757799981,-4.257380485534668,5.923042806653154,127.6447468284707,194.39640236087692,209.5548614314335,3351.805578647505,15405.08917264767,-2792.7003450559555,-2758.208562212919
-126.81666960299954,45.683334246999806,-4.003222465515137,5.882104782476582,131.7103833846915,195.0717053430617,210.28282255179033,3348.856781709012,15228.692185292366,-2783.803664543412,-2750.8947879868933
-126.81666960299954,45.8000009159998,-7.693202972412109,5.84116675830001,135.7760199409123,195.7540952712924,211.01842323737884,3345.897705335433,15053.5186208682,-2783.3001409439776,-2742.8129070870696
-126.81666960299954,45.9166675849998,-6.081456184387207,5.784110249334399,138.4702716012695,196.71721976043867,212.0566493383413,3341.7562031511643,14811.414952406165,-2764.900863631836,-2734.060605725975
-126.81666960299954,46.0333342539998,-9.391046524047852,5.72435046018109,140.9345241229222,197.74137590118315,213.1606661593905,3337.3965197994216,14560.388689706042,-2759.2010056958115,-2739.9919231629106
-126.81666960299954,46.150000922999794,-14.18093204498291,5.66459067102778,143.3987766445749,198.78169642050273,214.28210780966134,3333.014019810533,14311.969426657657,-2747.999073760163,-2741.5336886367377
-126.81666960299954,46.26666759199979,-9.459242820739746,5.604830881874469,145.86302916622756,199.83861104925614,215.42143752915956,3328.608341153782,14066.157163261016,-2726.1009866078416,-2728.077144843694
-126.81666960299954,46.38333426099979,-10.603217124938965,5.55208728793321,156.9266780221742,200.78557854140715,216.4422467580741,3324.700365449063,13851.370737282785,-2705.5002226399483,-2706.498569643707
-126.81666960299954,46.500000929999786,-12.684077262878418,5.550107141552137,230.20852230623728,200.82139310954963,216.48085404078708,3324.553288053681,13843.346588188431,-2687.50025831999,-2671.983184245367
-126.81666960299954,46.61666759899978,-10.006403923034668,5.54346638634017,227.71485172357922,200.9416433702426,216.61048106274103,3324.059847539407,13816.45714541642,-2678.0991630882204,-2638.831220048013
-126.81666960299954,46.73333426799978,-12.044256210327148,5.5343941911008905,185.68908852764923,201.10627162885285,216.78794654822224,3323.3852612294313,13779.774457809317,-2646.099128528174,-2612.388668419877
-126.81666960299954,46.85000093699978,-10.941784858703612,5.524103471760171,147.87105929799066,201.29350248791414,216.98977711838597,3322.6193988051955,13738.23749585016,-2622.7003388959633,-2589.655714943007
-126.81666960299954,46.966667605999774,-12.383026123046877,5.506408392568404,135.62131912135703,201.61667570892635,217.33815043561356,3321.300814616441,13666.99468579793,-2594.8013249438054,-2572.8260227204464
-126.81666960299954,47.08333427499977,-15.069011688232422,5.488713313376637,123.37157894472344,201.9414104917069,217.68820708059826,3319.9801100567247,13595.980450299849,-2563.5011567197776,-2548.5890581939093
-126.81666960299954,47.20000094399977,-14.692708015441896,5.4710182341848705,111.12183876808982,202.26771945258938,218.03996065345822,3318.6572748639364,13525.194789355919,-2568.301072223809,-2499.509552553201
-126.81666960299954,47.316667612999765,-12.861448287963867,5.453323154993104,98.8720985914562,202.59561535107366,218.39342490864158,3317.3322986929215,13454.637702966138,-2547.300595183865,-2466.241501053691
-126.81666960299954,47.43333428199976,-14.806947708129885,5.435628075801337,86.6223584148226,202.92511109192188,218.74861375718578,3316.005171114536,13384.309191130507,-2497.597961728413,-2420.481191325672
-126.81666960299954,47.55000095099976,-14.80441951751709,5.486170958054424,115.18266070935205,201.98819606927742,217.73864085975111,3319.7901819134377,13585.796200064926,-2452.000476479945,-2365.660522167166
-126.81666960299954,47.66666761999976,-15.526890754699709,5.4933185472440895,130.599574070242,201.85674560230345,217.59694027240846,3320.324034779794,13614.440261446009,-2415.801779183693,-2347.093968177996
-126.81666960299954,47.78333428899976,-17.06328582763672,5.460719255213362,132.24649743322328,202.45836921917115,218.24547672748417,3317.886366657152,13484.10099625416,-2335.705021455173,-2365.922998570276
-126.81666960299954,47.90000095799975,-17.0804443359375,5.428119963182638,133.89342079620434,203.06540442649148,218.89984675290194,3315.44141143915,13354.537512166187,-2354.4038865910957,-2338.4547865527784
-126.70000293399954,45.10000090199982,-6.101426124572754,6.284432886198369,97.20615992839005,188.72420851764957,203.44036661365823,3377.4069914009688,17015.34529591302,-2821.5002711999764,-2809.0479391893314
-126.70000293399954,45.21666757099982,-8.050314903259277,6.243494862021795,101.27179648461085,189.34192127870358,204.1062467970106,3374.544521792727,16828.148253613785,-2807.0,-2794.0693214527846
-126.70000293399954,45.33333423999981,-4.709859848022461,6.202556837845226,105.3374330408314,189.96573952093954,204.77870854899038,3371.672652224469,16642.174634245705,-2811.4984254402943,-2769.5427703496293
-126.70000293399954,45.45000090899981,-5.637438774108887,6.161618813668651,109.40306959705246,190.5957644894431,205.45786100947686,3368.7912894789,16457.424437808753,-2777.099986176024,-2742.5481861348717
-126.70000293399954,45.56666757799981,-4.919943809509277,6.120680789492079,113.46870615327327,191.23209979547622,206.1438158690331,3365.900338787773,16273.897664302944,-2769.5002187199543,-2731.448257707683
-126.70000293399954,45.683334246999806,-6.033478736877441,6.0797427653155065,117.53434270949407,191.87485148805476,206.83668744606504,3362.999703795517,16091.59431372828,-2745.0994527360617,-2726.5246733582558
-126.70000293399954,45.8000009159998,-5.425230979919434,6.038804741138934,121.59997926571488,192.52412812819014,207.5365927668521,3360.0892865217656,15910.514386084757,-2751.5007041598897,-2720.902494740384
-126.70000293399954,45.9166675849998,-6.655520439147949,5.997866716962362,125.6656158219357,193.1800408659131,208.24365164857713,3357.1689873227388,15730.657881372374,-2758.302192047642,-2726.3886550940297
-126.70000293399954,46.0333342539998,-12.431297302246094,5.956928692785791,129.7312523781565,193.842703520204,208.9579867854894,3354.2387048514365,15552.02479959114,-2794.899825184287,-2732.3199725309655
-126.70000293399954,46.150000922999794,-12.69603443145752,5.910390228954241,133.32039511665477,194.6043666873418,209.77904220374086,3350.895294996332,15350.440120358984,-2729.7001408319775,-2739.8620414953584
-126.70000293399954,46.26666759199979,-11.502348899841309,5.85063043980093,135.78464763830743,195.59571027457164,210.8476878449665,3346.5826769286114,15093.904938240707,-2715.699252512174,-2741.403803819395
-126.70000293399954,46.38333426099979,-9.519779205322266,5.81233175655273,164.55269443485668,196.23906296958612,211.54120728883467,3343.807229275567,14930.868163604442,-2697.299859168022,-2707.492142296762
-126.70000293399954,46.500000929999786,-14.144845962524414,5.810351610171658,237.83453871891976,196.2724988952615,211.57725044954464,3343.663482821218,14922.467829345898,-2687.500223199949,-2663.8936005322735
-126.70000293399954,46.61666759899978,-14.860021591186523,5.806213931027293,276.0376707762601,196.34242122353078,211.65262511509138,3343.36303366394,14904.923877692225,-2670.4970911206906,-2630.7416363349193
-126.70000293399954,46.73333426799978,-12.817756652832031,5.797141735788014,234.0119075803301,196.49599349360494,211.81817249860393,3342.7038997382365,14866.501091257573,-2628.400281663956,-2603.3368968793843
-126.70000293399954,46.85000093699978,-14.350399017333984,5.788069540548737,191.98614438440012,196.64992668511545,211.98410894714374,3342.0442498569896,14828.138387273242,-2614.100422495934,-2580.195806816869
-126.70000293399954,46.966667605999774,-16.01784324645996,5.778997345309457,149.96038118847014,196.8042222139941,212.15043598705284,3341.3840828066623,14789.835765739219,-2599.3003378879666,-2558.1441393870446
-126.70000293399954,47.08333427499977,-15.334412574768066,5.76343708577555,130.3388104706037,197.06971141612289,212.4366272554507,3340.2505834615677,14724.280570217932,-2585.699662672034,-2533.9071748605074
-126.70000293399954,47.20000094399977,-13.366355895996094,5.745742006583783,118.08907029397008,197.37293451853188,212.76349480256798,3338.9597104787053,14649.946190270824,-2533.2003673919226,-2482.191705160142
-126.70000293399954,47.316667612999765,-15.585092544555664,5.728046927392016,105.83933011733649,197.6775616129733,213.09187582088242,3337.66684821922,14575.840384877865,-2485.3040613273006,-2433.112201594769
-126.70000293399954,47.43333428199976,-19.608078002929688,5.710351848200249,93.58958994070287,197.98360356767114,213.42178202609014,3336.371987458051,14501.963154039058,-2494.200389631983,-2381.653309807174
-126.70000293399954,47.55000095099976,-20.60477638244629,5.761745873659374,122.65892254112029,197.0986316633573,212.46780261841096,3340.1272936426203,14717.16616211025,-2383.397921504282,-2319.371082777559
-126.70000293399954,47.66666761999976,-20.382343292236328,5.7354370973316,126.48514489943757,197.55016577208485,212.9545460274289,3338.2070415017524,14606.762124568346,-2343.606777695004,-2294.87443941763
-126.70000293399954,47.78333428899976,-19.344606399536133,5.702837805300873,128.13206826241884,198.11399194891794,213.56233770938783,3335.8215306806574,14470.661047252639,-2245.3942218250813,-2279.3760869702046
-126.70000293399954,47.90000095799975,-20.1226806640625,5.670238513270149,129.7789916253999,198.68267348151517,214.17536335345707,3333.429191878706,14335.335751040806,-2241.8099185262736,-2251.907874952707
-126.58333626499956,45.10000090199982,-8.394999504089355,6.500640655176824,96.64239216978544,185.55923746828344,200.0286004408811,3392.372388781254,18024.290058624283,-2828.1018183996057,-2788.599380533982
-126.58333626499956,45.21666757099982,-6.024760246276856,6.458852107790484,100.08456683117183,186.1585505379063,200.674646179041,3389.4995127622806,17826.621250862998,-2840.794089760882,-2766.6713611382547
-126.58333626499956,45.33333423999981,-9.883783340454102,6.417063560404149,103.52674149255802,186.76370829613293,201.32699235741276,3386.6173279095715,17630.227229467368,-2762.4001276800077,-2737.6396025070076
-126.58333626499956,45.45000090899981,-6.140202522277832,6.3752750130178075,106.96891615394463,187.37480636353467,201.98574205277833,3383.725743143585,17435.107994437363,-2770.200379680018,-2710.64501829225
-126.58333626499956,45.56666757799981,-5.199861526489258,6.333486465631468,110.41109081533104,187.99194256524052,202.65100071838222,3380.824665889787,17241.263545773,-2738.701812479637,-2706.326504304686
-126.58333626499956,45.683334246999806,-8.316656112670898,6.291697918245129,113.85326547671743,188.61521699671957,203.32287625484346,3377.914002044066,17048.693883474283,-2726.2016886397478,-2701.4029199552588
-126.58333626499956,45.8000009159998,-11.104680061340332,6.249909370858791,117.29544013810383,189.2447320919779,204.0014790836703,3374.993655937117,16857.399007541215,-2725.400562879916,-2704.2247645264742
-126.58333626499956,45.9166675849998,-13.486814498901367,6.208120823472452,120.73761479949022,189.88059269427652,204.6869222234926,3372.0635302977503,16667.37891797378,-2715.301346159784,-2710.426761712818
-126.58333626499956,46.0333342539998,-14.385581970214844,6.166332276086113,124.1797894608766,190.52290612948016,205.37932136912994,3369.123526215088,16478.633614771992,-2732.601326959818,-2716.3580791497534
-126.58333626499956,46.150000922999794,-13.56199550628662,6.124543728699774,127.62196412226302,191.17178228215457,206.078794973623,3366.1735430996046,16291.163097935843,-2714.201206559803,-2723.9001481141463
-126.58333626499956,46.26666759199979,-16.66739845275879,6.082755181313436,131.0641387836494,191.82733367453392,206.78546433335848,3363.213478642969,16104.967367465339,-2701.099696560077,-2727.7851322121687
-126.58333626499956,46.38333426099979,-13.685626983642578,6.07257622517222,172.1787108475382,191.98803848766624,206.95870043463566,3362.490920290525,16059.806433842316,-2688.9995547201024,-2705.265968708805
-126.58333626499956,46.500000929999786,-17.81510353088379,6.070596078791147,245.46055513160127,192.0193478861683,206.99245124784474,3362.350288254092,16051.029914419574,-2688.2985345602006,-2661.6674269443165
-126.58333626499956,46.61666759899978,-19.884323120117188,6.068615932410076,318.7423994156644,192.05067260747296,207.02621857868343,3362.2096332796536,16042.256257312016,-2661.6008119998196,-2628.515462746962
-126.58333626499956,46.73333426799978,-17.173755645751953,6.0598892804751054,282.33472663300506,192.18890586194527,207.17523085532213,3361.5894827922402,16003.624203440238,-2617.9030610393866,-2601.1189784107282
-126.58333626499956,46.85000093699978,-18.71468734741211,6.050817085235827,240.30896343707508,192.33292956910358,207.33048510709773,3360.9443030425305,15963.521400628353,-2604.200281439958,-2571.4549645352336
-126.58333626499956,46.966667605999774,-18.85929679870605,6.041744889996549,198.28320024114512,192.47727755042624,207.48608891898215,3360.2986394413147,15923.478680266786,-2573.8998865600797,-2545.132739382285
-126.58333626499956,47.08333427499977,-21.87874984741211,6.032672694757268,156.2574370452151,192.62195102459947,207.64204360469125,3359.652490898366,15883.49604235552,-2568.899432880189,-2520.8957748557473
-126.58333626499956,47.20000094399977,-21.39608764648437,6.02046577898266,125.0563018198495,192.81712938447265,207.8524413983794,3358.782311139078,15829.792991503971,-2540.401015999805,-2469.1803051553825
-126.58333626499956,47.316667612999765,-20.35916328430176,6.002770699790894,112.8065616432159,193.10111521514537,208.15857160795312,3357.519335481355,15752.13846710784,-2498.3972942404484,-2401.8537531408906
-126.58333626499956,47.43333428199976,-21.411922454833984,5.985075620599127,100.55682146658228,193.38635953738665,208.4660584425624,3356.254496936158,15674.71251726586,-2424.800670399948,-2271.10978822641
-126.58333626499956,47.55000095099976,-20.44349479675293,6.010154939449809,120.72379236565249,192.98245411795537,208.03065766779292,3358.046607173877,15784.516274610422,-2369.301372879843,-2208.8275611967942
-126.58333626499956,47.66666761999976,-20.803977966308597,5.9775556474190825,122.37071572863364,193.5079646911339,208.59714600814164,3355.7164055975772,15641.877604066996,-2312.9003340799745,-2170.0420802341287
-126.58333626499956,47.78333428899976,-23.052106857299805,5.920157912838215,114.04320287702674,194.44376128969708,209.6059132700783,3351.598111976936,15392.618445223441,-2225.1989673605776,-2154.5437277867027
-126.58333626499956,47.90000095799975,-22.65719413757324,5.9792150104759765,115.72641620919904,193.48111147976587,208.56819886241837,3355.8351703355656,15649.11943164795,-2112.1020354398,-2065.148573065559
-126.46666959599956,45.10000090199982,-9.83540153503418,6.729067578209296,105.0356720875949,182.3825208212691,196.60417278333514,3407.9156229136265,19127.327922319244,-2792.0008436478756,-2760.4305586050386
-126.46666959599956,45.21666757099982,-11.759331703186035,6.687279030822958,108.4778467489813,182.9514839990109,197.21750203440806,3405.09208441783,18922.69080517082,-2785.999565920088,-2736.5080992441744
-126.46666959599956,45.33333423999981,-8.909208297729492,6.645490483436621,111.92002141036747,183.52580545455828,197.83660738601282,3402.2597099621516,18719.328474388043,-2778.005061887252,-2705.9482529939837
-126.46666959599956,45.45000090899981,-8.853079795837402,6.60370193605028,115.36219607175408,184.1055698231142,198.4615800729563,3399.418416070162,18517.24092997089,-2733.9996412320656,-2676.9164935605486
-126.46666959599956,45.56666757799981,-4.5934648513793945,6.561913388663942,118.8043707331405,184.69086362334934,199.0925133603803,3396.5681179427097,18316.42817191939,-2691.5007499199296,-2673.7687077376477
-126.46666959599956,45.683334246999806,-8.974347114562988,6.520124841277602,122.24654539452688,185.28177531163763,199.72950260222643,3393.7087294283897,18116.890200233524,-2683.500500495912,-2675.8675889982196
-126.46666959599956,45.8000009159998,-11.90628719329834,6.478336293891264,125.68872005591328,185.87839533821224,200.37264530177066,3390.84016299316,17918.62701491331,-2697.0009663998876,-2678.689433569435
-126.46666959599956,45.9166675849998,-11.429028511047363,6.4365477465049254,129.1308947172997,186.4808162053239,201.02204117431685,3387.9623296890773,17721.638615958735,-2698.501223631772,-2689.187618023171
-126.46666959599956,46.0333342539998,-14.173762321472168,6.394759199118587,132.57306937868606,187.089132527486,201.67779221213965,3385.0751391221124,17525.925003369804,-2718.001406079792,-2695.8347736084615
-126.46666959599956,46.150000922999794,-17.906116485595703,6.352960716277193,135.83828685857654,187.70358786942737,202.34016097242818,3382.177809596204,17331.440099834843,-2712.0003621279293,-2699.7197562776255
-126.46666959599956,46.26666759199979,-19.83005142211914,6.31070807388625,131.01461526451868,188.33091379717501,203.01640392890772,3379.239295670448,17136.138283741784,-2680.0001997439863,-2700.9113457687467
-126.46666959599956,46.38333426099979,-18.402070999145508,6.295842668523065,131.19069858531049,188.55312112477958,203.2559383296462,3378.2031239377798,17067.736740980403,-2686.00011715202,-2686.357071005284
-126.46666959599956,46.500000929999786,-22.314876556396484,6.330840547410668,253.08657154428374,188.03122323746547,202.69334438176827,3380.6406571682955,17229.03284340974,-2714.498734528187,-2662.6675036518373
-126.46666959599956,46.61666759899978,-22.22317886352539,6.328860401029596,326.3684158283468,188.06063613362602,202.72505080896735,3380.5029239736377,17219.883001137983,-2662.9983127042487,-2629.5237950610854
-126.46666959599956,46.73333426799978,-19.072982788085938,6.322636825162229,330.65754568568605,188.15317045060903,202.82480067952838,3380.0698898851006,17191.14379435759,-2623.4996082561174,-2603.975439869473
-126.46666959599956,46.85000093699978,-22.250356674194336,6.313564629922951,288.631782489756,188.28830405880367,202.97047160859935,3379.4382679674345,17149.300892718158,-2587.5018279037304,-2574.311425993978
-126.46666959599956,46.966667605999774,-24.56853675842285,6.304492434683671,246.606019293826,188.42372924904217,203.11645685642338,3378.806192086031,17107.51807352903,-2563.0008436478756,-2537.311057953962
-126.46666959599956,47.08333427499977,-21.076435089111328,6.295420239444392,204.58025609789598,188.559447071428,203.26275755498799,3378.173661260652,17065.795336790223,-2539.0004770399505,-2508.803532340842
-126.46666959599956,47.20000094399977,-23.359582901000977,6.286348044205113,162.554492901966,188.695458581367,203.40937484199637,3377.5406745075275,17024.13268250173,-2515.5007030398965,-2441.4769708627564
-126.46666959599956,47.316667612999765,-24.35371208190918,6.277275848965834,120.52872970603599,188.83176483960165,203.55630986090466,3376.9072308393374,16982.530110663552,-2468.5000540960145,-2353.7097277045045
-126.46666959599956,47.43333428199976,-26.21883773803711,6.25979939299804,107.52405299246256,189.0951766255521,203.8402617223274,3375.6856888417556,16902.557280811197,-2401.4999664640536,-2208.9975891908125
-126.46666959599956,47.55000095099976,-27.068946838378903,6.252273489537319,116.60936319484804,189.20894996350108,203.96290677017262,3375.159129797731,16868.187182609476,-2344.4986652162934,-2062.9292294917454
-126.46666959599956,47.66666761999976,-25.360435485839844,6.271566516323,112.54459796374456,188.9176969671212,203.64894272270755,3376.508356063744,16956.379497562295,-2253.499401792138,-2024.1437485290799
-126.46666959599956,47.78333428899976,-26.780696868896484,6.2931210182602655,109.99355565175371,188.59388946354102,203.29988566342493,3378.0132827792995,17055.23083492123,-2261.4971509444686,-1958.648092274395
-126.46666959599956,47.90000095799975,-21.98491668701172,6.231952113407711,102.47228217959415,189.51718860219236,204.29518095032364,3373.7357345859473,16775.5879074895,-2111.510380254598,-1861.2211269426498
-126.35000292699957,45.10000090199982,-8.919659614562988,6.957494501241769,113.42895200540437,179.3635632632061,193.34980580398718,3423.197203419788,20268.45635320545,-2762.2006379678946,-2738.5718632765347
-126.35000292699957,45.21666757099982,-12.297160148620604,6.915705953855431,116.87112666679076,179.90465437771712,193.93308961040583,3420.4205448311604,20056.850926669882,-2760.2002044479827,-2700.527709235292
-126.35000292699957,45.33333423999981,-12.98486614227295,6.8739174064690935,120.31330132817693,180.45067219924582,194.52168429394905,3417.635484434023,19846.52028649996,-2749.3004985919133,-2669.9129376499727
-126.35000292699957,45.45000090899981,-11.881815910339355,6.832128859082753,123.75547598956355,181.0016919483821,195.11567094068687,3414.8419454953064,19637.464432695662,-2689.6981918883566,-2639.3530913997784
-126.35000292699957,45.56666757799981,-9.212624549865724,6.790340311696415,127.19765065094995,181.5577904634452,195.71513238056446,3412.039850106787,19429.683365257017,-2683.0999984641253,-2635.449306924648
-126.35000292699957,45.683334246999806,-8.632976531982422,6.748551764310076,130.63982531233634,182.11904624549268,196.32015323592069,3409.2291191597333,19223.17708418401,-2670.20160716778,-2638.7189141991703
-126.35000292699957,45.8000009159998,-8.864480018615723,6.706763216923736,134.08199997372273,182.68553950486915,196.93081997166664,3406.409672318846,19017.945589476647,-2652.5007024798974,-2643.50860475892
-126.35000292699957,45.9166675849998,-10.781194686889648,6.664974669537397,137.52417463510915,183.25735220935766,197.5472209471918,3403.5814279954693,18813.988881134923,-2643.599157024123,-2654.0067892126563
-126.35000292699957,46.0333342539998,-12.805044174194336,6.62311817482043,139.7561613330692,183.8355111215635,198.17046298902616,3400.7396829359204,18610.978440537398,-2695.8008417119945,-2668.695350349194
-126.35000292699957,46.150000922999794,-16.386587142944336,6.5808655324294865,134.93248973901134,184.42472754099887,198.80562476994575,3397.861920187404,18407.34377191023,-2704.201123967836,-2669.7441504411877
-126.35000292699957,46.26666759199979,-21.890336990356445,6.540608056947778,130.47305151213402,184.99142443584745,199.41651102005838,3395.1114383003396,18214.537120432717,-2681.7993926721547,-2670.935739932309
-126.35000292699957,46.38333426099979,-24.539331436157227,6.531072120286472,131.6220711429575,185.1264270066837,199.5620406938636,3394.4586825198203,18169.039609739884,-2664.5007024798974,-2656.3814651688467
-126.35000292699957,46.500000929999786,-24.03644180297852,6.521536183625164,132.771090773781,185.2617255750685,199.7078894462346,3393.8054500248263,18123.60848093128,-2659.7988760321646,-2640.746680534055
-126.35000292699957,46.61666759899978,-24.824756622314453,6.580376147503074,315.23169747805684,184.43158527995536,198.81301725519398,3397.8285348935656,18404.992838559003,-2645.6994952480936,-2608.247618550272
-126.35000292699957,46.73333426799978,-23.47417259216309,6.5853843698493515,378.98036473836686,184.36144130531457,198.73740365994433,3398.170131604556,18429.05986400949,-2623.7993541921146,-2582.6992633586597
-126.35000292699957,46.85000093699978,-24.588912963867188,6.576312174610074,336.95460154243693,184.48856320183688,198.87443814765666,3397.551247221981,18385.476863542506,-2612.5007024798974,-2506.7205846265206
-126.35000292699957,46.966667605999774,-27.92972755432129,6.567239979370795,294.9288383465069,184.6159484228476,199.01175649312557,3396.9319358083544,18341.953945525835,-2568.8973567364515,-2469.7202165865046
-126.35000292699957,47.08333427499977,-28.00330352783203,6.558167784131516,252.90307515057685,184.74359787870216,199.1493596776935,3396.3121964784987,18298.491109959476,-2530.7004459679997,-2428.9799131264353
-126.35000292699957,47.20000094399977,-28.487306594848636,6.549095588892237,210.87731195464687,184.87151248416853,199.28724868745923,3395.692028344173,18255.08835684343,-2495.4997962401194,-2341.212669968183
-126.35000292699957,47.316667612999765,-28.053407669067383,6.534072472314375,163.59765024478298,185.08391843100523,199.516217424617,3394.664114547192,18183.34762181162,-2453.599632384077,-2241.2128667385887
-126.35000292699957,47.43333428199976,-26.698793411254883,6.551590379579848,112.65716834369232,184.83631037169212,199.2493016179019,3395.862613071073,18267.017823158174,-2394.692485969197,-2078.89191193681
-126.35000292699957,47.55000095099976,-30.464365005493164,6.706543176625116,104.18627024119267,182.68853641772643,196.93405057496437,3406.3948031275204,19016.86830367697,-2329.1003515040466,-1918.85540429904
-126.35000292699957,47.66666761999976,-25.498607635498047,6.578423541291059,102.71957811006146,184.45895472021428,198.84252088381706,3397.6953179159145,18395.614545343524,-2322.8996828960967,-1858.20254089418
-126.35000292699957,47.78333428899976,-18.39033889770508,6.521167628564282,106.19458000293722,185.26696069443182,199.71353278479143,3393.780193615368,18121.853942539667,-2062.324997389,-1784.6750870854437
-126.35000292699957,47.90000095799975,-15.016363143920898,6.494070010617915,108.40969803084926,185.6530873607886,200.12976847166988,3391.921283690828,17993.125035524543,-1935.7984034722067,-1687.2481217536986
-126.23333625799955,45.10000090199982,-15.152447700500488,7.18592142427427,121.82223192321484,176.4897252280732,190.251874340674,3438.2299155716564,21447.675351283044,-2758.0027551995486,-2714.5189284172247
-126.23333625799955,45.21666757099982,-17.08418846130371,7.144132876887931,125.26440658460123,177.0051478618491,190.8074881138087,3435.497876758024,21229.101615360323,-2719.399719232043,-2654.2159464105234
-126.23333625799955,45.33333423999981,-14.790557861328123,7.1023443295015944,128.70658124598742,177.52511277140286,191.36799835601198,3432.7578358630635,21011.802665803258,-2716.2019653757,-2623.4638394641806
-126.23333625799955,45.45000090899981,-17.54546546936035,7.060555782115253,132.14875590737404,178.04968706746425,191.93347741111074,3430.009722158386,20795.778502611814,-2673.096334848582,-2592.8490679076967
-126.23333625799955,45.56666757799981,-14.57358169555664,7.018767234728916,135.59093056876043,178.57893925717408,192.50399912823102,3427.2534638675083,20581.02912578603,-2622.300140383979,-2588.9452834325666
-126.23333625799955,45.683334246999806,-9.486042976379396,6.9769786873425765,139.03310523014682,179.11293928166586,193.07963890230988,3424.488988143972,20367.55453532588,-2620.801763503718,-2587.154930122565
-126.23333625799955,45.8000009159998,-16.92012596130371,6.935190139956237,142.4752798915332,179.65175855488988,193.6604737159472,3421.716221048886,20155.354731231368,-2633.900421151936,-2591.1317638834835
-126.23333625799955,45.9166675849998,-14.253143310546877,6.893275633363693,143.67403580756178,180.19711633095508,194.24835688562513,3418.9266919004217,19943.79586949685,-2650.9004618719737,-2611.921457718083
-126.23333625799955,46.0333342539998,-14.822961807250977,6.8510229909727505,138.8503642135039,180.75193136677112,194.84643476432308,3416.1060617604066,19731.82834833558,-2631.8007642237912,-2634.1895705972975
-126.23333625799955,46.150000922999794,-18.940643310546875,6.808770348581808,134.02669261944607,181.31190288039784,195.4500712077885,3413.276720222995,19521.164085800294,-2662.2024084156005,-2634.3814042934305
-126.23333625799955,46.26666759199979,-24.310731887817383,6.775837508711213,130.9044240697811,181.75198707878764,195.924471876174,3411.065362538344,19357.870489727087,-2645.6039054072535,-2635.430204535387
-126.23333625799955,46.38333426099979,-26.33525848388672,6.766301572049906,132.0534437006046,181.88001604670032,196.0624841660329,3410.424045473379,19310.73549183263,-2641.2005615359144,-2620.96582879339
-126.23333625799955,46.500000929999786,-29.581830978393555,6.756765635388598,133.2024633314281,182.00831595321856,196.200788521492,3409.782276335994,19263.666875822426,-2681.396879232424,-2625.4560785770664
-126.23333625799955,46.61666759899978,-29.478816986083984,6.747229698727292,134.35148296225162,182.136887755306,196.33938597413626,3409.1400541688245,19216.664641696465,-2636.0000306400525,-2578.952745436238
-126.23333625799955,46.73333426799978,-26.999876022338867,6.8100848,364.50682370981144,181.29440403889149,195.4312078581455,3413.3648712316453,19527.69806886473,-2617.899972512042,-2518.3993736101424
-126.23333625799955,46.85000093699978,-32.873291015625,6.807937423280928,357.80043417788903,181.32299395270024,195.46202712925222,3413.220857378933,19517.024365147772,-2598.1996347360755,-2442.4164413695707
-126.23333625799955,46.966667605999774,-32.23524475097656,6.78068590188553,299.72466305180683,181.68699640640847,195.85441342252287,3411.3912568052083,19381.86097451065,-2575.100055328012,-2276.5357886833517
-126.23333625799955,47.08333427499977,-30.41856384277344,6.753434380490132,241.64889192572466,182.05319988258228,196.24917236751017,3409.5579759476805,19247.23971502894,-2545.3006163039263,-2235.7954852232824
-126.23333625799955,47.20000094399977,-28.267322540283203,6.726182859094735,183.57312079964248,182.4216266526427,196.64632797229507,3407.7209925076677,19113.160586702634,-2494.900896511884,-2135.795691335976
-126.23333625799955,47.316667612999765,-28.750057220458984,6.719405260870468,128.76045505073415,182.51360420348212,196.745477661728,3407.263547408708,19079.898576832013,-2472.201036335863,-1964.985799492405
-126.23333625799955,47.43333428199976,-24.73423767089844,6.890069140805776,118.63126597900464,180.23904141851554,194.29355116806826,3418.712941973012,19927.66425925568,-2256.1042834874397,-1802.6648446906268
-126.23333625799955,47.55000095099976,-24.71793365478516,6.991090391011647,114.58075365656023,178.93207582751432,192.8846722485424,3425.4234559913243,20439.500872182813,-2321.1019472478188,-1741.8032017342853
-126.23333625799955,47.66666761999976,-9.26284408569336,6.874262792819759,118.70261457583412,180.44613891444848,194.51679751695113,3417.65853786712,19848.25346483233,-1935.7241669721973,-1702.8764556383844
-126.23333625799955,47.78333428899976,-10.232356071472168,6.788035043254017,72.81408974445995,181.58861705121296,195.74836273487975,3411.885021698798,19418.258208182266,-1801.6951616966462,-1664.1049166203004
-126.23333625799955,47.90000095799975,-14.405386924743652,6.756981715811408,79.56523384287539,182.00540572273812,196.19765135980765,3409.796823574856,19264.732696350533,-1800.608098045908,-1566.6779512885555
-126.11666958899956,45.10000090199982,-19.78302383422852,7.414521061509188,130.04584508387853,173.74771724572867,187.29605264950192,3453.0366362500845,22665.919738620618,-2743.3007775678698,-2671.857360568235
-126.11666958899956,45.21666757099982,-18.129377365112305,7.3725597999204044,133.65768650241068,174.24146224257456,187.82829842740693,3450.3360329326933,22439.442871241874,-2694.602090815698,-2611.554378561533
-126.11666958899956,45.33333423999981,-17.051937103271484,7.330771252534068,137.09986116379687,174.7373821253683,188.36288868246226,3447.638896645459,22215.175612297666,-2638.5039419993655,-2580.8022716151904
-126.11666958899956,45.45000090899981,-18.256839752197266,7.288982705147727,140.5420358251835,175.2375606644723,188.90206967130763,3444.9340619220984,21992.183139719076,-2611.3984415042632,-2550.050164668844
-126.11666958899956,45.56666757799981,-16.412412643432617,7.247194157761388,143.98421048656988,175.74205916214305,189.44590747636894,3442.2214624629232,21770.46545350614,-2597.9985520801883,-2532.6202746265167
-126.11666958899956,45.683334246999806,-14.058101654052734,7.20540561037505,147.4263851479563,176.25094016319542,189.99446951952166,3439.5010310111124,21550.022553658848,-2574.8014382077263,-2530.0170638569925
-126.11666958899956,45.8000009159998,-18.314023971557617,7.16343309190693,147.59191028205447,176.76653730040638,190.55027140335545,3436.7606704802456,21329.892386712956,-2591.2012813117744,-2542.9694600846865
-126.11666958899956,45.9166675849998,-17.333913803100586,7.121180449515986,142.7682386879966,177.2901728975716,191.11473856258206,3433.993899908189,21109.592013017576,-2612.3012624478047,-2571.3387076724553
-126.11666958899956,46.0333342539998,-20.34415626525879,7.078927807125043,137.94456709393873,177.81848973403117,191.6842519903597,3431.2189089429066,20890.594897948184,-2631.001402719783,-2597.381284449476
-126.11666958899956,46.150000922999794,-23.934925079345703,7.036675164734102,133.12089549988087,178.35155797761195,192.2588873259957,3428.4356238748746,20672.90104150478,-2630.1004208159347,-2597.5731181456085
-126.11666958899956,46.26666759199979,-26.455183029174805,7.0110669604746185,131.33579662742815,178.67697921688136,192.609683955325,3426.744680404555,20541.596872354465,-2613.1003856958964,-2597.571933630536
-126.11666958899956,46.38333426099979,-30.0412540435791,7.001531023813312,132.48481625825164,178.79861494147553,192.74080447557583,3426.114221042486,20492.824387258406,-2603.1004208159347,-2589.846607110498
-126.11666958899956,46.500000929999786,-31.71214485168457,6.991995087152006,133.63383588907516,178.92049941812715,192.8721931448371,3425.483332197896,20444.11828404659,-2623.8000829279704,-2594.336856894174
-126.11666958899956,46.61666759899978,-33.53343200683594,7.075227142856602,120.4646015910717,177.86498721696728,191.7343752101068,3430.9754696016075,20871.476279900402,-2646.591393377498,-2547.8335237533456
-126.11666958899956,46.73333426799978,-36.8031120300293,6.963774793928307,113.78497173668953,179.28266534529976,193.26259970464034,3423.6137787280013,20300.3681739012,-2613.0004770399446,-2473.275875256665
-126.11666958899956,46.85000093699978,-38.42367172241211,7.071554779403236,226.88339684482,177.91116518764852,191.78415400297425,3430.7338290171347,20852.513754306776,-2585.20084163187,-2363.8424771160458
-126.11666958899956,46.966667605999774,-39.77428436279297,7.0233802845232125,185.94430615448115,178.52028311015414,192.44076914757505,3427.5581301751895,20604.672776675718,-2565.600195375989,-2197.9575515887277
-126.11666958899956,47.08333427499977,-31.656444549560547,6.9652486790711325,105.3319928199027,179.26369573996018,193.24215090533096,3423.7115151313283,20307.86154387529,-2532.494163120923,-2045.1679132001184
-126.11666958899956,47.20000094399977,-25.05021858215332,6.931738426867519,39.630737707359756,179.69648248348867,193.70868508481186,3421.4868188375085,20137.884130756804,-2428.609107054692,-1874.3580213565483
-126.11666958899956,47.316667612999765,-14.818138122558594,7.121355854809847,86.64242519982332,177.28798947723686,191.11238488555853,3434.005402668639,21110.50386195459,-2023.487742642319,-1703.5481295129778
-126.11666958899956,47.43333428199976,-6.165018081665039,7.157472353029811,58.70057695948756,176.8401275176445,190.62959996905295,3436.370847071902,21298.734826800926,-1838.025105037314,-1628.633594789269
-126.11666958899956,47.55000095099976,-3.439063310623169,7.105535956548834,59.867575905386914,177.48523839780447,191.32501469616744,3432.9673920760747,21028.35404888005,-1542.9142126223628,-1583.7038608272974
-126.11666958899956,47.66666761999976,5.915633201599121,7.0556528295898895,63.96330656274561,178.1115394275979,192.00015283616804,3429.686759949157,20770.516450870433,-1340.4767952833133,-1544.7771147313968
-126.11666958899956,47.78333428899976,-11.177026748657228,7.005769702630942,68.05903722010456,178.74451777574288,192.68248897214437,3426.394510223528,20514.495331100097,-1583.1056659356345,-1511.7998030599172
-126.11666958899956,47.90000095799975,-16.856338500976562,6.955886575672,72.15476787746299,179.38429294242027,193.37215192254953,3423.09051859491,20260.29068956909,-1817.5030237594333,-1411.1544447405577
-126.00000291999956,45.10000090199982,-25.552467346191406,7.651981151440941,129.56534326942793,171.030558212357,184.36701755517774,3468.177510093844,23971.77767283271,-2725.398777440239,-2675.1167137885027
-126.00000291999956,45.21666757099982,-21.51640510559082,7.601755030577253,141.29621515325508,171.59464235454752,184.97508731787306,3464.9948141030154,23692.1380338909,-2691.898024160329,-2614.8137317818005
-126.00000291999956,45.33333423999981,-20.867799758911133,7.559198175566541,145.49314108160632,172.07698710943782,185.495043896522,3462.289860960252,23456.63912598331,-2611.5995353601447,-2584.061624835458
-126.00000291999956,45.45000090899981,-19.294187545776367,7.5174096281802,148.93531574299294,172.55460387239353,186.00990380834642,3459.626322821584,23226.67834401758,-2538.1019317596442,-2501.1945973854795
-126.00000291999956,45.56666757799981,-23.020301818847656,7.475621080793861,152.37749040437936,173.03621985924082,186.5290747917661,3456.955371162756,22997.992348417494,-2550.099220640133,-2432.6722143872394
-126.00000291999956,45.683334246999806,-22.65360450744629,7.433590550450165,151.50978475654713,173.52471546883623,187.05566185065933,3454.2614119989057,22769.26799218583,-2490.7010670399086,-2412.9835830830116
-126.00000291999956,45.8000009159998,-21.41737174987793,7.391337908059223,146.68611316248928,174.019986385822,187.58955253546375,3451.545528988106,22540.634765956354,-2500.404201919253,-2425.935979310705
-126.00000291999956,45.9166675849998,-24.473731994628903,7.34908526566828,141.86244156843142,174.51952243381774,188.12804093363602,3448.821872136369,22313.304798352852,-2557.409133838257,-2469.178521206416
-126.00000291999956,46.0333342539998,-26.720333099365234,7.306832623277338,137.03876997437354,175.02338518320002,188.67119341662922,3446.090374304418,22087.278089375344,-2613.8001995199834,-2531.606541668326
-126.00000291999956,46.150000922999794,-27.169116973876957,7.264579980886396,132.2150983803157,175.53163745591453,189.21907770505956,3443.350967380955,21862.554639023816,-2612.599918640028,-2531.60536366381
-126.00000291999956,46.26666759199979,-33.38184356689453,7.246296412238024,131.7671691850752,175.7529451894054,189.45764236398415,3442.1631018561266,21765.716268314984,-2570.202570239542,-2488.393478406777
-126.00000291999956,46.38333426099979,-32.692630767822266,7.3048680410373485,114.58856440898788,175.0469191277252,188.69656246885455,3445.9631784731764,22076.80044039362,-2569.4001153600157,-2376.8888369526344
-126.00000291999956,46.500000929999786,-35.493125915527344,7.276076551114318,114.424986778376,175.39290818652736,189.06953073572345,3444.0971229230095,21923.570841851608,-2602.700057120008,-2364.087232070392
-126.00000291999956,46.61666759899978,-39.77873992919922,7.243780050468384,115.13011499760682,175.78346927956304,189.49054663281635,3441.999499035099,21752.407538140767,-2603.900336879966,-2317.583898929563
-126.00000291999956,46.73333426799978,-37.34703826904297,7.211483549822452,115.83524321683763,176.17665112515053,189.9143876410285,3439.8971937681536,21582.005671116338,-2606.5999158400314,-2230.9459285358557
-126.00000291999956,46.85000093699978,-38.84120559692383,7.300413683066332,104.28628043801122,175.10031354977866,188.75412043072396,3445.674720067966,22053.054579524276,-2587.804823999173,-2105.6949139090475
-126.00000291999956,46.966667605999774,-35.517189025878906,7.331990506641702,108.90763139829603,174.72285277426136,188.3472263753366,3447.7176990346907,22221.700948161677,-2557.6013652799243,-1953.9330260779573
-126.00000291999956,47.08333427499977,-22.896636962890625,7.372780519566321,88.20372342827177,174.23885408127188,187.82548688936544,3450.3502584031185,22440.63079523927,-2277.454729610159,-1882.8999268304103
-126.00000291999956,47.20000094399977,-12.419309616088867,7.358453153622951,92.53788598241128,174.4083985357785,188.00825192122358,3449.426411744908,22363.593977133198,-2098.6992320004624,-1798.9769179590664
-126.00000291999956,47.316667612999765,-5.093138694763184,7.373047145090798,67.72477924198648,174.23570362360226,187.822090768283,3450.3674422420113,22442.06583436202,-1912.7922185611283,-1628.167026115496
-126.00000291999956,47.43333428199976,-4.389397621154785,7.312189058997538,56.16610578740203,174.9592680456491,188.6020766134802,3446.4370870412877,22115.859724601003,-1763.097792320299,-1521.3129445716588
-126.00000291999956,47.55000095099976,0.535784125328064,7.261478292470647,59.08131229910213,175.56912199405505,189.2594851771139,3443.1495590984787,21846.109452088185,-1651.9023834404097,-1463.6094824997103
-126.00000291999956,47.66666761999976,-2.3007025718688965,7.211595165511702,63.17704295646082,176.17528775449668,189.9129179587454,3439.9044673663293,21582.59326339959,-1541.7042563193604,-1424.68273640381
-126.00000291999956,47.78333428899976,-16.964418411254883,7.1617120385527535,67.27277361381977,176.78777568343494,190.57316589295775,3436.6481328240143,21320.893552950274,-1590.6050584792783,-1340.5517162425174
-126.00000291999956,47.90000095799975,-24.34971618652344,7.111828911593813,71.3685042711782,177.4066964485082,191.2403482769259,3433.380437801351,21061.010320740297,-1651.6115939182434,-1129.9766827897884
-125.88333625099956,45.10000090199982,-31.440629959106445,7.889441241372692,129.08484145497732,168.43701485430645,181.57123732255926,3483.085221162517,25318.798331891383,-2759.497746416364,-2678.532996605809
-125.88333625099956,45.21666757099982,-31.518281936645508,7.839215120509005,140.81571333880447,168.975744191047,182.1519751867309,3479.9509438040013,25030.452202550212,-2653.9970171845216,-2618.0730850020686
-125.88333625099956,45.33333423999981,-30.06754493713379,7.78898899964532,152.54658522263094,169.5196760355995,182.73832123495535,3476.8066095479453,24743.94761735747,-2613.007855470663,-2535.206066625138
-125.88333625099956,45.45000090899981,-24.975011825561523,7.7458365512126734,157.3285956608024,169.9912215548709,183.2466364853893,3474.09700621835,24499.26411550732,-2515.4999514720785,-2443.9670182068767
-125.88333625099956,45.56666757799981,-25.7144775390625,7.703748008993402,155.4276592310398,170.4549527869969,183.74652811357484,3471.4469265490998,24261.922685915477,-2510.4991770081,-2375.444635208637
-125.88333625099956,45.683334246999806,-23.231523513793945,7.66149536660246,150.60398763698194,170.92433044962806,184.25250646429083,3468.779222737978,24024.9566071519,-2486.5046215832963,-2313.03551611557
-125.88333625099956,45.8000009159998,-25.168710708618164,7.619066249059151,144.93767160104215,171.39959210260062,184.76482762159011,3466.092964217081,23788.312235256584,-2387.008000622656,-2323.775787078058
-125.88333625099956,45.9166675849998,-25.80068016052246,7.575403365672238,133.38029432071374,171.89283630898305,185.2965335588659,3463.3207733122176,23546.15869571297,-2428.005043999129,-2403.403778425266
-125.88333625099956,46.0333342539998,-27.500337600708008,7.551797577884136,120.72451137610635,172.161282318478,185.58591219776224,3461.81869564425,23415.821029927894,-2498.003274047625,-2465.6387936970837
-125.88333625099956,46.150000922999794,-31.117067337036133,7.542674468277824,109.43003325512096,172.2653681838605,185.69811437245426,3461.237547312855,23365.557419059707,-2600.0000814719715,-2422.4269084400503
-125.88333625099956,46.26666759199979,-32.28229904174805,7.534615026218015,110.63149492266507,172.35747585491887,185.7974043284977,3460.723862882414,23321.20461155826,-2619.008963070635,-2379.215023183018
-125.88333625099956,46.38333426099979,-34.60564422607422,7.537898062918133,113.28044827677135,172.31993770168796,185.7569390606061,3460.93314684606,23339.266130534907,-2516.49885448021,-2267.7103817288753
-125.88333625099956,46.500000929999786,-35.93357849121094,7.541181099618253,115.92940163087762,172.28242406435513,185.7165002202901,3461.142385239167,23357.33551769244,-2566.5017681118006,-2151.129448292021
-125.88333625099956,46.61666759899978,-36.51337432861328,7.544464136318372,118.57835498498387,172.24493491624676,185.67608777879622,3461.3515780914913,23375.412773030854,-2567.5091578705296,-2075.253955347272
-125.88333625099956,46.73333426799978,-32.29166030883789,7.547747173018491,121.22730833909014,172.20747023072977,185.63570170741457,3461.5607254327547,23393.49789655015,-2448.0157399337168,-1972.7983653288575
-125.88333625099956,46.85000093699978,-22.944690704345703,7.614675762940511,113.72015237152331,171.44899795460714,184.81808599646428,3465.814568620816,23763.899745770483,-2116.001799039569,-1861.6703740167732
-125.88333625099956,46.966667605999774,-14.905051231384276,7.693547769096227,100.03471808617275,170.56791143432247,183.86829494362064,3470.803585548739,24204.59720550842,-1861.0273025399447,-1791.6621463039044
-125.88333625099956,47.08333427499977,-4.992900848388672,7.6494800232450455,88.30765497906988,171.05851660882936,184.39715606508568,3468.0192678079907,23957.808788499133,-1783.5283630194992,-1720.6290470563574
-125.88333625099956,47.20000094399977,-2.284067392349243,7.5886219371517845,76.74898152448542,171.7430615476334,185.13507980262668,3464.160872106462,23619.321760332776,-1652.4981921914587,-1636.7089413644585
-125.88333625099956,47.316667612999765,-4.255064010620117,7.527763851058525,65.19030806990095,172.4358910870737,185.88193414956822,3460.286973646248,23283.53843801577,-1775.4977933282926,-1552.785922718014
-125.88333625099956,47.43333428199976,-0.7652759552001953,7.467303755351404,54.199318035458646,173.1325597208261,186.63292695209236,3456.422871971675,22952.62826176009,-1588.4800247392504,-1445.931841174177
-125.88333625099956,47.55000095099976,6.784679412841797,7.41742062839246,58.29504869281734,173.7137537969322,187.2594408309711,3453.222968133939,22681.617004153228,-1324.5046942551928,-1356.2888272518562
-125.88333625099956,47.66666761999976,-9.03034496307373,7.367537501433515,62.39077935017603,174.30084053210885,187.89230686112424,3450.0122861971868,22412.422224785656,-1544.500966495781,-1253.4346760305073
-125.88333625099956,47.78333428899976,-20.87792587280273,7.317654374474567,66.48651000753497,174.89392017915628,188.53163311277012,3446.790716511909,22145.04392365737,-1460.0080741424965,-1044.1634151320477
-125.88333625099956,47.90000095799975,-35.76848220825195,7.2677712475156255,70.5822406648934,175.49309539510548,189.1775302478328,3443.5581475567174,21879.48210076841,-1542.0006605439498,-833.5883816793186
-125.76666958199957,45.10000090199982,-41.40961456298828,8.126901331304444,128.60433964052672,165.95798970932887,178.89890509607883,3497.7702205842756,26706.981715796646,-2759.400839615875,-2603.226385579064
-125.76666958199957,45.21666757099982,-41.08465576171875,8.076675210440758,140.33521152435387,166.4732083586239,179.45429897862348,3494.6822172327165,26409.929096056116,-2708.4008396158747,-2546.1994190093033
-125.76666958199957,45.33333423999981,-41.81546401977539,7.9983442689933835,151.21796676579285,167.28639116301937,180.33089138375027,3489.8470452305696,25950.331531548843,-2641.7000314880634,-2472.065370999176
-125.76666958199957,45.45000090899981,-33.812618255615234,7.925860028793817,262.8747610796952,168.04959098535218,181.15360328104424,3485.3516395314123,25529.028876551507,-2525.9968553605686,-2380.826322580915
-125.76666958199957,45.56666757799981,-32.188594818115234,7.926160826239286,128.29832700596043,168.04640221790348,181.150165862899,3485.370337088707,25530.769286844738,-2408.504460319363,-2312.303939582675
-125.76666958199957,45.683334246999806,-30.06731414794922,7.89770970709894,116.36730937952989,168.34881964005723,181.476164905187,3483.600243554067,25366.443795425763,-2368.2053594072445,-2230.8493662680357
-125.76666958199957,45.8000009159998,-23.97460174560547,7.872999872196143,111.39956734469129,168.61279860129366,181.7607281685545,3482.0603262244267,25224.206350474175,-2289.005117599224,-2166.692974067802
-125.76666958199957,45.9166675849998,-24.92400550842285,7.848290037293344,106.43182530985271,168.87802326440527,182.04663426996154,3480.5179904358893,25082.414625959453,-2303.708221246622,-2223.3338952338354
-125.76666958199957,46.0333342539998,-25.832408905029297,7.823580202390546,101.4640832750141,169.14450345764394,182.33389380403815,3478.9732247578795,24941.06862188161,-2380.1038741431807,-2294.1511063128764
-125.76666958199957,46.150000922999794,-33.42132568359375,7.804871948585877,96.94495242833423,169.34710154812063,182.5522898970754,3477.8020319582947,24834.349538845287,-2543.3040808311557,-2297.8783666490567
-125.76666958199957,46.26666759199979,-28.942108154296875,7.828636587216838,95.60062076016159,169.08987083833102,182.27500109393284,3479.289529165947,24969.956047369185,-2552.3047334713274,-2254.666481392024
-125.76666958199957,46.38333426099979,-31.32201194763184,7.852401225847802,94.25628909198896,168.8338087448344,181.9989720323409,3480.7747703557407,25105.974829269064,-2532.0009858399453,-2143.1618399378817
-125.76666958199957,46.500000929999786,-28.67475891113281,7.876165864478764,92.91195742381632,168.5789064458431,181.7241932026148,3482.2577657614365,25242.40588454489,-2303.097417504184,-2054.9440920373463
-125.76666958199957,46.61666759899978,-24.72831344604492,7.899930503109726,91.56762575564368,168.32515521252145,181.45065519527012,3483.7385255396584,25379.249213196672,-2254.5221943967767,-2009.6845290303265
-125.76666958199957,46.73333426799978,-12.261255264282228,7.730794649196405,87.28790836015642,170.15651819192132,183.4248224674934,3473.15073063044,24414.29285643597,-1740.8708869806273,-1915.8552294582414
-125.76666958199957,46.85000093699978,-11.453877449035645,7.920213825992245,91.98874091375949,168.10948034242392,181.21816263384073,3485.0006059308034,25496.37227304513,-1903.2072418070652,-1821.6918543458432
-125.76666958199957,46.966667605999774,-7.949580192565918,7.869602588280219,93.6794570230708,168.64918949485232,181.79995671684264,3481.8484185781053,25204.68538757535,-1809.6948223687702,-1747.6665584584389
-125.76666958199957,47.08333427499977,-2.3396074771881104,7.81000884080156,85.08451010707452,169.29139988915534,182.49224478675333,3478.123756483908,24863.626904090463,-1778.595027344929,-1676.633459210892
-125.76666958199957,47.20000094399977,-8.02365779876709,7.743338643119513,74.21451035239987,170.01863790772936,183.27619068471827,3473.9399282204936,24485.1420698402,-1731.9010661758198,-1592.7133535189932
-125.76666958199957,47.316667612999765,-9.950202941894531,7.682480557026252,62.65583689781541,170.69072540531906,184.00068558645907,3470.105081027677,24142.48524081653,-1735.0,-1474.3224893934253
-125.76666958199957,47.43333428199976,-4.636081695556641,7.6232460912732165,53.413054429173854,171.3525962773971,184.71416720031291,3466.3579286066674,23811.56655336102,-1653.5035150395488,-1373.2003796881802
-125.76666958199957,47.55000095099976,-3.708342075347901,7.573362964314272,57.508785086532555,171.91599027362085,185.32149300149106,3463.1910314825914,23534.876705075178,-1387.9930780013883,-1267.9586094363249
-125.76666958199957,47.66666761999976,-11.193800926208496,7.523479837355327,61.60451574389124,172.48497825193812,185.9348489870153,3460.0136874420214,23260.003335028632,-1233.8017323520376,-1053.8758229209805
-125.76666958199957,47.78333428899976,-19.954877853393555,7.4735967103963805,65.70024640125018,173.0596534011664,186.5543356122928,3456.825792411323,22986.946443221375,-1342.6074985425298,-823.2179575797771
-125.76666958199957,47.90000095799975,-30.22663116455078,7.423713583437438,69.79597705860863,173.64011109808126,187.18005569129915,3453.6272405773057,22715.70602965344,-1348.3264061099474,-612.6429241270482
-125.65000291299955,45.10000090199982,-50.8401985168457,8.297529475176422,127.01387196296162,164.24276854300592,177.0499360335454,3508.190141148539,27729.88331786885,-2727.7007757758715,-2513.4619046410107
-125.65000291299955,45.21666757099982,-46.762577056884766,8.179488074441611,144.6561487385711,165.42364927365972,178.32289836656133,3500.9931513847123,27019.969183375375,-2687.2001252160035,-2457.5190209405855
-125.65000291299955,45.33333423999981,-44.40666961669922,8.096049385593714,145.58898972144206,166.2739004732156,179.23944965115805,3495.8745150545974,26524.29571369991,-2626.9995648000922,-2390.2280787249983
-125.65000291299955,45.45000090899981,-43.49087905883789,8.165027009323449,108.17201767620452,165.57007523723402,178.48074219563497,3500.107898500018,26933.69811298822,-2542.3992393921035,-2316.09403610319
-125.65000291299955,45.56666757799981,-39.1709213256836,8.151823535823368,104.76569157401502,165.7041075554707,178.6252259593997,3499.2989458307075,26855.062840109385,-2394.901380271816,-2228.5261816535203
-125.65000291299955,45.683334246999806,-32.767860412597656,8.138620062323287,101.35936547182553,165.83846590720637,178.77006117979568,3498.4893377671106,26776.554829380657,-2328.897101872386,-2100.479564880674
-125.65000291299955,45.8000009159998,-25.8291015625,8.125416588823207,97.95303936963603,165.97315161638178,178.91524928400068,3497.679072713687,26698.174080802022,-2207.10953068623,-2036.3231726804406
-125.65000291299955,45.9166675849998,-21.127376556396484,8.104485936503298,93.49813329490567,166.18733461999776,179.14613364759293,3496.393259321667,26574.182687667606,-2066.2084320946615,-2035.4871057991697
-125.65000291299955,46.0333342539998,-26.445236206054688,8.079776101600501,88.53039126006708,166.4412603917509,179.41985980336207,3494.8731438962764,26428.21537597803,-2227.0072519186356,-2083.3172255752042
-125.65000291299955,46.150000922999794,-34.22633743286133,8.07722600564042,85.21906386894263,166.46753226344086,179.4481802782509,3494.7161332214087,26413.176680360768,-2474.706304654929,-2122.25360557734
-125.65000291299955,46.26666759199979,-25.921003341674805,8.100990644271382,83.87473220077,166.2231827453792,179.1847771042395,3496.178374551086,26553.50803777895,-2183.689529697481,-2125.9808843968976
-125.65000291299955,46.38333426099979,-24.453466415405277,8.110324372799516,85.72699829231226,166.1275066276627,179.0816404445746,3496.752093385281,26608.736922689437,-2332.49612152073,-2042.8394456731266
-125.65000291299955,46.500000929999786,-27.61921501159668,8.091094434958192,93.9791530846579,166.32480538348983,179.29432397644982,3495.569720452756,26495.02034172517,-2210.700395136063,-1991.7596114150292
-125.65000291299955,46.61666759899978,-22.390893936157227,8.094691776493555,97.43443770660903,166.28784328305866,179.25447968025912,3495.791013526664,26516.27275909782,-2140.195580896977,-1946.5000484080094
-125.65000291299955,46.73333426799978,-13.8386869430542,8.098289118028916,100.88972232856017,166.25090581376887,179.21466193587372,3496.0122574338843,26537.534623302727,-1867.3978734723605,-1904.442529967579
-125.65000291299955,46.85000093699978,-16.877187728881836,8.103503341768425,101.54651258226886,166.19740988271522,179.1569945496312,3496.332855709693,26568.369739668993,-1858.1014530077996,-1818.9054611560168
-125.65000291299955,46.966667605999774,-17.307144165039062,8.106703728767684,84.49683971118196,166.16460070688314,179.1216270108719,3496.529581484685,26587.305551295794,-1848.483469362548,-1739.5233470838232
-125.65000291299955,47.08333427499977,-8.953205108642578,7.971666303638193,81.72763271651661,167.5660775398923,180.6323868807763,3488.194880676721,25794.824234644624,-1720.89717099247,-1664.4731775526145
-125.65000291299955,47.20000094399977,-12.13115406036377,7.898055349087256,71.68003918031403,168.34513588153587,181.4721938980227,3483.621766871387,25368.436578494722,-1655.404620912079,-1546.0822977143148
-125.65000291299955,47.316667612999765,-1.4940416812896729,7.837197262993998,60.12136572572957,168.99749603798776,182.17542317864942,3479.824813278764,25018.906242764424,-1112.4459688254203,-1402.3042128859825
-125.65000291299955,47.43333428199976,-11.946244239807127,7.779188427195049,52.62679082288897,169.6264266907718,182.85339599189874,3476.1918778249455,24688.256993818963,-1457.8998837117138,-1285.5833327394848
-125.65000291299955,47.55000095099976,-14.311275482177734,7.7293053002361045,56.72252148024768,170.17291101229048,183.44249355172755,3473.0569866554183,24405.888554854148,-1369.997261120694,-1142.181437976474
-125.65000291299955,47.66666761999976,-12.227745056152344,7.67942217327716,60.81825213760636,170.72471141123015,184.03732172104188,3469.911963131939,24125.33659412863,-1316.0884200499,-928.0986514611295
-125.65000291299955,47.78333428899976,-19.63957405090332,7.629539046318213,64.9139827949653,171.28191463970367,184.63797401662887,3466.756708367716,23846.60111164239,-991.9995964804517,-643.9655266938848
-125.65000291299955,47.90000095799975,-13.128485679626465,7.579655919359271,69.00971345232375,171.84460944481864,185.2445461058343,3463.591121856937,23569.68210739548,-580.3983969928528,-412.0038719544808
-125.53333624399956,45.10000090199982,-57.96725082397461,8.47281882576312,129.54936236102304,162.53492641918444,175.20892140952066,3518.7837386589863,28802.860481785166,-2686.997638720333,-2305.131448613988
-125.53333624399956,45.21666757099982,-51.37889862060547,8.446585811252444,123.75682145263175,162.78712747094673,175.48078835671237,3517.205368585137,28640.856331400653,-2559.000725839739,-2249.1885649135625
-125.53333624399956,45.33333423999981,-53.46409225463867,8.43195416517622,97.19026764631259,162.9283053760551,175.63297489917343,3516.3239568336894,28550.715630925904,-2557.3017383677525,-2181.8976226979753
-125.53333624399956,45.45000090899981,-48.081539154052734,8.336378901555872,100.25855808752667,163.8596172542077,176.63690773540677,3510.547581977511,27965.752814461644,-2517.6011176958323,-2130.4067977438876
-125.53333624399956,45.56666757799981,-47.62841033935547,8.296241539816819,98.32638709481569,164.25551683745826,177.06367840246276,3508.1118929104846,27722.082645748484,-2422.1986086723,-2083.6280808047527
-125.53333624399956,45.683334246999806,-43.537715911865234,8.287142018139216,93.89405276457059,164.3456707509937,177.16086225272426,3507.5588802755174,27667.003832515104,-2282.589063617697,-1955.5814640319059
-125.53333624399956,45.8000009159998,-31.81541633605957,8.278042496461616,89.46171843432549,164.4359732743389,177.25820630095095,3507.005563945179,27611.98546422693,-2202.198161152406,-1873.5061474777021
-125.53333624399956,45.9166675849998,-23.469470977783203,8.268942974784014,85.0293841040804,164.52642481622405,177.35571098774457,3506.4519434185827,27557.027540883915,-2131.100419135937,-1872.670080596432
-125.53333624399956,46.0333342539998,-25.26192283630371,8.259843453106413,80.59704977383531,164.61702578695488,177.45337675540526,3505.8980181934626,27502.13006248608,-2112.506992478648,-1880.4457712404494
-125.53333624399956,46.150000922999794,-30.3665828704834,8.274929706653241,79.26972437354175,164.46689840075678,177.29154287767022,3506.8162141448765,27593.178502269086,-2122.226020428143,-1919.382151242585
-125.53333624399956,46.26666759199979,-25.59432601928711,8.308531366733655,80.31943680209551,164.1339900097237,176.93267527052802,3508.8583113722525,27796.56811727891,-2186.704872191378,-1998.0047284535733
-125.53333624399956,46.38333426099979,-25.970582962036133,8.342133026814071,81.36914923064927,163.80309505506696,176.57597810160237,3510.8962833964342,28000.781954527665,-2013.0043608788214,-1883.205210065666
-125.53333624399956,46.500000929999786,-29.179792404174805,8.375734686894486,82.41886165920303,163.47419332277266,176.22142958065012,3512.9301551166172,28205.820014015328,-2248.988405601831,-1832.1253758075686
-125.53333624399956,46.61666759899978,-19.254926681518555,8.4093363469749,83.46857408775679,163.1472648818064,175.86900822247344,3514.959951182521,28411.682295741903,-2174.3832028668535,-1786.8658128005488
-125.53333624399956,46.73333426799978,-22.18597412109375,8.442938007055316,84.51828651631055,162.8222900790401,175.51869284145124,3516.985695997872,28618.368799707405,-2103.187969154194,-1744.8082943601185
-125.53333624399956,46.85000093699978,-17.844985961914062,8.40339861673379,83.90916931528984,163.20489355272147,175.9311306074632,3514.601562461782,28375.244533779034,-1872.1111463343666,-1733.515869816233
-125.53333624399956,46.966667605999774,-20.809274673461918,8.2683611916043,81.13996232062448,164.53221296581407,177.36195048019684,3506.416537012149,27553.515830112246,-1746.4335818196241,-1669.678585586842
-125.53333624399956,47.08333427499977,-19.499021530151367,8.133323766474806,78.3707553259591,165.89245285409075,178.8282578698376,3498.1643959755147,26745.098753960934,-1703.6978385924072,-1585.5524967992712
-125.53333624399956,47.20000094399977,-18.246732711791992,8.052772055054986,69.1455680082285,166.7200976539873,179.7204399742924,3493.2092311009983,26269.20528629619,-1593.3985047045244,-1441.7744119709391
-125.53333624399956,47.316667612999765,-16.94468879699707,7.9919139689617245,57.58689455364402,167.3536770096874,180.40342398262334,3489.4490695320355,25912.801443859225,-1499.0024776002037,-1288.454410527138
-125.53333624399956,47.43333428199976,-23.198020935058597,7.935130763116862,51.84052721660417,167.9513948455638,181.0477500954063,3485.927745061379,25582.69958313371,-1432.5016868800076,-1137.9996715063216
-125.53333624399956,47.55000095099976,-15.514867782592772,7.885247636157917,55.93625787396287,168.48179876509175,181.61951335084473,3482.823908657774,25294.652553489916,-1226.9056950234515,-994.5637022959544
-125.53333624399956,47.66666761999976,-25.80291748046875,7.835364509198973,60.03198853132157,169.01725980850833,182.19672806980225,3479.7102389874644,25008.422002085423,-1120.9990848002344,-833.8635779556746
-125.53333624399956,47.78333428899976,-31.053544998168945,7.785481382240025,64.12771918868052,169.5578588517414,182.77948143467356,3476.5866419956824,24724.00792892021,-995.51836047701,-549.7304531884299
-125.53333624399956,47.90000095799975,-17.64765167236328,7.735598255281084,68.22344984603896,170.1036785931486,183.36786259239062,3473.45302211865,24441.41033399433,-569.1735581176955,-305.54353539789076
-125.41666957499956,45.10000090199982,-52.180702209472656,8.79612875533171,101.57513528478755,159.51990049688857,171.95879264332055,3538.0393887170826,30840.73659433628,-2307.330414635916,-1964.5733611378005
-125.41666957499956,45.21666757099982,-45.624507904052734,8.713870655999722,84.9228599935584,160.27105819150555,172.7685234032366,3533.174310249711,30315.012760464953,-2380.441195193601,-1922.2598349285881
-125.41666957499956,45.33333423999981,-51.09897994995117,8.614649636455693,89.98601359866194,161.19139336977733,173.76062360885248,3527.275318727079,29687.448750993466,-2541.3955904007935,-1870.7690018065805
-125.41666957499956,45.45000090899981,-43.098575592041016,8.520220529226258,92.42715696471525,162.08216947175978,174.7208598084445,3521.629587879196,29096.867621326728,-1917.5432743141216,-1857.9308971038652
-125.41666957499956,45.56666757799981,-45.87814331054688,8.43013414179833,94.51848511130079,162.9458921259474,175.65193301203945,3516.2142649905554,28539.51400178056,-2175.625113516755,-1843.4922304054771
-125.41666957499956,45.683334246999806,-37.30124282836914,8.421034620120729,90.0861507810557,163.03390561908208,175.74680953821965,3515.665663968606,28483.54578674423,-1921.2416804737506,-1796.2827747582733
-125.41666957499956,45.8000009159998,-24.858154296875,8.411935098443127,85.65381645081061,163.12206188511902,175.8418399703127,3515.116766465456,28427.638016653073,-1958.171325924173,-1714.2062909705678
-125.41666957499956,45.9166675849998,-21.2191104888916,8.402835576765526,81.22148212056551,163.21036131047956,175.93702472487183,3514.567571999902,28371.790691507093,-1871.306517199086,-1677.6910589442348
-125.41666957499956,46.0333342539998,-11.708633422851562,8.393736055087924,76.7891477903204,163.29880428305069,176.03236422003042,3514.0180800894386,28316.003811306287,-1604.8053955186801,-1685.4667495882527
-125.41666957499956,46.150000922999794,-17.808107376098633,8.406310474413694,75.13934905127397,163.1766248737995,175.9006576201939,3514.7773317904166,28393.11036416664,-1907.5300139955098,-1764.0893130517352
-125.41666957499956,46.26666759199979,-25.38082695007324,8.439912134494108,76.18906147982774,162.85147494146358,175.55015345351384,3516.8034404325786,28599.72264586302,-1891.3711788842172,-1894.6757521781187
-125.41666957499956,46.38333426099979,-26.850187301635746,8.473513794574524,77.23877390838149,162.5282610012988,175.2017362419741,3518.8255198194533,28807.159149798335,-1677.9218472777864,-1714.7681648242428
-125.41666957499956,46.500000929999786,-31.333759307861328,8.507115454654937,78.28848633693525,162.2069639172653,174.85538535736274,3520.8435938943976,29015.419875972533,-2107.2959264009164,-1576.8892269198718
-125.41666957499956,46.61666759899978,-29.196176528930664,8.540717114735353,79.33819876548901,161.88756481708708,174.51108045579915,3522.85768636457,29224.50482438568,-1916.2976535204098,-1531.629663912852
-125.41666957499956,46.73333426799978,-36.96896362304688,8.574318774815769,80.38791119404277,161.5700450875957,174.1688014727149,3524.8678207041785,29434.41399503774,-1975.8024877595694,-1498.2601180146748
-125.41666957499956,46.85000093699978,-33.85693359375,8.565056079570406,80.55229192473232,161.6573865874635,174.26295360557197,3524.314097212068,29376.46776085788,-1981.2901503213925,-1488.363368619753
-125.41666957499956,46.966667605999774,-33.79254150390625,8.430018654440914,77.78308493006693,162.94700826381168,175.65313618304802,3516.207304229315,28538.80329769096,-1950.293911360932,-1517.8201189453064
-125.41666957499956,47.08333427499977,-33.32295608520508,8.294981229311421,75.01387793540158,164.2679945685771,177.0771291103145,3508.035317134598,27714.45046203952,-1757.0010040000789,-1449.238843674709
-125.41666957499956,47.20000094399977,-27.92585182189941,8.207488761022711,66.61109683614295,165.14122834934196,178.0184550901324,3502.7050280243348,27187.44819324465,-1721.2035426394914,-1295.9188459304492
-125.41666957499956,47.316667612999765,-30.94306182861328,8.146630674929451,55.052423381558484,165.75691106011146,178.6821469258564,3498.980609260689,26824.17084410104,-1542.9958785608837,-1119.2559494992313
-125.41666957499956,47.43333428199976,-28.45249366760254,8.091073099038674,51.05426361031939,166.3250246801319,179.29456037319832,3495.568407811456,26494.89432130536,-1465.1993535201204,-968.7671368929668
-125.41666957499956,47.55000095099976,-4.583498954772949,8.04118997207973,55.14999426767808,166.84012163039188,179.84982306697543,3492.4947211848366,26201.168700982595,-759.652587510165,-817.7038384537454
-125.41666957499956,47.66666761999976,-38.30809020996094,7.991306845120786,59.24572492503678,167.3600340723947,180.4102767503627,3489.4114859487413,25909.259558899128,-1105.1928996014776,-657.0074751929034
-125.41666957499956,47.78333428899976,-35.676246643066406,7.941423718161839,63.341455582395724,167.88483750788154,180.97600281250465,3486.3186125562193,25619.166895054943,-779.9967691206709,-486.7602067815577
-125.41666957499956,47.90000095799975,-39.80250549316406,7.891540591202897,67.43718623975417,168.41460910635627,181.54708444035592,3483.216010051888,25330.890709450083,-848.1932992010024,-242.57328899101853
-125.30000290599958,45.10000090199982,-31.707801818847656,8.99578714682321,72.65545234080273,157.7397228931758,170.03980203166896,3549.754221466074,32137.328032696623,-1649.5536158962527,-1567.9510565626852
-125.30000290599958,45.21666757099982,-36.20761489868164,8.892920371355482,79.71346910979848,158.64940847991522,171.02042222196172,3543.7349977322056,31465.671946913302,-1959.0009306237148,-1627.4955397874971
-125.30000290599958,45.33333423999981,-30.6335391998291,8.798491264126056,82.15461247585148,159.49848247996334,171.93570451249926,3538.178780295302,30855.908711589425,-1804.4609712698107,-1630.4394014862544
-125.30000290599958,45.45000090899981,-35.23250961303711,8.704062156896622,84.59575584190479,160.3613364937243,172.86584134164474,3532.5926661660133,30252.65478135876,-1608.0213025891255,-1617.6012967835393
-125.30000290599958,45.56666757799981,-40.15624237060547,8.609633049667194,87.03689920795794,161.2383473370695,173.81123890826169,3526.976167485999,29655.91015622139,-2130.0032305275927,-1580.9070215167499
-125.30000290599958,45.683334246999806,-37.11935806274414,8.554927222102226,86.27824879754127,161.75305778420767,174.36608496054163,3523.7082517531653,29313.174618044985,-1975.0080075513406,-1566.0376288427292
-125.30000290599958,45.8000009159998,-30.41460227966309,8.545827700424624,81.84591446729615,161.839151484302,174.4588919938729,3523.163668873175,29256.377446150862,-1820.000950687996,-1540.2962419062123
-125.30000290599958,45.9166675849998,-15.687040328979492,8.53672817874702,77.41358013705106,161.9253828020276,174.55184737585313,3522.6187959824083,29199.6407192019,-1515.9938431526361,-1503.7798386323402
-125.30000290599958,46.0333342539998,-14.503341674804688,8.527628657069421,72.98124580680597,162.0117521044035,174.6449515021204,3522.073632617046,29142.96443719814,-1477.9979286406692,-1503.501954926715
-125.30000290599958,46.150000922999794,-13.441009521484377,8.53769124217413,71.00897372900671,161.91624984045706,174.54200225283063,3522.6764772724223,29205.64268754435,-1449.9780592030888,-1634.0883940530982
-125.30000290599958,46.26666759199979,-26.64673614501953,8.571292902254545,72.05868615756046,161.5985616271552,174.19954164806444,3524.6869670910146,29415.477635927287,-1597.5131265578732,-1764.6748331794818
-125.30000290599958,46.38333426099979,-33.838382720947266,8.604894562334959,73.10839858611422,161.28273606882829,173.85908894262374,3526.6935199396326,29626.136806549137,-1785.0005766555964,-1579.2457963383556
-125.30000290599958,46.500000929999786,-43.858131408691406,8.638496222415373,74.15811101466798,160.9687550346121,173.52062459185285,3528.6961588563863,29837.620199409906,-1953.9918256015933,-1376.2587723784575
-125.30000290599958,46.61666759899978,-38.73273086547852,8.67209788249579,75.20782344322174,160.65660063976136,173.18412931640674,3530.69490665557,30049.927814509603,-1905.0008369278767,-1257.1767871753227
-125.30000290599958,46.73333426799978,-25.909900665283203,8.681910242874286,76.49875562590908,160.56578732270282,173.0862346442769,3531.2778504128264,30112.08139484379,-1262.5525249198922,-1225.2029175605196
-125.30000290599958,46.85000093699978,-34.20708084106445,8.689479363852707,76.91150183750239,160.49584028705203,173.01083334473986,3531.727300245543,30160.07383941004,-1555.5036575504016,-1215.3061681655977
-125.30000290599958,46.966667605999774,-39.65298461914063,8.591676117277508,74.42620753950983,161.40675655053755,173.99278017632776,3525.9046370723227,29543.1679540318,-1760.01500428504,-1244.762918491151
-125.30000290599958,47.08333427499977,-39.0394172668457,8.456638692148015,71.65700054484446,162.69034160268052,175.37645541141748,3517.8105127125245,28702.879358880236,-1744.0057525431112,-1274.7020929994958
-125.30000290599958,47.20000094399977,-34.913719177246094,8.36220546699042,64.07662566405772,163.60638240092135,176.36392637389207,3512.111737757411,28123.165299340035,-1491.4980835525917,-1135.8699433532593
-125.30000290599958,47.316667612999765,-29.867454528808597,8.30134738089716,52.51795220947325,164.20499542665345,177.00921748079986,3508.422061519829,27753.014443489774,-1363.0205726690651,-959.2070469220416
-125.30000290599958,47.43333428199976,-28.45960235595703,8.247015434960469,50.268000004034704,164.74500479166477,177.5913351860779,3505.1166055650747,27424.841208333815,-1248.0204390368958,-802.7154700593065
-125.30000290599958,47.55000095099976,-18.97743225097656,8.197132308001525,54.36373066139339,165.2455171084266,178.13087597958008,3502.07220684449,27125.43699733208,-958.5016994401628,-651.652171620085
-125.30000290599958,47.66666761999976,-39.78422164916992,8.147249181042579,58.45946131875209,165.75061914450063,178.6753643851923,3499.0185306978624,26827.849264569624,-976.506634206924,-472.8136819810796
-125.30000290599958,47.78333428899976,-41.97818756103516,8.097366054083633,62.55519197611103,166.2603814780037,179.2248764845052,3495.955491789289,26532.078010046465,-773.0015783524644,-302.5701917326201
-125.30000290599958,47.90000095799975,-37.92780303955078,8.034352529438738,65.1500990206279,166.9110991707013,179.9263352268902,3492.0726711568286,26161.04950706401,-414.014075901321,-209.83725529199904
-125.18333623699958,45.10000090199982,-37.47042465209961,9.171191106255298,69.44092462093393,156.22401221802917,168.40590070097014,3559.9391069850544,33300.42240222154,-1652.6179587811375,-1284.4830101140465
-125.18333623699958,45.21666757099982,-38.12571716308594,9.076761999025868,71.88206798698707,157.03453938297318,169.2796303877004,3554.4682759005454,32671.477061240425,-1608.7962347526695,-1393.007206721279
-125.18333623699958,45.33333423999981,-27.730417251586918,8.982332891796444,74.32321135304008,157.85781450507324,170.1671020797503,3548.968912430232,32049.04102535262,-1430.7001151681302,-1490.6682448660179
-125.18333623699958,45.45000090899981,-35.24721908569336,8.887903784567008,76.76435471909338,158.69417529295725,171.06867981927226,3543.4405654417787,31433.114294558,-1507.0080233585022,-1493.6120899899095
-125.18333623699958,45.56666757799981,-17.22002601623535,8.793474677337581,79.20549808514653,159.5439721142812,171.9847412945604,3537.882771787765,30823.696868856707,-1074.4205734540428,-1398.171176192454
-125.18333623699958,45.683334246999806,-34.9605827331543,8.69904557010815,81.64664145119966,160.40756861244063,172.91567850485154,3532.2950558528546,30220.78874824866,-1600.3580117827173,-1339.2477357181751
-125.18333623699958,45.8000009159998,-34.06114196777344,8.679720302406135,78.03801248378126,160.5860418543293,173.10806856464168,3531.1477765309646,30098.20375272046,-1694.6990990882223,-1313.506348781658
-125.18333623699958,45.9166675849998,-29.13737297058105,8.670620780728534,73.60567815353618,160.67028455287965,173.19888026077874,3530.607124776093,30040.57762396854,-1439.7930475532999,-1286.3508955408472
-125.18333623699958,46.0333342539998,-28.736404418945312,8.661521259050932,69.17334382329106,160.75465997067988,173.28983502522198,3530.0661892488943,29983.011940161807,-1465.4247000112325,-1298.3292603218379
-125.18333623699958,46.150000922999794,-25.801239013671875,8.669072009934581,66.87859840673893,160.6846361657572,173.21435097017127,3530.515075686419,30030.775472402387,-1399.5982130242337,-1407.5592810886617
-125.18333623699958,46.26666759199979,-31.301855087280277,8.702673670014997,67.92831083529268,160.37412858153633,172.879630918799,3532.5103024071177,30243.83308747189,-1373.1775282108065,-1538.1457202150455
-125.18333623699958,46.38333426099979,-42.206729888916016,8.736275330095411,68.97802326384644,160.06541414625858,172.54684384084464,3534.5016809733506,30457.7149247803,-1642.1036545435995,-1334.498639419373
-125.18333623699958,46.500000929999786,-51.08922576904297,8.769876990175826,70.0277356924002,159.75847566735638,172.21597120311486,3536.489233565182,30672.420984327622,-1872.3975651372502,-1124.2255805169502
-125.18333623699958,46.61666759899978,-33.61700439453125,8.797120904742169,71.14191465964845,159.51090482434978,171.9490955147243,3538.0979293067276,30847.10771761786,-1323.1822300531728,-952.8479868598495
-125.18333623699958,46.73333426799978,-15.311373710632324,8.789183542077081,72.61282623988687,159.58291436745068,172.02672014996952,3537.629502233067,30796.1577777563,-933.3033862717086,-851.1560647792002
-125.18333623699958,46.85000093699978,-16.160507202148438,8.795245125543497,73.12844709564908,159.5279135194761,171.9674304978157,3537.9872484183406,30835.062938714775,-770.8008397121378,-841.2593153842784
-125.18333623699958,46.966667605999774,-29.10309410095215,8.753333580114122,71.06933014895233,159.90937260072977,172.37863463504806,3535.5111605212087,30566.60979913503,-1306.6456483758338,-865.5611502283163
-125.18333623699958,47.08333427499977,-42.75421524047852,8.618296154984629,68.30012315428695,161.1572886244525,173.72385947590607,3527.4927148090233,29710.385444483334,-1330.0908572647832,-882.8895617210728
-125.18333623699958,47.20000094399977,-36.02085876464844,8.516922172958147,61.54215449197218,162.11355128901573,174.75468868740865,3521.4318216050315,29076.356604582532,-1073.0143563176814,-971.1034105264247
-125.18333623699958,47.316667612999765,-40.31491470336914,8.456064086864885,49.98348103738771,162.6958690644412,175.38241388837105,3517.775933416068,28699.33224202561,-1484.8477949034066,-832.2712310815559
-125.18333623699958,47.43333428199976,-17.92072296142578,8.402957770882281,49.48173639774991,163.2091746200907,175.9357454998606,3514.5749488988376,28372.540244219286,-650.5917395852825,-675.7796542188208
-125.18333623699958,47.55000095099976,-11.910231590270996,8.353074643923337,53.57746705510861,163.6957778019376,176.46029256506154,3511.559016508977,28067.45744253857,-544.8021411517036,-464.4864302736241
-125.18333623699958,47.66666761999976,-31.905521392822266,8.303191516964393,57.6731977124673,164.18675947668245,176.98955954514452,3508.534065278976,27764.19111909715,-658.3093172304605,-262.07772931461085
-125.18333623699958,47.78333428899976,-43.07289123535156,8.253308390005445,61.76892836982624,164.68218570405907,177.52361765098678,3505.500013811868,27462.741273895008,-595.709750926871,-161.14517789519059
-125.18333623699958,47.90000095799975,-31.843276977539062,8.172533699742356,62.33370827052528,165.4940175004513,178.39875370048418,3500.5675280651667,26978.46208179994,-174.20064804787722,-159.16751353591619
-125.06666956799958,45.10000090199982,-40.9416618347168,9.338065148672298,62.36062666133914,154.82183452087247,166.89438531559566,3569.5386765855437,34427.80316310959,-1451.0024460797317,-1049.9946770478282
-125.06666956799958,45.21666757099982,-45.28960037231445,9.260603626696255,64.05066686417565,155.46799977446173,167.59093663307493,3565.093396970562,33901.95452873464,-1432.3157567815415,-1158.5188736550608
-125.06666956799958,45.33333423999981,-47.93882369995117,9.166174519466832,66.49181023022867,156.2667565555604,168.45197811608458,3559.649177150007,33266.8456922829,-1624.399286272133,-1256.1799117997998
-125.06666956799958,45.45000090899981,-47.65533828735352,9.071745412237396,68.93295359628196,157.07795266683456,169.32642891161012,3554.176841426087,32638.24616092434,-1620.700775215873,-1353.8409499445506
-125.06666956799958,45.56666757799981,-44.29311752319336,8.977316305007967,71.3740969623351,157.90191436742953,170.2146407195244,3548.6759496448253,32016.155934659095,-1610.2960015046306,-1274.181969398824
-125.06666956799958,45.683334246999806,-48.21504211425781,8.882887197778537,73.81524032838826,158.73898002355395,171.11697829083673,3543.146050046623,31400.57501348711,-1605.6026252476418,-1156.5118788288012
-125.06666956799958,45.8000009159998,-38.16472244262695,8.813612904387648,74.23011050026636,159.36159683995857,171.78814493333635,3539.0705369644,30953.116936361792,-1327.2062380152156,-1096.0774032581508
-125.06666956799958,45.9166675849998,-36.38147735595703,8.804513382710047,69.79777617002127,159.44392619536194,171.8768940894615,3538.5340097377557,30894.601405806916,-1538.103319327542,-1081.1789045839123
-125.06666956799958,46.0333342539998,-30.00342559814453,8.795413861032443,65.36544183977617,159.52638328167166,171.96578093657297,3537.9972051872173,30836.146320197196,-1322.4980448004862,-1093.157269364903
-125.06666956799958,46.150000922999794,-31.74278450012207,8.800452777695035,62.74822308447116,159.4807063563624,171.91654225912035,3538.29449833255,30868.508718740693,-1273.5273787963242,-1202.386583280217
-125.06666956799958,46.26666759199979,-37.95672607421875,8.83405443777545,63.79793551302492,159.17711291557904,171.5892754957327,3540.274804379829,31084.789000496745,-1592.803176703564,-1311.616607250609
-125.06666956799958,46.38333426099979,-44.15522384643555,8.867656097855864,64.84764794157867,158.8752466953369,171.2638706364584,3542.2513477982857,31301.893504491705,-1630.1195153241517,-1107.9695264549364
-125.06666956799958,46.500000929999786,-46.25948333740234,8.901257757936278,65.89736037013243,158.57509137984542,170.9403100932496,3544.224149954019,31519.822230725586,-1684.705065055457,-879.4784207287584
-125.06666956799958,46.61666759899978,-33.407413482666016,8.904394203944964,67.25598527362622,158.54716101165045,170.9102017971816,3544.4081050926684,31540.206190825764,-1108.6118922062665,-700.8147949983419
-125.06666956799958,46.73333426799978,-29.417213439941406,8.896456841279875,68.72689685386464,158.61787263143336,170.98642730087016,3543.942509459589,31488.63467999575,-815.0028319997023,-546.8272507371888
-125.06666956799958,46.85000093699978,-16.419166564941406,8.901010887234287,69.34539235379576,158.5772904150554,170.9426806027503,3544.2096694084958,31518.21810735211,-610.7054312951991,-462.0575497862957
-125.06666956799958,46.966667605999774,-26.934335708618164,8.914991042950735,67.71245275839482,158.45290414179502,170.8085950541471,3545.02937889873,31609.12883300052,-869.7512992866564,-473.7486189498935
-125.06666956799958,47.08333427499977,-42.6547737121582,8.779953617821246,64.94324576372945,159.666773085451,172.11711792388385,3537.084527983666,30736.968718848715,-1127.4199452299747,-491.0770304426501
-125.06666956799958,47.20000094399977,-36.74391555786133,8.671638878925872,59.00768331988663,160.6608524875643,173.1887127107821,3530.6676295821167,30047.022108972047,-834.3595768426082,-579.2908792480019
-125.06666956799958,47.316667612999765,-51.18296432495117,8.610780792832614,47.44900986530217,161.22760113514207,173.79965474914934,3527.0446178827847,29663.124239708497,-1135.8017794216903,-667.5047280533539
-125.06666956799958,47.43333428199976,-48.3488883972168,8.558900106804096,48.69547279146513,161.71551202296038,174.32561149138294,3523.9459278123536,29337.991428961675,-1193.729817690411,-488.61392229987587
-125.06666956799958,47.55000095099976,-33.09030532836914,8.50901697984515,52.79120344882382,162.18883856491752,174.83584664340756,3520.957677884363,29027.230036601974,-463.7106149749186,-253.75047760715532
-125.06666956799958,47.66666761999976,-29.98164939880371,8.459133852886206,56.88693410618252,162.6663457362662,175.35058841799417,3517.9606559089407,28718.28512248158,-177.10097484785624,-120.65269146749654
-125.06666956799958,47.78333428899976,-38.80362319946289,8.392790109687892,59.10119231123383,163.30800666976407,176.042284181764,3513.960940291472,28310.207926225343,-203.21078897457656,-110.47373642819343
-125.06666956799958,47.90000095799975,-41.76904296875,8.310714870045976,59.51731752042264,164.11242684340021,176.90943067198575,3508.990867937184,27809.813302689203,-132.20102345587543,-108.49607206891902
