lat,long,age,q_ihfc,q_ps,q_stein,FA,ps_z,stein_z,bathy
49.62,-129.98,0.81696123,366,523.4315972,564.2472519,2.02973175,2816.350677,2929.908563,-2408
44.68,-125.29,9.1196241,79,156.6650747,168.881356,-66.54668427,3556.955038,3702.253111,-2114
44.66,-125.27,9.1196241,81,156.6650747,168.881356,-66.54668427,3556.955038,3702.253111,-2269
44.66,-125.27,9.1196241,93,156.6650747,168.881356,-66.54668427,3556.955038,3702.253111,-2269
44.66,-125.26,9.1196241,77,156.6650747,168.881356,-66.54668427,3556.955038,3702.253111,-2280
44.66,-125.25,9.1196241,81,156.6650747,168.881356,-66.54668427,3556.955038,3702.253111,-2281
44.66,-125.36,8.9653473,70,158.0072811,170.3282236,-77.86420441,3547.976643,3692.889928,-2846
44.66,-125.35,9.1196241,30,156.6650747,168.881356,-66.54668427,3556.955038,3702.253111,-2810
44.66,-125.35,9.1196241,32,156.6650747,168.881356,-66.54668427,3556.955038,3702.253111,-2810
44.66,-125.35,9.1196241,33,156.6650747,168.881356,-66.54668427,3556.955038,3702.253111,-2810
44.65,-125.35,9.1559649,42,156.3538571,168.5458705,-66.54668427,3559.058875,3704.447112,-2839
45,-125.3,9.0883245,60,156.934615,169.1719142,-38.20376205,3555.139683,3700.359955,-2050
45.01,-125.3,9.0883245,60,156.934615,169.1719142,-38.20376205,3555.139683,3700.359955,-1966
45,-125.31,9.0883245,102,156.934615,169.1719142,-38.20376205,3555.139683,3700.359955,-2038
45,-125.32,9.0883245,84,156.934615,169.1719142,-38.20376205,3555.139683,3700.359955,-1887
44.99,-125.32,9.0883245,85,156.934615,169.1719142,-38.20376205,3555.139683,3700.359955,-1933
44.99,-125.33,9.0883245,88,156.934615,169.1719142,-38.20376205,3555.139683,3700.359955,-1979
44.94,-125.37,8.987608,72,157.8114819,170.1171566,-63.85134125,3549.276884,3694.245894,-2463
44.94,-125.36,8.987608,124,157.8114819,170.1171566,-63.85134125,3549.276884,3694.245894,-2424
44.93,-125.35,9.1318445,72,156.5602136,168.7683181,-38.20376205,3557.662967,3702.99138,-2430
47.06,-125.89,7.6291208,100,171.2866096,184.6430351,-4.992900848,3466.73021,3608.161504,-2075
47.06,-125.89,7.6291208,99,171.2866096,184.6430351,-4.992900848,3466.73021,3608.161504,-2075
47.07,-125.9,7.6291208,93,171.2866096,184.6430351,-4.992900848,3466.73021,3608.161504,-2103
47.07,-125.9,7.6291208,88,171.2866096,184.6430351,-4.992900848,3466.73021,3608.161504,-2103
47.07,-125.91,7.6291208,88,171.2866096,184.6430351,-4.992900848,3466.73021,3608.161504,-2098
47.08,-125.9,7.6291208,89,171.2866096,184.6430351,-4.992900848,3466.73021,3608.161504,-2100
47.07,-125.91,7.6291208,83,171.2866096,184.6430351,-4.992900848,3466.73021,3608.161504,-2098
47.08,-125.91,7.6291208,75,171.2866096,184.6430351,-4.992900848,3466.73021,3608.161504,-2111
47.08,-125.92,7.6291208,83,171.2866096,184.6430351,-4.992900848,3466.73021,3608.161504,-2105
47.08,-125.94,7.6291208,109,171.2866096,184.6430351,-4.992900848,3466.73021,3608.161504,-1936
47.08,-125.94,7.6291208,67,171.2866096,184.6430351,-4.992900848,3466.73021,3608.161504,-1936
46.97,-125.93,7.6286254,104,171.2921712,184.6490303,-14.90505123,3466.698822,3608.128771,-2314
46.98,-125.94,7.6286254,90,171.2921712,184.6490303,-14.90505123,3466.698822,3608.128771,-2330
46.97,-125.99,7.3567901,100,174.4281105,188.029501,-35.51718903,3449.319118,3590.004223,-2523
46.97,-125.98,7.3567901,111,174.4281105,188.029501,-35.51718903,3449.319118,3590.004223,-2473
46.97,-125.98,7.3567901,96,174.4281105,188.029501,-35.51718903,3449.319118,3590.004223,-2473
46.98,-125.97,7.3567901,89,174.4281105,188.029501,-35.51718903,3449.319118,3590.004223,-2389
46.98,-125.96,7.3567901,75,174.4281105,188.029501,-35.51718903,3449.319118,3590.004223,-2339
46.98,-125.95,7.3567901,81,174.4281105,188.029501,-35.51718903,3449.319118,3590.004223,-2281
46.98,-125.94,7.6286254,78,171.2921712,184.6490303,-14.90505123,3466.698822,3608.128771,-2330
46.98,-125.94,7.6286254,82,171.2921712,184.6490303,-14.90505123,3466.698822,3608.128771,-2330
46.99,-125.97,7.3567901,87,174.4281105,188.029501,-35.51718903,3449.319118,3590.004223,-2405
47,-125.96,7.3567901,89,174.4281105,188.029501,-35.51718903,3449.319118,3590.004223,-2390
46.99,-125.96,7.3567901,82,174.4281105,188.029501,-35.51718903,3449.319118,3590.004223,-2366
46.99,-125.94,7.6286254,83,171.2921712,184.6490303,-14.90505123,3466.698822,3608.128771,-2347
46.99,-125.95,7.3567901,97,174.4281105,188.029501,-35.51718903,3449.319118,3590.004223,-2315
50.55,-131.62,4.6901741,91.4,218.4571064,235.4917484,-6.861600876,3257.988342,3390.473557,-2851
48.75,-127.75,2.9062791,200,277.5185384,299.1586169,-25.61454201,3096.673436,3222.245155,-2546
47.45,-127.27,4.3656092,57.8,226.4322234,244.0887414,-2.360379696,3231.29141,3362.632471,-2550
46.3,-128,3.1420634,50.7,266.9028351,287.7151323,-7.456796646,3120.405324,3246.994124,-2792
47.9,-127.2,4.359262,161,226.597009,244.2663766,-11.43339062,3230.759601,3362.07787,-2587
47.15,-130.12,2.7302463,189,286.3253138,308.6521187,-3.51950264,3078.320994,3203.106179,-2708
46.73,-131.58,6.8137112,22.8,181.2461533,195.3791946,-27.39011002,3413.608024,3552.762654,-3239
41.07,-132.37,10.360166,40.2,146.9864503,158.4480209,-4.296496391,3626.552411,3774.833229,-3132
47.9,-127.65,3.1907601,304,264.8582972,285.5111674,3.032176971,3125.19446,3251.988508,-2652
47.25,-131.03,5.1738672,110,207.99506,224.2139023,-12.57196617,3296.114773,3430.233978,-2985
44.65,-125.14,9.5422888,94,153.1561289,165.0987929,-24.02614021,3581.170837,3727.50673,-836
44.65,-125.07,9.5422888,41,153.1561289,165.0987929,-16.33102798,3581.170837,3727.50673,-982
44.65,-125.06,9.5422888,42,153.1561289,165.0987929,-16.33102798,3581.170837,3727.50673,-1046
44.65,-125.02,9.8048306,79,151.0917014,162.8733874,-16.33102798,3595.943314,3742.912314,-1002
44.65,-124.97,9.8048306,77,151.0917014,162.8733874,-22.01154518,3595.943314,3742.912314,-781
47.23,-126.15,6.8040028,26,181.3754142,195.5185349,-25.05021858,3412.956923,3552.083648,-2420
47.23,-126.15,6.8040028,27,181.3754142,195.5185349,-25.05021858,3412.956923,3552.083648,-2420
47.24,-126.14,7.0875106,21,177.7107903,191.5681545,-25.05021858,3431.783263,3571.716831,-2438
47.29,-126.08,7.1277666,104,177.2082447,191.0264219,-14.81813812,3434.425711,3574.472527,-2077
47.29,-126.08,7.1277666,99,177.2082447,191.0264219,-14.81813812,3434.425711,3574.472527,-2077
47.3,-126.09,7.1277666,101,177.2082447,191.0264219,-14.81813812,3434.425711,3574.472527,-2074
47.3,-126.09,7.1277666,108,177.2082447,191.0264219,-14.81813812,3434.425711,3574.472527,-2074
47.3,-126.09,7.1277666,77,177.2082447,191.0264219,-14.81813812,3434.425711,3574.472527,-2074
47.29,-126.11,7.1277666,93,177.2082447,191.0264219,-14.81813812,3434.425711,3574.472527,-2020
47.28,-126.12,7.1277666,96,177.2082447,191.0264219,-14.81813812,3434.425711,3574.472527,-2197
47.28,-126.12,7.1277666,99,177.2082447,191.0264219,-14.81813812,3434.425711,3574.472527,-2197
47.28,-126.13,7.1277666,104,177.2082447,191.0264219,-14.81813812,3434.425711,3574.472527,-2316
47.27,-126.14,7.1277666,159,177.2082447,191.0264219,-14.81813812,3434.425711,3574.472527,-2421
47.27,-126.14,7.1277666,142,177.2082447,191.0264219,-14.81813812,3434.425711,3574.472527,-2421
47.27,-126.15,6.8401093,137,180.8960727,195.0018158,-14.81813812,3415.376092,3554.606496,-2462
47.27,-126.15,6.8401093,141,180.8960727,195.0018158,-14.81813812,3415.376092,3554.606496,-2462
47.27,-126.15,6.8401093,156,180.8960727,195.0018158,-14.81813812,3415.376092,3554.606496,-2462
47.25,-126.17,6.8040028,138,181.3754142,195.5185349,-25.05021858,3412.956923,3552.083648,-2462
47.44,-126.38,6.4628758,106,186.1005917,200.6121679,-26.69879341,3389.776537,3527.909817,-2386
47.44,-126.38,6.4628758,108,186.1005917,200.6121679,-26.69879341,3389.776537,3527.909817,-2386
47.44,-126.38,6.4628758,112,186.1005917,200.6121679,-26.69879341,3389.776537,3527.909817,-2386
47.45,-126.36,6.5422029,109,184.9688747,199.3922029,-26.69879341,3395.220562,3533.587158,-2377
47.45,-126.36,6.5422029,118,184.9688747,199.3922029,-26.69879341,3395.220562,3533.587158,-2377
47.46,-126.33,6.8071642,102,181.3332919,195.473128,-26.69879341,3413.168996,3552.30481,-2413
47.46,-126.29,6.8071642,124,181.3332919,195.473128,-24.73423767,3413.168996,3552.30481,-2349
47.46,-126.29,6.8071642,108,181.3332919,195.473128,-24.73423767,3413.168996,3552.30481,-2349
47.46,-126.26,6.8071642,114,181.3332919,195.473128,-24.73423767,3413.168996,3552.30481,-2260
47.46,-126.22,7.0861001,122,177.7284762,191.5872195,-24.73423767,3431.69054,3571.620135,-2359
47.46,-126.22,7.0861001,117,177.7284762,191.5872195,-24.73423767,3431.69054,3571.620135,-2359
47.46,-126.22,7.0861001,89,177.7284762,191.5872195,-24.73423767,3431.69054,3571.620135,-2359
47.46,-126.19,7.0861001,118,177.7284762,191.5872195,-24.73423767,3431.69054,3571.620135,-2294
47.46,-126.18,7.0861001,139,177.7284762,191.5872195,-24.73423767,3431.69054,3571.620135,-2275
47.46,-126.16,7.0861001,57,177.7284762,191.5872195,-6.165018082,3431.69054,3571.620135,-2005
44.95,-125.2,9.2965679,71,155.1669902,167.2664552,-23.75463867,3567.159579,3712.89499,-1334
44.95,-125.22,9.2965679,61,155.1669902,167.2664552,-23.75463867,3567.159579,3712.89499,-1205
44.95,-125.23,9.2965679,55,155.1669902,167.2664552,-23.75463867,3567.159579,3712.89499,-1250
44.95,-125.25,9.0883245,28,156.934615,169.1719142,-38.20376205,3555.139683,3700.359955,-1218
44.95,-125.41,8.9141588,89,158.4603007,170.8165684,-63.85134125,3544.980599,3689.765482,-2663
44.95,-125.37,8.9141588,95,158.4603007,170.8165684,-63.85134125,3544.980599,3689.765482,-2471
44.95,-125.37,8.9141588,99,158.4603007,170.8165684,-63.85134125,3544.980599,3689.765482,-2471
44.95,-125.37,8.9141588,102,158.4603007,170.8165684,-63.85134125,3544.980599,3689.765482,-2471
44.95,-125.37,8.9141588,104,158.4603007,170.8165684,-63.85134125,3544.980599,3689.765482,-2471
44.95,-125.38,8.9141588,113,158.4603007,170.8165684,-63.85134125,3544.980599,3689.765482,-2475
44.95,-125.4,8.9141588,110,158.4603007,170.8165684,-63.85134125,3544.980599,3689.765482,-2600
44.95,-125.42,8.9141588,125,158.4603007,170.8165684,-63.85134125,3544.980599,3689.765482,-2726
44.93,-125.27,9.1318445,125,156.5602136,168.7683181,-38.20376205,3557.662967,3702.99138,-1550
44.93,-125.27,9.1318445,202,156.5602136,168.7683181,-38.20376205,3557.662967,3702.99138,-1550
44.95,-125.47,8.6826057,122,160.5593567,173.0793026,-63.85134125,3531.319154,3675.518547,-2772
44.95,-125.52,8.6826057,152,160.5593567,173.0793026,-59.42253876,3531.319154,3675.518547,-2753
44.95,-125.52,8.6826057,139,160.5593567,173.0793026,-59.42253876,3531.319154,3675.518547,-2753
44.95,-125.58,8.4492979,165,162.7609993,175.4526228,-59.42253876,3517.368661,3660.970175,-2747
44.95,-125.64,8.4492979,113,162.7609993,175.4526228,-50.7746315,3517.368661,3660.970175,-2777
44.65,-125.27,9.1559649,65,156.3538571,168.5458705,-66.54668427,3559.058875,3704.447112,-2251
44.65,-125.3,9.1559649,70,156.3538571,168.5458705,-66.54668427,3559.058875,3704.447112,-2041
44.65,-125.3,9.1559649,73,156.3538571,168.5458705,-66.54668427,3559.058875,3704.447112,-2041
44.65,-125.32,9.1559649,62,156.3538571,168.5458705,-66.54668427,3559.058875,3704.447112,-2387
44.65,-125.32,9.1559649,52,156.3538571,168.5458705,-66.54668427,3559.058875,3704.447112,-2387
44.65,-125.34,9.1559649,105,156.3538571,168.5458705,-66.54668427,3559.058875,3704.447112,-2697
44.65,-125.37,8.9884195,32,157.8043579,170.1094771,-77.86420441,3549.324253,3694.295293,-2864
44.65,-125.4,8.9884195,101,157.8043579,170.1094771,-77.86420441,3549.324253,3694.295293,-2873
44.65,-125.47,8.7853642,94,159.6175991,172.0641095,-77.86420441,3537.404027,3681.864199,-2860
40.75,-127.4,0.14659698,225,1235.657607,1332.010549,-1.254135013,2634.007948,2739.751145,-3234
40.74,-127.55,0.22720698,1656,992.5441281,1069.939797,-34.42725754,2666.831817,2773.981752,-3250
40.74,-127.57,0.22720698,576,992.5441281,1069.939797,-34.42725754,2666.831817,2773.981752,-3308
40.75,-127.4,0.14659698,240,1235.657607,1332.010549,-1.254135013,2634.007948,2739.751145,-3234
40.75,-127.42,0.14659698,316,1235.657607,1332.010549,-1.254135013,2634.007948,2739.751145,-3222
40.75,-127.43,0.14659698,371,1235.657607,1332.010549,-1.254135013,2634.007948,2739.751145,-3224
40.74,-127.58,0.22720698,832,992.5441281,1069.939797,2.126747847,2666.831817,2773.981752,-3228
40.75,-127.6,0.22720698,907,992.5441281,1069.939797,2.126747847,2666.831817,2773.981752,-3188
40.75,-127.62,0.22720698,341,992.5441281,1069.939797,2.126747847,2666.831817,2773.981752,-2918
40.76,-127.66,0.53983307,329,643.9185199,694.1293901,2.126747847,2757.156666,2868.177666,-2531
40.75,-127.66,0.52487373,386,653.0301616,703.9515308,2.126747847,2753.568594,2864.43582,-2573
40.76,-127.67,0.53983307,302,643.9185199,694.1293901,2.126747847,2757.156666,2868.177666,-2562
40.76,-127.69,0.53983307,313,643.9185199,694.1293901,2.126747847,2757.156666,2868.177666,-2620
40.98,-127.54,0.021391379,352,3234.754069,3486.990666,-37.00662231,2551.190272,2653.384141,-3292
41,-127.54,0.021391379,302,3234.754069,3486.990666,-37.00662231,2551.190272,2653.384141,-3289
41,-127.53,0.021391379,472,3234.754069,3486.990666,-37.00662231,2551.190272,2653.384141,-3303
41,-127.52,0.021391379,192,3234.754069,3486.990666,-37.00662231,2551.190272,2653.384141,-3300
41.01,-127.51,0.021391379,1586,3234.754069,3486.990666,-37.00662231,2551.190272,2653.384141,-3309
41.02,-127.47,0.021391379,463,3234.754069,3486.990666,-37.00662231,2551.190272,2653.384141,-3284
41,-127.47,0.021391379,235,3234.754069,3486.990666,-37.00662231,2551.190272,2653.384141,-3321
41.01,-127.47,0.021391379,274,3234.754069,3486.990666,-37.00662231,2551.190272,2653.384141,-3305
41.01,-127.47,0.021391379,1804,3234.754069,3486.990666,-37.00662231,2551.190272,2653.384141,-3305
41.02,-127.47,0.021391379,280,3234.754069,3486.990666,-37.00662231,2551.190272,2653.384141,-3284
40.94,-127.51,0.047450688,176,2171.897884,2341.256085,-44.38734818,2576.241126,2679.508603,-3355
40.93,-127.52,0.047450688,299,2171.897884,2341.256085,-44.38734818,2576.241126,2679.508603,-3353
40.91,-127.52,0.047450688,219,2171.897884,2341.256085,-44.38734818,2576.241126,2679.508603,-3358
40.91,-127.49,0.047450688,511,2171.897884,2341.256085,-44.38734818,2576.241126,2679.508603,-3345
40.91,-127.48,0.047450688,213,2171.897884,2341.256085,-44.38734818,2576.241126,2679.508603,-3353
50.15,-123.38,8.4487114,58,162.7666486,175.4587126,-26.86304855,3517.333351,3660.933351,926
50.12,-123.45,8.4487114,71,162.7666486,175.4587126,-26.86304855,3517.333351,3660.933351,426
50.2,-123.53,8.1750021,63,165.4690306,178.3718184,0.306185842,3500.71862,3643.606561,551
50.18,-123.52,8.1750021,56,165.4690306,178.3718184,0.306185842,3500.71862,3643.606561,631
50.17,-123.52,8.1750021,39,165.4690306,178.3718184,46.3521843,3500.71862,3643.606561,304
50.45,-123.12,8.4487114,53,162.7666486,175.4587126,-41.64958572,3517.333351,3660.933351,852
50.45,-123.17,8.1750021,56,165.4690306,178.3718184,-13.4604969,3500.71862,3643.606561,1159
50.45,-123.2,8.1750021,69,165.4690306,178.3718184,-13.4604969,3500.71862,3643.606561,963
51.97,-121.17,8.9942894,63,157.7528559,170.0539591,-4.029141426,3549.666829,3694.65255,992
51.83,-121.15,8.9942894,63,157.7528559,170.0539591,-22.07441711,3549.666829,3694.65255,957
52,-120.95,8.9942894,58,157.7528559,170.0539591,2.014045954,3549.666829,3694.65255,1234
52,-120.82,8.9942894,61,157.7528559,170.0539591,36.96744537,3549.666829,3694.65255,1234
51.78,-120.37,8.9942894,113,157.7528559,170.0539591,10.87361526,3549.666829,3694.65255,816
51.82,-120.47,8.9942894,100,157.7528559,170.0539591,-20.58522987,3549.666829,3694.65255,1072
51.73,-120.15,8.9942894,92,157.7528559,170.0539591,40.15061188,3549.666829,3694.65255,1086
51.75,-120.07,8.9942894,107,157.7528559,170.0539591,-37.95819473,3549.666829,3694.65255,1007
51.15,-119.82,8.9942894,56,157.7528559,170.0539591,-0.721880555,3549.666829,3694.65255,1181
51.15,-119.8,8.9942894,67,157.7528559,170.0539591,-0.721880555,3549.666829,3694.65255,1181
51.15,-119.82,8.9942894,83,157.7528559,170.0539591,-0.721880555,3549.666829,3694.65255,1181
53.37,-130.15,2.2681541,75,314.1408252,338.6366018,-0.593140662,3027.113723,3149.704311,45
53.35,-130.13,2.2681541,75,314.1408252,338.6366018,12.8069582,3027.113723,3149.704311,55
53.35,-130.13,2.2681541,75,314.1408252,338.6366018,12.8069582,3027.113723,3149.704311,55
53.36,-130.13,2.2681541,117,314.1408252,338.6366018,12.8069582,3027.113723,3149.704311,48
53.37,-130.16,2.2681541,71,314.1408252,338.6366018,-0.593140662,3027.113723,3149.704311,50
53.37,-130.16,2.2681541,64,314.1408252,338.6366018,-0.593140662,3027.113723,3149.704311,50
53.37,-130.12,2.2681541,76,314.1408252,338.6366018,12.8069582,3027.113723,3149.704311,56
53.37,-130.16,2.2681541,51,314.1408252,338.6366018,-0.593140662,3027.113723,3149.704311,50
53.37,-130.16,2.2681541,87,314.1408252,338.6366018,-0.593140662,3027.113723,3149.704311,50
53.37,-130.16,2.2681541,88,314.1408252,338.6366018,-0.593140662,3027.113723,3149.704311,50
53.37,-130.16,2.2681541,81,314.1408252,338.6366018,-0.593140662,3027.113723,3149.704311,50
51.38,-120.07,8.9942894,70,157.7528559,170.0539591,23.43625069,3549.666829,3694.65255,1048
51.38,-120.07,8.9942894,72,157.7528559,170.0539591,23.43625069,3549.666829,3694.65255,1048
51.38,-120.07,8.9942894,71,157.7528559,170.0539591,23.43625069,3549.666829,3694.65255,1048
53.53,-132.22,9.16572,66,156.2706311,168.4561548,36.06626892,3559.622905,3705.035315,161
53.53,-132.22,9.16572,46,156.2706311,168.4561548,36.06626892,3559.622905,3705.035315,161
53.53,-132.22,9.16572,69,156.2706311,168.4561548,36.06626892,3559.622905,3705.035315,161
53.53,-132.22,9.16572,59,156.2706311,168.4561548,36.06626892,3559.622905,3705.035315,161
53.53,-132.22,9.16572,107,156.2706311,168.4561548,36.06626892,3559.622905,3705.035315,161
53.53,-132.22,9.16572,69,156.2706311,168.4561548,36.06626892,3559.622905,3705.035315,161
53.53,-132.22,9.16572,76,156.2706311,168.4561548,36.06626892,3559.622905,3705.035315,161
53.53,-132.22,9.16572,49,156.2706311,168.4561548,36.06626892,3559.622905,3705.035315,161
53.53,-132.22,9.16572,66,156.2706311,168.4561548,36.06626892,3559.622905,3705.035315,161
52.14,-128.05,1.3816251,91,402.4996914,433.8854322,15.70848751,2911.398924,3029.030307,45
52.15,-128.1,1.3816251,74,402.4996914,433.8854322,15.70848751,2911.398924,3029.030307,51
54.74,-126.62,1.238132,68,425.1842658,458.338883,-18.32457924,2889.44983,3006.140537,832
54.74,-126.62,1.238132,69,425.1842658,458.338883,-18.32457924,2889.44983,3006.140537,832
54.74,-126.62,1.238132,75,425.1842658,458.338883,-18.32457924,2889.44983,3006.140537,832
54.74,-126.62,1.238132,91,425.1842658,458.338883,-18.32457924,2889.44983,3006.140537,832
54.74,-126.62,1.238132,74,425.1842658,458.338883,-18.32457924,2889.44983,3006.140537,832
54.2,-126.26,4.2815824,60,228.6433137,246.4722461,-27.58060837,3224.219472,3355.25745,724
54.18,-126.27,4.2815824,66,228.6433137,246.4722461,-27.58060837,3224.219472,3355.25745,731
54.17,-126.28,4.2815824,119,228.6433137,246.4722461,-27.58060837,3224.219472,3355.25745,724
52.3,-120.57,8.9942894,46,157.7528559,170.0539591,83.27287292,3549.666829,3694.65255,1119
52.3,-120.57,8.9942894,61,157.7528559,170.0539591,83.27287292,3549.666829,3694.65255,1119
54.23,-126.23,4.2815824,83,228.6433137,246.4722461,-27.58060837,3224.219472,3355.25745,743
54.23,-126.24,4.2815824,79,228.6433137,246.4722461,-27.58060837,3224.219472,3355.25745,732
52.72,-131.72,5.7069907,60,198.0418965,213.4846205,86.93848419,3336.125804,3471.959767,-62
52.72,-131.71,5.7069907,48,198.0418965,213.4846205,86.93848419,3336.125804,3471.959767,-19
48.89,-123.87,8.9942894,20,157.7528559,170.0539591,54.14250183,3549.666829,3694.65255,804
48.89,-123.87,8.9942894,19,157.7528559,170.0539591,54.14250183,3549.666829,3694.65255,804
48.89,-123.85,8.9942894,25,157.7528559,170.0539591,54.14250183,3549.666829,3694.65255,943
48.88,-123.82,8.9942894,29,157.7528559,170.0539591,31.76561356,3549.666829,3694.65255,580
52.92,-123.62,7.2214351,74,176.0552185,189.7834861,-11.51878166,3440.54548,3580.854572,1088
52.92,-123.63,7.2214351,71,176.0552185,189.7834861,-11.51878166,3440.54548,3580.854572,1150
52.9,-123.62,7.2214351,56,176.0552185,189.7834861,-11.51878166,3440.54548,3580.854572,1030
49.05,-123.91,8.9942894,30,157.7528559,170.0539591,10.13718033,3549.666829,3694.65255,99
49.05,-124,8.9942894,20,157.7528559,170.0539591,44.08930206,3549.666829,3694.65255,318
49.59,-119.68,9.2849312,61,155.2641943,167.371239,-64.18450928,3566.491478,3712.198255,1367
51.73,-124.62,7.2214351,67,176.0552185,189.7834861,68.26803589,3440.54548,3580.854572,1927
51.73,-124.63,7.2214351,91.1,176.0552185,189.7834861,68.26803589,3440.54548,3580.854572,1876
51.45,-123.62,7.2806315,101.2,175.3380345,189.0103781,31.48008156,3444.392587,3584.866555,1470
51.45,-123.62,7.2806315,107.7,175.3380345,189.0103781,31.48008156,3444.392587,3584.866555,1470
50.62,-127.5,4.6360407,67.9,219.7288279,236.8626349,-7.656474113,3253.601344,3385.898545,121
49.77,-125.3,7.2806315,39.4,175.3380345,189.0103781,90.75709534,3444.392587,3584.866555,1308
54.02,-130.58,5.7069907,72.2,198.0418965,213.4846205,28.13957024,3336.125804,3471.959767,507
54.02,-130.58,5.7069907,132.8,198.0418965,213.4846205,28.13957024,3336.125804,3471.959767,507
54.02,-130.58,5.7069907,112.4,198.0418965,213.4846205,28.13957024,3336.125804,3471.959767,507
54.02,-130.58,5.7069907,78.1,198.0418965,213.4846205,28.13957024,3336.125804,3471.959767,507
54.02,-130.58,5.7069907,62.4,198.0418965,213.4846205,28.13957024,3336.125804,3471.959767,507
49.15,-124.65,8.1750021,47.9,165.4690306,178.3718184,120.534111,3500.71862,3643.606561,988
49.15,-124.67,7.9011574,54.4,168.3120859,181.4365668,37.62468338,3483.814912,3625.978408,782
49.15,-124.67,7.9011574,48.3,168.3120859,181.4365668,37.62468338,3483.814912,3625.978408,782
49.33,-121.97,9.2849312,143.4,155.2641943,167.371239,-39.17293549,3566.491478,3712.198255,179
49.33,-121.97,9.2849312,86.7,155.2641943,167.371239,-39.17293549,3566.491478,3712.198255,179
49.33,-121.97,9.2849312,132.4,155.2641943,167.371239,-39.17293549,3566.491478,3712.198255,179
49.33,-121.97,9.2849312,99.7,155.2641943,167.371239,-39.17293549,3566.491478,3712.198255,179
49.33,-121.97,9.2849312,38.8,155.2641943,167.371239,-39.17293549,3566.491478,3712.198255,179
49.33,-121.97,9.2849312,103.3,155.2641943,167.371239,-39.17293549,3566.491478,3712.198255,179
49.33,-121.95,9.2849312,95.5,155.2641943,167.371239,-39.17293549,3566.491478,3712.198255,398
49.33,-121.97,9.2849312,90.6,155.2641943,167.371239,-39.17293549,3566.491478,3712.198255,179
49.3,-121.93,9.2849312,105.1,155.2641943,167.371239,-39.17293549,3566.491478,3712.198255,44
49.75,-124.53,7.3612161,41.5,174.3756644,187.9729653,-25.49456787,3449.60464,3590.301982,100
49.7,-124.52,7.3612161,18.1,174.3756644,187.9729653,0.199091554,3449.60464,3590.301982,115
49.75,-124.53,7.3612161,36.2,174.3756644,187.9729653,-25.49456787,3449.60464,3590.301982,100
49.75,-124.53,7.3612161,33.2,174.3756644,187.9729653,-25.49456787,3449.60464,3590.301982,100
49.75,-124.53,7.3612161,32.8,174.3756644,187.9729653,-25.49456787,3449.60464,3590.301982,100
49.75,-124.53,7.3612161,34.7,174.3756644,187.9729653,-25.49456787,3449.60464,3590.301982,100
49.75,-124.53,7.3612161,32.6,174.3756644,187.9729653,-25.49456787,3449.60464,3590.301982,100
49.75,-124.53,7.3612161,20.7,174.3756644,187.9729653,-25.49456787,3449.60464,3590.301982,100
49.7,-124.53,7.3612161,26.8,174.3756644,187.9729653,0.199091554,3449.60464,3590.301982,128
49.7,-124.53,7.3612161,22.5,174.3756644,187.9729653,0.199091554,3449.60464,3590.301982,128
49.7,-124.53,7.3612161,8,174.3756644,187.9729653,0.199091554,3449.60464,3590.301982,128
49.7,-124.53,7.3612161,34.9,174.3756644,187.9729653,0.199091554,3449.60464,3590.301982,128
50.02,-126.78,6.2185445,53,189.7213847,204.5152997,31.4454155,3372.795338,3510.200852,708
50,-126.8,6.2185445,42.1,189.7213847,204.5152997,31.4454155,3372.795338,3510.200852,1008
50,-126.8,6.2185445,43.6,189.7213847,204.5152997,31.4454155,3372.795338,3510.200852,1008
50,-126.8,6.2185445,39.2,189.7213847,204.5152997,31.4454155,3372.795338,3510.200852,1008
50.02,-126.78,6.2185445,39.3,189.7213847,204.5152997,31.4454155,3372.795338,3510.200852,708
47.51,-121.35,9.7773581,57,151.3038218,163.1020483,37.97489548,3594.406856,3741.310007,858
47.51,-121.35,9.7773581,57,151.3038218,163.1020483,37.97489548,3594.406856,3741.310007,858
47.68,-121.65,9.7773581,60,151.3038218,163.1020483,-14.65313625,3594.406856,3741.310007,1142
47.68,-121.65,9.7773581,60,151.3038218,163.1020483,-14.65313625,3594.406856,3741.310007,1142
47.49,-121.4,9.7773581,56,151.3038218,163.1020483,6.328667641,3594.406856,3741.310007,613
42.2,-121.83,8.7200031,67,160.214692,172.707762,-2.806406498,3533.537798,3677.832275,1275
48.46,-122.63,9.2849312,37,155.2641943,167.371239,-59.80167007,3566.491478,3712.198255,187
48.72,-119.59,9.57864,75,152.8652368,164.7852179,-29.2766819,3583.228231,3729.652298,563
46.35,-122.11,9.543684,69,153.1449335,165.0867244,62.2167778,3581.249874,3727.589154,880
46.36,-122.07,9.543684,68,153.1449335,165.0867244,51.13022995,3581.249874,3727.589154,1104
49,-119.49,9.57864,70,152.8652368,164.7852179,-79.61054993,3583.228231,3729.652298,1725
48.61,-120.38,9.57864,76,152.8652368,164.7852179,-21.74869537,3583.228231,3729.652298,1988
48.61,-120.39,9.57864,73,152.8652368,164.7852179,-21.74869537,3583.228231,3729.652298,1988
46.85,-124.1,9.7773581,38,151.3038218,163.1020483,-49.75493622,3594.406856,3741.310007,12
47.24,-124.19,9.8133631,35,151.0260017,162.8025646,-54.26169968,3596.420074,3743.409506,23
42.16,-120.34,8.7200031,742,160.214692,172.707762,52.84307098,3533.537798,3677.832275,1571
42.19,-120.33,8.7200031,180,160.214692,172.707762,52.84307098,3533.537798,3677.832275,1576
42.19,-120.34,8.7200031,140,160.214692,172.707762,52.84307098,3533.537798,3677.832275,1576
42.2,-120.35,8.7200031,98,160.214692,172.707762,-25.04924774,3533.537798,3677.832275,1582
42.22,-120.35,8.7200031,2861,160.214692,172.707762,-25.04924774,3533.537798,3677.832275,1640
42.22,-120.34,8.7200031,309,160.214692,172.707762,52.84307098,3533.537798,3677.832275,1640
42.17,-120.34,8.7200031,110,160.214692,172.707762,52.84307098,3533.537798,3677.832275,1564
42.22,-120.36,8.7200031,991,160.214692,172.707762,-25.04924774,3533.537798,3677.832275,1640
42.22,-120.36,8.7200031,117,160.214692,172.707762,-25.04924774,3533.537798,3677.832275,1640
42.19,-120.34,8.7200031,150,160.214692,172.707762,52.84307098,3533.537798,3677.832275,1576
42.19,-120.35,8.7200031,124,160.214692,172.707762,-25.04924774,3533.537798,3677.832275,1576
42.18,-120.35,8.7200031,124,160.214692,172.707762,-25.04924774,3533.537798,3677.832275,1575
42.18,-120.34,8.7200031,189,160.214692,172.707762,52.84307098,3533.537798,3677.832275,1575
42.22,-120.36,8.7200031,2882,160.214692,172.707762,-25.04924774,3533.537798,3677.832275,1640
42.21,-120.36,8.7200031,158,160.214692,172.707762,-25.04924774,3533.537798,3677.832275,1599
44.27,-120.81,9.8749847,66,150.5540502,162.2938117,-14.38903713,3599.857093,3746.993826,929
42.04,-120.3,18.00329,571,111.5025297,120.1971686,43.47267532,3985.05994,4148.705366,1481
42.21,-120.36,8.7200031,1895,160.214692,172.707762,-25.04924774,3533.537798,3677.832275,1599
42.24,-120.36,8.7200031,840,160.214692,172.707762,-25.04924774,3533.537798,3677.832275,1734
42.23,-120.37,8.7200031,531,160.214692,172.707762,-25.04924774,3533.537798,3677.832275,1691
42.02,-120.3,18.00329,90,111.5025297,120.1971686,43.47267532,3985.05994,4148.705366,1488
42.19,-120.38,8.7200031,76,160.214692,172.707762,-25.04924774,3533.537798,3677.832275,1576
45.43,-121.46,9.5483627,48,153.1074083,165.0462732,36.7011795,3581.514878,3727.865515,1157
45.61,-122,9.5370016,71,153.198577,165.1445509,-14.72300243,3580.871267,3727.194321,159
45.34,-121.36,9.5414743,62,153.1626658,165.1058395,7.478405952,3581.124693,3727.458608,872
43.96,-123.11,9.5827484,50,152.8324644,164.74989,-4.607794762,3583.460511,3729.894533,358
45.12,-120.85,9.68153,59,152.0507831,163.9072555,-11.03338528,3589.030498,3735.703233,600
44.6,-122.06,9.8749847,76,150.5540502,162.2938117,4.170080185,3599.857093,3746.993826,1242
44.6,-122.06,9.8749847,110,150.5540502,162.2938117,4.170080185,3599.857093,3746.993826,1242
45.44,-121.16,9.5483627,41,153.1074083,165.0462732,-5.653716087,3581.514878,3727.865515,440
45.54,-122.58,9.5407829,47,153.1682153,165.1118218,-35.54357529,3581.085522,3727.417758,66
45.66,-121.33,9.5560369,55,153.0459177,164.9799878,-35.03733826,3581.949407,3728.318668,380
45.25,-121.12,9.5008411,90,153.4898394,165.4585251,-43.98151779,3578.820205,3725.055357,334
42.41,-120.48,8.7200031,58,160.214692,172.707762,62.26567459,3533.537798,3677.832275,1333
45.69,-121.35,9.5560369,33,153.0459177,164.9799878,-35.03733826,3581.949407,3728.318668,212
45.18,-121.07,9.5008411,95,153.4898394,165.4585251,-43.98151779,3578.820205,3725.055357,370
45.84,-119.67,9.544672,112,153.137007,165.0781799,-49.07820129,3581.30584,3727.647519,370
45.32,-122.87,9.5414743,47,153.1626658,165.1058395,-21.8296566,3581.124693,3727.458608,310
45.63,-121.36,9.5370016,65,153.198577,165.1445509,-35.03733826,3580.871267,3727.194321,419
44.78,-121.03,9.8749847,69,150.5540502,162.2938117,-27.58519554,3599.857093,3746.993826,594
45.43,-120.93,9.5483627,60,153.1074083,165.0462732,5.415047646,3581.514878,3727.865515,708
42.06,-122.65,8.7200031,52,160.214692,172.707762,18.56301689,3533.537798,3677.832275,1284
45.9,-119.22,9.5405912,41,153.1697542,165.1134806,-48.73138428,3581.074661,3727.406432,574
45.6,-121.14,9.5370016,46,153.198577,165.1445509,-38.12046432,3580.871267,3727.194321,38
45.36,-121.28,9.5483627,94,153.1074083,165.0462732,7.478405952,3581.514878,3727.865515,771
45.38,-122.59,9.5483627,33,153.1074083,165.0462732,-17.0412426,3581.514878,3727.865515,19
45.6,-119.6,9.5370016,58,153.198577,165.1445509,-43.9274559,3580.871267,3727.194321,299
45.65,-121.47,9.5370016,41,153.198577,165.1445509,-36.9323616,3580.871267,3727.194321,619
45.7,-123.13,9.5560369,41,153.0459177,164.9799878,-17.0556736,3581.949407,3728.318668,363
42.19,-122.64,8.7200031,31,160.214692,172.707762,-25.3947506,3533.537798,3677.832275,594
45.7,-121.35,9.5560369,77,153.0459177,164.9799878,-35.03733826,3581.949407,3728.318668,20
42.48,-123.4,8.1746902,33,165.4721872,178.3752212,-10.87535667,3500.69953,3643.586653,351
45.61,-121.23,9.5370016,71,153.198577,165.1445509,-26.10076523,3580.871267,3727.194321,266
45.91,-119.44,9.5405912,100,153.1697542,165.1134806,-46.53363037,3581.074661,3727.406432,624
45.18,-121.2,9.5008411,62,153.4898394,165.4585251,-32.00087738,3578.820205,3725.055357,537
42.32,-122.81,8.7200031,46,160.214692,172.707762,-25.34969711,3533.537798,3677.832275,485
45.6,-121.64,9.5370016,83,153.198577,165.1445509,-1.359764218,3580.871267,3727.194321,323
45.53,-122.43,9.5407829,48,153.1682153,165.1118218,-37.79445267,3581.085522,3727.417758,56
42.53,-122.64,8.7200031,49,160.214692,172.707762,-20.12730026,3533.537798,3677.832275,846
42.8,-123.85,8.0320463,29,166.9350599,179.9521644,66.0606308,3491.930276,3634.441573,791
45.38,-122.02,9.5483627,77,153.1074083,165.0462732,0.693728268,3581.514878,3727.865515,382
45.72,-119.02,9.5560369,66,153.0459177,164.9799878,-48.98023987,3581.949407,3728.318668,488
45.68,-121.31,9.5560369,41,153.0459177,164.9799878,-35.03733826,3581.949407,3728.318668,206
42.49,-122.95,8.7200031,33,160.214692,172.707762,-0.228094846,3533.537798,3677.832275,395
42.5,-122.98,8.7200031,33,160.214692,172.707762,-0.228094846,3533.537798,3677.832275,401
45.39,-122.36,9.5483627,41,153.1074083,165.0462732,-47.45264053,3581.514878,3727.865515,163
42.86,-123.38,8.5052891,33,162.2243785,174.8741578,15.85508823,3520.734008,3664.479751,1066
44.87,-122.71,9.8163719,43,151.0028545,162.7776125,-25.45111656,3596.588144,3743.584779,303
45.77,-119.12,9.544672,71,153.137007,165.0781799,-49.50117111,3581.30584,3727.647519,611
45.43,-121.29,9.5483627,65,153.1074083,165.0462732,3.614021301,3581.514878,3727.865515,690
45.54,-122.76,9.5407829,35,153.1682153,165.1118218,-31.97237396,3581.085522,3727.417758,299
45.35,-121.13,9.5483627,54,153.1074083,165.0462732,3.143903971,3581.514878,3727.865515,764
45.35,-121.13,9.5483627,54,153.1074083,165.0462732,3.143903971,3581.514878,3727.865515,764
45.32,-121.1,9.5414743,41,153.1626658,165.1058395,3.143903971,3581.124693,3727.458608,814
45.69,-121.38,9.5560369,47,153.0459177,164.9799878,-35.03733826,3581.949407,3728.318668,91
42.39,-122.98,8.7200031,39,160.214692,172.707762,-22.07032013,3533.537798,3677.832275,451
45.36,-120.15,9.5483627,54,153.1074083,165.0462732,6.186288834,3581.514878,3727.865515,445
44.05,-122.88,9.8100004,31,151.051884,162.8304652,-28.59353065,3596.232206,3743.213586,202
43.8,-122.42,9.5827484,40,152.8324644,164.74989,-18.92689514,3583.460511,3729.894533,720
44.78,-121.98,9.8749847,763,150.5540502,162.2938117,-7.28012085,3599.857093,3746.993826,707
44.78,-121.97,9.8749847,430,150.5540502,162.2938117,18.00877953,3599.857093,3746.993826,706
44.78,-121.97,9.8749847,1393,150.5540502,162.2938117,18.00877953,3599.857093,3746.993826,706
44.78,-121.97,9.8749847,404,150.5540502,162.2938117,18.00877953,3599.857093,3746.993826,706
43.92,-120.82,9.8749847,75,150.5540502,162.2938117,18.00718498,3599.857093,3746.993826,1290
43.69,-120.48,9.5827484,75,152.8324644,164.74989,13.50566578,3583.460511,3729.894533,1544
43.69,-120.48,9.5827484,83,152.8324644,164.74989,13.50566578,3583.460511,3729.894533,1544
43.69,-120.48,9.5827484,96,152.8324644,164.74989,13.50566578,3583.460511,3729.894533,1544
43.63,-120.46,9.5827484,79,152.8324644,164.74989,26.71540642,3583.460511,3729.894533,1540
43.62,-120.47,9.5827484,79,152.8324644,164.74989,26.71540642,3583.460511,3729.894533,1540
43.63,-120.46,9.5827484,66,152.8324644,164.74989,26.71540642,3583.460511,3729.894533,1540
43.63,-120.46,9.5827484,96,152.8324644,164.74989,26.71540642,3583.460511,3729.894533,1540
43.63,-120.46,9.5827484,75,152.8324644,164.74989,26.71540642,3583.460511,3729.894533,1540
43.78,-120.62,9.5827484,79,152.8324644,164.74989,21.04315186,3583.460511,3729.894533,1450
43.78,-120.62,9.5827484,83,152.8324644,164.74989,21.04315186,3583.460511,3729.894533,1450
43.62,-120.47,9.5827484,83,152.8324644,164.74989,26.71540642,3583.460511,3729.894533,1540
43.62,-120.47,9.5827484,87,152.8324644,164.74989,26.71540642,3583.460511,3729.894533,1540
43.62,-120.47,9.5827484,75,152.8324644,164.74989,26.71540642,3583.460511,3729.894533,1540
43.62,-120.47,9.5827484,83,152.8324644,164.74989,26.71540642,3583.460511,3729.894533,1540
43.62,-120.47,9.5827484,83,152.8324644,164.74989,26.71540642,3583.460511,3729.894533,1540
43.73,-121.36,9.5827484,100,152.8324644,164.74989,46.96601105,3583.460511,3729.894533,1521
43.73,-121.36,9.5827484,100,152.8324644,164.74989,46.96601105,3583.460511,3729.894533,1521
43.75,-120.94,9.5827484,58,152.8324644,164.74989,18.63326263,3583.460511,3729.894533,1492
43.75,-120.94,9.5827484,96,152.8324644,164.74989,18.63326263,3583.460511,3729.894533,1492
43.81,-120.99,9.5827484,96,152.8324644,164.74989,17.47746277,3583.460511,3729.894533,1401
44.17,-122.29,9.8749847,63,150.5540502,162.2938117,-44.25658798,3599.857093,3746.993826,498
44.45,-122.8,9.8749847,30,150.5540502,162.2938117,-18.78920174,3599.857093,3746.993826,158
44.61,-122.77,9.8749847,49,150.5540502,162.2938117,-47.05020523,3599.857093,3746.993826,178
44.54,-123.29,9.8749847,33,150.5540502,162.2938117,3.785244703,3599.857093,3746.993826,93
44.83,-122.25,9.8749847,51,150.5540502,162.2938117,19.43668938,3599.857093,3746.993826,772
44.95,-122.17,9.831625,97,150.8856737,162.6512943,10.53539467,3597.439776,3744.47291,686
44.95,-122.17,9.831625,97,150.8856737,162.6512943,10.53539467,3597.439776,3744.47291,686
45.04,-121,9.831625,71,150.8856737,162.6512943,-7.069908142,3597.439776,3744.47291,928
43.8,-122.42,9.5827484,45,152.8324644,164.74989,-18.92689514,3583.460511,3729.894533,720
43.8,-122.42,9.5827484,39,152.8324644,164.74989,-18.92689514,3583.460511,3729.894533,720
44.86,-122.88,9.8163719,39,151.0028545,162.7776125,-24.73096466,3596.588144,3743.584779,120
44.06,-122.79,9.8100004,40,151.051884,162.8304652,-3.079018116,3596.232206,3743.213586,184
44.15,-122.25,9.8749847,68,150.5540502,162.2938117,-44.25658798,3599.857093,3746.993826,377
44.15,-122.25,9.8749847,68,150.5540502,162.2938117,-44.25658798,3599.857093,3746.993826,377
44.8,-124.06,9.8749847,32,150.5540502,162.2938117,42.11965942,3599.857093,3746.993826,88
44.8,-124.07,9.8749847,29,150.5540502,162.2938117,42.11965942,3599.857093,3746.993826,29
44.04,-122.84,9.8100004,44,151.051884,162.8304652,-28.59353065,3596.232206,3743.213586,289
43.93,-122.91,9.5827484,36,152.8324644,164.74989,-33.40747833,3583.460511,3729.894533,234
44.8,-122.41,9.8749847,31,150.5540502,162.2938117,-13.0209713,3599.857093,3746.993826,410
44.81,-122.41,9.8749847,32,150.5540502,162.2938117,19.77963066,3599.857093,3746.993826,340
44.39,-121.99,9.8749847,33,150.5540502,162.2938117,7.945203781,3599.857093,3746.993826,1013
44.39,-121.99,9.8749847,148,150.5540502,162.2938117,7.945203781,3599.857093,3746.993826,1013
44.54,-121.96,9.8749847,94,150.5540502,162.2938117,43.89864349,3599.857093,3746.993826,1255
43.76,-122.43,9.5827484,41,152.8324644,164.74989,-18.92689514,3583.460511,3729.894533,537
44.22,-120.99,9.8749847,176,150.5540502,162.2938117,14.129426,3599.857093,3746.993826,1045
44.73,-122.18,9.8749847,50,150.5540502,162.2938117,-8.436624527,3599.857093,3746.993826,563
44.77,-122.56,9.8749847,59,150.5540502,162.2938117,-47.82718277,3599.857093,3746.993826,229
44.89,-122.71,9.8163719,47,151.0028545,162.7776125,-25.45111656,3596.588144,3743.584779,302
44.89,-122.71,9.8163719,47,151.0028545,162.7776125,-25.45111656,3596.588144,3743.584779,302
44.61,-123.3,9.8749847,48,150.5540502,162.2938117,34.0663414,3599.857093,3746.993826,232
44.59,-120.92,9.8749847,84,150.5540502,162.2938117,31.81876373,3599.857093,3746.993826,1019
44.04,-122.93,9.8100004,42,151.051884,162.8304652,-36.86870193,3596.232206,3743.213586,167
43.95,-122.9,9.5827484,43,152.8324644,164.74989,-36.44744873,3583.460511,3729.894533,208
43.91,-121.36,9.8749847,25,150.5540502,162.2938117,14.33618832,3599.857093,3746.993826,1372
44.49,-122.85,9.8749847,45,150.5540502,162.2938117,-21.49716759,3599.857093,3746.993826,180
44.24,-120.97,9.8749847,103,150.5540502,162.2938117,-22.19685745,3599.857093,3746.993826,972
44.24,-120.97,9.8749847,103,150.5540502,162.2938117,-22.19685745,3599.857093,3746.993826,972
44.19,-121.05,9.8749847,207,150.5540502,162.2938117,-2.924230576,3599.857093,3746.993826,1003
45.08,-120.96,9.68153,70,152.0507831,163.9072555,-15.76592445,3589.030498,3735.703233,808
44.49,-122.86,9.8749847,54,150.5540502,162.2938117,-21.49716759,3599.857093,3746.993826,228
45.01,-122.66,9.831625,40,150.8856737,162.6512943,-18.38495636,3597.439776,3744.47291,292
45.01,-122.66,9.831625,40,150.8856737,162.6512943,-18.38495636,3597.439776,3744.47291,292
44.81,-120.73,9.8749847,61,150.5540502,162.2938117,-2.756901264,3599.857093,3746.993826,736
44.43,-122.72,9.8749847,53,150.5540502,162.2938117,-41.92197037,3599.857093,3746.993826,391
44.4,-122.65,9.8749847,50,150.5540502,162.2938117,-30.71356201,3599.857093,3746.993826,242
44.33,-122.99,9.8749847,39,150.5540502,162.2938117,-4.155235291,3599.857093,3746.993826,263
45.01,-123.51,9.831625,30,150.8856737,162.6512943,96.51564789,3597.439776,3744.47291,283
43.8,-123.88,9.5827484,25,152.8324644,164.74989,32.81764984,3583.460511,3729.894533,57
44.58,-122.84,9.8749847,30,150.5540502,162.2938117,-40.40718079,3599.857093,3746.993826,109
44.98,-122.65,9.831625,41,150.8856737,162.6512943,-18.38495636,3597.439776,3744.47291,222
44.19,-123.83,9.8100004,29,151.051884,162.8304652,48.94464111,3596.232206,3743.213586,239
44.71,-123.03,9.8749847,41,150.5540502,162.2938117,-14.42333031,3599.857093,3746.993826,66
44.71,-123.03,9.8749847,41,150.5540502,162.2938117,-14.42333031,3599.857093,3746.993826,66
43.67,-122.45,9.5827484,53,152.8324644,164.74989,-20.92564011,3583.460511,3729.894533,714
43.96,-122.84,9.5827484,45,152.8324644,164.74989,-36.44744873,3583.460511,3729.894533,183
45.03,-121.96,9.831625,239,150.8856737,162.6512943,2.68540144,3597.439776,3744.47291,736
44.78,-121.95,9.8749847,114,150.5540502,162.2938117,18.00877953,3599.857093,3746.993826,743
44.78,-121.95,9.8749847,135,150.5540502,162.2938117,18.00877953,3599.857093,3746.993826,743
44.78,-122.04,9.8749847,89,150.5540502,162.2938117,-7.28012085,3599.857093,3746.993826,693
44.83,-121.88,9.8749847,50,150.5540502,162.2938117,17.64155388,3599.857093,3746.993826,1107
45.02,-122.01,9.831625,279,150.8856737,162.6512943,-2.388395548,3597.439776,3744.47291,652
45,-122.06,9.831625,106,150.8856737,162.6512943,-2.388395548,3597.439776,3744.47291,554
44.2,-122.05,9.8749847,153,150.5540502,162.2938117,-29.06661987,3599.857093,3746.993826,747
44.15,-122.08,9.8749847,111,150.5540502,162.2938117,-29.06661987,3599.857093,3746.993826,820
44.72,-121.91,9.8749847,101,150.5540502,162.2938117,18.00877953,3599.857093,3746.993826,1384
43.95,-122.03,9.5827484,41,152.8324644,164.74989,15.65432167,3583.460511,3729.894533,905
43.72,-122.33,9.5827484,99,152.8324644,164.74989,-40.80078506,3583.460511,3729.894533,583
43.64,-122.19,9.5827484,102,152.8324644,164.74989,57.15774536,3583.460511,3729.894533,1004
44.07,-122.02,9.8749847,139,150.5540502,162.2938117,21.14157104,3599.857093,3746.993826,868
44.63,-121.94,9.8749847,105,150.5540502,162.2938117,8.348934174,3599.857093,3746.993826,767
44.02,-122.16,9.8749847,92,150.5540502,162.2938117,20.24207687,3599.857093,3746.993826,843
44.02,-122.16,9.8749847,92,150.5540502,162.2938117,20.24207687,3599.857093,3746.993826,843
44.45,-122.83,9.8749847,31,150.5540502,162.2938117,-18.78920174,3599.857093,3746.993826,329
44.62,-122.72,9.8749847,35,150.5540502,162.2938117,-47.05020523,3599.857093,3746.993826,212
44.62,-122.72,9.8749847,35,150.5540502,162.2938117,-47.05020523,3599.857093,3746.993826,212
44.61,-121.11,9.8749847,69,150.5540502,162.2938117,-18.73780632,3599.857093,3746.993826,717
44.16,-122.24,9.8749847,69,150.5540502,162.2938117,-44.25658798,3599.857093,3746.993826,406
44.47,-122.91,9.8749847,39,150.5540502,162.2938117,-28.75799561,3599.857093,3746.993826,374
45.05,-122.62,9.831625,44,150.8856737,162.6512943,-27.00218582,3597.439776,3744.47291,316
45.05,-122.62,9.831625,45,150.8856737,162.6512943,-27.00218582,3597.439776,3744.47291,316
44.44,-122.99,9.8749847,37,150.5540502,162.2938117,-14.83332443,3599.857093,3746.993826,225
44.3,-122.12,9.8749847,110,150.5540502,162.2938117,2.031518221,3599.857093,3746.993826,1038
46.85,-122.26,9.7773581,20,151.3038218,163.1020483,-22.03737259,3594.406856,3741.310007,383
46.31,-119.76,9.5389538,53,153.1828997,165.1276512,-19.65294266,3580.981887,3727.309682,1130
46.31,-119.76,9.5389538,98,153.1828997,165.1276512,-19.65294266,3580.981887,3727.309682,1130
46.63,-123.23,9.7773581,41,151.3038218,163.1020483,14.08168125,3594.406856,3741.310007,111
46.52,-122.46,9.6252508,34,152.4946585,164.385743,-11.95248985,3585.860591,3732.397473,210
46.89,-120.39,9.7773581,45,151.3038218,163.1020483,-19.43986511,3594.406856,3741.310007,785
46.61,-119.12,9.7773581,76,151.3038218,163.1020483,-43.87971115,3594.406856,3741.310007,1383
46.37,-119.29,9.543684,54,153.1449335,165.0867244,-41.72725677,3581.249874,3727.589154,1262
46.36,-119.27,9.543684,63,153.1449335,165.0867244,-41.72725677,3581.249874,3727.589154,1165
46.36,-119.27,9.543684,66,153.1449335,165.0867244,-41.72725677,3581.249874,3727.589154,1165
46.43,-119.28,9.543684,59,153.1449335,165.0867244,-41.72725677,3581.249874,3727.589154,1139
46.44,-119.4,9.543684,65,153.1449335,165.0867244,-41.3298378,3581.249874,3727.589154,963
45.86,-120.67,9.5405912,48,153.1697542,165.1134806,21.4060936,3581.074661,3727.406432,473
47.07,-122.22,9.7773581,17,151.3038218,163.1020483,-37.03865433,3594.406856,3741.310007,204
46.55,-122.31,9.6252508,26,152.4946585,164.385743,-31.763731,3585.860591,3732.397473,331
46.78,-122.26,9.7773581,33,151.3038218,163.1020483,21.3035717,3594.406856,3741.310007,503
45.71,-121.46,9.5560369,56,153.0459177,164.9799878,-36.9323616,3581.949407,3728.318668,25
45.71,-121.31,9.5560369,53,153.0459177,164.9799878,-35.03733826,3581.949407,3728.318668,164
46.6,-120.35,9.7773581,76,151.3038218,163.1020483,-33.21891403,3594.406856,3741.310007,1547
46.52,-120.01,9.6252508,52,152.4946585,164.385743,8.464323997,3585.860591,3732.397473,1060
46.42,-120.12,9.543684,69,153.1449335,165.0867244,-47.70885086,3581.249874,3727.589154,1177
46.42,-120.12,9.543684,78,153.1449335,165.0867244,-47.70885086,3581.249874,3727.589154,1177
46.48,-120.26,9.6252508,51,152.4946585,164.385743,-39.64412308,3585.860591,3732.397473,1080
48.43,-119.52,9.7773581,53,151.3038218,163.1020483,-36.44062424,3594.406856,3741.310007,1807
46.78,-120.67,9.7773581,58,151.3038218,163.1020483,-41.03712845,3594.406856,3741.310007,1303
46.55,-120.67,9.6252508,50,152.4946585,164.385743,-48.50888443,3585.860591,3732.397473,1247
46.55,-120.67,9.6252508,94,152.4946585,164.385743,-48.50888443,3585.860591,3732.397473,1247
46.53,-120.2,9.6252508,65,152.4946585,164.385743,-15.43357468,3585.860591,3732.397473,959
46.27,-119.45,9.5389538,293,153.1828997,165.1276512,-21.49023819,3580.981887,3727.309682,988
45.73,-121.8,9.5560369,265,153.0459177,164.9799878,-33.91680908,3581.949407,3728.318668,139
46.53,-120.33,9.6252508,66,152.4946585,164.385743,-39.64412308,3585.860591,3732.397473,959
46.14,-119.63,9.5399418,55,153.1749673,165.1191003,-2.076239586,3581.037867,3727.368062,916
46.25,-119.4,9.546627,68,153.1213261,165.0612763,-32.77682114,3581.416574,3727.762999,1011
45.82,-121.13,9.544672,51,153.137007,165.0781799,-17.11548996,3581.30584,3727.647519,203
45.96,-119.88,9.5455904,77,153.12964,165.0702385,-31.46304512,3581.357861,3727.70177,776
47.71,-121.14,9.7773581,99,151.3038218,163.1020483,56.87098312,3594.406856,3741.310007,952
47.71,-121.14,9.7773581,114,151.3038218,163.1020483,56.87098312,3594.406856,3741.310007,952
47.43,-121.41,9.7773581,43,151.3038218,163.1020483,6.328667641,3594.406856,3741.310007,989
46.65,-121.28,9.7773581,107,151.3038218,163.1020483,34.2663765,3594.406856,3741.310007,1122
45.81,-121.95,9.544672,91,153.137007,165.0781799,-17.49759293,3581.30584,3727.647519,377
46.67,-121.03,9.7773581,87,151.3038218,163.1020483,53.05566788,3594.406856,3741.310007,879
46.75,-120.64,9.7773581,46,151.3038218,163.1020483,-41.03712845,3594.406856,3741.310007,1529
47.01,-121.7,9.7773581,46,151.3038218,163.1020483,53.39808273,3594.406856,3741.310007,854
46.04,-119.64,9.5455904,38,153.12964,165.0702385,-22.04872131,3581.357861,3727.70177,903
46.04,-119.64,9.5455904,51,153.12964,165.0702385,-22.04872131,3581.357861,3727.70177,903
45.92,-120.19,9.5405912,43,153.1697542,165.1134806,2.030430555,3581.074661,3727.406432,664
45.92,-120.19,9.5405912,78,153.1697542,165.1134806,2.030430555,3581.074661,3727.406432,664
45.88,-122.45,9.5405912,41,153.1697542,165.1134806,-19.9641819,3581.074661,3727.406432,345
45.84,-122.53,9.544672,40,153.137007,165.0781799,-39.53856659,3581.30584,3727.647519,132
45.94,-122.71,9.5405912,37,153.1697542,165.1134806,-24.84953308,3581.074661,3727.406432,67
47,-119.53,9.7773581,79,151.3038218,163.1020483,-21.61424637,3594.406856,3741.310007,1620
45.99,-120.38,9.5455904,59,153.12964,165.0702385,54.03989792,3581.357861,3727.70177,1024
45.99,-120.38,9.5455904,65,153.12964,165.0702385,54.03989792,3581.357861,3727.70177,1024
45.99,-120.38,9.5455904,104,153.12964,165.0702385,54.03989792,3581.357861,3727.70177,1024
47.45,-120.36,9.7773581,46,151.3038218,163.1020483,-37.91268158,3594.406856,3741.310007,1943
46.46,-120.23,9.6252508,52,152.4946585,164.385743,-39.64412308,3585.860591,3732.397473,1274
46.6,-120.38,9.7773581,41,151.3038218,163.1020483,-33.21891403,3594.406856,3741.310007,1547
45.83,-120.82,9.544672,55,153.137007,165.0781799,-8.67604351,3581.30584,3727.647519,346
45.83,-120.82,9.544672,71,153.137007,165.0781799,-8.67604351,3581.30584,3727.647519,346
45.76,-120.53,9.544672,52,153.137007,165.0781799,-21.52614784,3581.30584,3727.647519,590
46.54,-122.48,9.6252508,31,152.4946585,164.385743,-11.95248985,3585.860591,3732.397473,199
45.9,-122.66,9.5405912,41,153.1697542,165.1134806,-17.16711617,3581.074661,3727.406432,143
45.61,-122.13,9.5370016,56,153.198577,165.1445509,-28.07614899,3580.871267,3727.194321,325
45.61,-122.13,9.5370016,72,153.198577,165.1445509,-28.07614899,3580.871267,3727.194321,325
45.88,-120.93,9.5405912,39,153.1697542,165.1134806,-3.672776699,3581.074661,3727.406432,522
45.89,-122.5,9.5405912,51,153.1697542,165.1134806,-19.9641819,3581.074661,3727.406432,235
45.7,-121.41,9.5560369,58,153.0459177,164.9799878,-36.9323616,3581.949407,3728.318668,147
45.74,-121.18,9.5560369,53,153.0459177,164.9799878,-34.41330338,3581.949407,3728.318668,539
45.7,-120.92,9.5560369,44,153.0459177,164.9799878,-29.77067184,3581.949407,3728.318668,604
45.61,-122.18,9.5370016,37,153.198577,165.1445509,-28.07614899,3580.871267,3727.194321,300
45.61,-122.18,9.5370016,38,153.198577,165.1445509,-28.07614899,3580.871267,3727.194321,300
46.33,-120.78,9.5389538,73,153.1828997,165.1276512,-57.34260178,3580.981887,3727.309682,1089
46.53,-122.55,9.6252508,38,152.4946585,164.385743,-11.95248985,3585.860591,3732.397473,183
45.7,-121.24,9.5560369,41,153.0459177,164.9799878,-34.41330338,3581.949407,3728.318668,341
47.11,-120.68,9.7773581,35,151.3038218,163.1020483,-46.54034424,3594.406856,3741.310007,1217
46.53,-122.56,9.6252508,30,152.4946585,164.385743,-18.87744522,3585.860591,3732.397473,132
46.28,-120,9.5389538,92,153.1828997,165.1276512,-42.25151062,3580.981887,3727.309682,992
46.73,-120.76,9.7773581,35,151.3038218,163.1020483,-24.01036263,3594.406856,3741.310007,1363
45.7,-121.42,9.5560369,51,153.0459177,164.9799878,-36.9323616,3581.949407,3728.318668,211
46.67,-120.6,9.7773581,57,151.3038218,163.1020483,-45.24936295,3594.406856,3741.310007,797
45.88,-120.69,9.5405912,75,153.1697542,165.1134806,21.4060936,3581.074661,3727.406432,522
45.88,-120.69,9.5405912,76,153.1697542,165.1134806,21.4060936,3581.074661,3727.406432,522
46.68,-120.75,9.7773581,108,151.3038218,163.1020483,-24.01036263,3594.406856,3741.310007,937
46.3,-122.87,9.5389538,22,153.1828997,165.1276512,-13.46061039,3580.981887,3727.309682,189
46.57,-123.03,9.7773581,46,151.3038218,163.1020483,-5.653169632,3594.406856,3741.310007,198
47.16,-119.32,9.7773581,59,151.3038218,163.1020483,-24.49332237,3594.406856,3741.310007,691
47.16,-119.32,9.7773581,80,151.3038218,163.1020483,-24.49332237,3594.406856,3741.310007,691
46.51,-122.49,9.6252508,45,152.4946585,164.385743,-11.95248985,3585.860591,3732.397473,318
45.71,-121.87,9.5560369,47,153.0459177,164.9799878,-61.11421204,3581.949407,3728.318668,191
45.82,-120.82,9.544672,30,153.137007,165.0781799,-8.67604351,3581.30584,3727.647519,443
45.74,-121.12,9.5560369,61,153.0459177,164.9799878,-14.30579662,3581.949407,3728.318668,667
45.73,-121.11,9.5560369,58,153.0459177,164.9799878,-14.30579662,3581.949407,3728.318668,606
45.61,-122.13,9.5370016,66,153.198577,165.1445509,-28.07614899,3580.871267,3727.194321,325
45.61,-122.13,9.5370016,58,153.198577,165.1445509,-28.07614899,3580.871267,3727.194321,325
46.82,-120.66,9.7773581,33,151.3038218,163.1020483,2.712940931,3594.406856,3741.310007,959
46.55,-122.58,9.6252508,38,152.4946585,164.385743,-18.87744522,3585.860591,3732.397473,270
45.73,-122.41,9.5560369,43,153.0459177,164.9799878,-6.739209175,3581.949407,3728.318668,420
45.94,-120.97,9.5405912,49,153.1697542,165.1134806,-3.672776699,3581.074661,3727.406432,702
46.44,-120.2,9.543684,65,153.1449335,165.0867244,-47.70885086,3581.249874,3727.589154,963
45.74,-120.23,9.5560369,85,153.0459177,164.9799878,-40.65719986,3581.949407,3728.318668,507
48.69,-119.5,9.57864,73,152.8652368,164.7852179,-64.93816376,3583.228231,3729.652298,1093
45.6,-122.4,9.5370016,50,153.198577,165.1445509,-37.79445267,3580.871267,3727.194321,78
45.64,-122.44,9.5370016,49,153.198577,165.1445509,-6.739209175,3580.871267,3727.194321,97
46.55,-121.79,9.6252508,9,152.4946585,164.385743,4.644052505,3585.860591,3732.397473,549
46.73,-121.85,9.7773581,43,151.3038218,163.1020483,36.38318253,3594.406856,3741.310007,722
45.64,-121.98,9.5370016,69,153.198577,165.1445509,-21.53112602,3580.871267,3727.194321,14
45.65,-121.95,9.5370016,189,153.198577,165.1445509,-61.11421204,3580.871267,3727.194321,13
45.65,-121.96,9.5370016,120,153.198577,165.1445509,-61.11421204,3580.871267,3727.194321,21
46.71,-121.58,9.7773581,73,151.3038218,163.1020483,8.267661095,3594.406856,3741.310007,593
46.62,-121.69,9.7773581,69,151.3038218,163.1020483,-28.45617294,3594.406856,3741.310007,353
46.52,-121.94,9.6252508,72,152.4946585,164.385743,-40.55765533,3585.860591,3732.397473,277
46.27,-122.24,9.5389538,36,153.1828997,165.1276512,43.8817215,3580.981887,3727.309682,893
46.17,-122.27,9.546627,44,153.1213261,165.0612763,44.67371368,3581.416574,3727.762999,956
46.53,-122.84,9.6252508,36,152.4946585,164.385743,-35.00421906,3585.860591,3732.397473,171
46.54,-122.85,9.6252508,36,152.4946585,164.385743,-35.00421906,3585.860591,3732.397473,155
47.57,-120.16,9.7773581,24,151.3038218,163.1020483,42.22933578,3594.406856,3741.310007,1792
46.62,-122.23,9.7773581,29,151.3038218,163.1020483,18.22399139,3594.406856,3741.310007,409
46.43,-120.18,9.543684,43,153.1449335,165.0867244,-47.70885086,3581.249874,3727.589154,1139
46.73,-120.78,9.7773581,52,151.3038218,163.1020483,-24.01036263,3594.406856,3741.310007,1363
45.71,-121.88,9.5560369,33,153.0459177,164.9799878,-61.11421204,3581.949407,3728.318668,196
46.41,-120.08,9.543684,63,153.1449335,165.0867244,-32.34297943,3581.249874,3727.589154,1048
46.41,-120.08,9.543684,67,153.1449335,165.0867244,-32.34297943,3581.249874,3727.589154,1048
45.77,-122.2,9.544672,56,153.137007,165.0781799,36.1395874,3581.30584,3727.647519,600
45.77,-122.2,9.544672,68,153.137007,165.0781799,36.1395874,3581.30584,3727.647519,600
45.77,-122.19,9.544672,65,153.137007,165.0781799,36.1395874,3581.30584,3727.647519,696
45.77,-122.22,9.544672,64,153.137007,165.0781799,24.33252525,3581.30584,3727.647519,1051
45.77,-122.2,9.544672,46,153.137007,165.0781799,36.1395874,3581.30584,3727.647519,600
45.77,-122.2,9.544672,69,153.137007,165.0781799,36.1395874,3581.30584,3727.647519,600
45.77,-122.2,9.544672,68,153.137007,165.0781799,36.1395874,3581.30584,3727.647519,600
45.77,-122.2,9.544672,43,153.137007,165.0781799,36.1395874,3581.30584,3727.647519,600
45.77,-122.2,9.544672,81,153.137007,165.0781799,36.1395874,3581.30584,3727.647519,600
45.77,-122.2,9.544672,64,153.137007,165.0781799,36.1395874,3581.30584,3727.647519,600
45.78,-122.2,9.544672,42,153.137007,165.0781799,36.1395874,3581.30584,3727.647519,705
46.53,-122.82,9.6252508,37,152.4946585,164.385743,-35.00421906,3585.860591,3732.397473,176
46.54,-122.82,9.6252508,29,152.4946585,164.385743,-35.00421906,3585.860591,3732.397473,162
46.54,-122.82,9.6252508,31,152.4946585,164.385743,-35.00421906,3585.860591,3732.397473,162
46.53,-122.83,9.6252508,36,152.4946585,164.385743,-35.00421906,3585.860591,3732.397473,168
46.53,-122.83,9.6252508,39,152.4946585,164.385743,-35.00421906,3585.860591,3732.397473,168
46.54,-122.62,9.6252508,20,152.4946585,164.385743,-18.87744522,3585.860591,3732.397473,184
45.76,-121.54,9.544672,27,153.137007,165.0781799,-22.93688011,3581.30584,3727.647519,254
45.76,-121.54,9.544672,34,153.137007,165.0781799,-22.93688011,3581.30584,3727.647519,254
46.63,-120.41,9.7773581,52,151.3038218,163.1020483,-33.21891403,3594.406856,3741.310007,1458
45.71,-121.89,9.5560369,49,153.0459177,164.9799878,-61.11421204,3581.949407,3728.318668,179
47.12,-120.68,9.7773581,40,151.3038218,163.1020483,-46.54034424,3594.406856,3741.310007,1217
45.91,-121.05,9.5405912,49,153.1697542,165.1134806,-11.54324436,3581.074661,3727.406432,581
45.67,-122.38,9.5560369,36,153.0459177,164.9799878,-6.739209175,3581.949407,3728.318668,368
45.77,-121.12,9.544672,43,153.137007,165.0781799,-17.11548996,3581.30584,3727.647519,651
46.62,-120.41,9.7773581,38,151.3038218,163.1020483,-33.21891403,3594.406856,3741.310007,1217
47.24,-120.01,9.7773581,41,151.3038218,163.1020483,-43.46603775,3594.406856,3741.310007,879
47.24,-120.01,9.7773581,51,151.3038218,163.1020483,-43.46603775,3594.406856,3741.310007,879
45.82,-122.46,9.544672,60,153.137007,165.0781799,-39.53856659,3581.30584,3727.647519,223
46.83,-120.21,9.7773581,61,151.3038218,163.1020483,13.95737648,3594.406856,3741.310007,909
46.83,-120.21,9.7773581,51,151.3038218,163.1020483,13.95737648,3594.406856,3741.310007,909
39.51,-119.75,16.215477,89.1,117.4886178,126.6500343,-17.4012146,3909.395591,4069.798259,1000
43.33,-119.57,9.4671307,276.1,153.7628686,165.7528443,1.426195741,3576.904597,3723.057651,1313
43.31,-119.54,9.4671307,100.4,153.7628686,165.7528443,1.426195741,3576.904597,3723.057651,1313
43.35,-119.67,9.4671307,338.9,153.7628686,165.7528443,1.97349596,3576.904597,3723.057651,1313
43.49,-119.54,9.5357075,133.9,153.208972,165.1557565,13.5412674,3580.797932,3727.117843,1375
43.15,-119.72,9.2272873,92,155.7484156,167.8932185,4.349617004,3563.175759,3708.740434,1315
43.11,-119.73,8.97577,113,157.9155151,170.229302,4.349617004,3548.585631,3693.525015,1331
40.42,-119.41,16.524179,622.4,116.3859923,125.4614292,-14.39539051,3922.74802,4083.722935,1720
40.42,-119.4,16.524179,254.8,116.3859923,125.4614292,9.464454651,3922.74802,4083.722935,1720
40.37,-119.4,16.524179,366.8,116.3859923,125.4614292,-3.986682653,3922.74802,4083.722935,1628
40.36,-119.4,16.524179,311.5,116.3859923,125.4614292,-3.986682653,3922.74802,4083.722935,1618
40.36,-119.41,16.524179,401.9,116.3859923,125.4614292,12.98807621,3922.74802,4083.722935,1618
40.35,-119.36,16.524179,462.8,116.3859923,125.4614292,-3.986682653,3922.74802,4083.722935,1611
40.35,-119.4,16.524179,180.5,116.3859923,125.4614292,-3.986682653,3922.74802,4083.722935,1611
40.4,-119.4,16.524179,5832,116.3859923,125.4614292,9.464454651,3922.74802,4083.722935,1680
40.4,-119.4,16.524179,1901.8,116.3859923,125.4614292,9.464454651,3922.74802,4083.722935,1680
40.4,-119.41,16.524179,1575,116.3859923,125.4614292,-14.39539051,3922.74802,4083.722935,1680
40.4,-119.4,16.524179,262.1,116.3859923,125.4614292,9.464454651,3922.74802,4083.722935,1680
40.41,-119.4,16.524179,5374.8,116.3859923,125.4614292,9.464454651,3922.74802,4083.722935,1699
39.86,-119.01,16.215477,127.4,117.4886178,126.6500343,-2.713376045,3909.395591,4069.798259,1625
44.79,-122.57,9.8749847,56.96,150.5540502,162.2938117,-47.82718277,3599.857093,3746.993826,244
44.4,-122.51,9.8749847,49.96,150.5540502,162.2938117,-32.22876358,3599.857093,3746.993826,322
44.75,-122.39,9.8749847,40.89,150.5540502,162.2938117,-13.0209713,3599.857093,3746.993826,330
44.4,-122.49,9.8749847,43.96,150.5540502,162.2938117,-32.22876358,3599.857093,3746.993826,280
44.12,-122.41,9.8749847,51.96,150.5540502,162.2938117,-19.34528923,3599.857093,3746.993826,326
44.75,-122.62,9.8749847,50.02,150.5540502,162.2938117,-47.82718277,3599.857093,3746.993826,502
44.59,-122.37,9.8749847,47.96,150.5540502,162.2938117,31.60217667,3599.857093,3746.993826,506
44.12,-122.45,9.8749847,43.96,150.5540502,162.2938117,-17.94156837,3599.857093,3746.993826,379
44.11,-122.43,9.8749847,53.96,150.5540502,162.2938117,-19.34528923,3599.857093,3746.993826,313
39.91,-119.22,16.215477,380.4,117.4886178,126.6500343,20.23330116,3909.395591,4069.798259,1356
39.95,-119.2,16.215477,58.2,117.4886178,126.6500343,20.23330116,3909.395591,4069.798259,1124
39.95,-119,16.215477,81.9,117.4886178,126.6500343,5.891718864,3909.395591,4069.798259,1124
39.95,-119.02,16.215477,122.9,117.4886178,126.6500343,5.891718864,3909.395591,4069.798259,1124
39.96,-119.1,16.215477,191.1,117.4886178,126.6500343,18.20953751,3909.395591,4069.798259,1300
39.96,-119.07,16.215477,254.8,117.4886178,126.6500343,18.20953751,3909.395591,4069.798259,1300
39.96,-119.06,16.215477,116.5,117.4886178,126.6500343,18.20953751,3909.395591,4069.798259,1300
39.96,-119.04,16.215477,218.4,117.4886178,126.6500343,5.891718864,3909.395591,4069.798259,1300
39.96,-119.25,16.215477,327.6,117.4886178,126.6500343,20.23330116,3909.395591,4069.798259,1300
39.97,-119.01,16.215477,196.6,117.4886178,126.6500343,5.891718864,3909.395591,4069.798259,1338
39.97,-119.05,16.215477,318.5,117.4886178,126.6500343,5.891718864,3909.395591,4069.798259,1338
39.98,-119.02,16.215477,262.1,117.4886178,126.6500343,5.891718864,3909.395591,4069.798259,1258
39.98,-119.02,16.215477,262.1,117.4886178,126.6500343,5.891718864,3909.395591,4069.798259,1258
39.98,-119.11,16.215477,122.9,117.4886178,126.6500343,18.20953751,3909.395591,4069.798259,1258
39.99,-119.03,16.215477,294.8,117.4886178,126.6500343,5.891718864,3909.395591,4069.798259,1313
39.99,-119.05,16.215477,318.5,117.4886178,126.6500343,5.891718864,3909.395591,4069.798259,1313
39.99,-119.29,16.215477,72.8,117.4886178,126.6500343,20.23330116,3909.395591,4069.798259,1313
39.99,-119.03,16.215477,294.8,117.4886178,126.6500343,5.891718864,3909.395591,4069.798259,1313
39.99,-119.02,16.215477,294.8,117.4886178,126.6500343,5.891718864,3909.395591,4069.798259,1313
39.99,-119.01,16.215477,262.1,117.4886178,126.6500343,5.891718864,3909.395591,4069.798259,1313
40,-119.17,16.215477,136.5,117.4886178,126.6500343,18.20953751,3909.395591,4069.798259,1270
40,-119.05,16.215477,318.5,117.4886178,126.6500343,5.891718864,3909.395591,4069.798259,1270
44.31,-122.12,9.8749847,108.8,150.5540502,162.2938117,2.031518221,3599.857093,3746.993826,1012
46.74,-121.51,9.7773581,118.8,151.3038218,163.1020483,8.267661095,3594.406856,3741.310007,1069
46.71,-121.48,9.7773581,42.3,151.3038218,163.1020483,63.31586838,3594.406856,3741.310007,1104
46.71,-121.55,9.7773581,45.2,151.3038218,163.1020483,8.267661095,3594.406856,3741.310007,726
44.16,-122.25,9.8749847,66.9,150.5540502,162.2938117,-44.25658798,3599.857093,3746.993826,376
46.68,-121.45,9.7773581,156.9,151.3038218,163.1020483,63.31586838,3594.406856,3741.310007,1229
46.66,-121.51,9.7773581,66.9,151.3038218,163.1020483,9.045704842,3594.406856,3741.310007,974
46.67,-121.57,9.7773581,41.4,151.3038218,163.1020483,9.045704842,3594.406856,3741.310007,781
38.76,-119.15,16.215477,351.6,117.4886178,126.6500343,-23.63700485,3909.395591,4069.798259,222
40.41,-119.4,16.524179,356.7,116.3859923,125.4614292,9.464454651,3922.74802,4083.722935,1699
40.39,-119.4,16.524179,2918,116.3859923,125.4614292,9.464454651,3922.74802,4083.722935,1664
45.45,-121.16,9.5407829,42,153.1682153,165.1118218,-5.653716087,3581.085522,3727.417758,477
40.39,-119.4,16.524179,1397.6,116.3859923,125.4614292,9.464454651,3922.74802,4083.722935,1664
40.4,-119.4,16.524179,5446.4,116.3859923,125.4614292,9.464454651,3922.74802,4083.722935,1680
40.41,-119.41,16.524179,8420.4,116.3859923,125.4614292,-14.39539051,3922.74802,4083.722935,1699
40.41,-119.4,16.524179,3670.4,116.3859923,125.4614292,9.464454651,3922.74802,4083.722935,1699
40.41,-119.39,16.524179,1563.7,116.3859923,125.4614292,9.464454651,3922.74802,4083.722935,1699
40.46,-119.42,16.524179,131,116.3859923,125.4614292,-14.39539051,3922.74802,4083.722935,1735
40.45,-119.42,16.524179,127.4,116.3859923,125.4614292,-14.39539051,3922.74802,4083.722935,1729
43.55,-119.95,9.5357075,203.8,153.208972,165.1557565,19.53007507,3580.797932,3727.117843,1425
43.55,-119.95,9.5357075,171,153.208972,165.1557565,19.53007507,3580.797932,3727.117843,1425
43.74,-121.29,9.5827484,120.4,152.8324644,164.74989,46.96601105,3583.460511,3729.894533,1923
43.74,-121.29,9.5827484,208.6,152.8324644,164.74989,46.96601105,3583.460511,3729.894533,1923
38.94,-122.97,17.939177,92,111.7016019,120.411764,48.62863159,3982.413297,4145.945295,752
38.78,-122.7,17.580811,502,112.8343175,121.6328054,64.02696228,3967.531719,4130.425936,548
38.78,-122.7,17.580811,658,112.8343175,121.6328054,64.02696228,3967.531719,4130.425936,548
38.79,-122.7,17.580811,402,112.8343175,121.6328054,64.02696228,3967.531719,4130.425936,626
38.79,-122.7,17.580811,367,112.8343175,121.6328054,64.02696228,3967.531719,4130.425936,626
38.78,-122.69,17.580811,372,112.8343175,121.6328054,64.02696228,3967.531719,4130.425936,476
38.78,-122.69,17.580811,367.1,112.8343175,121.6328054,64.02696228,3967.531719,4130.425936,476
38.86,-122.89,17.834578,155,112.0286855,120.7643525,29.22932434,3978.085182,4141.43169,873
38.87,-122.87,17.834578,84,112.0286855,120.7643525,29.22932434,3978.085182,4141.43169,911
38.89,-122.92,17.834578,156,112.0286855,120.7643525,48.62863159,3978.085182,4141.43169,743
38.88,-122.95,17.834578,156,112.0286855,120.7643525,48.62863159,3978.085182,4141.43169,602
38.87,-122.9,17.834578,151,112.0286855,120.7643525,29.22932434,3978.085182,4141.43169,721
38.87,-122.9,17.834578,145,112.0286855,120.7643525,29.22932434,3978.085182,4141.43169,721
38.85,-122.92,17.834578,163,112.0286855,120.7643525,9.416354179,3978.085182,4141.43169,616
38.85,-122.92,17.834578,172.5,112.0286855,120.7643525,9.416354179,3978.085182,4141.43169,616
38.86,-122.9,17.834578,234,112.0286855,120.7643525,29.22932434,3978.085182,4141.43169,719
38.87,-122.92,17.834578,133,112.0286855,120.7643525,48.62863159,3978.085182,4141.43169,930
38.92,-122.95,17.834578,117,112.0286855,120.7643525,48.62863159,3978.085182,4141.43169,862
38.9,-122.91,17.834578,92,112.0286855,120.7643525,48.62863159,3978.085182,4141.43169,822
38.92,-122.8,17.834578,42,112.0286855,120.7643525,29.22932434,3978.085182,4141.43169,631
38.9,-122.8,17.834578,96,112.0286855,120.7643525,29.22932434,3978.085182,4141.43169,774
38.8,-122.68,17.580811,113,112.8343175,121.6328054,64.02696228,3967.531719,4130.425936,848
40.44,-119.41,16.524179,149.2,116.3859923,125.4614292,-14.39539051,3922.74802,4083.722935,1728
40.44,-119.41,16.524179,262,116.3859923,125.4614292,-14.39539051,3922.74802,4083.722935,1728
40.44,-119.41,16.524179,152.8,116.3859923,125.4614292,-14.39539051,3922.74802,4083.722935,1728
40.44,-119.41,16.524179,152.8,116.3859923,125.4614292,-14.39539051,3922.74802,4083.722935,1728
40.44,-119.42,16.524179,127.4,116.3859923,125.4614292,-14.39539051,3922.74802,4083.722935,1728
40.36,-119.39,16.524179,211,116.3859923,125.4614292,-3.986682653,3922.74802,4083.722935,1618
40.43,-119.41,16.524179,127.4,116.3859923,125.4614292,-14.39539051,3922.74802,4083.722935,1735
40.43,-119.4,16.524179,229.2,116.3859923,125.4614292,9.464454651,3922.74802,4083.722935,1735
40.44,-119.39,16.524179,116.4,116.3859923,125.4614292,9.464454651,3922.74802,4083.722935,1728
40.45,-119.4,16.524179,102,116.3859923,125.4614292,9.464454651,3922.74802,4083.722935,1729
40.44,-119.4,16.524179,206.3,116.3859923,125.4614292,9.464454651,3922.74802,4083.722935,1728
40.45,-119.4,16.524179,150.7,116.3859923,125.4614292,9.464454651,3922.74802,4083.722935,1729
40.46,-119.41,16.524179,222,116.3859923,125.4614292,-14.39539051,3922.74802,4083.722935,1735
40.34,-119.39,16.524179,178.4,116.3859923,125.4614292,-3.986682653,3922.74802,4083.722935,1604
39.72,-119.02,16.215477,76.4,117.4886178,126.6500343,-15.50262451,3909.395591,4069.798259,1656
40.34,-119.43,16.524179,189.2,116.3859923,125.4614292,12.98807621,3922.74802,4083.722935,1604
40.38,-119.4,16.524179,1674.4,116.3859923,125.4614292,9.464454651,3922.74802,4083.722935,1650
40.41,-119.43,16.524179,75.7,116.3859923,125.4614292,-14.39539051,3922.74802,4083.722935,1699
40.42,-119.43,16.524179,98.2,116.3859923,125.4614292,-14.39539051,3922.74802,4083.722935,1720
40.42,-119.41,16.524179,258.4,116.3859923,125.4614292,-14.39539051,3922.74802,4083.722935,1720
40.44,-119.43,16.524179,100,116.3859923,125.4614292,-14.39539051,3922.74802,4083.722935,1728
40.35,-119.42,16.524179,203.8,116.3859923,125.4614292,12.98807621,3922.74802,4083.722935,1611
40.39,-119.41,16.524179,1820,116.3859923,125.4614292,-14.39539051,3922.74802,4083.722935,1664
40.36,-119.42,16.524179,455,116.3859923,125.4614292,12.98807621,3922.74802,4083.722935,1618
40.36,-119.43,16.524179,167,116.3859923,125.4614292,12.98807621,3922.74802,4083.722935,1618
40.38,-119.44,16.524179,1528.8,116.3859923,125.4614292,-14.39539051,3922.74802,4083.722935,1650
40.39,-119.44,16.524179,1019.2,116.3859923,125.4614292,-14.39539051,3922.74802,4083.722935,1664
40.39,-119.44,16.524179,1820,116.3859923,125.4614292,-14.39539051,3922.74802,4083.722935,1664
40.34,-119.42,16.524179,145.6,116.3859923,125.4614292,12.98807621,3922.74802,4083.722935,1604
40.34,-119.4,16.524179,225.6,116.3859923,125.4614292,-3.986682653,3922.74802,4083.722935,1604
40.37,-119.39,16.524179,200.2,116.3859923,125.4614292,-3.986682653,3922.74802,4083.722935,1628
39.54,-119.74,16.215477,115.5,117.4886178,126.6500343,-17.4012146,3909.395591,4069.798259,1209
40.36,-119.39,16.524179,189.2,116.3859923,125.4614292,-3.986682653,3922.74802,4083.722935,1618
40.33,-119.41,16.524179,216.9,116.3859923,125.4614292,12.98807621,3922.74802,4083.722935,1592
40.39,-119.4,16.524179,491.4,116.3859923,125.4614292,9.464454651,3922.74802,4083.722935,1664
40.38,-119.39,16.524179,143.3,116.3859923,125.4614292,9.464454651,3922.74802,4083.722935,1650
40.38,-119.39,16.524179,446.4,116.3859923,125.4614292,9.464454651,3922.74802,4083.722935,1650
40.38,-119.39,16.524179,204.8,116.3859923,125.4614292,9.464454651,3922.74802,4083.722935,1650
40.38,-119.4,16.524179,632.2,116.3859923,125.4614292,9.464454651,3922.74802,4083.722935,1650
40.38,-119.39,16.524179,229.3,116.3859923,125.4614292,9.464454651,3922.74802,4083.722935,1650
40.37,-119.38,16.524179,134.3,116.3859923,125.4614292,-3.986682653,3922.74802,4083.722935,1628
40.39,-119.39,16.524179,176.9,116.3859923,125.4614292,9.464454651,3922.74802,4083.722935,1664
40.4,-119.39,16.524179,159.5,116.3859923,125.4614292,9.464454651,3922.74802,4083.722935,1680
40.38,-119.4,16.524179,1870.2,116.3859923,125.4614292,9.464454651,3922.74802,4083.722935,1650
40.41,-119.39,16.524179,345.8,116.3859923,125.4614292,9.464454651,3922.74802,4083.722935,1699
40.41,-119.39,16.524179,98.7,116.3859923,125.4614292,9.464454651,3922.74802,4083.722935,1699
40.38,-119.39,16.524179,150.7,116.3859923,125.4614292,9.464454651,3922.74802,4083.722935,1650
40.38,-119.39,16.524179,235.8,116.3859923,125.4614292,9.464454651,3922.74802,4083.722935,1650
45.66,-121.33,9.5560369,54,153.0459177,164.9799878,-35.03733826,3581.949407,3728.318668,380
43.75,-121.27,9.5827484,262.4,152.8324644,164.74989,104.7018356,3583.460511,3729.894533,2104
45.03,-121.97,9.831625,287,150.8856737,162.6512943,2.68540144,3597.439776,3744.47291,679
43.74,-121.29,9.5827484,137.2,152.8324644,164.74989,46.96601105,3583.460511,3729.894533,1923
43.74,-121.29,9.5827484,191.8,152.8324644,164.74989,46.96601105,3583.460511,3729.894533,1923
43.74,-121.29,9.5827484,238.4,152.8324644,164.74989,46.96601105,3583.460511,3729.894533,1923
40.37,-119.4,16.524179,277.6,116.3859923,125.4614292,-3.986682653,3922.74802,4083.722935,1628
41.74,-121.31,8.7112598,79,160.2950739,172.7944117,2.494198561,3533.019518,3677.291784,1262
41.72,-121.3,17.755274,13.7,112.278595,121.0337493,2.494198561,3974.795262,4138.000773,1263
41.72,-121.3,17.755274,544,112.278595,121.0337493,2.494198561,3974.795262,4138.000773,1263
38.78,-122.72,17.580811,765,112.8343175,121.6328054,64.02696228,3967.531719,4130.425936,683
38.78,-122.7,17.580811,437.9,112.8343175,121.6328054,64.02696228,3967.531719,4130.425936,548
38.77,-122.73,17.580811,139,112.8343175,121.6328054,64.02696228,3967.531719,4130.425936,1000
38.77,-122.72,17.580811,1507,112.8343175,121.6328054,64.02696228,3967.531719,4130.425936,799
38.78,-122.69,17.580811,418.6,112.8343175,121.6328054,64.02696228,3967.531719,4130.425936,476
42.23,-121.76,8.7200031,3526.4,160.214692,172.707762,-2.806406498,3533.537798,3677.832275,1293
38.76,-122.67,17.580811,232,112.8343175,121.6328054,18.75132561,3967.531719,4130.425936,610
38.76,-122.67,17.580811,267,112.8343175,121.6328054,18.75132561,3967.531719,4130.425936,610
38.76,-122.68,17.580811,438,112.8343175,121.6328054,64.02696228,3967.531719,4130.425936,728
38.77,-122.69,17.580811,319,112.8343175,121.6328054,64.02696228,3967.531719,4130.425936,464
38.77,-122.66,17.580811,207,112.8343175,121.6328054,18.75132561,3967.531719,4130.425936,388
43.8,-122.42,9.5827484,43,152.8324644,164.74989,-18.92689514,3583.460511,3729.894533,720
38.77,-122.85,17.725136,219,112.374008,121.1366023,37.64468002,3973.543064,4136.694909,845
38.82,-122.87,17.725136,270,112.374008,121.1366023,37.64468002,3973.543064,4136.694909,374
38.8,-122.89,17.725136,248,112.374008,121.1366023,37.64468002,3973.543064,4136.694909,361
38.8,-122.87,17.725136,132,112.374008,121.1366023,37.64468002,3973.543064,4136.694909,567
38.79,-122.84,17.725136,177,112.374008,121.1366023,37.64468002,3973.543064,4136.694909,624
38.78,-122.86,17.725136,232,112.374008,121.1366023,37.64468002,3973.543064,4136.694909,699
38.78,-122.8,17.725136,154.7,112.374008,121.1366023,37.64468002,3973.543064,4136.694909,907
38.78,-122.79,17.725136,357,112.374008,121.1366023,64.02696228,3973.543064,4136.694909,828
38.77,-122.79,17.725136,198,112.374008,121.1366023,64.02696228,3973.543064,4136.694909,928
38.77,-122.77,17.725136,211.8,112.374008,121.1366023,64.02696228,3973.543064,4136.694909,930
38.82,-122.89,17.834578,193,112.0286855,120.7643525,37.64468002,3978.085182,4141.43169,528
42.23,-121.76,8.7200031,540,160.214692,172.707762,-2.806406498,3533.537798,3677.832275,1293
40.68,-119.36,16.676729,222,115.8524502,124.8862831,-27.88883018,3929.300284,4090.556011,1699
39.79,-119.02,16.215477,6023.6,117.4886178,126.6500343,-15.50262451,3909.395591,4069.798259,1359
40.88,-119.34,16.815744,326,115.3725829,124.3689972,-26.55411148,3935.24515,4096.755656,1384
40.87,-119.33,16.815744,502,115.3725829,124.3689972,-26.55411148,3935.24515,4096.755656,1374
40.7,-119.35,16.676729,29,115.8524502,124.8862831,-27.88883018,3929.300284,4090.556011,1749
39.76,-119.01,16.215477,1209.1,117.4886178,126.6500343,-15.50262451,3909.395591,4069.798259,1678
39.8,-119.01,16.215477,5693.6,117.4886178,126.6500343,-2.713376045,3909.395591,4069.798259,1160
39.81,-119,16.215477,7609.8,117.4886178,126.6500343,-2.713376045,3909.395591,4069.798259,1493
40.65,-119.39,16.676729,565,115.8524502,124.8862831,-27.88883018,3929.300284,4090.556011,1753
39.78,-119.02,16.215477,2763.2,117.4886178,126.6500343,-15.50262451,3909.395591,4069.798259,1604
39.78,-119.01,16.215477,7730.8,117.4886178,126.6500343,-15.50262451,3909.395591,4069.798259,1604
40.65,-119.35,16.676729,59,115.8524502,124.8862831,-27.88883018,3929.300284,4090.556011,1753
40.65,-119.37,16.676729,318,115.8524502,124.8862831,-27.88883018,3929.300284,4090.556011,1753
40.66,-119.38,16.676729,218,115.8524502,124.8862831,-27.88883018,3929.300284,4090.556011,1719
39.81,-119.02,16.215477,568,117.4886178,126.6500343,-2.713376045,3909.395591,4069.798259,1493
40.65,-119.39,16.676729,418,115.8524502,124.8862831,-27.88883018,3929.300284,4090.556011,1753
40.64,-119.41,16.676729,79,115.8524502,124.8862831,-46.11700821,3929.300284,4090.556011,1838
39.78,-119.02,16.215477,612.9,117.4886178,126.6500343,-15.50262451,3909.395591,4069.798259,1604
40.78,-119.34,16.815744,502,115.3725829,124.3689972,31.69000244,3935.24515,4096.755656,1761
38.78,-122.67,17.580811,305,112.8343175,121.6328054,18.75132561,3967.531719,4130.425936,496
38.78,-122.66,17.580811,196,112.8343175,121.6328054,18.75132561,3967.531719,4130.425936,528
38.77,-122.64,17.580811,322,112.8343175,121.6328054,18.75132561,3967.531719,4130.425936,366
45.02,-122.01,9.831625,119,150.8856737,162.6512943,-2.388395548,3597.439776,3744.47291,652
45.02,-122.01,9.831625,119,150.8856737,162.6512943,-2.388395548,3597.439776,3744.47291,652
38.74,-122.69,17.580811,231.6,112.8343175,121.6328054,18.10768318,3967.531719,4130.425936,720
38.74,-122.69,17.580811,386.4,112.8343175,121.6328054,18.10768318,3967.531719,4130.425936,720
38.68,-122.55,17.50819,213.2,113.0680842,121.8848004,36.16465378,3964.497619,4127.261802,659
38.68,-122.55,17.50819,121.3,113.0680842,121.8848004,36.16465378,3964.497619,4127.261802,659
38.69,-122.61,17.50819,94,113.0680842,121.8848004,36.47542191,3964.497619,4127.261802,540
38.69,-122.52,17.50819,180,113.0680842,121.8848004,36.16465378,3964.497619,4127.261802,566
38.69,-122.54,17.50819,209,113.0680842,121.8848004,36.16465378,3964.497619,4127.261802,694
38.67,-122.58,17.50819,130,113.0680842,121.8848004,36.47542191,3964.497619,4127.261802,549
38.67,-122.56,17.50819,130,113.0680842,121.8848004,36.47542191,3964.497619,4127.261802,838
38.68,-122.55,17.50819,192,113.0680842,121.8848004,36.16465378,3964.497619,4127.261802,659
38.68,-122.53,17.50819,176,113.0680842,121.8848004,36.16465378,3964.497619,4127.261802,770
38.68,-122.53,17.50819,151,113.0680842,121.8848004,36.16465378,3964.497619,4127.261802,770
38.69,-122.51,17.50819,142,113.0680842,121.8848004,36.16465378,3964.497619,4127.261802,598
38.69,-122.51,17.50819,176,113.0680842,121.8848004,36.16465378,3964.497619,4127.261802,598
38.68,-122.47,17.50819,159,113.0680842,121.8848004,36.16465378,3964.497619,4127.261802,401
38.68,-122.5,17.50819,113,113.0680842,121.8848004,36.16465378,3964.497619,4127.261802,494
38.67,-122.55,17.50819,146,113.0680842,121.8848004,36.16465378,3964.497619,4127.261802,814
38.67,-122.5,17.50819,418,113.0680842,121.8848004,36.16465378,3964.497619,4127.261802,338
38.67,-122.52,17.50819,322,113.0680842,121.8848004,36.16465378,3964.497619,4127.261802,366
38.67,-122.54,17.50819,117,113.0680842,121.8848004,36.16465378,3964.497619,4127.261802,666
38.66,-122.54,17.50819,142,113.0680842,121.8848004,36.16465378,3964.497619,4127.261802,664
38.66,-122.55,17.50819,109,113.0680842,121.8848004,36.16465378,3964.497619,4127.261802,724
38.65,-122.53,17.50819,117,113.0680842,121.8848004,36.16465378,3964.497619,4127.261802,735
38.65,-122.52,17.50819,109,113.0680842,121.8848004,36.16465378,3964.497619,4127.261802,692
38.65,-122.5,17.50819,138,113.0680842,121.8848004,36.16465378,3964.497619,4127.261802,382
38.66,-122.49,17.50819,172,113.0680842,121.8848004,36.16465378,3964.497619,4127.261802,299
38.66,-122.51,17.50819,285,113.0680842,121.8848004,36.16465378,3964.497619,4127.261802,546
38.67,-122.47,17.50819,188,113.0680842,121.8848004,36.16465378,3964.497619,4127.261802,233
38.64,-122.47,17.50819,151,113.0680842,121.8848004,36.16465378,3964.497619,4127.261802,238
38.6,-122.47,17.370102,105,113.5166261,122.3683183,12.04008865,3958.710902,4121.227083,660
38.56,-122.52,17.370102,1565,113.5166261,122.3683183,12.04008865,3958.710902,4121.227083,86
38.55,-122.5,17.370102,184,113.5166261,122.3683183,12.04008865,3958.710902,4121.227083,83
38.65,-122.51,17.50819,146,113.0680842,121.8848004,36.16465378,3964.497619,4127.261802,512
38.66,-122.56,17.50819,100,113.0680842,121.8848004,36.47542191,3964.497619,4127.261802,797
38.66,-122.57,17.50819,144.8,113.0680842,121.8848004,36.47542191,3964.497619,4127.261802,644
38.66,-122.58,17.50819,84,113.0680842,121.8848004,36.47542191,3964.497619,4127.261802,643
38.67,-122.6,17.50819,142,113.0680842,121.8848004,36.47542191,3964.497619,4127.261802,640
38.74,-122.56,17.580811,100,112.8343175,121.6328054,36.47542191,3967.531719,4130.425936,337
38.67,-122.57,17.50819,138,113.0680842,121.8848004,36.47542191,3964.497619,4127.261802,719
38.62,-122.59,17.50819,335,113.0680842,121.8848004,18.20681,3964.497619,4127.261802,199
46.85,-122.26,9.7773581,18,151.3038218,163.1020483,-22.03737259,3594.406856,3741.310007,383
46.31,-119.76,9.5389538,54,153.1828997,165.1276512,-19.65294266,3580.981887,3727.309682,1130
38.9,-122.86,17.834578,245,112.0286855,120.7643525,29.22932434,3978.085182,4141.43169,581
38.86,-122.85,17.834578,290,112.0286855,120.7643525,29.22932434,3978.085182,4141.43169,1005
38.86,-122.86,17.834578,74,112.0286855,120.7643525,29.22932434,3978.085182,4141.43169,912
38.86,-122.88,17.834578,270,112.0286855,120.7643525,29.22932434,3978.085182,4141.43169,992
38.85,-122.9,17.834578,225,112.0286855,120.7643525,37.64468002,3978.085182,4141.43169,775
38.85,-122.9,17.834578,251,112.0286855,120.7643525,37.64468002,3978.085182,4141.43169,775
38.84,-122.88,17.834578,194,112.0286855,120.7643525,37.64468002,3978.085182,4141.43169,600
38.85,-122.87,17.834578,145,112.0286855,120.7643525,37.64468002,3978.085182,4141.43169,779
38.84,-122.86,17.834578,509,112.0286855,120.7643525,37.64468002,3978.085182,4141.43169,436
38.87,-122.9,17.834578,184,112.0286855,120.7643525,29.22932434,3978.085182,4141.43169,721
38.85,-122.84,17.725136,390,112.374008,121.1366023,37.64468002,3973.543064,4136.694909,805
38.84,-122.83,17.725136,315,112.374008,121.1366023,37.64468002,3973.543064,4136.694909,677
38.9,-122.86,17.834578,245,112.0286855,120.7643525,29.22932434,3978.085182,4141.43169,581
38.83,-122.84,17.725136,300,112.374008,121.1366023,37.64468002,3973.543064,4136.694909,669
38.83,-122.85,17.725136,392,112.374008,121.1366023,37.64468002,3973.543064,4136.694909,693
38.83,-122.88,17.834578,386.4,112.0286855,120.7643525,37.64468002,3978.085182,4141.43169,507
38.82,-122.86,17.725136,412,112.374008,121.1366023,37.64468002,3973.543064,4136.694909,417
38.84,-122.88,17.834578,261,112.0286855,120.7643525,37.64468002,3978.085182,4141.43169,600
38.85,-122.81,17.725136,277,112.374008,121.1366023,37.64468002,3973.543064,4136.694909,897
38.86,-122.9,17.834578,261,112.0286855,120.7643525,29.22932434,3978.085182,4141.43169,719
38.87,-122.86,17.834578,200,112.0286855,120.7643525,29.22932434,3978.085182,4141.43169,989
38.88,-122.85,17.834578,196,112.0286855,120.7643525,29.22932434,3978.085182,4141.43169,654
38.87,-122.89,17.834578,193,112.0286855,120.7643525,29.22932434,3978.085182,4141.43169,749
38.87,-122.88,17.834578,216,112.0286855,120.7643525,29.22932434,3978.085182,4141.43169,836
38.87,-122.86,17.834578,138,112.0286855,120.7643525,29.22932434,3978.085182,4141.43169,989
38.86,-122.83,17.725136,116,112.374008,121.1366023,29.22932434,3973.543064,4136.694909,940
41.84,-121.33,8.7181835,96,160.2314106,172.7257842,-1.455425143,3533.429958,3677.719814,1231
42.21,-122.71,8.7200031,92,160.214692,172.707762,0.741040707,3533.537798,3677.832275,540
42.21,-122.71,8.7200031,93,160.214692,172.707762,0.741040707,3533.537798,3677.832275,540
45.25,-121.12,9.5008411,91,153.4898394,165.4585251,-43.98151779,3578.820205,3725.055357,334
38.75,-122.68,17.580811,386,112.8343175,121.6328054,64.02696228,3967.531719,4130.425936,855
39,-122.65,17.725136,375,112.374008,121.1366023,12.66122627,3973.543064,4136.694909,546
45.86,-120.67,9.5405912,49,153.1697542,165.1134806,21.4060936,3581.074661,3727.406432,473
46.78,-122.26,9.7773581,25,151.3038218,163.1020483,21.3035717,3594.406856,3741.310007,503
40.6,-119.45,16.676729,16,115.8524502,124.8862831,-14.61512184,3929.300284,4090.556011,1743
40.6,-119.45,16.676729,21,115.8524502,124.8862831,-14.61512184,3929.300284,4090.556011,1743
39.79,-119.01,16.215477,316.8,117.4886178,126.6500343,-15.50262451,3909.395591,4069.798259,1359
40.64,-119.41,16.676729,59,115.8524502,124.8862831,-46.11700821,3929.300284,4090.556011,1838
39.79,-119.02,16.215477,4206.4,117.4886178,126.6500343,-15.50262451,3909.395591,4069.798259,1359
40.66,-119.35,16.676729,36,115.8524502,124.8862831,-27.88883018,3929.300284,4090.556011,1719
39.79,-119.02,16.215477,1578.1,117.4886178,126.6500343,-15.50262451,3909.395591,4069.798259,1359
39.79,-119.02,16.215477,3271.4,117.4886178,126.6500343,-15.50262451,3909.395591,4069.798259,1359
39.79,-119.01,16.215477,1124.2,117.4886178,126.6500343,-15.50262451,3909.395591,4069.798259,1359
39.79,-119.01,16.215477,2741.2,117.4886178,126.6500343,-15.50262451,3909.395591,4069.798259,1359
40.37,-119.4,16.524179,1927.8,116.3859923,125.4614292,-3.986682653,3922.74802,4083.722935,1628
39.79,-119.01,16.215477,237.6,117.4886178,126.6500343,-15.50262451,3909.395591,4069.798259,1359
46.89,-120.39,9.7773581,46,151.3038218,163.1020483,-19.43986511,3594.406856,3741.310007,785
46.61,-119.12,9.7773581,77,151.3038218,163.1020483,-43.87971115,3594.406856,3741.310007,1383
43.16,-124.22,9.2272873,42,155.7484156,167.8932185,11.23957729,3563.175759,3708.740434,9
43.15,-124.22,8.97577,42,157.9155151,170.229302,11.23957729,3548.585631,3693.525015,95
46.36,-119.27,9.543684,64,153.1449335,165.0867244,-41.72725677,3581.249874,3727.589154,1165
46.43,-119.28,9.543684,60,153.1449335,165.0867244,-41.72725677,3581.249874,3727.589154,1139
46.44,-119.4,9.543684,66,153.1449335,165.0867244,-41.3298378,3581.249874,3727.589154,963
42.15,-121.68,8.7200031,59,160.214692,172.707762,3.540222883,3533.537798,3677.832275,1249
44.78,-121.98,9.8749847,879,150.5540502,162.2938117,-7.28012085,3599.857093,3746.993826,707
47.07,-122.22,9.7773581,23,151.3038218,163.1020483,-37.03865433,3594.406856,3741.310007,204
43.47,-119.86,9.5357075,117.6,153.208972,165.1557565,6.097518921,3580.797932,3727.117843,1354
43.52,-119.72,9.5357075,105,153.208972,165.1557565,8.098041534,3580.797932,3727.117843,1406
43.22,-119.25,9.2272873,88,155.7484156,167.8932185,-13.80374813,3563.175759,3708.740434,1314
43.44,-119.02,9.5350513,42,153.2142438,165.1614394,-19.61800575,3580.760743,3727.079061,1341
43.19,-119.89,9.2272873,84,155.7484156,167.8932185,2.610777855,3563.175759,3708.740434,1314
43.71,-119.93,9.5827484,63,152.8324644,164.74989,6.098480225,3583.460511,3729.894533,1509
43.66,-119.94,9.5827484,63,152.8324644,164.74989,6.098480225,3583.460511,3729.894533,1715
43.62,-120.47,9.5827484,83,152.8324644,164.74989,26.71540642,3583.460511,3729.894533,1540
42.06,-121.62,8.7200031,42,160.214692,172.707762,24.7969265,3533.537798,3677.832275,1245
38.8,-122.71,17.725136,146,112.374008,121.1366023,64.02696228,3973.543064,4136.694909,761
44.45,-122.8,9.8749847,31,150.5540502,162.2938117,-18.78920174,3599.857093,3746.993826,158
40.91,-119.09,16.676729,63,115.8524502,124.8862831,-48.21202087,3929.300284,4090.556011,1424
45.18,-121.07,9.5008411,97,153.4898394,165.4585251,-43.98151779,3578.820205,3725.055357,370
48.68,-126.87,5.5437579,60.8,200.9363601,216.6047859,-33.3253479,3324.081515,3459.399294,-1256
48.69,-126.87,5.5437579,63.7,200.9363601,216.6047859,-33.3253479,3324.081515,3459.399294,-1242
48.69,-126.87,5.5437579,59.6,200.9363601,216.6047859,-33.3253479,3324.081515,3459.399294,-1242
48.69,-126.87,5.5437579,53.9,200.9363601,216.6047859,-33.3253479,3324.081515,3459.399294,-1242
48.69,-126.88,5.5437579,68.9,200.9363601,216.6047859,-27.44796753,3324.081515,3459.399294,-1285
48.69,-126.86,5.5437579,53.3,200.9363601,216.6047859,-33.3253479,3324.081515,3459.399294,-1202
48.69,-126.87,5.5437579,57.6,200.9363601,216.6047859,-33.3253479,3324.081515,3459.399294,-1242
48.69,-126.88,5.5437579,61.5,200.9363601,216.6047859,-27.44796753,3324.081515,3459.399294,-1285
44.14,-122.02,9.8749847,126,150.5540502,162.2938117,-29.06661987,3599.857093,3746.993826,1041
44.14,-122.02,9.8749847,126,150.5540502,162.2938117,-29.06661987,3599.857093,3746.993826,1041
43.66,-119.08,9.5827484,74.6,152.8324644,164.74989,10.65795994,3583.460511,3729.894533,1715
43.66,-119.08,9.5827484,75,152.8324644,164.74989,10.65795994,3583.460511,3729.894533,1715
43.66,-119.08,9.5827484,74.3,152.8324644,164.74989,10.65795994,3583.460511,3729.894533,1715
43.72,-119.09,9.8749847,84,150.5540502,162.2938117,10.65795994,3599.857093,3746.993826,1506
43.72,-119.09,9.8749847,83.9,150.5540502,162.2938117,10.65795994,3599.857093,3746.993826,1506
44.22,-122.05,9.8749847,78,150.5540502,162.2938117,-29.06661987,3599.857093,3746.993826,645
44.22,-122.05,9.8749847,78,150.5540502,162.2938117,-29.06661987,3599.857093,3746.993826,645
44.2,-122.03,9.8749847,117,150.5540502,162.2938117,-29.06661987,3599.857093,3746.993826,659
44.16,-122.09,9.8749847,109,150.5540502,162.2938117,-29.06661987,3599.857093,3746.993826,634
44.16,-122.09,9.8749847,109,150.5540502,162.2938117,-29.06661987,3599.857093,3746.993826,634
45.84,-119.67,9.544672,113,153.137007,165.0781799,-49.07820129,3581.30584,3727.647519,370
38.91,-122.77,17.725136,246,112.374008,121.1366023,30.45727158,3973.543064,4136.694909,715
38.81,-122.68,17.580811,81,112.8343175,121.6328054,64.02696228,3967.531719,4130.425936,1093
39,-122.67,17.725136,256,112.374008,121.1366023,12.66122627,3973.543064,4136.694909,481
45.73,-122.44,9.5560369,46,153.0459177,164.9799878,-6.739209175,3581.949407,3728.318668,258
38.75,-122.65,17.580811,246,112.8343175,121.6328054,18.75132561,3967.531719,4130.425936,430
41.19,-120.95,18.00329,96,111.5025297,120.1971686,-16.37459946,3985.05994,4148.705366,1275
41.21,-119.06,16.815744,157,115.3725829,124.3689972,-5.834591866,3935.24515,4096.755656,1284
40.88,-119.1,16.676729,70,115.8524502,124.8862831,-48.21202087,3929.300284,4090.556011,1384
40.87,-119.17,16.676729,86,115.8524502,124.8862831,-48.21202087,3929.300284,4090.556011,1374
41.12,-120.95,18.00329,289,111.5025297,120.1971686,-16.37459946,3985.05994,4148.705366,1353
41.09,-121,18.00329,63,111.5025297,120.1971686,-16.37459946,3985.05994,4148.705366,1583
41.09,-121,18.00329,88,111.5025297,120.1971686,-16.37459946,3985.05994,4148.705366,1583
41.11,-121.09,18.00329,92,111.5025297,120.1971686,-36.883564,3985.05994,4148.705366,1262
41.08,-119.02,16.815744,95,115.3725829,124.3689972,-4.249658585,3935.24515,4096.755656,1531
41.11,-121.09,18.00329,67,111.5025297,120.1971686,-36.883564,3985.05994,4148.705366,1262
41.1,-121.19,18.00329,44,111.5025297,120.1971686,12.77489185,3985.05994,4148.705366,1256
41.1,-121.19,18.00329,44,111.5025297,120.1971686,12.77489185,3985.05994,4148.705366,1256
41.1,-121.19,18.00329,88,111.5025297,120.1971686,12.77489185,3985.05994,4148.705366,1256
41.09,-121.16,18.00329,59,111.5025297,120.1971686,12.77489185,3985.05994,4148.705366,1255
41.02,-119.06,16.676729,81,115.8524502,124.8862831,-31.2743721,3929.300284,4090.556011,1554
41.17,-121.05,18.00329,63,111.5025297,120.1971686,-36.883564,3985.05994,4148.705366,1268
43.58,-120.01,9.5827484,136.8,152.8324644,164.74989,27.84170914,3583.460511,3729.894533,1478
43.52,-120.03,9.5357075,170.7,153.208972,165.1557565,5.062514305,3580.797932,3727.117843,1406
43.48,-120.1,9.5357075,99.4,153.208972,165.1557565,5.062514305,3580.797932,3727.117843,1363
41.11,-121.11,18.00329,92,111.5025297,120.1971686,-36.883564,3985.05994,4148.705366,1260
40.91,-119.14,16.676729,90,115.8524502,124.8862831,-48.21202087,3929.300284,4090.556011,1424
45.71,-121.31,9.5560369,52,153.0459177,164.9799878,-35.03733826,3581.949407,3728.318668,164
39.03,-122.66,17.725136,116,112.374008,121.1366023,12.66122627,3973.543064,4136.694909,527
39.03,-122.66,17.725136,370,112.374008,121.1366023,12.66122627,3973.543064,4136.694909,527
40.78,-119.34,16.815744,294.8,115.3725829,124.3689972,31.69000244,3935.24515,4096.755656,1761
40.87,-119.34,16.815744,979.5,115.3725829,124.3689972,-26.55411148,3935.24515,4096.755656,1374
40.71,-119.33,16.676729,25.5,115.8524502,124.8862831,-27.88883018,3929.300284,4090.556011,1765
40.76,-119.32,16.676729,25.5,115.8524502,124.8862831,31.69000244,3929.300284,4090.556011,1896
40.78,-119.36,16.815744,866.3,115.3725829,124.3689972,31.69000244,3935.24515,4096.755656,1761
40.9,-119.36,16.815744,216.6,115.3725829,124.3689972,-26.55411148,3935.24515,4096.755656,1364
40.87,-119.27,16.815744,124.9,115.3725829,124.3689972,2.063395739,3935.24515,4096.755656,1374
40.81,-119.22,16.676729,79,115.8524502,124.8862831,-20.22464371,3929.300284,4090.556011,1693
40.84,-119.24,16.676729,221.7,115.8524502,124.8862831,-20.22464371,3929.300284,4090.556011,1556
40.92,-119.37,16.815744,51,115.3725829,124.3689972,-26.55411148,3935.24515,4096.755656,1479
40.93,-119.4,16.951086,51,114.9110771,123.8715045,-26.55411148,3941.009381,4102.766925,1637
40.69,-119.3,16.676729,51,115.8524502,124.8862831,-27.88883018,3929.300284,4090.556011,1725
40.87,-119.23,16.815744,114.7,115.3725829,124.3689972,2.063395739,3935.24515,4096.755656,1374
40.73,-119.25,16.676729,33.1,115.8524502,124.8862831,-20.22464371,3929.300284,4090.556011,1942
40.77,-119.25,16.676729,56.1,115.8524502,124.8862831,-20.22464371,3929.300284,4090.556011,1842
40.8,-119.29,16.676729,30.6,115.8524502,124.8862831,-20.22464371,3929.300284,4090.556011,1683
40.78,-119.3,16.676729,25.5,115.8524502,124.8862831,31.69000244,3929.300284,4090.556011,1761
40.81,-119.34,16.815744,53.5,115.3725829,124.3689972,31.69000244,3935.24515,4096.755656,1693
44.8,-121.91,9.8749847,181,150.5540502,162.2938117,18.00877953,3599.857093,3746.993826,899
44.8,-121.91,9.8749847,181,150.5540502,162.2938117,18.00877953,3599.857093,3746.993826,899
42.02,-123.84,8.7200031,46,160.214692,172.707762,26.96927261,3533.537798,3677.832275,1078
44.6,-122.06,9.8749847,96,150.5540502,162.2938117,4.170080185,3599.857093,3746.993826,1242
42.19,-120.34,8.7200031,141,160.214692,172.707762,52.84307098,3533.537798,3677.832275,1576
48.67,-126.85,5.752306,59.5,197.2602906,212.6420673,-33.3253479,3339.438792,3475.41474,-1275
48.67,-126.85,5.752306,60.7,197.2602906,212.6420673,-33.3253479,3339.438792,3475.41474,-1275
48.67,-126.85,5.752306,58,197.2602906,212.6420673,-33.3253479,3339.438792,3475.41474,-1275
48.67,-126.85,5.752306,57.6,197.2602906,212.6420673,-33.3253479,3339.438792,3475.41474,-1275
48.67,-126.85,5.752306,57.4,197.2602906,212.6420673,-33.3253479,3339.438792,3475.41474,-1275
48.67,-126.85,5.752306,55.6,197.2602906,212.6420673,-33.3253479,3339.438792,3475.41474,-1275
48.67,-126.85,5.752306,56.5,197.2602906,212.6420673,-33.3253479,3339.438792,3475.41474,-1275
48.67,-126.85,5.752306,58,197.2602906,212.6420673,-33.3253479,3339.438792,3475.41474,-1275
48.67,-126.85,5.752306,55.8,197.2602906,212.6420673,-33.3253479,3339.438792,3475.41474,-1275
48.67,-126.85,5.752306,61.5,197.2602906,212.6420673,-33.3253479,3339.438792,3475.41474,-1275
48.67,-126.85,5.752306,57.4,197.2602906,212.6420673,-33.3253479,3339.438792,3475.41474,-1275
48.67,-126.85,5.752306,61.4,197.2602906,212.6420673,-33.3253479,3339.438792,3475.41474,-1275
48.67,-126.85,5.752306,37.5,197.2602906,212.6420673,-33.3253479,3339.438792,3475.41474,-1275
48.67,-126.85,5.752306,60.4,197.2602906,212.6420673,-33.3253479,3339.438792,3475.41474,-1275
42.23,-121.76,8.7200031,1162,160.214692,172.707762,-2.806406498,3533.537798,3677.832275,1293
42.64,-119.09,8.7200031,45,160.214692,172.707762,-15.3409605,3533.537798,3677.832275,1796
39.16,-119.77,16.215477,100,117.4886178,126.6500343,0.054803759,3909.395591,4069.798259,706
45.36,-121.94,9.5483627,100,153.1074083,165.0462732,-11.65816784,3581.514878,3727.865515,575
42.9,-121.99,8.5052891,481,162.2243785,174.8741578,85.40420532,3520.734008,3664.479751,1884
42.9,-121.99,8.5052891,481,162.2243785,174.8741578,85.40420532,3520.734008,3664.479751,1884
45.63,-121.36,9.5370016,49,153.198577,165.1445509,-35.03733826,3580.871267,3727.194321,419
46.15,-123.88,9.5399418,40,153.1749673,165.1191003,-10.99508286,3581.037867,3727.368062,9
46.6,-120.35,9.7773581,80,151.3038218,163.1020483,-33.21891403,3594.406856,3741.310007,1547
46.52,-120.01,9.6252508,54,152.4946585,164.385743,8.464323997,3585.860591,3732.397473,1060
40.36,-119.4,16.524179,309.4,116.3859923,125.4614292,-3.986682653,3922.74802,4083.722935,1618
40.38,-119.4,16.524179,1510.6,116.3859923,125.4614292,9.464454651,3922.74802,4083.722935,1650
40.42,-119.44,16.524179,83.7,116.3859923,125.4614292,-14.39539051,3922.74802,4083.722935,1720
40.36,-119.42,16.524179,498.7,116.3859923,125.4614292,12.98807621,3922.74802,4083.722935,1618
40.38,-119.44,16.524179,149.2,116.3859923,125.4614292,-14.39539051,3922.74802,4083.722935,1650
39.39,-119.71,16.215477,217.9,117.4886178,126.6500343,5.977461815,3909.395591,4069.798259,809
38.76,-122.65,17.580811,268,112.8343175,121.6328054,18.75132561,3967.531719,4130.425936,387
38.74,-122.66,17.580811,277,112.8343175,121.6328054,36.47542191,3967.531719,4130.425936,469
38.73,-122.65,17.580811,241,112.8343175,121.6328054,36.47542191,3967.531719,4130.425936,413
38.73,-122.66,17.580811,209,112.8343175,121.6328054,36.47542191,3967.531719,4130.425936,403
38.73,-122.66,17.580811,236,112.8343175,121.6328054,36.47542191,3967.531719,4130.425936,403
38.73,-122.65,17.580811,161,112.8343175,121.6328054,36.47542191,3967.531719,4130.425936,413
38.99,-122.62,17.725136,146,112.374008,121.1366023,12.66122627,3973.543064,4136.694909,467
38.98,-122.62,17.725136,136,112.374008,121.1366023,12.66122627,3973.543064,4136.694909,436
39.01,-122.6,17.725136,154,112.374008,121.1366023,12.66122627,3973.543064,4136.694909,571
38.99,-122.65,17.725136,146,112.374008,121.1366023,12.66122627,3973.543064,4136.694909,618
39.03,-122.65,17.725136,186,112.374008,121.1366023,12.66122627,3973.543064,4136.694909,580
39.01,-122.64,17.725136,241,112.374008,121.1366023,12.66122627,3973.543064,4136.694909,533
38.99,-122.65,17.725136,276,112.374008,121.1366023,12.66122627,3973.543064,4136.694909,618
38.99,-122.63,17.725136,607,112.374008,121.1366023,12.66122627,3973.543064,4136.694909,465
38.99,-122.64,17.725136,217,112.374008,121.1366023,12.66122627,3973.543064,4136.694909,554
43.88,-122.37,9.5827484,112,152.8324644,164.74989,3.500515223,3583.460511,3729.894533,632
45.65,-123.17,9.5370016,18,153.198577,165.1445509,-4.109230995,3580.871267,3727.194321,131
42.66,-119.74,8.7200031,28.8,160.214692,172.707762,-3.960680246,3533.537798,3677.832275,1763
45.09,-122.09,9.68153,41.8,152.0507831,163.9072555,-6.441053391,3589.030498,3735.703233,611
44.8,-121.88,9.8749847,55.4,150.5540502,162.2938117,18.00877953,3599.857093,3746.993826,892
44.45,-121.99,9.8749847,51.6,150.5540502,162.2938117,7.945203781,3599.857093,3746.993826,1088
44.46,-121.98,9.8749847,69,150.5540502,162.2938117,5.320100784,3599.857093,3746.993826,1140
44.41,-122.04,9.8749847,206,150.5540502,162.2938117,7.945203781,3599.857093,3746.993826,1014
39.03,-122.57,17.725136,146,112.374008,121.1366023,12.66122627,3973.543064,4136.694909,365
45.09,-122.25,9.68153,88.7,152.0507831,163.9072555,36.74307251,3589.030498,3735.703233,1320
45.03,-122.16,9.831625,70.1,150.8856737,162.6512943,10.53539467,3597.439776,3744.47291,881
44.93,-122.15,9.8163719,20.9,151.0028545,162.7776125,10.53539467,3596.588144,3743.584779,1047
44.97,-122.14,9.831625,34.2,150.8856737,162.6512943,10.53539467,3597.439776,3744.47291,666
45,-122.13,9.831625,72.2,150.8856737,162.6512943,10.53539467,3597.439776,3744.47291,1222
38.77,-122.97,17.834578,204,112.0286855,120.7643525,9.416354179,3978.085182,4141.43169,107
42.09,-121.7,8.7200031,59,160.214692,172.707762,3.120653868,3533.537798,3677.832275,1245
39.7,-122.88,18.00329,88,111.5025297,120.1971686,69.20287323,3985.05994,4148.705366,1503
42.7,-120.57,8.7200031,515,160.214692,172.707762,-4.109538078,3533.537798,3677.832275,1656
42.69,-120.57,8.7200031,515,160.214692,172.707762,-4.109538078,3533.537798,3677.832275,1661
44.44,-122.12,9.8749847,113,150.5540502,162.2938117,23.42186356,3599.857093,3746.993826,1006
39.39,-119.78,16.215477,397.7,117.4886178,126.6500343,2.469632149,3909.395591,4069.798259,809
45.9,-119.22,9.5405912,42,153.1697542,165.1134806,-48.73138428,3581.074661,3727.406432,574
39.6,-119.05,16.215477,134,117.4886178,126.6500343,-12.65109539,3909.395591,4069.798259,1293
39.7,-119.1,16.215477,31,117.4886178,126.6500343,12.26124668,3909.395591,4069.798259,1690
39.53,-119,16.215477,76,117.4886178,126.6500343,-22.69627571,3909.395591,4069.798259,1141
39.6,-119.1,16.215477,130.5,117.4886178,126.6500343,-20.9081974,3909.395591,4069.798259,1293
43.8,-122.42,9.5827484,46,152.8324644,164.74989,-18.92689514,3583.460511,3729.894533,720
44.06,-122.79,9.8100004,42,151.051884,162.8304652,-3.079018116,3596.232206,3743.213586,184
42.2,-121.74,8.7200031,130,160.214692,172.707762,3.540222883,3533.537798,3677.832275,1253
42.24,-120.36,8.7200031,1222,160.214692,172.707762,-25.04924774,3533.537798,3677.832275,1734
40.38,-120.64,17.370102,1400,113.5166261,122.3683183,-5.224923134,3958.710902,4121.227083,1650
47.51,-121.35,9.7773581,64,151.3038218,163.1020483,37.97489548,3594.406856,3741.310007,858
47.68,-121.65,9.7773581,32,151.3038218,163.1020483,-14.65313625,3594.406856,3741.310007,1142
48.61,-120.38,9.57864,73,152.8652368,164.7852179,-21.74869537,3583.228231,3729.652298,1988
44.8,-124.06,9.8749847,34,150.5540502,162.2938117,42.11965942,3599.857093,3746.993826,88
45.47,-121.2,9.5407829,63,153.1682153,165.1118218,-5.653716087,3581.085522,3727.417758,369
45.98,-121.62,9.5455904,77,153.12964,165.0702385,10.58870697,3581.357861,3727.70177,907
46.13,-121.77,9.5399418,61,153.1749673,165.1191003,16.23125458,3581.037867,3727.368062,1207
46.05,-121.75,9.5455904,84,153.12964,165.0702385,64.41139221,3581.357861,3727.70177,1233
46.58,-119.52,9.7773581,64,151.3038218,163.1020483,-38.76895523,3594.406856,3741.310007,1366
39.79,-119.01,16.215477,1069.3,117.4886178,126.6500343,-15.50262451,3909.395591,4069.798259,1359
39.82,-119,16.215477,923.3,117.4886178,126.6500343,-2.713376045,3909.395591,4069.798259,1288
40.65,-119.37,16.676729,335,115.8524502,124.8862831,-27.88883018,3929.300284,4090.556011,1753
40.67,-119.37,16.676729,2720,115.8524502,124.8862831,-27.88883018,3929.300284,4090.556011,1698
39.8,-119.01,16.215477,10234.4,117.4886178,126.6500343,-2.713376045,3909.395591,4069.798259,1160
39.78,-119.01,16.215477,3088.8,117.4886178,126.6500343,-15.50262451,3909.395591,4069.798259,1604
39.79,-119.02,16.215477,1184.8,117.4886178,126.6500343,-15.50262451,3909.395591,4069.798259,1359
41.75,-121.3,8.7112598,172,160.2950739,172.7944117,2.494198561,3533.019518,3677.291784,1274
40.32,-119.04,16.215477,68.8,117.4886178,126.6500343,-0.461686492,3909.395591,4069.798259,1574
40.41,-119.02,16.215477,63.7,117.4886178,126.6500343,13.63968182,3909.395591,4069.798259,1699
40.17,-119.17,16.215477,147.8,117.4886178,126.6500343,60.92185974,3909.395591,4069.798259,1390
40.22,-119.2,16.215477,203.8,117.4886178,126.6500343,19.07897758,3909.395591,4069.798259,1868
40.5,-119.02,16.364212,107,116.9534696,126.0731568,10.52819252,3915.844614,4076.523669,1788
40.6,-119.09,16.364212,73.9,116.9534696,126.0731568,-0.344431639,3915.844614,4076.523669,1743
40.26,-119.09,16.215477,45.9,117.4886178,126.6500343,6.466362,3909.395591,4069.798259,1621
40.31,-119.13,16.215477,71.3,117.4886178,126.6500343,6.466362,3909.395591,4069.798259,1560
40.38,-119.24,16.364212,56.1,116.9534696,126.0731568,59.04402542,3915.844614,4076.523669,1650
40.3,-119.23,16.364212,81.5,116.9534696,126.0731568,-10.79231453,3915.844614,4076.523669,1543
40.4,-119.12,16.364212,79,116.9534696,126.0731568,-19.89662361,3915.844614,4076.523669,1680
40.47,-119.12,16.364212,91.7,116.9534696,126.0731568,-19.89662361,3915.844614,4076.523669,1746
40.49,-119.21,16.524179,73.9,116.3859923,125.4614292,59.04402542,3922.74802,4083.722935,1783
40.57,-119.18,16.524179,40.8,116.3859923,125.4614292,36.83496857,3922.74802,4083.722935,1846
37.51,-122.13,16.364212,85,116.9534696,126.0731568,-1.091421843,3915.844614,4076.523669,25
43.78,-121.46,9.5827484,13,152.8324644,164.74989,1.017006636,3583.460511,3729.894533,1280
43.67,-120.02,9.5827484,8.8,152.8324644,164.74989,-2.22842288,3583.460511,3729.894533,1778
46.35,-121.59,9.543684,115,153.1449335,165.0867244,25.16163063,3581.249874,3727.589154,938
46.34,-121.7,9.5389538,125,153.1828997,165.1276512,26.26815605,3580.981887,3727.309682,750
46.35,-121.55,9.543684,54,153.1449335,165.0867244,25.16163063,3581.249874,3727.589154,1270
46.11,-121.32,9.5399418,64,153.1749673,165.1191003,27.28893471,3581.037867,3727.368062,905
46.02,-121.6,9.5455904,26,153.12964,165.0702385,10.58870697,3581.357861,3727.70177,980
45.81,-121.95,9.544672,156,153.137007,165.0781799,-17.49759293,3581.30584,3727.647519,377
46.72,-121.51,9.7773581,149,151.3038218,163.1020483,8.267661095,3594.406856,3741.310007,1048
46.39,-121.54,9.543684,145,153.1449335,165.0867244,25.16163063,3581.249874,3727.589154,1011
46.3,-121.71,9.5389538,75,153.1828997,165.1276512,33.55714035,3580.981887,3727.309682,895
46.23,-121.66,9.546627,85,153.1213261,165.0612763,33.55714035,3581.416574,3727.762999,1247
46.2,-121.83,9.546627,60,153.1213261,165.0612763,16.23125458,3581.416574,3727.762999,773
45.8,-121.67,9.544672,50,153.137007,165.0781799,6.68915844,3581.30584,3727.647519,547
48.77,-121.81,9.2849312,628,155.2641943,167.371239,53.41150665,3566.491478,3712.198255,2860
48.77,-121.81,9.2849312,2990,155.2641943,167.371239,53.41150665,3566.491478,3712.198255,2860
46.65,-121.33,9.7773581,132,151.3038218,163.1020483,34.2663765,3594.406856,3741.310007,1254
46.14,-119.63,9.5399418,56,153.1749673,165.1191003,-2.076239586,3581.037867,3727.368062,916
46.25,-119.4,9.546627,69,153.1213261,165.0612763,-32.77682114,3581.416574,3727.762999,1011
45.96,-119.88,9.5455904,78,153.12964,165.0702385,-31.46304512,3581.357861,3727.70177,776
47.71,-121.14,9.7773581,138,151.3038218,163.1020483,56.87098312,3594.406856,3741.310007,952
47.72,-121.12,9.7773581,98,151.3038218,163.1020483,56.87098312,3594.406856,3741.310007,875
47.43,-121.41,9.7773581,49,151.3038218,163.1020483,6.328667641,3594.406856,3741.310007,989
46.65,-121.28,9.7773581,111,151.3038218,163.1020483,34.2663765,3594.406856,3741.310007,1122
45.81,-121.95,9.544672,106,153.137007,165.0781799,-17.49759293,3581.30584,3727.647519,377
47.03,-121.7,9.7773581,58,151.3038218,163.1020483,3.089298725,3594.406856,3741.310007,790
45.92,-120.19,9.5405912,44,153.1697542,165.1134806,2.030430555,3581.074661,3727.406432,664
42.22,-122.74,8.7200031,105,160.214692,172.707762,0.741040707,3533.537798,3677.832275,538
42.2,-122.71,8.7200031,108,160.214692,172.707762,0.741040707,3533.537798,3677.832275,564
42.22,-122.74,8.7200031,105,160.214692,172.707762,0.741040707,3533.537798,3677.832275,538
42.22,-122.74,8.7200031,105,160.214692,172.707762,0.741040707,3533.537798,3677.832275,538
42.12,-122.38,8.7200031,50,160.214692,172.707762,7.277238846,3533.537798,3677.832275,1098
42.12,-122.38,8.7200031,50,160.214692,172.707762,7.277238846,3533.537798,3677.832275,1098
42.2,-122.7,8.7200031,55,160.214692,172.707762,0.741040707,3533.537798,3677.832275,548
42.2,-122.7,8.7200031,55,160.214692,172.707762,0.741040707,3533.537798,3677.832275,548
42.19,-122.69,8.7200031,45,160.214692,172.707762,0.741040707,3533.537798,3677.832275,596
42.19,-122.69,8.7200031,45,160.214692,172.707762,0.741040707,3533.537798,3677.832275,596
42.18,-122.67,8.7200031,47,160.214692,172.707762,-25.3947506,3533.537798,3677.832275,626
37.63,-119.08,16.19442,174,117.5649761,126.7323467,-18.77026176,3908.480192,4068.843628,43
39.41,-119.75,16.215477,5904.8,117.4886178,126.6500343,5.977461815,3909.395591,4069.798259,719
45.84,-122.53,9.544672,41,153.137007,165.0781799,-39.53856659,3581.30584,3727.647519,132
42.16,-121.7,8.7200031,67,160.214692,172.707762,3.540222883,3533.537798,3677.832275,1252
39.79,-119.01,16.215477,280.9,117.4886178,126.6500343,-15.50262451,3909.395591,4069.798259,1359
42.1,-121.9,8.7200031,13,160.214692,172.707762,19.13749313,3533.537798,3677.832275,1244
42.15,-121.68,8.7200031,63,160.214692,172.707762,3.540222883,3533.537798,3677.832275,1249
40.73,-124.21,8.9923286,52.77,157.7700542,170.0724985,-41.26629639,3549.552406,3694.533224,34
43.93,-122.91,9.5827484,41,152.8324644,164.74989,-33.40747833,3583.460511,3729.894533,234
42.09,-120.06,18.00329,89.5,111.5025297,120.1971686,32.74620056,3985.05994,4148.705366,1649
44.55,-121.96,9.8749847,97,150.5540502,162.2938117,43.89864349,3599.857093,3746.993826,1222
44.98,-121.85,9.831625,7,150.8856737,162.6512943,26.92558861,3597.439776,3744.47291,925
44.91,-121.88,9.8163719,107,151.0028545,162.7776125,17.64155388,3596.588144,3743.584779,893
40.65,-119.38,16.676729,289,115.8524502,124.8862831,-27.88883018,3929.300284,4090.556011,1753
40.9,-119.31,16.815744,113,115.3725829,124.3689972,-26.55411148,3935.24515,4096.755656,1364
40.93,-119.32,16.815744,46,115.3725829,124.3689972,-26.55411148,3935.24515,4096.755656,1637
40.98,-119.33,16.951086,54,114.9110771,123.8715045,-17.8360672,3941.009381,4102.766925,1711
40.66,-119.35,16.676729,79,115.8524502,124.8862831,-27.88883018,3929.300284,4090.556011,1719
40.67,-119.36,16.676729,305,115.8524502,124.8862831,-27.88883018,3929.300284,4090.556011,1698
40.8,-119.33,16.815744,37,115.3725829,124.3689972,31.69000244,3935.24515,4096.755656,1683
40.83,-119.33,16.815744,71,115.3725829,124.3689972,31.69000244,3935.24515,4096.755656,1591
40.88,-119.33,16.815744,268,115.3725829,124.3689972,-26.55411148,3935.24515,4096.755656,1384
40.89,-119.32,16.815744,134,115.3725829,124.3689972,-26.55411148,3935.24515,4096.755656,1352
40.89,-119.31,16.815744,75,115.3725829,124.3689972,-26.55411148,3935.24515,4096.755656,1352
40.91,-119.32,16.815744,92,115.3725829,124.3689972,-26.55411148,3935.24515,4096.755656,1424
43.76,-122.43,9.5827484,47,152.8324644,164.74989,-18.92689514,3583.460511,3729.894533,537
45.12,-122.16,9.68153,95,152.0507831,163.9072555,-2.369260788,3589.030498,3735.703233,458
40.85,-119.34,16.815744,300.7,115.3725829,124.3689972,-26.55411148,3935.24515,4096.755656,1481
40.85,-119.33,16.815744,130,115.3725829,124.3689972,-26.55411148,3935.24515,4096.755656,1481
40.87,-119.31,16.815744,255,115.3725829,124.3689972,-26.55411148,3935.24515,4096.755656,1374
40.79,-119.34,16.815744,920,115.3725829,124.3689972,31.69000244,3935.24515,4096.755656,1758
39.89,-119.13,16.215477,104.5,117.4886178,126.6500343,15.43356419,3909.395591,4069.798259,1539
39.84,-119.12,16.215477,112.1,117.4886178,126.6500343,15.43356419,3909.395591,4069.798259,1459
39.9,-119.11,16.215477,175.8,117.4886178,126.6500343,15.43356419,3909.395591,4069.798259,1377
39.89,-119.09,16.215477,135,117.4886178,126.6500343,15.43356419,3909.395591,4069.798259,1539
39.98,-119.05,16.215477,155.4,117.4886178,126.6500343,5.891718864,3909.395591,4069.798259,1258
39.92,-119.09,16.215477,206.4,117.4886178,126.6500343,18.20953751,3909.395591,4069.798259,1404
39.94,-119.05,16.215477,117.2,117.4886178,126.6500343,5.891718864,3909.395591,4069.798259,1334
39.96,-119.01,16.215477,81.5,117.4886178,126.6500343,5.891718864,3909.395591,4069.798259,1300
39.96,-119.02,16.215477,28,117.4886178,126.6500343,5.891718864,3909.395591,4069.798259,1300
39.94,-119.02,16.215477,81.5,117.4886178,126.6500343,5.891718864,3909.395591,4069.798259,1334
45.63,-121.48,9.5370016,65.3,153.198577,165.1445509,-36.9323616,3580.871267,3727.194321,457
44.73,-122.18,9.8749847,61,150.5540502,162.2938117,-8.436624527,3599.857093,3746.993826,563
39.43,-123.73,18.287436,84,110.632888,119.2597148,27.30547905,3996.733413,4160.879131,91
37.65,-122.01,16.364212,140,116.9534696,126.0731568,-8.995250702,3915.844614,4076.523669,40
43.58,-119.93,9.5827484,328.7,152.8324644,164.74989,19.53007507,3583.460511,3729.894533,1478
43.54,-119.91,9.5357075,132.5,153.208972,165.1557565,19.53007507,3580.797932,3727.117843,1414
43.51,-119.91,9.5357075,219.1,153.208972,165.1557565,14.05619049,3580.797932,3727.117843,1400
43.51,-119.96,9.5357075,122.3,153.208972,165.1557565,14.05619049,3580.797932,3727.117843,1400
43.5,-119.01,9.5357075,257.3,153.208972,165.1557565,-19.61800575,3580.797932,3727.117843,1384
43.51,-120.09,9.5357075,186,153.208972,165.1557565,5.062514305,3580.797932,3727.117843,1400
43.54,-120.13,9.5357075,262.4,153.208972,165.1557565,-0.091019377,3580.797932,3727.117843,1414
43.58,-120.1,9.5827484,265,152.8324644,164.74989,27.84170914,3583.460511,3729.894533,1478
43.6,-120.01,9.5827484,272.6,152.8324644,164.74989,27.84170914,3583.460511,3729.894533,1529
43.54,-120.01,9.5357075,104.6,153.208972,165.1557565,27.84170914,3580.797932,3727.117843,1414
43.59,-120.14,9.5827484,142.7,152.8324644,164.74989,-0.091019377,3583.460511,3729.894533,1493
43.62,-120.07,9.5827484,188.6,152.8324644,164.74989,27.84170914,3583.460511,3729.894533,1540
43.6,-119.93,9.5827484,122.3,152.8324644,164.74989,19.53007507,3583.460511,3729.894533,1529
43.57,-119.88,9.5827484,126.8,152.8324644,164.74989,19.53007507,3583.460511,3729.894533,1452
43.57,-119.97,9.5827484,331.2,152.8324644,164.74989,19.53007507,3583.460511,3729.894533,1452
43.56,-120,9.5827484,107,152.8324644,164.74989,27.84170914,3583.460511,3729.894533,1440
43.55,-119.99,9.5357075,66.2,153.208972,165.1557565,19.53007507,3580.797932,3727.117843,1425
43.58,-120.05,9.5827484,137.6,152.8324644,164.74989,27.84170914,3583.460511,3729.894533,1478
43.64,-119.98,9.5827484,122.3,152.8324644,164.74989,19.53007507,3583.460511,3729.894533,1561
43.55,-119.98,9.5357075,366.1,153.208972,165.1557565,19.53007507,3580.797932,3727.117843,1425
43.57,-120.18,9.5827484,234.4,152.8324644,164.74989,-0.091019377,3583.460511,3729.894533,1452
43.5,-119.82,9.5357075,108.8,153.208972,165.1557565,6.097518921,3580.797932,3727.117843,1384
43.55,-119.91,9.5357075,186.6,153.208972,165.1557565,19.53007507,3580.797932,3727.117843,1425
43.52,-120.15,9.5357075,63.7,153.208972,165.1557565,3.472289085,3580.797932,3727.117843,1406
43.5,-119.91,9.5357075,127.4,153.208972,165.1557565,14.05619049,3580.797932,3727.117843,1384
43.56,-119.97,9.5827484,160.5,152.8324644,164.74989,19.53007507,3583.460511,3729.894533,1440
43.56,-119.96,9.5827484,313.4,152.8324644,164.74989,19.53007507,3583.460511,3729.894533,1440
43.47,-119.89,9.5357075,145,153.208972,165.1557565,14.05619049,3580.797932,3727.117843,1354
43.47,-119.89,9.5357075,128.9,153.208972,165.1557565,14.05619049,3580.797932,3727.117843,1354
43.51,-119.9,9.5357075,163.2,153.208972,165.1557565,14.05619049,3580.797932,3727.117843,1400
43.51,-119.9,9.5357075,120.3,153.208972,165.1557565,14.05619049,3580.797932,3727.117843,1400
43.52,-120,9.5357075,103.6,153.208972,165.1557565,5.062514305,3580.797932,3727.117843,1406
43.55,-119.84,9.5357075,69.5,153.208972,165.1557565,11.73509693,3580.797932,3727.117843,1425
43.57,-119.88,9.5827484,115.5,152.8324644,164.74989,19.53007507,3583.460511,3729.894533,1452
43.65,-119.92,9.5827484,77.4,152.8324644,164.74989,6.098480225,3583.460511,3729.894533,1646
43.48,-120.1,9.5357075,81.2,153.208972,165.1557565,5.062514305,3580.797932,3727.117843,1363
43.52,-120.03,9.5357075,123,153.208972,165.1557565,5.062514305,3580.797932,3727.117843,1406
43.52,-119.7,9.5357075,130.1,153.208972,165.1557565,8.098041534,3580.797932,3727.117843,1406
43.53,-119.97,9.5357075,229.3,153.208972,165.1557565,19.53007507,3580.797932,3727.117843,1409
43.56,-119.95,9.5827484,127.4,152.8324644,164.74989,19.53007507,3583.460511,3729.894533,1440
43.51,-119.96,9.5357075,89.2,153.208972,165.1557565,14.05619049,3580.797932,3727.117843,1400
43.55,-120.01,9.5357075,89.2,153.208972,165.1557565,27.84170914,3580.797932,3727.117843,1425
43.54,-119.96,9.5357075,188.6,153.208972,165.1557565,19.53007507,3580.797932,3727.117843,1414
43.56,-119.93,9.5827484,145.2,152.8324644,164.74989,19.53007507,3583.460511,3729.894533,1440
43.54,-119.92,9.5357075,86.6,153.208972,165.1557565,19.53007507,3580.797932,3727.117843,1414
43.51,-119.95,9.5357075,86.6,153.208972,165.1557565,14.05619049,3580.797932,3727.117843,1400
38.82,-122.89,17.834578,204,112.0286855,120.7643525,37.64468002,3978.085182,4141.43169,528
38.78,-122.87,17.725136,194,112.374008,121.1366023,37.64468002,3973.543064,4136.694909,707
38.79,-122.86,17.725136,181,112.374008,121.1366023,37.64468002,3973.543064,4136.694909,443
38.78,-122.85,17.725136,195,112.374008,121.1366023,37.64468002,3973.543064,4136.694909,720
38.81,-122.62,17.580811,179,112.8343175,121.6328054,18.75132561,3967.531719,4130.425936,355
38.78,-122.62,17.580811,177,112.8343175,121.6328054,18.75132561,3967.531719,4130.425936,390
38.79,-122.62,17.580811,183,112.8343175,121.6328054,18.75132561,3967.531719,4130.425936,436
38.77,-122.63,17.580811,187,112.8343175,121.6328054,18.75132561,3967.531719,4130.425936,390
38.76,-122.61,17.580811,160,112.8343175,121.6328054,18.75132561,3967.531719,4130.425936,329
38.77,-122.63,17.580811,177,112.8343175,121.6328054,18.75132561,3967.531719,4130.425936,390
38.8,-122.62,17.580811,157,112.8343175,121.6328054,18.75132561,3967.531719,4130.425936,376
38.79,-122.62,17.580811,160,112.8343175,121.6328054,18.75132561,3967.531719,4130.425936,436
38.75,-122.64,17.580811,191,112.8343175,121.6328054,18.75132561,3967.531719,4130.425936,355
43.64,-121.24,9.5827484,151,152.8324644,164.74989,33.66347885,3583.460511,3729.894533,1789
43.64,-121.24,9.5827484,151,152.8324644,164.74989,33.66347885,3583.460511,3729.894533,1789
43.83,-121.25,9.5827484,96,152.8324644,164.74989,69.37815094,3583.460511,3729.894533,1747
43.83,-121.25,9.5827484,96,152.8324644,164.74989,69.37815094,3583.460511,3729.894533,1747
38.92,-122.88,17.834578,146,112.0286855,120.7643525,29.22932434,3978.085182,4141.43169,493
38.9,-122.87,17.834578,181,112.0286855,120.7643525,29.22932434,3978.085182,4141.43169,644
38.75,-122.59,17.580811,154,112.8343175,121.6328054,18.75132561,3967.531719,4130.425936,341
38.73,-122.61,17.580811,157,112.8343175,121.6328054,36.47542191,3967.531719,4130.425936,431
38.87,-122.91,17.834578,202,112.0286855,120.7643525,48.62863159,3978.085182,4141.43169,789
38.89,-122.9,17.834578,239,112.0286855,120.7643525,29.22932434,3978.085182,4141.43169,806
40.61,-119.4,16.676729,98,115.8524502,124.8862831,-27.88883018,3929.300284,4090.556011,1751
40.62,-119.37,16.676729,76.4,115.8524502,124.8862831,-27.88883018,3929.300284,4090.556011,1813
38.89,-122.9,17.834578,164,112.0286855,120.7643525,29.22932434,3978.085182,4141.43169,806
38.9,-122.91,17.834578,153,112.0286855,120.7643525,48.62863159,3978.085182,4141.43169,822
38.8,-122.89,17.725136,153,112.374008,121.1366023,37.64468002,3973.543064,4136.694909,361
38.8,-122.59,17.580811,144,112.8343175,121.6328054,18.75132561,3967.531719,4130.425936,409
38.9,-122.57,17.580811,161,112.8343175,121.6328054,21.14631844,3967.531719,4130.425936,481
38.9,-122.56,17.580811,164,112.8343175,121.6328054,21.14631844,3967.531719,4130.425936,494
38.71,-122.68,17.580811,160,112.8343175,121.6328054,18.10768318,3967.531719,4130.425936,864
42.19,-121.71,8.7200031,105,160.214692,172.707762,3.540222883,3533.537798,3677.832275,1262
42.03,-120.3,18.00329,97,111.5025297,120.1971686,43.47267532,3985.05994,4148.705366,1487
44.77,-122.56,9.8749847,67,150.5540502,162.2938117,-47.82718277,3599.857093,3746.993826,229
46.61,-120.38,9.7773581,42,151.3038218,163.1020483,-33.21891403,3594.406856,3741.310007,1383
43.8,-123.88,9.5827484,36.8,152.8324644,164.74989,32.81764984,3583.460511,3729.894533,57
43.21,-123.25,9.2272873,25,155.7484156,167.8932185,0.504339039,3563.175759,3708.740434,189
43.21,-123.25,9.2272873,25,155.7484156,167.8932185,0.504339039,3563.175759,3708.740434,189
46.54,-122.48,9.6252508,32,152.4946585,164.385743,-11.95248985,3585.860591,3732.397473,199
40.77,-119.13,16.524179,242.2,116.3859923,125.4614292,-13.53714085,3922.74802,4083.722935,1842
40.77,-119.17,16.676729,21,115.8524502,124.8862831,-13.53714085,3929.300284,4090.556011,1842
40.77,-119.15,16.676729,406,115.8524502,124.8862831,-13.53714085,3929.300284,4090.556011,1842
40.77,-119.15,16.676729,1302,115.8524502,124.8862831,-13.53714085,3929.300284,4090.556011,1842
40.77,-119.15,16.676729,924,115.8524502,124.8862831,-13.53714085,3929.300284,4090.556011,1842
40.77,-119.15,16.676729,84,115.8524502,124.8862831,-13.53714085,3929.300284,4090.556011,1842
40.71,-119.29,16.676729,71,115.8524502,124.8862831,-1.788173914,3929.300284,4090.556011,1765
40.77,-119.22,16.676729,59,115.8524502,124.8862831,-20.22464371,3929.300284,4090.556011,1842
39.52,-119.75,16.215477,127.7,117.4886178,126.6500343,-17.4012146,3909.395591,4069.798259,743
40.82,-119.17,16.676729,92,115.8524502,124.8862831,-13.53714085,3929.300284,4090.556011,1638
40.84,-119.14,16.676729,109,115.8524502,124.8862831,-13.53714085,3929.300284,4090.556011,1556
40.8,-119.13,16.676729,67,115.8524502,124.8862831,-13.53714085,3929.300284,4090.556011,1683
40.77,-119.18,16.676729,88,115.8524502,124.8862831,-20.22464371,3929.300284,4090.556011,1842
45.6,-119.6,9.5370016,59,153.198577,165.1445509,-43.9274559,3580.871267,3727.194321,299
45.9,-122.66,9.5405912,42,153.1697542,165.1134806,-17.16711617,3581.074661,3727.406432,143
40.55,-124.18,9.0263643,77.51,157.4723216,169.7515496,-46.74324799,3551.536793,3696.602655,67
40.77,-119.25,16.676729,67,115.8524502,124.8862831,-20.22464371,3929.300284,4090.556011,1842
42.49,-123.38,8.1746902,40,165.4721872,178.3752212,-10.87535667,3500.69953,3643.586653,358
40.65,-119.35,16.676729,210,115.8524502,124.8862831,-27.88883018,3929.300284,4090.556011,1753
39.97,-119.03,16.215477,188.6,117.4886178,126.6500343,5.891718864,3909.395591,4069.798259,1338
39.99,-119.35,16.215477,180.9,117.4886178,126.6500343,-16.27442932,3909.395591,4069.798259,1313
40,-119.07,16.215477,191.1,117.4886178,126.6500343,18.20953751,3909.395591,4069.798259,1270
39.98,-119.04,16.215477,145.2,117.4886178,126.6500343,5.891718864,3909.395591,4069.798259,1258
39.98,-119.01,16.215477,173.3,117.4886178,126.6500343,5.891718864,3909.395591,4069.798259,1258
39.96,-119.07,16.215477,81.5,117.4886178,126.6500343,18.20953751,3909.395591,4069.798259,1300
39.96,-119.06,16.215477,81.5,117.4886178,126.6500343,18.20953751,3909.395591,4069.798259,1300
39.38,-119.73,16.215477,4252.5,117.4886178,126.6500343,5.977461815,3909.395591,4069.798259,847
39.4,-119.75,16.215477,3950,117.4886178,126.6500343,5.977461815,3909.395591,4069.798259,873
39.39,-119.75,16.215477,2780,117.4886178,126.6500343,5.977461815,3909.395591,4069.798259,809
39.39,-119.75,16.215477,3584,117.4886178,126.6500343,5.977461815,3909.395591,4069.798259,809
39.39,-119.75,16.215477,3088,117.4886178,126.6500343,5.977461815,3909.395591,4069.798259,809
39.4,-119.75,16.215477,4585,117.4886178,126.6500343,5.977461815,3909.395591,4069.798259,873
39.39,-119.77,16.215477,3296,117.4886178,126.6500343,2.469632149,3909.395591,4069.798259,809
39.39,-119.75,16.215477,8052.5,117.4886178,126.6500343,5.977461815,3909.395591,4069.798259,809
39.39,-119.75,16.215477,231,117.4886178,126.6500343,5.977461815,3909.395591,4069.798259,809
39.39,-119.75,16.215477,1688.4,117.4886178,126.6500343,5.977461815,3909.395591,4069.798259,809
39.59,-119.11,16.215477,139.2,117.4886178,126.6500343,-20.9081974,3909.395591,4069.798259,1287
38.87,-122.73,17.725136,278,112.374008,121.1366023,30.45727158,3973.543064,4136.694909,939
38.92,-122.8,17.834578,334,112.0286855,120.7643525,29.22932434,3978.085182,4141.43169,631
41.86,-123.37,8.7200031,36,160.214692,172.707762,-49.16899872,3533.537798,3677.832275,896
44.61,-123.3,9.8749847,44,150.5540502,162.2938117,34.0663414,3599.857093,3746.993826,232
45.65,-121.47,9.5370016,41,153.198577,165.1445509,-36.9323616,3580.871267,3727.194321,619
44.59,-120.92,9.8749847,85,150.5540502,162.2938117,31.81876373,3599.857093,3746.993826,1019
39.41,-119.75,16.215477,2262.3,117.4886178,126.6500343,5.977461815,3909.395591,4069.798259,719
42.46,-121.37,8.7200031,48.3,160.214692,172.707762,9.680673599,3533.537798,3677.832275,1310
42.46,-121.37,8.7200031,64,160.214692,172.707762,9.680673599,3533.537798,3677.832275,1310
39.5,-119.75,16.215477,97.9,117.4886178,126.6500343,-17.4012146,3909.395591,4069.798259,1055
42.22,-120.35,8.7200031,1426,160.214692,172.707762,-25.04924774,3533.537798,3677.832275,1640
42.22,-120.35,8.7200031,2862,160.214692,172.707762,-25.04924774,3533.537798,3677.832275,1640
40.71,-119.43,16.815744,83.7,115.3725829,124.3689972,-46.11700821,3935.24515,4096.755656,1765
44.25,-120.97,9.8749847,109,150.5540502,162.2938117,-22.19685745,3599.857093,3746.993826,956
44.24,-120.97,9.8749847,109,150.5540502,162.2938117,-22.19685745,3599.857093,3746.993826,972
43.21,-119.04,9.2272873,126,155.7484156,167.8932185,-0.940447748,3563.175759,3708.740434,1314
43.21,-119,9.2272873,128,155.7484156,167.8932185,-0.940447748,3563.175759,3708.740434,1314
38.85,-122.8,17.725136,282.4,112.374008,121.1366023,37.64468002,3973.543064,4136.694909,793
42.18,-121.7,8.7200031,38,160.214692,172.707762,3.540222883,3533.537798,3677.832275,1263
42.22,-120.36,8.7200031,895,160.214692,172.707762,-25.04924774,3533.537798,3677.832275,1640
38.77,-122.82,17.725136,219.1,112.374008,121.1366023,37.64468002,3973.543064,4136.694909,638
37.49,-119.3,16.19442,54,117.5649761,126.7323467,135.9580841,3908.480192,4068.843628,43
43.95,-122.9,9.5827484,45,152.8324644,164.74989,-36.44744873,3583.460511,3729.894533,208
42.13,-121.74,8.7200031,63,160.214692,172.707762,3.540222883,3533.537798,3677.832275,1248
39.05,-122.74,17.834578,172,112.0286855,120.7643525,27.23161507,3978.085182,4141.43169,671
38.94,-122.69,17.725136,214,112.374008,121.1366023,30.45727158,3973.543064,4136.694909,482
43.69,-122.37,9.5827484,156,152.8324644,164.74989,-40.80078506,3583.460511,3729.894533,634
42.19,-121.77,8.7200031,92,160.214692,172.707762,-2.806406498,3533.537798,3677.832275,1259
40.39,-119.42,16.524179,20.4,116.3859923,125.4614292,-14.39539051,3922.74802,4083.722935,1664
40.39,-119.41,16.524179,0.6,116.3859923,125.4614292,-14.39539051,3922.74802,4083.722935,1664
40.39,-119.42,16.524179,134.7,116.3859923,125.4614292,-14.39539051,3922.74802,4083.722935,1664
42.17,-121.68,8.7200031,21,160.214692,172.707762,3.540222883,3533.537798,3677.832275,1266
45.7,-121.24,9.5560369,42,153.0459177,164.9799878,-34.41330338,3581.949407,3728.318668,341
41.73,-121.67,8.7112598,17,160.2950739,172.7944117,2.515234709,3533.019518,3677.291784,1423
43.9,-121.36,9.5827484,59,152.8324644,164.74989,14.33618832,3583.460511,3729.894533,1375
43.91,-121.36,9.8749847,60.9,150.5540502,162.2938117,14.33618832,3599.857093,3746.993826,1372
46.33,-120.78,9.5389538,74,153.1828997,165.1276512,-57.34260178,3580.981887,3727.309682,1089
41.83,-121.55,8.7181835,100,160.2314106,172.7257842,-6.442855835,3533.429958,3677.719814,1230
42.7,-122.6,8.0918245,105,166.3173021,179.2862356,-28.21739769,3495.614635,3638.283834,682
42.7,-122.6,8.0918245,105,166.3173021,179.2862356,-28.21739769,3495.614635,3638.283834,682
42.7,-122.6,8.0918245,93,166.3173021,179.2862356,-28.21739769,3495.614635,3638.283834,682
42.7,-122.6,8.0918245,93,166.3173021,179.2862356,-28.21739769,3495.614635,3638.283834,682
42.22,-120.36,8.7200031,992,160.214692,172.707762,-25.04924774,3533.537798,3677.832275,1640
42.22,-120.36,8.7200031,118,160.214692,172.707762,-25.04924774,3533.537798,3677.832275,1640
47.94,-128.9,0.43398958,84,718.1596621,774.159638,-4.45633316,2730.572599,2840.454282,-2399
47.92,-128.85,0.66285837,136,581.0992123,626.4116178,-10.49689579,2784.956401,2897.168818,-2578
47.9,-128.74,0.91232389,440,495.3203091,533.9439284,-8.577288628,2834.304766,2948.632113,-2630
47.74,-127.91,2.9722376,345,274.4219822,295.8206004,-0.58204329,3103.406253,3229.266521,-2635
47.73,-127.88,2.9722376,129,274.4219822,295.8206004,-0.58204329,3103.406253,3229.266521,-2641
47.87,-128.59,1.1679138,439,437.7793418,471.9160858,-5.80466938,2878.245212,2994.455721,-2628
47.85,-128.47,1.414219,334,397.8343928,428.8563473,-8.135784149,2916.22329,3034.061431,-2664
47.89,-128.66,0.91232389,900,495.3203091,533.9439284,-8.577288628,2834.304766,2948.632113,-2619
47.79,-128.21,2.1661963,267,321.4487595,346.5143873,-3.510086775,3015.130126,3137.207131,-2653
42.01,-121.82,8.7200031,13,160.214692,172.707762,-10.34061337,3533.537798,3677.832275,1242
46.53,-122.56,9.6252508,31,152.4946585,164.385743,-18.87744522,3585.860591,3732.397473,132
42.19,-120.35,8.7200031,146,160.214692,172.707762,-25.04924774,3533.537798,3677.832275,1576
39.51,-119.65,16.215477,295.6,117.4886178,126.6500343,-17.4012146,3909.395591,4069.798259,1000
38.83,-121.17,16.676729,26,115.8524502,124.8862831,-82.50362396,3929.300284,4090.556011,129
39.39,-119.72,16.215477,425.5,117.4886178,126.6500343,5.977461815,3909.395591,4069.798259,809
40.39,-121.54,18.00329,132,111.5025297,120.1971686,111.5407791,3985.05994,4148.705366,1924
40.36,-121.5,18.00329,231,111.5025297,120.1971686,34.33236694,3985.05994,4148.705366,1544
40.41,-121.45,18.00329,85,111.5025297,120.1971686,78.76473999,3985.05994,4148.705366,1948
40.37,-120.95,17.580811,97,112.8343175,121.6328054,54.99201965,3967.531719,4130.425936,1628
44.55,-122.03,9.8749847,82,150.5540502,162.2938117,5.320100784,3599.857093,3746.993826,1173
39.03,-122.43,17.580811,109,112.8343175,121.6328054,7.078770638,3967.531719,4130.425936,464
46.57,-120.17,9.7773581,53,151.3038218,163.1020483,24.61705589,3594.406856,3741.310007,1359
42.64,-122.82,8.1765585,42,165.4532814,178.3548411,-18.60934258,3500.813877,3643.7059,490
42.64,-122.82,8.1765585,42,165.4532814,178.3548411,-18.60934258,3500.813877,3643.7059,490
45.7,-121.42,9.5560369,52,153.0459177,164.9799878,-36.9323616,3581.949407,3728.318668,211
39.39,-119.76,16.215477,8295,117.4886178,126.6500343,2.469632149,3909.395591,4069.798259,809
42.37,-120.57,8.7200031,126,160.214692,172.707762,62.26567459,3533.537798,3677.832275,1372
41.63,-121.37,17.755274,29,112.278595,121.0337493,-8.07553196,3974.795262,4138.000773,1351
41.7,-121.35,17.755274,144.6,112.278595,121.0337493,2.494198561,3974.795262,4138.000773,1283
41.7,-121.35,17.755274,243,112.278595,121.0337493,2.494198561,3974.795262,4138.000773,1283
46.3,-122.87,9.5389538,21,153.1828997,165.1276512,-13.46061039,3580.981887,3727.309682,189
42.22,-121.78,8.7200031,377,160.214692,172.707762,-2.806406498,3533.537798,3677.832275,1242
46.58,-123.03,9.7773581,47,151.3038218,163.1020483,-5.653169632,3594.406856,3741.310007,148
42.24,-121.77,8.7200031,1488.2,160.214692,172.707762,-2.806406498,3533.537798,3677.832275,1363
45.61,-121.23,9.5370016,69,153.198577,165.1445509,-26.10076523,3580.871267,3727.194321,266
42.38,-122.53,8.7200031,49,160.214692,172.707762,-15.68583679,3533.537798,3677.832275,1126
47.17,-119.32,9.7773581,81,151.3038218,163.1020483,-24.49332237,3594.406856,3741.310007,667
41.65,-121.18,17.755274,78,112.278595,121.0337493,-4.762607574,3974.795262,4138.000773,1341
41.56,-121.12,18.100437,147,111.202904,119.8741791,-2.16358757,3989.061292,4152.878205,1445
41.74,-121.87,8.7112598,8,160.2950739,172.7944117,-2.013237953,3533.019518,3677.291784,1329
41.59,-121.96,8.7299252,13,160.1236192,172.6095875,-1.570258617,3534.125639,3678.445309,1483
41,-120.89,18.00329,98,111.5025297,120.1971686,35.25090027,3985.05994,4148.705366,1678
41.27,-122.61,15.872827,37,118.7499725,128.0097457,44.55010605,3894.425081,4054.186156,1219
41.83,-121.25,8.7181835,67,160.2314106,172.7257842,15.57495403,3533.429958,3677.719814,1460
41.57,-122.88,8.7299252,18,160.1236192,172.6095875,-27.20770073,3534.125639,3678.445309,858
41.56,-122.53,8.7299252,29,160.1236192,172.6095875,-10.83724976,3534.125639,3678.445309,827
41.43,-122.5,8.7199984,39,160.2147352,172.7078085,11.80708408,3533.537519,3677.831985,1118
41.89,-122.4,8.7200031,11,160.214692,172.707762,-15.8863039,3533.537798,3677.832275,792
41.98,-122.32,8.7200031,72,160.214692,172.707762,10.44643593,3533.537798,3677.832275,798
41.9,-122.53,8.7200031,11,160.214692,172.707762,-18.12549019,3533.537798,3677.832275,653
41.95,-122,8.7200031,142,160.214692,172.707762,2.259691238,3533.537798,3677.832275,1294
41.73,-120.38,18.00329,8,111.5025297,120.1971686,-2.09282589,3985.05994,4148.705366,1438
44.43,-122.72,9.8749847,45,150.5540502,162.2938117,-41.92197037,3599.857093,3746.993826,391
42.18,-120.36,8.7200031,125,160.214692,172.707762,-25.04924774,3533.537798,3677.832275,1575
42.18,-120.34,8.7200031,190,160.214692,172.707762,52.84307098,3533.537798,3677.832275,1575
42.22,-120.36,8.7200031,2883,160.214692,172.707762,-25.04924774,3533.537798,3677.832275,1640
43.53,-120.09,9.5357075,277.7,153.208972,165.1557565,27.84170914,3580.797932,3727.117843,1409
40.41,-120.65,17.370102,700,113.5166261,122.3683183,-5.224923134,3958.710902,4121.227083,1699
39.9,-119.16,16.215477,172.9,117.4886178,126.6500343,15.43356419,3909.395591,4069.798259,1377
39.9,-119.19,16.215477,276.6,117.4886178,126.6500343,15.45901203,3909.395591,4069.798259,1377
39.88,-119.22,16.215477,380.4,117.4886178,126.6500343,15.45901203,3909.395591,4069.798259,1492
39.91,-119.22,16.215477,380.4,117.4886178,126.6500343,20.23330116,3909.395591,4069.798259,1356
39.8,-119.3,16.215477,69.2,117.4886178,126.6500343,-47.74105835,3909.395591,4069.798259,1160
39.94,-119.29,16.215477,69.2,117.4886178,126.6500343,20.23330116,3909.395591,4069.798259,1334
39.99,-119.23,16.215477,172.9,117.4886178,126.6500343,20.23330116,3909.395591,4069.798259,1313
39.85,-119.23,16.215477,276.6,117.4886178,126.6500343,15.45901203,3909.395591,4069.798259,1463
39.88,-119.24,16.215477,380.4,117.4886178,126.6500343,15.45901203,3909.395591,4069.798259,1492
39.9,-119.23,16.215477,380.4,117.4886178,126.6500343,15.45901203,3909.395591,4069.798259,1377
39.92,-119.21,16.215477,276.6,117.4886178,126.6500343,20.23330116,3909.395591,4069.798259,1404
39.91,-119.22,16.215477,380.4,117.4886178,126.6500343,20.23330116,3909.395591,4069.798259,1356
39.96,-119.28,16.215477,103.7,117.4886178,126.6500343,20.23330116,3909.395591,4069.798259,1300
39.95,-119.26,16.215477,103.7,117.4886178,126.6500343,20.23330116,3909.395591,4069.798259,1124
39.96,-119.26,16.215477,242.1,117.4886178,126.6500343,20.23330116,3909.395591,4069.798259,1300
39.96,-119.24,16.215477,103.7,117.4886178,126.6500343,20.23330116,3909.395591,4069.798259,1300
39.97,-119.25,16.215477,242.1,117.4886178,126.6500343,20.23330116,3909.395591,4069.798259,1338
39.92,-119.25,16.215477,207.5,117.4886178,126.6500343,20.23330116,3909.395591,4069.798259,1404
39.89,-119.29,16.215477,276.6,117.4886178,126.6500343,15.45901203,3909.395591,4069.798259,1539
39.89,-119.26,16.215477,380.4,117.4886178,126.6500343,15.45901203,3909.395591,4069.798259,1539
39.84,-119.26,16.215477,242.1,117.4886178,126.6500343,15.45901203,3909.395591,4069.798259,1459
39.86,-119.25,16.215477,311.2,117.4886178,126.6500343,15.45901203,3909.395591,4069.798259,1625
39.92,-119.2,16.215477,345.8,117.4886178,126.6500343,20.23330116,3909.395591,4069.798259,1404
39.88,-119.21,16.215477,380.4,117.4886178,126.6500343,15.45901203,3909.395591,4069.798259,1492
39.89,-119.21,16.215477,380.4,117.4886178,126.6500343,15.45901203,3909.395591,4069.798259,1539
39.92,-119.18,16.215477,242.1,117.4886178,126.6500343,20.23330116,3909.395591,4069.798259,1404
39.88,-119.18,16.215477,172.9,117.4886178,126.6500343,15.45901203,3909.395591,4069.798259,1492
39.93,-119.19,16.215477,138.3,117.4886178,126.6500343,20.23330116,3909.395591,4069.798259,1414
39.82,-119.26,16.215477,179.1,117.4886178,126.6500343,15.45901203,3909.395591,4069.798259,1288
39.85,-119.31,16.215477,138.3,117.4886178,126.6500343,-47.74105835,3909.395591,4069.798259,1463
39.88,-119.28,16.215477,242.1,117.4886178,126.6500343,15.45901203,3909.395591,4069.798259,1492
39.88,-119.31,16.215477,138.3,117.4886178,126.6500343,-47.74105835,3909.395591,4069.798259,1492
39.83,-119.31,16.215477,69.2,117.4886178,126.6500343,-47.74105835,3909.395591,4069.798259,1129
38.85,-122.76,17.725136,351,112.374008,121.1366023,64.02696228,3973.543064,4136.694909,724
38.85,-122.76,17.725136,389,112.374008,121.1366023,64.02696228,3973.543064,4136.694909,724
38.86,-122.77,17.725136,322,112.374008,121.1366023,30.45727158,3973.543064,4136.694909,733
38.86,-122.78,17.725136,293,112.374008,121.1366023,30.45727158,3973.543064,4136.694909,742
38.87,-122.77,17.725136,285,112.374008,121.1366023,30.45727158,3973.543064,4136.694909,766
38.86,-122.75,17.725136,305,112.374008,121.1366023,30.45727158,3973.543064,4136.694909,771
38.86,-122.75,17.725136,305,112.374008,121.1366023,30.45727158,3973.543064,4136.694909,771
38.94,-122.76,17.834578,232,112.0286855,120.7643525,30.45727158,3978.085182,4141.43169,594
42.21,-122.68,8.7200031,49,160.214692,172.707762,0.741040707,3533.537798,3677.832275,614
40.21,-119.15,16.215477,84.1,117.4886178,126.6500343,60.92185974,3909.395591,4069.798259,1626
40.23,-119.14,16.215477,33.1,117.4886178,126.6500343,60.92185974,3909.395591,4069.798259,2091
40.19,-119.18,16.215477,84.1,117.4886178,126.6500343,19.07897758,3909.395591,4069.798259,1352
40.21,-119.23,16.215477,61.2,117.4886178,126.6500343,19.07897758,3909.395591,4069.798259,1626
40.22,-119.22,16.215477,150.3,117.4886178,126.6500343,19.07897758,3909.395591,4069.798259,1868
40.25,-119.21,16.215477,63.7,117.4886178,126.6500343,19.07897758,3909.395591,4069.798259,1759
45.71,-121.87,9.5560369,46,153.0459177,164.9799878,-61.11421204,3581.949407,3728.318668,191
45.32,-121.8,9.5414743,41,153.1626658,165.1058395,41.99193954,3581.124693,3727.458608,1046
45.41,-121.82,9.5483627,110,153.1074083,165.0462732,22.76212502,3581.514878,3727.865515,971
45.37,-121.82,9.5483627,110,153.1074083,165.0462732,41.99193954,3581.514878,3727.865515,870
45.28,-121.74,9.5414743,95,153.1626658,165.1058395,91.14661407,3581.124693,3727.458608,1144
43.32,-119.7,9.4671307,83.7,153.7628686,165.7528443,1.97349596,3576.904597,3723.057651,1313
43.31,-119.77,9.4671307,83.7,153.7628686,165.7528443,17.96736908,3576.904597,3723.057651,1313
43.32,-119.71,9.4671307,175.7,153.7628686,165.7528443,1.97349596,3576.904597,3723.057651,1313
43.21,-119.52,9.2272873,142.3,155.7484156,167.8932185,-4.520259857,3563.175759,3708.740434,1314
43.2,-119.57,9.2272873,347.3,155.7484156,167.8932185,11.04546738,3563.175759,3708.740434,1314
43.1,-119.73,8.97577,46,157.9155151,170.229302,4.349617004,3548.585631,3693.525015,1358
47.37,-120.3,9.7773581,58,151.3038218,163.1020483,4.587833405,3594.406856,3741.310007,1671
39.39,-119.75,16.215477,2659.7,117.4886178,126.6500343,5.977461815,3909.395591,4069.798259,809
39.39,-119.75,16.215477,748,117.4886178,126.6500343,5.977461815,3909.395591,4069.798259,809
39.39,-119.76,16.215477,2722.3,117.4886178,126.6500343,2.469632149,3909.395591,4069.798259,809
39.91,-119.22,16.215477,380.4,117.4886178,126.6500343,20.23330116,3909.395591,4069.798259,1356
44.33,-122.99,9.8749847,39,150.5540502,162.2938117,-4.155235291,3599.857093,3746.993826,263
45.75,-121.12,9.5560369,56,153.0459177,164.9799878,-17.11548996,3581.949407,3728.318668,668
43.75,-122.47,9.5827484,78,152.8324644,164.74989,-20.92564011,3583.460511,3729.894533,367
43.75,-122.47,9.5827484,87,152.8324644,164.74989,-20.92564011,3583.460511,3729.894533,367
44.15,-122.54,9.8749847,55.89,150.5540502,162.2938117,-17.94156837,3599.857093,3746.993826,308
39.49,-119.8,16.215477,122.4,117.4886178,126.6500343,-38.60483551,3909.395591,4069.798259,1209
44.19,-123.83,9.8100004,30,151.051884,162.8304652,48.94464111,3596.232206,3743.213586,239
44.71,-123.03,9.8749847,42,150.5540502,162.2938117,-14.42333031,3599.857093,3746.993826,66
38.89,-122.61,17.580811,75.3,112.8343175,121.6328054,21.14631844,3967.531719,4130.425936,449
38.89,-122.64,17.725136,242.7,112.374008,121.1366023,21.14631844,3973.543064,4136.694909,548
38.9,-122.65,17.725136,192,112.374008,121.1366023,21.14631844,3973.543064,4136.694909,524
38.91,-122.63,17.725136,157.8,112.374008,121.1366023,21.14631844,3973.543064,4136.694909,444
38.88,-122.72,17.725136,117.2,112.374008,121.1366023,30.45727158,3973.543064,4136.694909,808
38.95,-122.85,17.834578,62,112.0286855,120.7643525,29.22932434,3978.085182,4141.43169,470
38.76,-122.64,17.580811,125,112.8343175,121.6328054,18.75132561,3967.531719,4130.425936,347
38.99,-122.82,17.834578,8.4,112.0286855,120.7643525,8.355085373,3978.085182,4141.43169,413
38.76,-122.64,17.580811,130,112.8343175,121.6328054,18.75132561,3967.531719,4130.425936,347
38.8,-122.56,17.580811,192.4,112.8343175,121.6328054,18.75132561,3967.531719,4130.425936,296
38.88,-122.62,17.580811,71.1,112.8343175,121.6328054,21.14631844,3967.531719,4130.425936,445
38.88,-122.62,17.580811,58.6,112.8343175,121.6328054,21.14631844,3967.531719,4130.425936,445
46.15,-124.41,9.5399418,39.5,153.1749673,165.1191003,-63.70323944,3581.037867,3727.368062,-125
44.22,-124.47,9.8100004,39.9,151.051884,162.8304652,-14.34396076,3596.232206,3743.213586,-98
44.5,-124.42,9.8749847,44.7,150.5540502,162.2938117,-32.19318008,3599.857093,3746.993826,-58
44.86,-124.28,9.8163719,46.2,151.0028545,162.7776125,-28.17596626,3596.588144,3743.584779,-128
43.26,-124.59,9.4671307,43.2,153.7628686,165.7528443,-23.38480186,3576.904597,3723.057651,-110
44.06,-124.65,9.5543547,48.8,153.0593903,164.9945108,-29.26899529,3581.854173,3728.219351,-125
45.44,-119.78,9.5483627,46,153.1074083,165.0462732,-22.86091423,3581.514878,3727.865515,696
42.23,-121.77,8.7200031,746.2,160.214692,172.707762,-2.806406498,3533.537798,3677.832275,1270
42.23,-121.77,8.7200031,1150,160.214692,172.707762,-2.806406498,3533.537798,3677.832275,1270
45.61,-122.13,9.5370016,80,153.198577,165.1445509,-28.07614899,3580.871267,3727.194321,325
37.25,-122.4,17.13776,116.3,114.2835259,123.1950187,-3.76199007,3948.92222,4111.018887,-10
42.24,-121.78,8.7200031,975,160.214692,172.707762,-2.806406498,3533.537798,3677.832275,1280
38.9,-122.86,17.834578,283,112.0286855,120.7643525,29.22932434,3978.085182,4141.43169,581
38.86,-122.87,17.834578,274,112.0286855,120.7643525,29.22932434,3978.085182,4141.43169,908
38.98,-122.89,17.834578,94,112.0286855,120.7643525,8.355085373,3978.085182,4141.43169,420
38.97,-122.89,17.834578,96,112.0286855,120.7643525,29.22932434,3978.085182,4141.43169,424
38.96,-122.81,17.834578,105,112.0286855,120.7643525,29.22932434,3978.085182,4141.43169,494
38.88,-122.78,17.725136,217,112.374008,121.1366023,30.45727158,3973.543064,4136.694909,877
46.82,-120.66,9.7773581,37,151.3038218,163.1020483,2.712940931,3594.406856,3741.310007,959
45.73,-122.41,9.5560369,36,153.0459177,164.9799878,-6.739209175,3581.949407,3728.318668,420
43.59,-122.23,9.5827484,127,152.8324644,164.74989,29.22591782,3583.460511,3729.894533,1330
39.53,-119.76,16.215477,162.1,117.4886178,126.6500343,-38.60483551,3909.395591,4069.798259,1141
39.53,-119.76,16.215477,124.5,117.4886178,126.6500343,-38.60483551,3909.395591,4069.798259,1141
43.84,-119.9,9.8749847,67,150.5540502,162.2938117,16.43052101,3599.857093,3746.993826,1302
43.84,-119.9,9.8749847,105,150.5540502,162.2938117,16.43052101,3599.857093,3746.993826,1302
42.21,-120.36,8.7200031,171,160.214692,172.707762,-25.04924774,3533.537798,3677.832275,1599
45.94,-120.97,9.5405912,50,153.1697542,165.1134806,-3.672776699,3581.074661,3727.406432,702
44.27,-120.81,9.8749847,79,150.5540502,162.2938117,-14.38903713,3599.857093,3746.993826,929
45.69,-120.13,9.5560369,114,153.0459177,164.9799878,-41.06179047,3581.949407,3728.318668,662
38.1,-122.89,17.370102,88.67,113.5166261,122.3683183,26.03423882,3958.710902,4121.227083,243
38.85,-122.85,17.834578,344.1,112.0286855,120.7643525,37.64468002,3978.085182,4141.43169,767
38.84,-122.84,17.725136,379.3,112.374008,121.1366023,37.64468002,3973.543064,4136.694909,544
39.74,-119.57,16.215477,131,117.4886178,126.6500343,0.154857606,3909.395591,4069.798259,1626
39.74,-119.59,16.215477,147.4,117.4886178,126.6500343,0.154857606,3909.395591,4069.798259,1626
39.74,-119.59,16.215477,212.9,117.4886178,126.6500343,0.154857606,3909.395591,4069.798259,1626
39.74,-119.58,16.215477,264.8,117.4886178,126.6500343,0.154857606,3909.395591,4069.798259,1626
39.81,-119.65,16.215477,10.9,117.4886178,126.6500343,-9.602243423,3909.395591,4069.798259,1493
48.69,-119.5,9.57864,77,152.8652368,164.7852179,-64.93816376,3583.228231,3729.652298,1093
44.84,-120.46,9.8749847,70,150.5540502,162.2938117,-11.49353981,3599.857093,3746.993826,754
44.82,-120.56,9.8749847,85.5,150.5540502,162.2938117,-11.49353981,3599.857093,3746.993826,744
44.84,-120.48,9.8749847,67.5,150.5540502,162.2938117,-11.49353981,3599.857093,3746.993826,754
44.83,-120.49,9.8749847,70.6,150.5540502,162.2938117,-11.49353981,3599.857093,3746.993826,726
44.82,-120.48,9.8749847,96.8,150.5540502,162.2938117,-11.49353981,3599.857093,3746.993826,744
44.82,-120.54,9.8749847,198,150.5540502,162.2938117,-11.49353981,3599.857093,3746.993826,744
44.86,-120.55,9.8163719,44.8,151.0028545,162.7776125,-11.49353981,3596.588144,3743.584779,799
44.87,-120.55,9.8163719,69,151.0028545,162.7776125,-11.49353981,3596.588144,3743.584779,779
45.03,-121.96,9.831625,341,150.8856737,162.6512943,2.68540144,3597.439776,3744.47291,736
44.78,-122.04,9.8749847,109,150.5540502,162.2938117,-7.28012085,3599.857093,3746.993826,693
45.5,-122.31,9.5407829,218,153.1682153,165.1118218,-38.38925934,3581.085522,3727.417758,94
45.02,-122.01,9.831625,398,150.8856737,162.6512943,-2.388395548,3597.439776,3744.47291,652
44.2,-122.05,9.8749847,154,150.5540502,162.2938117,-29.06661987,3599.857093,3746.993826,747
45.07,-121.96,9.68153,341,152.0507831,163.9072555,17.84023285,3589.030498,3735.703233,755
44.72,-121.91,9.8749847,117,150.5540502,162.2938117,18.00877953,3599.857093,3746.993826,1384
44.56,-121.61,9.8749847,123,150.5540502,162.2938117,4.56726265,3599.857093,3746.993826,974
44.56,-121.61,9.8749847,123,150.5540502,162.2938117,4.56726265,3599.857093,3746.993826,974
43.72,-122.42,9.5827484,57,152.8324644,164.74989,-40.80078506,3583.460511,3729.894533,532
43.72,-122.42,9.5827484,57,152.8324644,164.74989,-40.80078506,3583.460511,3729.894533,532
45.52,-122.27,9.5407829,54,153.1682153,165.1118218,-42.50707626,3581.085522,3727.417758,196
45.51,-122.27,9.5407829,54,153.1682153,165.1118218,-42.50707626,3581.085522,3727.417758,239
45.61,-122,9.5370016,81,153.198577,165.1445509,-14.72300243,3580.871267,3727.194321,159
43.72,-122.33,9.5827484,137,152.8324644,164.74989,-40.80078506,3583.460511,3729.894533,583
45.65,-121.95,9.5370016,209,153.198577,165.1445509,-61.11421204,3580.871267,3727.194321,13
45.34,-121.36,9.5414743,60,153.1626658,165.1058395,7.478405952,3581.124693,3727.458608,872
46.72,-121.58,9.7773581,98,151.3038218,163.1020483,8.267661095,3594.406856,3741.310007,701
46.52,-121.94,9.6252508,73,152.4946585,164.385743,-40.55765533,3585.860591,3732.397473,277
45.34,-121.92,9.5414743,70,153.1626658,165.1058395,-11.65816784,3581.124693,3727.458608,503
45.28,-121.84,9.5414743,90,153.1626658,165.1058395,41.99193954,3581.124693,3727.458608,1095
45.5,-122.28,9.5407829,55,153.1682153,165.1118218,-38.38925934,3581.085522,3727.417758,56
45.5,-122.28,9.5407829,55,153.1682153,165.1118218,-38.38925934,3581.085522,3727.417758,56
46.17,-122.27,9.546627,45,153.1213261,165.0612763,44.67371368,3581.416574,3727.762999,956
46.55,-122.85,9.6252508,37,152.4946585,164.385743,-35.00421906,3585.860591,3732.397473,153
45.63,-121.95,9.5370016,105,153.198577,165.1445509,-61.11421204,3580.871267,3727.194321,105
45.63,-121.95,9.5370016,105,153.198577,165.1445509,-61.11421204,3580.871267,3727.194321,105
46.64,-121.39,9.7773581,96,151.3038218,163.1020483,34.2663765,3594.406856,3741.310007,1369
42.13,-121.8,8.7200031,38,160.214692,172.707762,-2.806406498,3533.537798,3677.832275,1245
45.72,-119.02,9.5560369,67,153.0459177,164.9799878,-48.98023987,3581.949407,3728.318668,488
38.84,-122.63,17.580811,196,112.8343175,121.6328054,18.75132561,3967.531719,4130.425936,548
38.86,-122.67,17.725136,231,112.374008,121.1366023,21.14631844,3973.543064,4136.694909,638
38.85,-122.66,17.725136,231,112.374008,121.1366023,18.75132561,3973.543064,4136.694909,600
38.85,-122.66,17.725136,219,112.374008,121.1366023,18.75132561,3973.543064,4136.694909,600
44.45,-122.83,9.8749847,30,150.5540502,162.2938117,-18.78920174,3599.857093,3746.993826,329
42.01,-121.63,8.7200031,84,160.214692,172.707762,3.120653868,3533.537798,3677.832275,1249
44.63,-122.72,9.8749847,38,150.5540502,162.2938117,-47.05020523,3599.857093,3746.993826,209
38.7,-122.72,17.580811,225,112.8343175,121.6328054,18.10768318,3967.531719,4130.425936,410
39.48,-119.81,16.215477,2998.8,117.4886178,126.6500343,-38.60483551,3909.395591,4069.798259,1303
39.48,-119.79,16.215477,358.2,117.4886178,126.6500343,-38.60483551,3909.395591,4069.798259,1303
39.48,-119.79,16.215477,81.9,117.4886178,126.6500343,-38.60483551,3909.395591,4069.798259,1303
39.48,-119.81,16.215477,1166.4,117.4886178,126.6500343,-38.60483551,3909.395591,4069.798259,1303
39.48,-119.81,16.215477,1380.6,117.4886178,126.6500343,-38.60483551,3909.395591,4069.798259,1303
39.48,-119.81,16.215477,1488.6,117.4886178,126.6500343,-38.60483551,3909.395591,4069.798259,1303
39.48,-119.81,16.215477,1657.8,117.4886178,126.6500343,-38.60483551,3909.395591,4069.798259,1303
39.48,-119.83,16.215477,830,117.4886178,126.6500343,-38.60483551,3909.395591,4069.798259,1303
39.48,-119.81,16.215477,132,117.4886178,126.6500343,-38.60483551,3909.395591,4069.798259,1303
39.48,-119.81,16.215477,754,117.4886178,126.6500343,-38.60483551,3909.395591,4069.798259,1303
39.48,-119.81,16.215477,3123,117.4886178,126.6500343,-38.60483551,3909.395591,4069.798259,1303
39.5,-119.83,16.215477,120.5,117.4886178,126.6500343,-38.60483551,3909.395591,4069.798259,1055
39.48,-119.81,16.215477,676,117.4886178,126.6500343,-38.60483551,3909.395591,4069.798259,1303
39.48,-119.81,16.215477,1090.8,117.4886178,126.6500343,-38.60483551,3909.395591,4069.798259,1303
39.58,-119.81,16.215477,334,117.4886178,126.6500343,2.059766531,3909.395591,4069.798259,1266
39.48,-119.79,16.215477,698.4,117.4886178,126.6500343,-38.60483551,3909.395591,4069.798259,1303
39.48,-119.79,16.215477,880.2,117.4886178,126.6500343,-38.60483551,3909.395591,4069.798259,1303
45.16,-122.11,9.5008411,88.43,153.4898394,165.4585251,-15.92332268,3578.820205,3725.055357,436
42.04,-120.31,18.00329,175,111.5025297,120.1971686,43.47267532,3985.05994,4148.705366,1481
42.04,-120.31,18.00329,572,111.5025297,120.1971686,43.47267532,3985.05994,4148.705366,1481
39.39,-119.75,16.215477,4727.5,117.4886178,126.6500343,5.977461815,3909.395591,4069.798259,809
45.68,-121.31,9.5560369,46,153.0459177,164.9799878,-35.03733826,3581.949407,3728.318668,206
42.13,-121.92,8.7200031,42,160.214692,172.707762,7.86083889,3533.537798,3677.832275,1252
46.43,-119.78,9.543684,56,153.1449335,165.0867244,24.76720619,3581.249874,3727.589154,1139
42.45,-121.36,8.7200031,155.7,160.214692,172.707762,9.680673599,3533.537798,3677.832275,1312
39.54,-122.08,17.725136,28,112.374008,121.1366023,-0.248731673,3973.543064,4136.694909,31
39.54,-122.08,17.725136,28,112.374008,121.1366023,-0.248731673,3973.543064,4136.694909,31
39.62,-119.31,16.215477,62.8,117.4886178,126.6500343,-11.9738245,3909.395591,4069.798259,1403
37.1,-119.73,16.19442,26,117.5649761,126.7323467,27.38141632,3908.480192,4068.843628,43
39.4,-120.88,16.815744,30,115.3725829,124.3689972,26.55622482,3935.24515,4096.755656,873
46.43,-120.18,9.543684,44,153.1449335,165.0867244,-47.70885086,3581.249874,3727.589154,1139
39.45,-119.76,16.215477,45,117.4886178,126.6500343,-38.60483551,3909.395591,4069.798259,1181
39.34,-119.74,16.215477,131.4,117.4886178,126.6500343,5.977461815,3909.395591,4069.798259,878
39.34,-119.73,16.215477,66.2,117.4886178,126.6500343,5.977461815,3909.395591,4069.798259,878
39.37,-119.75,16.215477,321.6,117.4886178,126.6500343,5.977461815,3909.395591,4069.798259,883
39.34,-119.78,16.215477,221.3,117.4886178,126.6500343,2.469632149,3909.395591,4069.798259,878
39.45,-119.72,16.215477,20.7,117.4886178,126.6500343,-17.4012146,3909.395591,4069.798259,1181
39.39,-119.81,16.215477,65.7,117.4886178,126.6500343,2.469632149,3909.395591,4069.798259,809
39.43,-119.71,16.215477,415,117.4886178,126.6500343,5.977461815,3909.395591,4069.798259,1006
39.33,-119.76,16.215477,79,117.4886178,126.6500343,2.469632149,3909.395591,4069.798259,770
39.42,-119.76,16.215477,491,117.4886178,126.6500343,2.469632149,3909.395591,4069.798259,1008
39.37,-119.79,16.215477,141.8,117.4886178,126.6500343,2.469632149,3909.395591,4069.798259,883
39.43,-119.77,16.215477,100.3,117.4886178,126.6500343,2.469632149,3909.395591,4069.798259,1006
39.4,-119.75,16.215477,2188.9,117.4886178,126.6500343,5.977461815,3909.395591,4069.798259,873
39.37,-119.77,16.215477,536,117.4886178,126.6500343,2.469632149,3909.395591,4069.798259,883
39.42,-119.74,16.215477,397.7,117.4886178,126.6500343,5.977461815,3909.395591,4069.798259,1008
39.44,-119.73,16.215477,255.9,117.4886178,126.6500343,5.977461815,3909.395591,4069.798259,1073
39.4,-119.74,16.215477,1628.7,117.4886178,126.6500343,5.977461815,3909.395591,4069.798259,873
39.32,-119.75,16.215477,58.6,117.4886178,126.6500343,25.26992607,3909.395591,4069.798259,948
39.4,-119.77,16.215477,110.7,117.4886178,126.6500343,2.469632149,3909.395591,4069.798259,873
39.31,-119.7,16.215477,51,117.4886178,126.6500343,25.26992607,3909.395591,4069.798259,894
39.31,-119.77,16.215477,35.7,117.4886178,126.6500343,-21.98574066,3909.395591,4069.798259,894
39.29,-119.74,16.215477,38.2,117.4886178,126.6500343,25.26992607,3909.395591,4069.798259,895
39.36,-119.82,16.215477,110.7,117.4886178,126.6500343,2.469632149,3909.395591,4069.798259,871
39.38,-119.84,16.215477,3.5,117.4886178,126.6500343,2.469632149,3909.395591,4069.798259,847
39.41,-119.8,16.215477,51.9,117.4886178,126.6500343,2.469632149,3909.395591,4069.798259,719
39.37,-119.73,16.215477,162.5,117.4886178,126.6500343,5.977461815,3909.395591,4069.798259,883
45.39,-122.36,9.5483627,41,153.1074083,165.0462732,-47.45264053,3581.514878,3727.865515,163
40.38,-119.4,16.524179,546,116.3859923,125.4614292,9.464454651,3922.74802,4083.722935,1650
40.46,-119.4,16.524179,200.2,116.3859923,125.4614292,9.464454651,3922.74802,4083.722935,1735
40.37,-119.4,16.524179,157.1,116.3859923,125.4614292,-3.986682653,3922.74802,4083.722935,1628
40.42,-119.41,16.524179,2380,116.3859923,125.4614292,-14.39539051,3922.74802,4083.722935,1720
40.43,-119.39,16.524179,109.2,116.3859923,125.4614292,9.464454651,3922.74802,4083.722935,1735
40.36,-119.43,16.524179,176.2,116.3859923,125.4614292,12.98807621,3922.74802,4083.722935,1618
40.39,-119.37,16.524179,152.9,116.3859923,125.4614292,9.464454651,3922.74802,4083.722935,1664
40.38,-119.37,16.524179,152.9,116.3859923,125.4614292,9.464454651,3922.74802,4083.722935,1650
40.44,-119.43,16.524179,120.1,116.3859923,125.4614292,-14.39539051,3922.74802,4083.722935,1728
40.44,-119.42,16.524179,127.4,116.3859923,125.4614292,-14.39539051,3922.74802,4083.722935,1728
40.43,-119.47,16.524179,72.8,116.3859923,125.4614292,-14.39539051,3922.74802,4083.722935,1735
40.41,-119.48,16.524179,98.3,116.3859923,125.4614292,-14.39539051,3922.74802,4083.722935,1699
40.39,-119.45,16.524179,134.7,116.3859923,125.4614292,-14.39539051,3922.74802,4083.722935,1664
40.37,-119.47,16.524179,269.4,116.3859923,125.4614292,12.98807621,3922.74802,4083.722935,1628
40.34,-119.47,16.524179,61.9,116.3859923,125.4614292,12.98807621,3922.74802,4083.722935,1604
40.32,-119.46,16.524179,305.8,116.3859923,125.4614292,12.98807621,3922.74802,4083.722935,1574
40.34,-119.41,16.524179,240.2,116.3859923,125.4614292,12.98807621,3922.74802,4083.722935,1604
48.67,-126.86,5.5437579,62.2,200.9363601,216.6047859,-33.3253479,3324.081515,3459.399294,-1270
48.69,-126.9,5.5437579,7.5,200.9363601,216.6047859,-27.44796753,3324.081515,3459.399294,-1313
48.68,-126.88,5.5437579,58,200.9363601,216.6047859,-27.44796753,3324.081515,3459.399294,-1277
48.68,-126.88,5.5437579,58.7,200.9363601,216.6047859,-27.44796753,3324.081515,3459.399294,-1277
48.68,-126.88,5.5437579,59.5,200.9363601,216.6047859,-27.44796753,3324.081515,3459.399294,-1277
48.67,-126.88,5.5437579,59.4,200.9363601,216.6047859,-27.44796753,3324.081515,3459.399294,-1313
48.67,-126.88,5.5437579,59.6,200.9363601,216.6047859,-27.44796753,3324.081515,3459.399294,-1313
48.67,-126.88,5.5437579,59.3,200.9363601,216.6047859,-27.44796753,3324.081515,3459.399294,-1313
48.67,-126.88,5.5437579,61.4,200.9363601,216.6047859,-27.44796753,3324.081515,3459.399294,-1313
48.67,-126.87,5.5437579,58.8,200.9363601,216.6047859,-33.3253479,3324.081515,3459.399294,-1280
48.67,-126.87,5.5437579,62.3,200.9363601,216.6047859,-33.3253479,3324.081515,3459.399294,-1280
48.67,-126.86,5.5437579,59.4,200.9363601,216.6047859,-33.3253479,3324.081515,3459.399294,-1270
48.67,-126.87,5.5437579,66,200.9363601,216.6047859,-33.3253479,3324.081515,3459.399294,-1280
48.66,-126.87,5.5437579,63.8,200.9363601,216.6047859,-33.3253479,3324.081515,3459.399294,-1331
48.67,-126.86,5.5437579,62,200.9363601,216.6047859,-33.3253479,3324.081515,3459.399294,-1270
48.68,-126.86,5.5437579,60.7,200.9363601,216.6047859,-33.3253479,3324.081515,3459.399294,-1242
48.68,-126.86,5.5437579,62.3,200.9363601,216.6047859,-33.3253479,3324.081515,3459.399294,-1242
48.68,-126.86,5.5437579,60.3,200.9363601,216.6047859,-33.3253479,3324.081515,3459.399294,-1242
48.68,-126.87,5.5437579,60.4,200.9363601,216.6047859,-33.3253479,3324.081515,3459.399294,-1256
48.68,-126.87,5.5437579,60.4,200.9363601,216.6047859,-33.3253479,3324.081515,3459.399294,-1256
48.68,-126.87,5.5437579,57.7,200.9363601,216.6047859,-33.3253479,3324.081515,3459.399294,-1256
48.65,-126.91,5.0980859,74.2,209.5352452,225.8741866,-40.77328873,3290.262945,3424.131357,-1298
48.66,-126.89,5.5437579,66.6,200.9363601,216.6047859,-27.44796753,3324.081515,3459.399294,-1316
48.67,-126.88,5.5437579,75.7,200.9363601,216.6047859,-27.44796753,3324.081515,3459.399294,-1313
48.67,-126.88,5.5437579,65,200.9363601,216.6047859,-27.44796753,3324.081515,3459.399294,-1313
48.67,-126.88,5.5437579,65.9,200.9363601,216.6047859,-27.44796753,3324.081515,3459.399294,-1313
48.67,-126.88,5.5437579,64.2,200.9363601,216.6047859,-27.44796753,3324.081515,3459.399294,-1313
48.67,-126.87,5.5437579,67.9,200.9363601,216.6047859,-33.3253479,3324.081515,3459.399294,-1280
48.67,-126.87,5.5437579,58.4,200.9363601,216.6047859,-33.3253479,3324.081515,3459.399294,-1280
48.67,-126.87,5.5437579,59.4,200.9363601,216.6047859,-33.3253479,3324.081515,3459.399294,-1280
48.67,-126.87,5.5437579,61.8,200.9363601,216.6047859,-33.3253479,3324.081515,3459.399294,-1280
48.68,-126.86,5.5437579,61.9,200.9363601,216.6047859,-33.3253479,3324.081515,3459.399294,-1242
48.65,-126.91,5.0980859,70,209.5352452,225.8741866,-40.77328873,3290.262945,3424.131357,-1298
48.68,-126.86,5.5437579,61.4,200.9363601,216.6047859,-33.3253479,3324.081515,3459.399294,-1242
48.68,-126.86,5.5437579,62.3,200.9363601,216.6047859,-33.3253479,3324.081515,3459.399294,-1242
48.67,-126.88,5.5437579,64,200.9363601,216.6047859,-27.44796753,3324.081515,3459.399294,-1313
48.67,-126.88,5.5437579,62.8,200.9363601,216.6047859,-27.44796753,3324.081515,3459.399294,-1313
48.67,-126.87,5.5437579,64.2,200.9363601,216.6047859,-33.3253479,3324.081515,3459.399294,-1280
48.67,-126.87,5.5437579,66.3,200.9363601,216.6047859,-33.3253479,3324.081515,3459.399294,-1280
48.67,-126.87,5.5437579,66.6,200.9363601,216.6047859,-33.3253479,3324.081515,3459.399294,-1280
48.67,-126.87,5.5437579,59.4,200.9363601,216.6047859,-33.3253479,3324.081515,3459.399294,-1280
48.67,-126.86,5.5437579,59,200.9363601,216.6047859,-33.3253479,3324.081515,3459.399294,-1270
48.68,-126.86,5.5437579,56.3,200.9363601,216.6047859,-33.3253479,3324.081515,3459.399294,-1242
48.65,-126.91,5.0980859,66.2,209.5352452,225.8741866,-40.77328873,3290.262945,3424.131357,-1298
48.68,-126.86,5.5437579,59,200.9363601,216.6047859,-33.3253479,3324.081515,3459.399294,-1242
48.68,-126.86,5.5437579,60,200.9363601,216.6047859,-33.3253479,3324.081515,3459.399294,-1242
48.68,-126.86,5.5437579,60.6,200.9363601,216.6047859,-33.3253479,3324.081515,3459.399294,-1242
48.68,-126.85,5.752306,60.4,197.2602906,212.6420673,-33.3253479,3339.438792,3475.41474,-1234
48.68,-126.85,5.752306,56.4,197.2602906,212.6420673,-33.3253479,3339.438792,3475.41474,-1234
48.68,-126.85,5.752306,52,197.2602906,212.6420673,-33.3253479,3339.438792,3475.41474,-1234
48.68,-126.85,5.752306,42.3,197.2602906,212.6420673,-33.3253479,3339.438792,3475.41474,-1234
48.68,-126.84,5.752306,42.4,197.2602906,212.6420673,-33.3253479,3339.438792,3475.41474,-1338
48.68,-126.84,5.752306,38.4,197.2602906,212.6420673,-33.3253479,3339.438792,3475.41474,-1338
48.69,-126.84,5.752306,41.8,197.2602906,212.6420673,-33.3253479,3339.438792,3475.41474,-1369
48.65,-126.9,5.0980859,67.1,209.5352452,225.8741866,-40.77328873,3290.262945,3424.131357,-1295
48.69,-126.84,5.752306,56.3,197.2602906,212.6420673,-33.3253479,3339.438792,3475.41474,-1369
48.69,-126.84,5.752306,36.5,197.2602906,212.6420673,-33.3253479,3339.438792,3475.41474,-1369
48.69,-126.83,5.752306,54.2,197.2602906,212.6420673,-33.3253479,3339.438792,3475.41474,-1412
48.69,-126.83,5.752306,70.9,197.2602906,212.6420673,-33.3253479,3339.438792,3475.41474,-1412
48.69,-126.82,5.752306,69.9,197.2602906,212.6420673,-33.3253479,3339.438792,3475.41474,-1421
48.69,-126.82,5.752306,71.3,197.2602906,212.6420673,-33.3253479,3339.438792,3475.41474,-1421
48.69,-126.82,5.752306,76.2,197.2602906,212.6420673,-33.3253479,3339.438792,3475.41474,-1421
48.7,-126.82,5.752306,77.7,197.2602906,212.6420673,-33.3253479,3339.438792,3475.41474,-1419
48.7,-126.82,5.752306,78.2,197.2602906,212.6420673,-33.3253479,3339.438792,3475.41474,-1419
48.66,-126.9,5.5437579,65.2,200.9363601,216.6047859,-27.44796753,3324.081515,3459.399294,-1272
48.7,-126.81,5.752306,63.5,197.2602906,212.6420673,-33.3253479,3339.438792,3475.41474,-1413
48.7,-126.81,5.752306,65.8,197.2602906,212.6420673,-33.3253479,3339.438792,3475.41474,-1413
48.71,-126.79,5.752306,61.1,197.2602906,212.6420673,-33.3253479,3339.438792,3475.41474,-1310
48.71,-126.79,5.752306,43.5,197.2602906,212.6420673,-33.3253479,3339.438792,3475.41474,-1310
48.66,-126.9,5.5437579,71.3,200.9363601,216.6047859,-27.44796753,3324.081515,3459.399294,-1272
48.66,-126.9,5.5437579,67.9,200.9363601,216.6047859,-27.44796753,3324.081515,3459.399294,-1272
48.66,-126.9,5.5437579,68.8,200.9363601,216.6047859,-27.44796753,3324.081515,3459.399294,-1272
48.66,-126.89,5.5437579,67.4,200.9363601,216.6047859,-27.44796753,3324.081515,3459.399294,-1316
39.4,-119.75,16.215477,5563.8,117.4886178,126.6500343,5.977461815,3909.395591,4069.798259,873
44.19,-123.83,9.8100004,35,151.051884,162.8304652,48.94464111,3596.232206,3743.213586,239
43.72,-121.29,9.5827484,221.4,152.8324644,164.74989,46.96601105,3583.460511,3729.894533,1879
41.55,-122.26,8.7135773,62,160.2737561,172.7714316,5.899012566,3533.156919,3677.435073,1211
37.17,-120.07,16.19442,19,117.5649761,126.7323467,55.00428009,3908.480192,4068.843628,43
38.72,-122.69,17.580811,140,112.8343175,121.6328054,18.10768318,3967.531719,4130.425936,809
38.72,-122.69,17.580811,167,112.8343175,121.6328054,18.10768318,3967.531719,4130.425936,809
38.71,-122.72,17.580811,154,112.8343175,121.6328054,18.10768318,3967.531719,4130.425936,537
38.71,-122.73,17.580811,270,112.8343175,121.6328054,18.10768318,3967.531719,4130.425936,317
38.71,-122.76,17.580811,280,112.8343175,121.6328054,18.10768318,3967.531719,4130.425936,414
38.74,-122.73,17.580811,328,112.8343175,121.6328054,18.10768318,3967.531719,4130.425936,970
38.78,-122.68,17.580811,283,112.8343175,121.6328054,64.02696228,3967.531719,4130.425936,435
38.75,-122.78,17.725136,319,112.374008,121.1366023,64.02696228,3973.543064,4136.694909,646
38.82,-122.9,17.834578,111,112.0286855,120.7643525,37.64468002,3978.085182,4141.43169,596
38.82,-122.91,17.834578,164,112.0286855,120.7643525,9.416354179,3978.085182,4141.43169,493
38.83,-122.9,17.834578,156,112.0286855,120.7643525,37.64468002,3978.085182,4141.43169,300
38.83,-122.9,17.834578,219,112.0286855,120.7643525,37.64468002,3978.085182,4141.43169,300
38.83,-122.92,17.834578,290,112.0286855,120.7643525,9.416354179,3978.085182,4141.43169,323
38.85,-122.91,17.834578,58,112.0286855,120.7643525,9.416354179,3978.085182,4141.43169,679
43.9,-121.03,9.8749847,46,150.5540502,162.2938117,-9.529028893,3599.857093,3746.993826,1303
43.87,-121.01,9.5827484,79,152.8324644,164.74989,17.47746277,3583.460511,3729.894533,1306
43.85,-120.99,9.5827484,54,152.8324644,164.74989,17.47746277,3583.460511,3729.894533,1337
46.73,-120.78,9.7773581,53,151.3038218,163.1020483,-24.01036263,3594.406856,3741.310007,1363
42.21,-121.72,8.7200031,148.4,160.214692,172.707762,3.540222883,3533.537798,3677.832275,1284
43.54,-121.6,9.5357075,46,153.208972,165.1557565,-7.539115906,3580.797932,3727.117843,1325
39.38,-119.73,16.215477,2058.5,117.4886178,126.6500343,5.977461815,3909.395591,4069.798259,847
39.9,-119.1,16.215477,341.4,117.4886178,126.6500343,15.43356419,3909.395591,4069.798259,1377
39.6,-119.42,16.215477,124.5,117.4886178,126.6500343,21.39317513,3909.395591,4069.798259,1293
40.4,-119.41,16.524179,478.4,116.3859923,125.4614292,-14.39539051,3922.74802,4083.722935,1680
39.63,-119.35,16.215477,100.3,117.4886178,126.6500343,-11.9738245,3909.395591,4069.798259,1387
39.66,-119.17,16.215477,580,117.4886178,126.6500343,-20.9081974,3909.395591,4069.798259,1613
39.67,-119.34,16.215477,105,117.4886178,126.6500343,-11.9738245,3909.395591,4069.798259,1621
39.67,-119.17,16.215477,277.9,117.4886178,126.6500343,-20.9081974,3909.395591,4069.798259,1621
39.87,-119.13,16.215477,119.8,117.4886178,126.6500343,15.43356419,3909.395591,4069.798259,1533
39.93,-119.07,16.215477,155.4,117.4886178,126.6500343,18.20953751,3909.395591,4069.798259,1414
39.9,-119.06,16.215477,91.7,117.4886178,126.6500343,15.43356419,3909.395591,4069.798259,1377
39.64,-119.4,16.215477,65.7,117.4886178,126.6500343,-11.9738245,3909.395591,4069.798259,1260
39.89,-119.06,16.215477,132.5,117.4886178,126.6500343,15.43356419,3909.395591,4069.798259,1539
39.91,-119.14,16.215477,124.9,117.4886178,126.6500343,18.20953751,3909.395591,4069.798259,1356
39.91,-119.06,16.215477,114.7,117.4886178,126.6500343,18.20953751,3909.395591,4069.798259,1356
39.93,-119.07,16.215477,140.1,117.4886178,126.6500343,18.20953751,3909.395591,4069.798259,1414
39.65,-119.26,16.215477,51.9,117.4886178,126.6500343,-32.42662811,3909.395591,4069.798259,1449
39.82,-119.22,16.215477,235.1,117.4886178,126.6500343,15.45901203,3909.395591,4069.798259,1288
39.82,-119.92,16.524179,241.1,116.3859923,125.4614292,14.08341789,3922.74802,4083.722935,1288
39.84,-119.92,16.524179,96.8,116.3859923,125.4614292,14.08341789,3922.74802,4083.722935,1459
39.96,-119.16,16.215477,141.8,117.4886178,126.6500343,18.20953751,3909.395591,4069.798259,1300
39.95,-119.16,16.215477,104.5,117.4886178,126.6500343,18.20953751,3909.395591,4069.798259,1124
40.02,-119.22,16.215477,56.1,117.4886178,126.6500343,20.23330116,3909.395591,4069.798259,1297
39.67,-119.37,16.215477,96.8,117.4886178,126.6500343,-11.9738245,3909.395591,4069.798259,1621
40.03,-119.15,16.215477,183.3,117.4886178,126.6500343,51.61672592,3909.395591,4069.798259,1111
40.06,-119.06,16.215477,55.3,117.4886178,126.6500343,51.61672592,3909.395591,4069.798259,1184
39.8,-119.01,16.215477,99,117.4886178,126.6500343,-2.713376045,3909.395591,4069.798259,1160
39.8,-119.01,16.215477,121,117.4886178,126.6500343,-2.713376045,3909.395591,4069.798259,1160
39.8,-119.01,16.215477,247.6,117.4886178,126.6500343,-2.713376045,3909.395591,4069.798259,1160
45.78,-122.2,9.544672,57,153.137007,165.0781799,36.1395874,3581.30584,3727.647519,705
45.77,-122.19,9.544672,66,153.137007,165.0781799,36.1395874,3581.30584,3727.647519,696
45.77,-122.22,9.544672,65,153.137007,165.0781799,24.33252525,3581.30584,3727.647519,1051
45.78,-122.2,9.544672,44,153.137007,165.0781799,36.1395874,3581.30584,3727.647519,705
45.77,-122.2,9.544672,82,153.137007,165.0781799,36.1395874,3581.30584,3727.647519,600
44.16,-122.24,9.8749847,71,150.5540502,162.2938117,-44.25658798,3599.857093,3746.993826,406
42.23,-121.77,8.7200031,4854.6,160.214692,172.707762,-2.806406498,3533.537798,3677.832275,1270
42.8,-120.1,8.7200031,47.9,160.214692,172.707762,18.20910645,3533.537798,3677.832275,1619
39.37,-119.77,16.215477,25.5,117.4886178,126.6500343,2.469632149,3909.395591,4069.798259,883
42.24,-120.36,8.7200031,841,160.214692,172.707762,-25.04924774,3533.537798,3677.832275,1734
39.38,-119.73,16.215477,6487.5,117.4886178,126.6500343,5.977461815,3909.395591,4069.798259,847
39.38,-119.78,16.215477,127.4,117.4886178,126.6500343,2.469632149,3909.395591,4069.798259,847
39.76,-119,16.215477,127.4,117.4886178,126.6500343,-15.50262451,3909.395591,4069.798259,1678
42.17,-122.69,8.7200031,54,160.214692,172.707762,0.741040707,3533.537798,3677.832275,904
42.17,-122.69,8.7200031,54,160.214692,172.707762,0.741040707,3533.537798,3677.832275,904
46.53,-122.82,9.6252508,38,152.4946585,164.385743,-35.00421906,3585.860591,3732.397473,176
38.89,-122.79,17.725136,737,112.374008,121.1366023,30.45727158,3973.543064,4136.694909,903
44.76,-121.96,9.8749847,105,150.5540502,162.2938117,18.00877953,3599.857093,3746.993826,842
44.77,-121.93,9.8749847,130,150.5540502,162.2938117,18.00877953,3599.857093,3746.993826,880
44.77,-121.93,9.8749847,130,150.5540502,162.2938117,18.00877953,3599.857093,3746.993826,880
44.76,-121.96,9.8749847,259,150.5540502,162.2938117,18.00877953,3599.857093,3746.993826,842
44.76,-121.96,9.8749847,259,150.5540502,162.2938117,18.00877953,3599.857093,3746.993826,842
44.75,-121.89,9.8749847,121,150.5540502,162.2938117,18.00877953,3599.857093,3746.993826,1042
44.75,-121.89,9.8749847,121,150.5540502,162.2938117,18.00877953,3599.857093,3746.993826,1042
44.76,-121.99,9.8749847,117,150.5540502,162.2938117,-7.28012085,3599.857093,3746.993826,958
44.8,-121.99,9.8749847,75,150.5540502,162.2938117,-7.28012085,3599.857093,3746.993826,872
44.8,-121.99,9.8749847,75,150.5540502,162.2938117,-7.28012085,3599.857093,3746.993826,872
44.82,-121.94,9.8749847,88,150.5540502,162.2938117,17.64155388,3599.857093,3746.993826,1359
44.82,-121.94,9.8749847,88,150.5540502,162.2938117,17.64155388,3599.857093,3746.993826,1359
44.69,-121.93,9.8749847,159,150.5540502,162.2938117,8.348934174,3599.857093,3746.993826,904
44.69,-121.93,9.8749847,159,150.5540502,162.2938117,8.348934174,3599.857093,3746.993826,904
44.69,-121.89,9.8749847,121,150.5540502,162.2938117,8.348934174,3599.857093,3746.993826,1104
44.69,-121.89,9.8749847,121,150.5540502,162.2938117,8.348934174,3599.857093,3746.993826,1104
44.67,-121.93,9.8749847,117,150.5540502,162.2938117,8.348934174,3599.857093,3746.993826,910
44.67,-121.93,9.8749847,117,150.5540502,162.2938117,8.348934174,3599.857093,3746.993826,910
44.75,-121.94,9.8749847,142,150.5540502,162.2938117,18.00877953,3599.857093,3746.993826,950
44.73,-121.97,9.8749847,96,150.5540502,162.2938117,18.00877953,3599.857093,3746.993826,1336
44.73,-121.97,9.8749847,96,150.5540502,162.2938117,18.00877953,3599.857093,3746.993826,1336
44.69,-121.99,9.8749847,151,150.5540502,162.2938117,4.170080185,3599.857093,3746.993826,666
37.45,-122.03,16.215477,85,117.4886178,126.6500343,-8.995250702,3909.395591,4069.798259,22
44.15,-122.12,9.8749847,120,150.5540502,162.2938117,-36.91886139,3599.857093,3746.993826,758
44.15,-122.12,9.8749847,120,150.5540502,162.2938117,-36.91886139,3599.857093,3746.993826,758
44.35,-122.07,9.8749847,101,150.5540502,162.2938117,7.945203781,3599.857093,3746.993826,954
44.35,-122.07,9.8749847,159,150.5540502,162.2938117,7.945203781,3599.857093,3746.993826,954
44.31,-122.01,9.8749847,67,150.5540502,162.2938117,-14.8179388,3599.857093,3746.993826,883
44.3,-122.01,9.8749847,67,150.5540502,162.2938117,-14.8179388,3599.857093,3746.993826,966
44.27,-121.97,9.8749847,78.7,150.5540502,162.2938117,40.1894455,3599.857093,3746.993826,1137
44.15,-122.04,9.8749847,40.6,150.5540502,162.2938117,-29.06661987,3599.857093,3746.993826,884
44.16,-122,9.8749847,80,150.5540502,162.2938117,-29.06661987,3599.857093,3746.993826,643
44.46,-122.05,9.8749847,20.9,150.5540502,162.2938117,5.320100784,3599.857093,3746.993826,1394
44.44,-122.01,9.8749847,37.7,150.5540502,162.2938117,7.945203781,3599.857093,3746.993826,1046
44.42,-122.06,9.8749847,85,150.5540502,162.2938117,7.945203781,3599.857093,3746.993826,1157
44.42,-122.06,9.8749847,85,150.5540502,162.2938117,7.945203781,3599.857093,3746.993826,1157
43.3,-122.89,9.4671307,53,153.7628686,165.7528443,-20.90678978,3576.904597,3723.057651,320
43.3,-122.89,9.4671307,53,153.7628686,165.7528443,-20.90678978,3576.904597,3723.057651,320
40.39,-120.62,17.370102,700,113.5166261,122.3683183,-5.224923134,3958.710902,4121.227083,1664
40.51,-120.66,17.50819,77,113.0680842,121.8848004,37.74178696,3964.497619,4127.261802,1786
40.45,-120.68,17.50819,364,113.0680842,121.8848004,-5.224923134,3964.497619,4127.261802,1730
40.4,-120.63,17.370102,406,113.5166261,122.3683183,-5.224923134,3958.710902,4121.227083,1680
40.41,-120.66,17.370102,343,113.5166261,122.3683183,-5.224923134,3958.710902,4121.227083,1699
40.4,-120.64,17.370102,525,113.5166261,122.3683183,-5.224923134,3958.710902,4121.227083,1680
40.39,-120.6,17.370102,182,113.5166261,122.3683183,-5.224923134,3958.710902,4121.227083,1664
40.38,-120.61,17.370102,700,113.5166261,122.3683183,-5.224923134,3958.710902,4121.227083,1650
40.37,-120.63,17.370102,341.6,113.5166261,122.3683183,54.62891388,3958.710902,4121.227083,1628
40.44,-120.64,17.370102,609,113.5166261,122.3683183,-5.224923134,3958.710902,4121.227083,1728
40.43,-120.67,17.50819,453.6,113.0680842,121.8848004,-5.224923134,3964.497619,4127.261802,1735
40.43,-120.67,17.50819,700,113.0680842,121.8848004,-5.224923134,3964.497619,4127.261802,1735
41.62,-120.04,18.00329,318,111.5025297,120.1971686,-31.16370392,3985.05994,4148.705366,1557
38.84,-121.84,17.088528,27,114.4480327,123.3723533,-18.61419868,3946.839549,4108.846958,6
41.74,-120.08,18.00329,113,111.5025297,120.1971686,-3.021029472,3985.05994,4148.705366,1432
39.46,-121.99,17.580811,33,112.8343175,121.6328054,-0.248731673,3967.531719,4130.425936,27
41.66,-119.81,18.00329,166.3,111.5025297,120.1971686,-2.914054632,3985.05994,4148.705366,1521
38.92,-121.61,17.088528,29,114.4480327,123.3723533,-40.74996567,3946.839549,4108.846958,8
42.02,-120.3,18.00329,91,111.5025297,120.1971686,43.47267532,3985.05994,4148.705366,1488
44.84,-122.84,9.8749847,55,150.5540502,162.2938117,-24.73096466,3599.857093,3746.993826,128
41.39,-119.79,17.50819,2094.4,113.0680842,121.8848004,24.42730141,3964.497619,4127.261802,1567
40.06,-119.16,16.215477,103.7,117.4886178,126.6500343,51.61672592,3909.395591,4069.798259,1184
39.99,-119.03,16.215477,203.8,117.4886178,126.6500343,5.891718864,3909.395591,4069.798259,1313
40,-119.19,16.215477,138.3,117.4886178,126.6500343,20.23330116,3909.395591,4069.798259,1270
41.38,-119.79,17.50819,6132,113.0680842,121.8848004,24.42730141,3964.497619,4127.261802,1571
40.08,-119.02,16.215477,107.2,117.4886178,126.6500343,-23.44298172,3909.395591,4069.798259,1630
41.38,-119.78,17.50819,128.8,113.0680842,121.8848004,24.42730141,3964.497619,4127.261802,1571
41.39,-119.79,17.50819,1785,113.0680842,121.8848004,24.42730141,3964.497619,4127.261802,1567
39.96,-119.03,16.215477,79,117.4886178,126.6500343,5.891718864,3909.395591,4069.798259,1300
39.95,-119.09,16.215477,176.4,117.4886178,126.6500343,18.20953751,3909.395591,4069.798259,1124
40,-119.19,16.215477,139.2,117.4886178,126.6500343,20.23330116,3909.395591,4069.798259,1270
41.38,-119.79,17.50819,6521.2,113.0680842,121.8848004,24.42730141,3964.497619,4127.261802,1571
39.86,-119.16,16.215477,169.4,117.4886178,126.6500343,15.43356419,3909.395591,4069.798259,1625
41.39,-119.78,17.50819,508.2,113.0680842,121.8848004,24.42730141,3964.497619,4127.261802,1567
41.39,-119.78,17.50819,128.8,113.0680842,121.8848004,24.42730141,3964.497619,4127.261802,1567
41.39,-119.79,17.50819,1520.4,113.0680842,121.8848004,24.42730141,3964.497619,4127.261802,1567
41.47,-119.79,17.50819,870.8,113.0680842,121.8848004,11.69147587,3964.497619,4127.261802,1464
41.37,-119.8,17.50819,6132,113.0680842,121.8848004,24.42730141,3964.497619,4127.261802,1368
40.23,-119,16.215477,152.2,117.4886178,126.6500343,-18.10324478,3909.395591,4069.798259,2091
41.38,-119.79,17.50819,1940.4,113.0680842,121.8848004,24.42730141,3964.497619,4127.261802,1571
39.98,-119.11,16.215477,89.9,117.4886178,126.6500343,18.20953751,3909.395591,4069.798259,1258
40.04,-119.2,16.215477,54.6,117.4886178,126.6500343,33.6928978,3909.395591,4069.798259,990
40.01,-119.16,16.215477,76.4,117.4886178,126.6500343,18.20953751,3909.395591,4069.798259,1263
40.03,-119.04,16.215477,124.5,117.4886178,126.6500343,-23.44298172,3909.395591,4069.798259,1111
41.39,-119.79,17.50819,193.2,113.0680842,121.8848004,24.42730141,3964.497619,4127.261802,1567
40.14,-119.04,16.215477,106.5,117.4886178,126.6500343,-23.44298172,3909.395591,4069.798259,1597
39.95,-119.2,16.215477,86.5,117.4886178,126.6500343,20.23330116,3909.395591,4069.798259,1124
39.99,-119.29,16.215477,56.1,117.4886178,126.6500343,20.23330116,3909.395591,4069.798259,1313
39.92,-119.33,16.215477,190.2,117.4886178,126.6500343,-16.27442932,3909.395591,4069.798259,1404
40.09,-119.1,16.215477,34.6,117.4886178,126.6500343,51.61672592,3909.395591,4069.798259,1698
40.06,-119.16,16.215477,81.9,117.4886178,126.6500343,51.61672592,3909.395591,4069.798259,1184
40.1,-119.04,16.215477,71,117.4886178,126.6500343,-23.44298172,3909.395591,4069.798259,1742
41.38,-119.79,17.50819,128.8,113.0680842,121.8848004,24.42730141,3964.497619,4127.261802,1571
42,-123.76,8.7200031,25,160.214692,172.707762,15.16902351,3533.537798,3677.832275,842
39.16,-119.19,16.215477,57,117.4886178,126.6500343,-13.39577103,3909.395591,4069.798259,706
39.17,-120,16.215477,73,117.4886178,126.6500343,-24.76078415,3909.395591,4069.798259,750
39.2,-119.98,16.215477,59,117.4886178,126.6500343,61.28885269,3909.395591,4069.798259,890
39.15,-120.02,16.215477,76,117.4886178,126.6500343,-24.76078415,3909.395591,4069.798259,622
39.07,-120.03,16.215477,67,117.4886178,126.6500343,-8.291594505,3909.395591,4069.798259,563
39.1,-120.07,16.215477,75,117.4886178,126.6500343,-24.76078415,3909.395591,4069.798259,644
46.54,-122.62,9.6252508,21,152.4946585,164.385743,-18.87744522,3585.860591,3732.397473,184
39.51,-119.77,16.215477,109.8,117.4886178,126.6500343,-38.60483551,3909.395591,4069.798259,1000
40.42,-120.62,17.370102,239.4,113.5166261,122.3683183,-5.224923134,3958.710902,4121.227083,1720
40.37,-120.6,17.370102,2195.2,113.5166261,122.3683183,54.62891388,3958.710902,4121.227083,1628
40.41,-120.49,17.217102,449.1,114.019894,122.9108296,-10.80360031,3952.272356,4114.512599,1699
40.4,-120.47,17.217102,66.4,114.019894,122.9108296,-10.80360031,3952.272356,4114.512599,1680
40.41,-120.46,17.217102,92,114.019894,122.9108296,-10.80360031,3952.272356,4114.512599,1699
40.4,-120.44,17.217102,58.7,114.019894,122.9108296,19.80501938,3952.272356,4114.512599,1680
38.8,-122.84,17.725136,183.5,112.374008,121.1366023,37.64468002,3973.543064,4136.694909,706
40.33,-120.41,17.217102,53.6,114.019894,122.9108296,-54.70210648,3952.272356,4114.512599,1592
38.78,-122.82,17.725136,306,112.374008,121.1366023,37.64468002,3973.543064,4136.694909,746
38.79,-122.81,17.725136,354,112.374008,121.1366023,37.64468002,3973.543064,4136.694909,782
38.8,-122.84,17.725136,403,112.374008,121.1366023,37.64468002,3973.543064,4136.694909,706
38.74,-122.7,17.580811,412,112.8343175,121.6328054,18.10768318,3967.531719,4130.425936,875
40.38,-120.63,17.370102,61.3,113.5166261,122.3683183,-5.224923134,3958.710902,4121.227083,1650
38.73,-122.69,17.580811,367,112.8343175,121.6328054,18.10768318,3967.531719,4130.425936,822
40.41,-120.67,17.370102,293.4,113.5166261,122.3683183,-5.224923134,3958.710902,4121.227083,1699
38.73,-122.7,17.580811,167,112.8343175,121.6328054,18.10768318,3967.531719,4130.425936,1009
40.46,-120.62,17.370102,170.9,113.5166261,122.3683183,-5.224923134,3958.710902,4121.227083,1735
38.73,-122.71,17.580811,248,112.8343175,121.6328054,18.10768318,3967.531719,4130.425936,1003
38.73,-122.71,17.580811,184,112.8343175,121.6328054,18.10768318,3967.531719,4130.425936,1003
38.79,-122.83,17.725136,283,112.374008,121.1366023,37.64468002,3973.543064,4136.694909,642
40.41,-120.46,17.217102,97,114.019894,122.9108296,-10.80360031,3952.272356,4114.512599,1699
38.81,-122.86,17.725136,370,112.374008,121.1366023,37.64468002,3973.543064,4136.694909,444
38.81,-122.84,17.725136,74,112.374008,121.1366023,37.64468002,3973.543064,4136.694909,399
38.81,-122.84,17.725136,599,112.374008,121.1366023,37.64468002,3973.543064,4136.694909,399
38.8,-122.86,17.725136,290,112.374008,121.1366023,37.64468002,3973.543064,4136.694909,676
38.8,-122.85,17.725136,184,112.374008,121.1366023,37.64468002,3973.543064,4136.694909,696
38.89,-122.67,17.725136,257,112.374008,121.1366023,21.14631844,3973.543064,4136.694909,583
38.88,-122.6,17.580811,154,112.8343175,121.6328054,21.14631844,3967.531719,4130.425936,431
38.75,-122.8,17.725136,223,112.374008,121.1366023,37.64468002,3973.543064,4136.694909,836
38.75,-122.8,17.725136,256.2,112.374008,121.1366023,37.64468002,3973.543064,4136.694909,836
38.75,-122.8,17.725136,192,112.374008,121.1366023,37.64468002,3973.543064,4136.694909,836
38.75,-122.8,17.725136,251.2,112.374008,121.1366023,37.64468002,3973.543064,4136.694909,836
38.75,-122.78,17.725136,314.7,112.374008,121.1366023,64.02696228,3973.543064,4136.694909,646
38.76,-122.78,17.725136,268.5,112.374008,121.1366023,64.02696228,3973.543064,4136.694909,774
38.74,-122.78,17.725136,424.6,112.374008,121.1366023,18.10768318,3973.543064,4136.694909,702
38.74,-122.77,17.725136,166,112.374008,121.1366023,18.10768318,3973.543064,4136.694909,658
38.74,-122.77,17.725136,265.4,112.374008,121.1366023,18.10768318,3973.543064,4136.694909,658
38.79,-122.82,17.725136,242,112.374008,121.1366023,37.64468002,3973.543064,4136.694909,855
38.73,-122.76,17.580811,207,112.8343175,121.6328054,18.10768318,3967.531719,4130.425936,707
38.73,-122.76,17.580811,238,112.8343175,121.6328054,18.10768318,3967.531719,4130.425936,707
38.74,-122.76,17.580811,227.6,112.8343175,121.6328054,18.10768318,3967.531719,4130.425936,665
38.74,-122.76,17.580811,316,112.8343175,121.6328054,18.10768318,3967.531719,4130.425936,665
38.74,-122.75,17.580811,354,112.8343175,121.6328054,18.10768318,3967.531719,4130.425936,704
38.75,-122.75,17.580811,412,112.8343175,121.6328054,64.02696228,3967.531719,4130.425936,786
38.73,-122.75,17.580811,280,112.8343175,121.6328054,18.10768318,3967.531719,4130.425936,687
38.74,-122.79,17.725136,196,112.374008,121.1366023,18.10768318,3973.543064,4136.694909,723
38.74,-122.79,17.725136,207,112.374008,121.1366023,18.10768318,3973.543064,4136.694909,723
38.73,-122.77,17.580811,165,112.8343175,121.6328054,18.10768318,3967.531719,4130.425936,629
38.73,-122.77,17.580811,229,112.8343175,121.6328054,18.10768318,3967.531719,4130.425936,629
38.73,-122.73,17.580811,199,112.8343175,121.6328054,18.10768318,3967.531719,4130.425936,927
38.73,-122.73,17.580811,196,112.8343175,121.6328054,18.10768318,3967.531719,4130.425936,927
38.78,-122.81,17.725136,250,112.374008,121.1366023,37.64468002,3973.543064,4136.694909,939
38.79,-122.69,17.580811,237,112.8343175,121.6328054,64.02696228,3967.531719,4130.425936,541
38.8,-122.69,17.580811,249,112.8343175,121.6328054,64.02696228,3967.531719,4130.425936,713
38.78,-122.83,17.725136,203,112.374008,121.1366023,37.64468002,3973.543064,4136.694909,640
38.9,-122.63,17.725136,177,112.374008,121.1366023,21.14631844,3973.543064,4136.694909,511
38.92,-122.85,17.834578,209,112.0286855,120.7643525,29.22932434,3978.085182,4141.43169,466
38.79,-122.69,17.580811,408,112.8343175,121.6328054,64.02696228,3967.531719,4130.425936,541
38.73,-122.69,17.580811,224,112.8343175,121.6328054,18.10768318,3967.531719,4130.425936,822
38.77,-122.84,17.725136,201,112.374008,121.1366023,37.64468002,3973.543064,4136.694909,834
38.77,-122.84,17.725136,245,112.374008,121.1366023,37.64468002,3973.543064,4136.694909,834
38.77,-122.81,17.725136,183,112.374008,121.1366023,37.64468002,3973.543064,4136.694909,748
38.77,-122.81,17.725136,305,112.374008,121.1366023,37.64468002,3973.543064,4136.694909,748
45.3,-121.77,9.5414743,112,153.1626658,165.1058395,41.99193954,3581.124693,3727.458608,1176
47.12,-120.68,9.7773581,41,151.3038218,163.1020483,-46.54034424,3594.406856,3741.310007,1217
42,-121.71,8.7200031,75,160.214692,172.707762,-29.57883453,3533.537798,3677.832275,1243
40.03,-119.01,16.215477,193.6,117.4886178,126.6500343,-23.44298172,3909.395591,4069.798259,1111
40.02,-119.02,16.215477,183.3,117.4886178,126.6500343,5.891718864,3909.395591,4069.798259,1297
40.02,-119.02,16.215477,183.3,117.4886178,126.6500343,5.891718864,3909.395591,4069.798259,1297
40.03,-119.02,16.215477,186,117.4886178,126.6500343,-23.44298172,3909.395591,4069.798259,1111
40.02,-119,16.215477,200.6,117.4886178,126.6500343,5.891718864,3909.395591,4069.798259,1297
40.03,-119.01,16.215477,140.1,117.4886178,126.6500343,-23.44298172,3909.395591,4069.798259,1111
39.99,-119.04,16.215477,214,117.4886178,126.6500343,5.891718864,3909.395591,4069.798259,1313
39.99,-119.04,16.215477,226.8,117.4886178,126.6500343,5.891718864,3909.395591,4069.798259,1313
39.99,-119.01,16.215477,180.9,117.4886178,126.6500343,5.891718864,3909.395591,4069.798259,1313
39.9,-119.22,16.215477,527.4,117.4886178,126.6500343,15.45901203,3909.395591,4069.798259,1377
39.97,-119.25,16.215477,244.6,117.4886178,126.6500343,20.23330116,3909.395591,4069.798259,1338
39.9,-119.13,16.215477,168.2,117.4886178,126.6500343,15.43356419,3909.395591,4069.798259,1377
40.03,-119.09,16.215477,38,117.4886178,126.6500343,51.61672592,3909.395591,4069.798259,1111
39.98,-119.03,16.215477,175.8,117.4886178,126.6500343,5.891718864,3909.395591,4069.798259,1258
39.98,-119.02,16.215477,165.6,117.4886178,126.6500343,5.891718864,3909.395591,4069.798259,1258
39.37,-119.71,16.215477,107,117.4886178,126.6500343,5.977461815,3909.395591,4069.798259,883
39.58,-119.52,16.215477,363.1,117.4886178,126.6500343,21.39317513,3909.395591,4069.798259,1266
39.57,-119.52,16.215477,127.9,117.4886178,126.6500343,21.39317513,3909.395591,4069.798259,1225
39.57,-119.54,16.215477,622.4,117.4886178,126.6500343,10.65083694,3909.395591,4069.798259,1225
39.57,-119.54,16.215477,1279.5,117.4886178,126.6500343,10.65083694,3909.395591,4069.798259,1225
39.57,-119.51,16.215477,103.7,117.4886178,126.6500343,21.39317513,3909.395591,4069.798259,1225
39.53,-119.62,16.215477,121,117.4886178,126.6500343,-7.161396027,3909.395591,4069.798259,1141
39.57,-119.55,16.215477,204,117.4886178,126.6500343,10.65083694,3909.395591,4069.798259,1225
39.58,-119.51,16.215477,138.3,117.4886178,126.6500343,21.39317513,3909.395591,4069.798259,1266
39.58,-119.53,16.215477,210.9,117.4886178,126.6500343,10.65083694,3909.395591,4069.798259,1266
39.59,-119.53,16.215477,138.3,117.4886178,126.6500343,10.65083694,3909.395591,4069.798259,1287
39.59,-119.49,16.215477,169.4,117.4886178,126.6500343,21.39317513,3909.395591,4069.798259,1287
39.58,-119.51,16.215477,176.4,117.4886178,126.6500343,21.39317513,3909.395591,4069.798259,1266
42.45,-121.47,8.7200031,83,160.214692,172.707762,21.1390934,3533.537798,3677.832275,1315
38.86,-122.89,17.834578,272,112.0286855,120.7643525,29.22932434,3978.085182,4141.43169,873
40.6,-119.42,16.676729,33,115.8524502,124.8862831,-14.61512184,3929.300284,4090.556011,1743
40.63,-119.4,16.676729,100,115.8524502,124.8862831,-27.88883018,3929.300284,4090.556011,1854
40.64,-119.37,16.676729,100,115.8524502,124.8862831,-27.88883018,3929.300284,4090.556011,1838
40.64,-119.36,16.676729,71,115.8524502,124.8862831,-27.88883018,3929.300284,4090.556011,1838
40.84,-119.31,16.815744,46,115.3725829,124.3689972,31.69000244,3935.24515,4096.755656,1556
38.82,-122.8,17.725136,583,112.374008,121.1366023,37.64468002,3973.543064,4136.694909,859
38.85,-122.8,17.725136,84,112.374008,121.1366023,37.64468002,3973.543064,4136.694909,793
38.83,-122.74,17.725136,475,112.374008,121.1366023,64.02696228,3973.543064,4136.694909,806
38.83,-122.8,17.725136,580,112.374008,121.1366023,37.64468002,3973.543064,4136.694909,780
38.84,-122.8,17.725136,396,112.374008,121.1366023,37.64468002,3973.543064,4136.694909,921
38.83,-122.81,17.725136,689,112.374008,121.1366023,37.64468002,3973.543064,4136.694909,702
38.83,-122.79,17.725136,575,112.374008,121.1366023,64.02696228,3973.543064,4136.694909,953
38.83,-122.91,17.834578,363.9,112.0286855,120.7643525,9.416354179,3978.085182,4141.43169,303
38.81,-122.8,17.725136,660,112.374008,121.1366023,37.64468002,3973.543064,4136.694909,852
38.75,-122.83,17.725136,177,112.374008,121.1366023,37.64468002,3973.543064,4136.694909,667
38.75,-122.83,17.725136,162,112.374008,121.1366023,37.64468002,3973.543064,4136.694909,667
38.79,-122.81,17.725136,235,112.374008,121.1366023,37.64468002,3973.543064,4136.694909,782
38.77,-122.77,17.725136,361,112.374008,121.1366023,64.02696228,3973.543064,4136.694909,930
38.84,-122.76,17.725136,580,112.374008,121.1366023,64.02696228,3973.543064,4136.694909,795
38.81,-122.77,17.725136,283,112.374008,121.1366023,64.02696228,3973.543064,4136.694909,1019
38.78,-122.67,17.580811,201,112.8343175,121.6328054,18.75132561,3967.531719,4130.425936,496
38.86,-122.75,17.725136,243,112.374008,121.1366023,30.45727158,3973.543064,4136.694909,771
38.86,-122.67,17.725136,208,112.374008,121.1366023,21.14631844,3973.543064,4136.694909,638
38.88,-122.72,17.725136,126,112.374008,121.1366023,30.45727158,3973.543064,4136.694909,808
38.91,-122.68,17.725136,117,112.374008,121.1366023,30.45727158,3973.543064,4136.694909,635
38.82,-122.79,17.725136,457.2,112.374008,121.1366023,64.02696228,3973.543064,4136.694909,875
38.79,-122.8,17.725136,445,112.374008,121.1366023,37.64468002,3973.543064,4136.694909,705
38.78,-122.75,17.725136,1938,112.374008,121.1366023,64.02696228,3973.543064,4136.694909,905
38.85,-122.78,17.725136,280,112.374008,121.1366023,64.02696228,3973.543064,4136.694909,764
38.76,-122.82,17.725136,185,112.374008,121.1366023,37.64468002,3973.543064,4136.694909,767
38.76,-122.82,17.725136,261,112.374008,121.1366023,37.64468002,3973.543064,4136.694909,767
38.79,-122.76,17.725136,307,112.374008,121.1366023,64.02696228,3973.543064,4136.694909,992
38.8,-122.77,17.725136,258,112.374008,121.1366023,64.02696228,3973.543064,4136.694909,900
38.87,-122.81,17.725136,126,112.374008,121.1366023,29.22932434,3973.543064,4136.694909,757
38.93,-122.69,17.725136,402,112.374008,121.1366023,30.45727158,3973.543064,4136.694909,465
38.77,-122.9,17.725136,145,112.374008,121.1366023,37.64468002,3973.543064,4136.694909,450
38.78,-122.77,17.725136,404,112.374008,121.1366023,64.02696228,3973.543064,4136.694909,665
38.8,-122.77,17.725136,353,112.374008,121.1366023,64.02696228,3973.543064,4136.694909,900
38.8,-122.76,17.725136,235,112.374008,121.1366023,64.02696228,3973.543064,4136.694909,971
38.82,-122.76,17.725136,493,112.374008,121.1366023,64.02696228,3973.543064,4136.694909,1022
38.84,-122.81,17.725136,319,112.374008,121.1366023,37.64468002,3973.543064,4136.694909,928
38.84,-122.78,17.725136,325,112.374008,121.1366023,64.02696228,3973.543064,4136.694909,833
38.86,-122.79,17.725136,138,112.374008,121.1366023,30.45727158,3973.543064,4136.694909,737
38.87,-122.84,17.834578,167,112.0286855,120.7643525,29.22932434,3978.085182,4141.43169,920
38.92,-122.67,17.725136,435,112.374008,121.1366023,21.14631844,3973.543064,4136.694909,601
38.91,-122.63,17.725136,178,112.374008,121.1366023,21.14631844,3973.543064,4136.694909,444
38.93,-122.71,17.725136,305,112.374008,121.1366023,30.45727158,3973.543064,4136.694909,559
38.93,-122.71,17.725136,418,112.374008,121.1366023,30.45727158,3973.543064,4136.694909,559
38.86,-122.67,17.725136,224,112.374008,121.1366023,21.14631844,3973.543064,4136.694909,638
38.89,-122.69,17.725136,690,112.374008,121.1366023,30.45727158,3973.543064,4136.694909,742
38.83,-122.63,17.580811,224,112.8343175,121.6328054,18.75132561,3967.531719,4130.425936,448
38.89,-122.79,17.725136,276,112.374008,121.1366023,30.45727158,3973.543064,4136.694909,903
38.74,-122.72,17.580811,394,112.8343175,121.6328054,18.10768318,3967.531719,4130.425936,992
38.76,-122.75,17.725136,367.1,112.374008,121.1366023,64.02696228,3973.543064,4136.694909,934
38.83,-122.87,17.834578,241.5,112.0286855,120.7643525,37.64468002,3978.085182,4141.43169,399
38.7,-122.74,17.580811,141,112.8343175,121.6328054,18.10768318,3967.531719,4130.425936,210
38.7,-122.74,17.580811,225.4,112.8343175,121.6328054,18.10768318,3967.531719,4130.425936,210
38.68,-122.74,17.580811,147.6,112.8343175,121.6328054,18.10768318,3967.531719,4130.425936,135
38.89,-122.64,17.725136,183,112.374008,121.1366023,21.14631844,3973.543064,4136.694909,548
38.99,-122.82,17.834578,368,112.0286855,120.7643525,8.355085373,3978.085182,4141.43169,413
38.99,-122.81,17.834578,163,112.0286855,120.7643525,8.355085373,3978.085182,4141.43169,424
38.97,-122.74,17.834578,397.6,112.0286855,120.7643525,30.45727158,3978.085182,4141.43169,427
38.77,-122.63,17.580811,188,112.8343175,121.6328054,18.75132561,3967.531719,4130.425936,390
38.94,-122.78,17.834578,368,112.0286855,120.7643525,30.45727158,3978.085182,4141.43169,582
38.86,-122.74,17.725136,366,112.374008,121.1366023,30.45727158,3973.543064,4136.694909,875
38.8,-122.61,17.580811,73,112.8343175,121.6328054,18.75132561,3967.531719,4130.425936,349
38.91,-122.64,17.725136,276,112.374008,121.1366023,21.14631844,3973.543064,4136.694909,478
38.87,-122.68,17.725136,324,112.374008,121.1366023,30.45727158,3973.543064,4136.694909,719
39.06,-122.63,17.725136,67,112.374008,121.1366023,12.66122627,3973.543064,4136.694909,466
38.75,-122.59,17.580811,192,112.8343175,121.6328054,18.75132561,3967.531719,4130.425936,341
38.77,-122.95,17.834578,126,112.0286855,120.7643525,9.416354179,3978.085182,4141.43169,237
38.91,-122.85,17.834578,366,112.0286855,120.7643525,29.22932434,3978.085182,4141.43169,473
38.94,-122.82,17.834578,368,112.0286855,120.7643525,29.22932434,3978.085182,4141.43169,515
38.91,-122.68,17.725136,335,112.374008,121.1366023,30.45727158,3973.543064,4136.694909,635
38.94,-122.86,17.834578,251,112.0286855,120.7643525,29.22932434,3978.085182,4141.43169,473
38.93,-122.81,17.834578,167,112.0286855,120.7643525,29.22932434,3978.085182,4141.43169,545
44.56,-122.03,9.8749847,109,150.5540502,162.2938117,5.320100784,3599.857093,3746.993826,1164
38.99,-122.64,17.725136,54,112.374008,121.1366023,12.66122627,3973.543064,4136.694909,554
45.91,-121.05,9.5405912,47,153.1697542,165.1134806,-11.54324436,3581.074661,3727.406432,581
44.23,-122.18,9.8749847,66,150.5540502,162.2938117,2.031518221,3599.857093,3746.993826,670
40.7,-119.35,16.676729,43.7,115.8524502,124.8862831,-27.88883018,3929.300284,4090.556011,1749
39.78,-119,16.215477,1305.3,117.4886178,126.6500343,-15.50262451,3909.395591,4069.798259,1604
39.76,-119.01,16.215477,614.3,117.4886178,126.6500343,-15.50262451,3909.395591,4069.798259,1678
45.44,-121.72,9.5483627,38,153.1074083,165.0462732,40.6076355,3581.514878,3727.865515,1333
40.65,-119.37,16.676729,1841,115.8524502,124.8862831,-27.88883018,3929.300284,4090.556011,1753
40.65,-119.36,16.676729,105,115.8524502,124.8862831,-27.88883018,3929.300284,4090.556011,1753
40.65,-119.36,16.676729,209,115.8524502,124.8862831,-27.88883018,3929.300284,4090.556011,1753
40.65,-119.37,16.676729,682,115.8524502,124.8862831,-27.88883018,3929.300284,4090.556011,1753
40.65,-119.37,16.676729,4180,115.8524502,124.8862831,-27.88883018,3929.300284,4090.556011,1753
45.29,-121.71,9.5414743,73,153.1626658,165.1058395,91.14661407,3581.124693,3727.458608,1189
42.1,-119.92,18.00329,105,111.5025297,120.1971686,8.631074905,3985.05994,4148.705366,1660
45.42,-121.77,9.5483627,148,153.1074083,165.0462732,22.76212502,3581.514878,3727.865515,952
43.71,-121.23,9.5827484,1594,152.8324644,164.74989,104.7018356,3583.460511,3729.894533,1956
43.71,-121.23,9.5827484,1594,152.8324644,164.74989,104.7018356,3583.460511,3729.894533,1956
42.19,-120.38,8.7200031,77,160.214692,172.707762,-25.04924774,3533.537798,3677.832275,1576
45.67,-122.38,9.5560369,37,153.0459177,164.9799878,-6.739209175,3581.949407,3728.318668,368
37.24,-122.07,16.352819,97.5,116.9942032,126.1170667,-8.995250702,3915.351662,4076.009591,6
42.43,-121.37,8.7200031,87,160.214692,172.707762,9.680673599,3533.537798,3677.832275,1349
42.43,-121.37,8.7200031,205.8,160.214692,172.707762,9.680673599,3533.537798,3677.832275,1349
39.54,-119.78,16.215477,143.6,117.4886178,126.6500343,-38.60483551,3909.395591,4069.798259,1209
47.24,-124.19,9.8133631,36,151.0260017,162.8025646,-54.26169968,3596.420074,3743.409506,23
39.34,-119.6,16.215477,207.5,117.4886178,126.6500343,42.94220352,3909.395591,4069.798259,878
39.43,-119.69,16.215477,121,117.4886178,126.6500343,5.977461815,3909.395591,4069.798259,1006
39.43,-119.68,16.215477,179.8,117.4886178,126.6500343,5.977461815,3909.395591,4069.798259,1006
39.42,-119.67,16.215477,145.2,117.4886178,126.6500343,5.977461815,3909.395591,4069.798259,1008
39.4,-119.65,16.215477,100.3,117.4886178,126.6500343,5.977461815,3909.395591,4069.798259,873
39.4,-119.67,16.215477,1549.2,117.4886178,126.6500343,5.977461815,3909.395591,4069.798259,873
39.53,-119.69,16.215477,86.5,117.4886178,126.6500343,-17.4012146,3909.395591,4069.798259,1141
42.11,-121.87,8.7200031,109,160.214692,172.707762,19.13749313,3533.537798,3677.832275,1243
39.41,-119.75,16.215477,4978.6,117.4886178,126.6500343,5.977461815,3909.395591,4069.798259,719
40.4,-120.62,17.370102,910,113.5166261,122.3683183,-5.224923134,3958.710902,4121.227083,1680
38.78,-119.17,16.215477,731.3,117.4886178,126.6500343,-23.63700485,3909.395591,4069.798259,296
38.77,-119.15,16.215477,109.6,117.4886178,126.6500343,-23.63700485,3909.395591,4069.798259,220
38.78,-119.17,16.215477,282.8,117.4886178,126.6500343,-23.63700485,3909.395591,4069.798259,296
38.77,-119.16,16.215477,193.6,117.4886178,126.6500343,-23.63700485,3909.395591,4069.798259,220
38.78,-119.14,16.215477,76.4,117.4886178,126.6500343,-23.63700485,3909.395591,4069.798259,296
38.77,-119.13,16.215477,122.3,117.4886178,126.6500343,-23.63700485,3909.395591,4069.798259,220
38.77,-119.15,16.215477,224.2,117.4886178,126.6500343,-23.63700485,3909.395591,4069.798259,220
38.76,-119.16,16.215477,405.1,117.4886178,126.6500343,-23.63700485,3909.395591,4069.798259,222
38.77,-119.18,16.215477,733.8,117.4886178,126.6500343,-35.63735199,3909.395591,4069.798259,220
38.77,-119.17,16.215477,519.8,117.4886178,126.6500343,-23.63700485,3909.395591,4069.798259,220
38.75,-119.18,16.215477,463.7,117.4886178,126.6500343,-35.63735199,3909.395591,4069.798259,425
38.76,-119.15,16.215477,392.4,117.4886178,126.6500343,-23.63700485,3909.395591,4069.798259,222
38.77,-119.14,16.215477,183.5,117.4886178,126.6500343,-23.63700485,3909.395591,4069.798259,220
38.78,-119.13,16.215477,147.8,117.4886178,126.6500343,-23.63700485,3909.395591,4069.798259,296
38.78,-119.13,16.215477,155.4,117.4886178,126.6500343,-23.63700485,3909.395591,4069.798259,296
38.77,-119.12,16.215477,81.5,117.4886178,126.6500343,-23.63700485,3909.395591,4069.798259,220
38.79,-119.17,16.215477,466.3,117.4886178,126.6500343,-23.63700485,3909.395591,4069.798259,415
38.77,-119.16,16.215477,244.6,117.4886178,126.6500343,-23.63700485,3909.395591,4069.798259,220
38.79,-119.17,16.215477,468.8,117.4886178,126.6500343,-23.63700485,3909.395591,4069.798259,415
38.8,-119.17,16.215477,237,117.4886178,126.6500343,-23.63700485,3909.395591,4069.798259,447
38.8,-119.16,16.215477,152.9,117.4886178,126.6500343,-23.63700485,3909.395591,4069.798259,447
38.81,-119.17,16.215477,188.6,117.4886178,126.6500343,-23.63700485,3909.395591,4069.798259,385
38.81,-119.17,16.215477,84.1,117.4886178,126.6500343,-23.63700485,3909.395591,4069.798259,385
38.81,-119.17,16.215477,196.2,117.4886178,126.6500343,-23.63700485,3909.395591,4069.798259,385
38.82,-119.18,16.215477,175.8,117.4886178,126.6500343,-35.63735199,3909.395591,4069.798259,396
38.75,-119.19,16.215477,127.4,117.4886178,126.6500343,-35.63735199,3909.395591,4069.798259,425
38.74,-119.19,16.215477,53.5,117.4886178,126.6500343,18.64333344,3909.395591,4069.798259,425
38.75,-119.17,16.215477,158,117.4886178,126.6500343,-23.63700485,3909.395591,4069.798259,425
38.74,-119.17,16.215477,63.7,117.4886178,126.6500343,61.18935013,3909.395591,4069.798259,425
38.75,-119.14,16.215477,275.2,117.4886178,126.6500343,-23.63700485,3909.395591,4069.798259,425
38.76,-119.15,16.215477,252.3,117.4886178,126.6500343,-23.63700485,3909.395591,4069.798259,222
38.8,-119.16,16.215477,122.3,117.4886178,126.6500343,-23.63700485,3909.395591,4069.798259,447
38.82,-119.18,16.215477,331.2,117.4886178,126.6500343,-35.63735199,3909.395591,4069.798259,396
38.82,-119.19,16.215477,555.5,117.4886178,126.6500343,-35.63735199,3909.395591,4069.798259,396
45.77,-121.12,9.544672,44,153.137007,165.0781799,-17.11548996,3581.30584,3727.647519,651
43.8,-122.31,9.5827484,82,152.8324644,164.74989,-14.94464779,3583.460511,3729.894533,601
45.12,-120.85,9.68153,60,152.0507831,163.9072555,-11.03338528,3589.030498,3735.703233,600
39.47,-119.63,16.215477,94,117.4886178,126.6500343,-7.161396027,3909.395591,4069.798259,1233
46.62,-120.41,9.7773581,40,151.3038218,163.1020483,-33.21891403,3594.406856,3741.310007,1217
44.44,-122.99,9.8749847,25,150.5540502,162.2938117,-14.83332443,3599.857093,3746.993826,225
42.14,-122.73,8.7200031,50,160.214692,172.707762,0.741040707,3533.537798,3677.832275,1174
42.36,-121.98,8.7200031,42,160.214692,172.707762,5.041152,3533.537798,3677.832275,1552
39.04,-122.43,17.580811,107,112.8343175,121.6328054,7.078770638,3967.531719,4130.425936,521
39.39,-119.72,16.215477,198.7,117.4886178,126.6500343,5.977461815,3909.395591,4069.798259,809
38.91,-122.78,17.725136,232,112.374008,121.1366023,30.45727158,3973.543064,4136.694909,735
42.33,-120.52,8.7200031,69,160.214692,172.707762,31.84213638,3533.537798,3677.832275,1416
42.34,-120.52,8.7200031,113,160.214692,172.707762,31.84213638,3533.537798,3677.832275,1393
42.34,-120.52,8.7200031,78,160.214692,172.707762,31.84213638,3533.537798,3677.832275,1393
44.89,-122.69,9.8163719,48,151.0028545,162.7776125,-25.45111656,3596.588144,3743.584779,396
44.89,-122.69,9.8163719,48,151.0028545,162.7776125,-25.45111656,3596.588144,3743.584779,396
42.2,-121.73,8.7200031,126,160.214692,172.707762,3.540222883,3533.537798,3677.832275,1262
41.02,-119.56,17.088528,106.9,114.4480327,123.3723533,32.55911255,3946.839549,4108.846958,1554
46.83,-120.21,9.7773581,47,151.3038218,163.1020483,13.95737648,3594.406856,3741.310007,909
38.93,-119.07,16.215477,78,117.4886178,126.6500343,-32.75069046,3909.395591,4069.798259,404
45.73,-122.44,9.5560369,42,153.0459177,164.9799878,-6.739209175,3581.949407,3728.318668,258
44.85,-121.83,9.8163719,110,151.0028545,162.7776125,49.58501434,3596.588144,3743.584779,1256
42.24,-120.36,8.7200031,794,160.214692,172.707762,-25.04924774,3533.537798,3677.832275,1734
42.24,-120.36,8.7200031,1221,160.214692,172.707762,-25.04924774,3533.537798,3677.832275,1734
42.01,-120.3,18.00329,96,111.5025297,120.1971686,43.47267532,3985.05994,4148.705366,1471
44.21,-121.03,9.8749847,148,150.5540502,162.2938117,14.129426,3599.857093,3746.993826,1023
42.22,-120.35,8.7200031,3309,160.214692,172.707762,-25.04924774,3533.537798,3677.832275,1640
42.22,-120.35,8.7200031,1425,160.214692,172.707762,-25.04924774,3533.537798,3677.832275,1640
42.22,-120.34,8.7200031,309,160.214692,172.707762,52.84307098,3533.537798,3677.832275,1640
44.23,-120.97,9.8749847,99,150.5540502,162.2938117,-22.19685745,3599.857093,3746.993826,992
42.22,-120.36,8.7200031,991,160.214692,172.707762,-25.04924774,3533.537798,3677.832275,1640
42.21,-120.36,8.7200031,158,160.214692,172.707762,-25.04924774,3533.537798,3677.832275,1599
42.04,-120.31,18.00329,51,111.5025297,120.1971686,43.47267532,3985.05994,4148.705366,1481
42.04,-120.31,18.00329,174,111.5025297,120.1971686,43.47267532,3985.05994,4148.705366,1481
42.21,-120.36,8.7200031,1895,160.214692,172.707762,-25.04924774,3533.537798,3677.832275,1599
42.02,-120.3,18.00329,90,111.5025297,120.1971686,43.47267532,3985.05994,4148.705366,1488
44.85,-121.83,9.8163719,110,151.0028545,162.7776125,49.58501434,3596.588144,3743.584779,1256
42.37,-120.45,8.7200031,134,160.214692,172.707762,15.18670559,3533.537798,3677.832275,1372
45.68,-119.84,9.5560369,58,153.0459177,164.9799878,-50.60709,3581.949407,3728.318668,508
45.7,-120.14,9.5560369,54,153.0459177,164.9799878,-41.06179047,3581.949407,3728.318668,658
45.7,-120.14,9.5560369,54,153.0459177,164.9799878,-41.06179047,3581.949407,3728.318668,658
45.7,-120.14,9.5560369,54,153.0459177,164.9799878,-41.06179047,3581.949407,3728.318668,658
44.55,-122.81,9.8749847,50,150.5540502,162.2938117,-21.49716759,3599.857093,3746.993826,142
42.82,-122.94,8.0320463,61,166.9350599,179.9521644,51.63679123,3491.930276,3634.441573,1017
45.47,-121.2,9.5407829,58,153.1682153,165.1118218,-5.653716087,3581.085522,3727.417758,369
42.34,-120.54,8.7200031,71,160.214692,172.707762,31.84213638,3533.537798,3677.832275,1393
42.37,-120.57,8.7200031,125,160.214692,172.707762,62.26567459,3533.537798,3677.832275,1372
45.69,-120.13,9.5560369,87,153.0459177,164.9799878,-41.06179047,3581.949407,3728.318668,662
42.33,-120.57,8.7200031,100,160.214692,172.707762,31.84213638,3533.537798,3677.832275,1416
42.36,-121.98,8.7200031,41,160.214692,172.707762,5.041152,3533.537798,3677.832275,1552
42.33,-120.52,8.7200031,66,160.214692,172.707762,31.84213638,3533.537798,3677.832275,1416
43.54,-119.95,9.5357075,192,153.208972,165.1557565,19.53007507,3580.797932,3727.117843,1414
42.33,-120.57,8.7200031,100,160.214692,172.707762,31.84213638,3533.537798,3677.832275,1416
40.84,-127.52,0.009965586,54,4739.245848,5108.798285,-34.42725754,2534.939724,2636.43714,-3309
38.59,-127.27,31.536203,32,84.24729349,90.81664938,-34.93425369,4465.498631,4649.734286,-4575
38.32,-124.03,19.94416,73,105.9382475,114.1990001,-79.9813385,4063.060971,4230.049299,-3446
38.5,-124.26,20.470812,70,104.566633,112.7204311,-70.51306915,4083.563851,4251.430873,-3483
37.93,-123.83,20.19767,79,105.2713089,113.4800556,-83.89137268,4072.963628,4240.376355,-3368
37.79,-124.28,22.031677,84,100.7945107,108.6541699,-42.79533768,4142.826964,4313.233834,-3794
38.42,-126.14,27.247425,117,90.63541467,97.70289744,-27.55595016,4326.967313,4505.265912,-4283
38.43,-126.33,28.011539,86,89.39066617,96.36108712,-25.08587646,4352.407495,4531.796388,-4330
38.49,-126.79,29.741478,108,86.75197795,93.51664175,-30.46888542,4408.751177,4590.554799,-4482
38.53,-127.06,30.950256,28,85.04103481,91.67228431,-31.03629494,4447.153399,4630.602831,-4498
38.57,-127.21,31.244743,36,84.63932293,91.23924812,-38.93375778,4456.394903,4640.240399,-4568
39.03,-130,30.501097,24,85.66490336,92.34480029,-18.28802299,4432.972939,4615.814636,-4502
38.49,-126.72,29.393053,59,87.26464175,94.06928157,-32.38405991,4397.537613,4578.860653,-4468
38.59,-127.52,32.307262,13,83.23588129,89.72637023,-34.40950012,4489.381712,4674.640928,-4612
38.75,-128.98,30.290819,20,85.96173076,92.66477342,-7.517631531,4426.298349,4608.853992,-4500
38.52,-127.14,30.950256,53,85.04103481,91.67228431,-38.93375778,4447.153399,4630.602831,-4558
38.49,-126.72,29.393053,59,87.26464175,94.06928157,-32.38405991,4397.537613,4578.860653,-4468
38.46,-126.48,28.539879,75,88.55938567,95.46498581,-26.32499504,4369.795491,4549.929583,-4413
37.47,-123.84,21.01218,82,103.2107901,111.2588636,-83.89137268,4104.366557,4273.125124,-3381
38,-124.89,23.57716,70,97.43498298,105.0326761,-27.93582344,4199.471124,4372.3056,-3981
38.17,-125.47,25.24065,74,94.16952756,101.51259,-8.621296883,4258.402578,4433.762688,-3933
38.4,-126.04,26.842258,76,91.31689496,98.43751755,-29.63839531,4313.33301,4491.047282,-4279
39.2,-121.06,16.815744,29,115.3725829,124.3689972,40.8380661,3935.24515,4096.755656,744
40.91,-127.45,0.047450688,217,2171.897884,2341.256085,11.60944366,2576.241126,2679.508603,-3305
40.91,-127.5,0.047450688,219,2171.897884,2341.256085,-44.38734818,2576.241126,2679.508603,-3349
40.9,-127.51,0.047450688,317,2171.897884,2341.256085,-44.38734818,2576.241126,2679.508603,-3343
40.9,-127.52,0.047450688,707,2171.897884,2341.256085,-44.38734818,2576.241126,2679.508603,-3310
40.91,-127.54,0.047450688,160,2171.897884,2341.256085,-44.38734818,2576.241126,2679.508603,-3325
40.91,-127.45,0.047450688,201,2171.897884,2341.256085,11.60944366,2576.241126,2679.508603,-3305
40.91,-127.55,0.27203998,137,907.0772858,977.8085017,-44.38734818,2682.551082,2790.3747,-3311
40.91,-127.56,0.27203998,409,907.0772858,977.8085017,-44.38734818,2682.551082,2790.3747,-3307
40.91,-127.46,0.047450688,176,2171.897884,2341.256085,-44.38734818,2576.241126,2679.508603,-3348
40.91,-127.47,0.047450688,155,2171.897884,2341.256085,-44.38734818,2576.241126,2679.508603,-3359
40.91,-127.49,0.047450688,229,2171.897884,2341.256085,-44.38734818,2576.241126,2679.508603,-3345
41,-127.51,0.021391379,2495,3234.754069,3486.990666,-37.00662231,2551.190272,2653.384141,-3282
41,-127.51,0.021391379,1117,3234.754069,3486.990666,-37.00662231,2551.190272,2653.384141,-3282
41,-127.5,0.021391379,3176,3234.754069,3486.990666,-37.00662231,2551.190272,2653.384141,-3255
41,-127.55,0.27136731,851,908.2008294,979.0196559,-37.00662231,2682.325246,2790.139186,-3238
41,-127.55,0.27136731,670,908.2008294,979.0196559,-37.00662231,2682.325246,2790.139186,-3238
41,-127.54,0.021391379,482,3234.754069,3486.990666,-37.00662231,2551.190272,2653.384141,-3289
41,-127.52,0.021391379,410,3234.754069,3486.990666,-37.00662231,2551.190272,2653.384141,-3300
41,-127.52,0.021391379,726,3234.754069,3486.990666,-37.00662231,2551.190272,2653.384141,-3300
40.96,-127.48,0.021391379,416,3234.754069,3486.990666,-37.00662231,2551.190272,2653.384141,-3368
40.96,-127.49,0.021391379,396,3234.754069,3486.990666,-37.00662231,2551.190272,2653.384141,-3372
40.96,-127.5,0.021391379,207,3234.754069,3486.990666,-37.00662231,2551.190272,2653.384141,-3343
40.96,-127.52,0.021391379,160,3234.754069,3486.990666,-37.00662231,2551.190272,2653.384141,-3310
40.96,-127.53,0.021391379,219,3234.754069,3486.990666,-37.00662231,2551.190272,2653.384141,-3302
40.96,-127.42,0.23963241,693,966.4688951,1041.831294,-4.417859077,2671.332922,2778.675762,-2930
40.96,-127.42,0.23963241,444,966.4688951,1041.831294,-4.417859077,2671.332922,2778.675762,-2930
40.93,-127.5,0.047450688,192,2171.897884,2341.256085,-44.38734818,2576.241126,2679.508603,-3342
40.94,-127.52,0.047450688,133,2171.897884,2341.256085,-44.38734818,2576.241126,2679.508603,-3340
40.93,-127.54,0.047450688,179,2171.897884,2341.256085,-44.38734818,2576.241126,2679.508603,-3324
40.93,-127.55,0.27203998,204,907.0772858,977.8085017,-44.38734818,2682.551082,2790.3747,-3307
40.93,-127.56,0.27203998,247,907.0772858,977.8085017,-44.38734818,2682.551082,2790.3747,-3310
40.94,-127.46,0.047450688,174,2171.897884,2341.256085,-44.38734818,2576.241126,2679.508603,-3337
40.93,-127.47,0.047450688,152,2171.897884,2341.256085,-44.38734818,2576.241126,2679.508603,-3347
40.93,-127.49,0.047450688,160,2171.897884,2341.256085,-44.38734818,2576.241126,2679.508603,-3348
48.44,-128.47,1.1955065,338,432.697801,466.4383015,-4.410299301,2882.68727,2999.088152,-2572
48.44,-128.47,1.1955065,493,432.697801,466.4383015,-4.410299301,2882.68727,2999.088152,-2572
48.44,-128.46,1.1955065,295,432.697801,466.4383015,-4.410299301,2882.68727,2999.088152,-2582
48.44,-128.45,1.3642263,293,405.0582202,436.6434675,-4.410299301,2908.800345,3026.320359,-2584
48.44,-128.45,1.3642263,293,405.0582202,436.6434675,-4.410299301,2908.800345,3026.320359,-2584
48.44,-128.44,1.3642263,292,405.0582202,436.6434675,-4.410299301,2908.800345,3026.320359,-2529
48.44,-128.43,1.3642263,303,405.0582202,436.6434675,-4.410299301,2908.800345,3026.320359,-2557
48.44,-128.42,1.3642263,330,405.0582202,436.6434675,-4.410299301,2908.800345,3026.320359,-2578
48.44,-128.42,1.3642263,326,405.0582202,436.6434675,-4.410299301,2908.800345,3026.320359,-2578
48.44,-128.41,1.3642263,310,405.0582202,436.6434675,-4.410299301,2908.800345,3026.320359,-2581
48.44,-128.4,1.3642263,368,405.0582202,436.6434675,-4.410299301,2908.800345,3026.320359,-2583
48.43,-128.4,1.3642263,369,405.0582202,436.6434675,-4.410299301,2908.800345,3026.320359,-2586
48.43,-128.39,1.3642263,389,405.0582202,436.6434675,1.557503343,2908.800345,3026.320359,-2581
50.14,-130.45,0.64635819,441,588.4695981,634.3567246,-2.300307989,2781.387417,2893.446877,-2443
49.17,-128.25,3.9386008,200,238.3909018,256.9799224,-26.03686333,3194.606794,3324.375656,-2457
49.12,-128.97,2.3481965,181,308.7403846,332.8150507,-19.04327583,3036.333918,3159.319657,-2391
50.57,-130.82,1.5733372,19,377.1809529,406.592413,18.80345917,2939.014586,3057.829497,-2567
48.46,-128.67,0.59159386,170,615.1043949,663.0684244,-10.74924183,2769.202986,2880.740257,-2474
49.17,-128.25,3.9386008,202,238.3909018,256.9799224,-26.03686333,3194.606794,3324.375656,-2457
49.11,-128.96,2.3481965,177,308.7403846,332.8150507,-19.04327583,3036.333918,3159.319657,-2390
50.47,-130.27,0.06584172,145,1843.784141,1987.557,-19.9920826,2589.808745,2693.657691,-2495
50.57,-130.83,1.5733372,16,377.1809529,406.592413,18.80345917,2939.014586,3057.829497,-2657
49.11,-128.96,2.3481965,194,308.7403846,332.8150507,-19.04327583,3036.333918,3159.319657,-2390
50.56,-130.84,1.5733372,13,377.1809529,406.592413,18.80345917,2939.014586,3057.829497,-2742
50.13,-130.43,0.64635819,739,588.4695981,634.3567246,-2.300307989,2781.387417,2893.446877,-2426
49.11,-128.96,2.3481965,200,308.7403846,332.8150507,-19.04327583,3036.333918,3159.319657,-2390
50.56,-130.85,1.5733372,15,377.1809529,406.592413,-20.30074692,2939.014586,3057.829497,-2764
49.66,-130.09,0.59459901,156,613.548033,661.390702,-2.230593443,2769.885862,2881.452399,-2445
49.18,-128.25,3.9386008,198,238.3909018,256.9799224,-26.03686333,3194.606794,3324.375656,-2455
49.1,-128.95,2.6050727,225,293.1235658,315.9804784,-19.04327583,3064.908316,3189.118673,-2394
50.55,-130.87,2.2212367,33,317.4411609,342.194288,-20.30074692,3021.633488,3143.989209,-2677
49.1,-128.95,2.6050727,188,293.1235658,315.9804784,-19.04327583,3064.908316,3189.118673,-2394
50.55,-130.88,2.2212367,20,317.4411609,342.194288,-20.30074692,3021.633488,3143.989209,-2676
50.12,-130.42,0.64635819,382,588.4695981,634.3567246,-2.300307989,2781.387417,2893.446877,-2421
48.46,-128.64,0.8665905,512,508.2222764,547.851953,-10.74924183,2825.81795,2939.781576,-2459
49.1,-128.94,2.6050727,204,293.1235658,315.9804784,-19.04327583,3064.908316,3189.118673,-2393
50.54,-130.89,2.2212367,12,317.4411609,342.194288,-20.30074692,3021.633488,3143.989209,-2678
50.12,-130.41,0.64635819,258,588.4695981,634.3567246,-2.300307989,2781.387417,2893.446877,-2423
49.66,-130.07,0.59459901,534,613.548033,661.390702,-2.230593443,2769.885862,2881.452399,-2402
49.09,-128.94,2.6050727,187,293.1235658,315.9804784,-19.04327583,3064.908316,3189.118673,-2400
49.65,-130.06,0.68830746,285,570.2554187,614.7222571,-2.230593443,2790.37504,2902.819685,-2408
49.09,-128.93,2.6050727,175,293.1235658,315.9804784,-19.04327583,3064.908316,3189.118673,-2402
48.46,-128.62,0.8665905,458,508.2222764,547.851953,8.065933228,2825.81795,2939.781576,-2400
49.09,-128.93,2.6050727,187,293.1235658,315.9804784,-19.04327583,3064.908316,3189.118673,-2402
48.46,-128.61,0.8665905,1360,508.2222764,547.851953,8.065933228,2825.81795,2939.781576,-2345
50.14,-130.45,0.64635819,441,588.4695981,634.3567246,-2.300307989,2781.387417,2893.446877,-2443
50.13,-130.44,0.64635819,723,588.4695981,634.3567246,-2.300307989,2781.387417,2893.446877,-2431
50.13,-130.44,0.64635819,386,588.4695981,634.3567246,-2.300307989,2781.387417,2893.446877,-2431
50.13,-130.43,0.64635819,739,588.4695981,634.3567246,-2.300307989,2781.387417,2893.446877,-2426
50.12,-130.43,0.64635819,704,588.4695981,634.3567246,-2.300307989,2781.387417,2893.446877,-2436
50.12,-130.42,0.64635819,382,588.4695981,634.3567246,-2.300307989,2781.387417,2893.446877,-2421
50.12,-130.41,0.64635819,258,588.4695981,634.3567246,-2.300307989,2781.387417,2893.446877,-2423
50.11,-130.41,0.64635819,218,588.4695981,634.3567246,-2.300307989,2781.387417,2893.446877,-2421
50.11,-130.4,0.64635819,269,588.4695981,634.3567246,-2.300307989,2781.387417,2893.446877,-2420
49.68,-130.11,0.59459901,96,613.548033,661.390702,-2.230593443,2769.885862,2881.452399,-2428
49.67,-130.1,0.59459901,49,613.548033,661.390702,-2.230593443,2769.885862,2881.452399,-2446
49.67,-130.1,0.59459901,152,613.548033,661.390702,-2.230593443,2769.885862,2881.452399,-2446
49.66,-130.09,0.59459901,156,613.548033,661.390702,-2.230593443,2769.885862,2881.452399,-2445
49.66,-130.08,0.59459901,106,613.548033,661.390702,-2.230593443,2769.885862,2881.452399,-2434
49.66,-130.07,0.59459901,534,613.548033,661.390702,-2.230593443,2769.885862,2881.452399,-2402
49.65,-130.06,0.68830746,285,570.2554187,614.7222571,-2.230593443,2790.37504,2902.819685,-2408
49.65,-130.06,0.68830746,327,570.2554187,614.7222571,-2.230593443,2790.37504,2902.819685,-2408
49.65,-130.05,0.68830746,342,570.2554187,614.7222571,-2.230593443,2790.37504,2902.819685,-2398
49.64,-130.04,0.81696123,393,523.4315972,564.2472519,-2.230593443,2816.350677,2929.908563,-2389
49.64,-130.04,0.81696123,274,523.4315972,564.2472519,-2.230593443,2816.350677,2929.908563,-2389
49.64,-130.03,0.81696123,292,523.4315972,564.2472519,-2.230593443,2816.350677,2929.908563,-2382
49.64,-130.03,0.81696123,344,523.4315972,564.2472519,-2.230593443,2816.350677,2929.908563,-2382
49.63,-130.02,0.81696123,320,523.4315972,564.2472519,2.02973175,2816.350677,2929.908563,-2407
49.63,-130.01,0.81696123,268,523.4315972,564.2472519,2.02973175,2816.350677,2929.908563,-2395
49.62,-130,0.81696123,188,523.4315972,564.2472519,2.02973175,2816.350677,2929.908563,-2438
49.62,-130,0.81696123,81,523.4315972,564.2472519,2.02973175,2816.350677,2929.908563,-2438
49.62,-129.99,0.81696123,236,523.4315972,564.2472519,2.02973175,2816.350677,2929.908563,-2410
49.62,-129.98,0.81696123,366,523.4315972,564.2472519,2.02973175,2816.350677,2929.908563,-2408
49.61,-129.98,0.81696123,194,523.4315972,564.2472519,2.02973175,2816.350677,2929.908563,-2429
49.61,-129.97,0.81696123,100,523.4315972,564.2472519,2.02973175,2816.350677,2929.908563,-2428
49.61,-129.97,0.81696123,124,523.4315972,564.2472519,2.02973175,2816.350677,2929.908563,-2428
49.6,-129.96,0.81696123,272,523.4315972,564.2472519,2.02973175,2816.350677,2929.908563,-2450
49.6,-129.96,0.81696123,382,523.4315972,564.2472519,2.02973175,2816.350677,2929.908563,-2450
49.6,-129.95,1.0505846,390,461.5780454,497.5705423,2.02973175,2858.743102,2974.117807,-2449
48.46,-128.68,0.59159386,348,615.1043949,663.0684244,-10.74924183,2769.202986,2880.740257,-2472
48.46,-128.67,0.59159386,170,615.1043949,663.0684244,-10.74924183,2769.202986,2880.740257,-2474
48.46,-128.67,0.59159386,185,615.1043949,663.0684244,-10.74924183,2769.202986,2880.740257,-2474
48.46,-128.66,0.59159386,376,615.1043949,663.0684244,-10.74924183,2769.202986,2880.740257,-2475
48.46,-128.65,0.59159386,229,615.1043949,663.0684244,-10.74924183,2769.202986,2880.740257,-2478
48.46,-128.65,0.59159386,526,615.1043949,663.0684244,-10.74924183,2769.202986,2880.740257,-2478
48.46,-128.64,0.8665905,512,508.2222764,547.851953,-10.74924183,2825.81795,2939.781576,-2459
48.46,-128.63,0.8665905,209,508.2222764,547.851953,-10.74924183,2825.81795,2939.781576,-2346
48.46,-128.62,0.8665905,303,508.2222764,547.851953,8.065933228,2825.81795,2939.781576,-2400
48.46,-128.62,0.8665905,458,508.2222764,547.851953,8.065933228,2825.81795,2939.781576,-2400
48.46,-128.61,0.8665905,1360,508.2222764,547.851953,8.065933228,2825.81795,2939.781576,-2345
48.46,-128.6,0.8665905,396,508.2222764,547.851953,8.065933228,2825.81795,2939.781576,-2331
48.45,-128.59,0.8665905,155,508.2222764,547.851953,8.065933228,2825.81795,2939.781576,-2406
48.45,-128.58,0.8665905,333,508.2222764,547.851953,8.065933228,2825.81795,2939.781576,-2426
48.45,-128.57,0.8665905,145,508.2222764,547.851953,8.065933228,2825.81795,2939.781576,-2373
48.45,-128.57,0.8665905,155,508.2222764,547.851953,8.065933228,2825.81795,2939.781576,-2373
48.45,-128.56,0.8665905,134,508.2222764,547.851953,8.065933228,2825.81795,2939.781576,-2390
48.45,-128.55,0.8665905,233,508.2222764,547.851953,8.065933228,2825.81795,2939.781576,-2437
48.45,-128.53,1.1157724,173,447.8915322,482.8167951,8.065933228,2869.705449,2985.549968,-2432
48.45,-128.52,1.1157724,335,447.8915322,482.8167951,8.065933228,2869.705449,2985.549968,-2439
48.45,-128.52,1.1157724,389,447.8915322,482.8167951,8.065933228,2869.705449,2985.549968,-2439
48.45,-128.51,1.1157724,137,447.8915322,482.8167951,8.065933228,2869.705449,2985.549968,-2456
48.45,-128.5,1.1157724,145,447.8915322,482.8167951,-4.410299301,2869.705449,2985.549968,-2488
48.45,-128.5,1.1157724,154,447.8915322,482.8167951,-4.410299301,2869.705449,2985.549968,-2488
48.44,-128.49,1.1955065,171,432.697801,466.4383015,-4.410299301,2882.68727,2999.088152,-2539
48.44,-128.48,1.1955065,184,432.697801,466.4383015,-4.410299301,2882.68727,2999.088152,-2556
48.44,-128.47,1.1955065,338,432.697801,466.4383015,-4.410299301,2882.68727,2999.088152,-2572
48.44,-128.47,1.1955065,493,432.697801,466.4383015,-4.410299301,2882.68727,2999.088152,-2572
49.17,-128.25,3.9386008,200,238.3909018,256.9799224,-26.03686333,3194.606794,3324.375656,-2457
49.17,-128.25,3.9386008,202,238.3909018,256.9799224,-26.03686333,3194.606794,3324.375656,-2457
49.18,-128.25,3.9386008,192,238.3909018,256.9799224,-26.03686333,3194.606794,3324.375656,-2455
49.18,-128.25,3.9386008,194,238.3909018,256.9799224,-26.03686333,3194.606794,3324.375656,-2455
49.18,-128.25,3.9386008,198,238.3909018,256.9799224,-26.03686333,3194.606794,3324.375656,-2455
49.12,-128.97,2.3481965,181,308.7403846,332.8150507,-19.04327583,3036.333918,3159.319657,-2391
49.11,-128.96,2.3481965,177,308.7403846,332.8150507,-19.04327583,3036.333918,3159.319657,-2390
49.11,-128.96,2.3481965,194,308.7403846,332.8150507,-19.04327583,3036.333918,3159.319657,-2390
49.11,-128.96,2.3481965,200,308.7403846,332.8150507,-19.04327583,3036.333918,3159.319657,-2390
49.1,-128.95,2.6050727,225,293.1235658,315.9804784,-19.04327583,3064.908316,3189.118673,-2394
49.1,-128.95,2.6050727,188,293.1235658,315.9804784,-19.04327583,3064.908316,3189.118673,-2394
49.1,-128.94,2.6050727,204,293.1235658,315.9804784,-19.04327583,3064.908316,3189.118673,-2393
49.09,-128.94,2.6050727,187,293.1235658,315.9804784,-19.04327583,3064.908316,3189.118673,-2400
49.09,-128.93,2.6050727,175,293.1235658,315.9804784,-19.04327583,3064.908316,3189.118673,-2402
49.09,-128.93,2.6050727,187,293.1235658,315.9804784,-19.04327583,3064.908316,3189.118673,-2402
50.73,-131.12,2.265857,25,314.3000211,338.8082113,-5.360367775,3026.846735,3149.425881,-2606
50.73,-131.1,2.265857,23,314.3000211,338.8082113,-5.360367775,3026.846735,3149.425881,-2598
50.73,-131.09,2.265857,41,314.3000211,338.8082113,-5.360367775,3026.846735,3149.425881,-2597
50.73,-131.08,2.265857,65,314.3000211,338.8082113,-5.360367775,3026.846735,3149.425881,-2596
50.47,-130.28,0.06584172,243,1843.784141,1987.557,-19.9920826,2589.808745,2693.657691,-2594
50.47,-130.27,0.06584172,145,1843.784141,1987.557,-19.9920826,2589.808745,2693.657691,-2495
50.48,-130.26,0.06584172,153,1843.784141,1987.557,-19.9920826,2589.808745,2693.657691,-2232
50.57,-130.82,1.5733372,19,377.1809529,406.592413,18.80345917,2939.014586,3057.829497,-2567
50.57,-130.83,1.5733372,16,377.1809529,406.592413,18.80345917,2939.014586,3057.829497,-2657
50.56,-130.84,1.5733372,13,377.1809529,406.592413,18.80345917,2939.014586,3057.829497,-2742
50.56,-130.85,1.5733372,15,377.1809529,406.592413,-20.30074692,2939.014586,3057.829497,-2764
50.55,-130.87,2.2212367,33,317.4411609,342.194288,-20.30074692,3021.633488,3143.989209,-2677
50.55,-130.88,2.2212367,20,317.4411609,342.194288,-20.30074692,3021.633488,3143.989209,-2676
50.54,-130.89,2.2212367,12,317.4411609,342.194288,-20.30074692,3021.633488,3143.989209,-2678
49.64,-130.04,0.81696123,274,523.4315972,564.2472519,-2.230593443,2816.350677,2929.908563,-2389
48.46,-128.6,0.8665905,396,508.2222764,547.851953,8.065933228,2825.81795,2939.781576,-2331
48.45,-128.59,0.8665905,155,508.2222764,547.851953,8.065933228,2825.81795,2939.781576,-2406
48.45,-128.58,0.8665905,333,508.2222764,547.851953,8.065933228,2825.81795,2939.781576,-2426
49.63,-130.02,0.81696123,320,523.4315972,564.2472519,2.02973175,2816.350677,2929.908563,-2407
48.45,-128.57,0.8665905,145,508.2222764,547.851953,8.065933228,2825.81795,2939.781576,-2373
48.45,-128.57,0.8665905,155,508.2222764,547.851953,8.065933228,2825.81795,2939.781576,-2373
48.45,-128.56,0.8665905,134,508.2222764,547.851953,8.065933228,2825.81795,2939.781576,-2390
48.45,-128.55,0.8665905,233,508.2222764,547.851953,8.065933228,2825.81795,2939.781576,-2437
49.62,-130,0.81696123,81,523.4315972,564.2472519,2.02973175,2816.350677,2929.908563,-2438
49.62,-129.98,0.81696123,366,523.4315972,564.2472519,2.02973175,2816.350677,2929.908563,-2408
48.45,-128.53,1.1157724,173,447.8915322,482.8167951,8.065933228,2869.705449,2985.549968,-2432
48.45,-128.52,1.1157724,335,447.8915322,482.8167951,8.065933228,2869.705449,2985.549968,-2439
48.45,-128.52,1.1157724,389,447.8915322,482.8167951,8.065933228,2869.705449,2985.549968,-2439
48.45,-128.51,1.1157724,137,447.8915322,482.8167951,8.065933228,2869.705449,2985.549968,-2456
48.45,-128.5,1.1157724,145,447.8915322,482.8167951,-4.410299301,2869.705449,2985.549968,-2488
48.45,-128.5,1.1157724,154,447.8915322,482.8167951,-4.410299301,2869.705449,2985.549968,-2488
48.44,-128.49,1.1955065,171,432.697801,466.4383015,-4.410299301,2882.68727,2999.088152,-2539
48.44,-128.48,1.1955065,184,432.697801,466.4383015,-4.410299301,2882.68727,2999.088152,-2556
49.65,-130.06,0.68830746,327,570.2554187,614.7222571,-2.230593443,2790.37504,2902.819685,-2408
49.65,-130.05,0.68830746,342,570.2554187,614.7222571,-2.230593443,2790.37504,2902.819685,-2398
49.64,-130.04,0.81696123,393,523.4315972,564.2472519,-2.230593443,2816.350677,2929.908563,-2389
49.64,-130.03,0.81696123,292,523.4315972,564.2472519,-2.230593443,2816.350677,2929.908563,-2382
49.64,-130.03,0.81696123,344,523.4315972,564.2472519,-2.230593443,2816.350677,2929.908563,-2382
49.63,-130.01,0.81696123,268,523.4315972,564.2472519,2.02973175,2816.350677,2929.908563,-2395
49.62,-130,0.81696123,188,523.4315972,564.2472519,2.02973175,2816.350677,2929.908563,-2438
49.62,-129.99,0.81696123,236,523.4315972,564.2472519,2.02973175,2816.350677,2929.908563,-2410
49.61,-129.98,0.81696123,194,523.4315972,564.2472519,2.02973175,2816.350677,2929.908563,-2429
49.6,-129.95,1.0505846,390,461.5780454,497.5705423,2.02973175,2858.743102,2974.117807,-2449
50.13,-130.44,0.64635819,723,588.4695981,634.3567246,-2.300307989,2781.387417,2893.446877,-2431
49.18,-128.25,3.9386008,192,238.3909018,256.9799224,-26.03686333,3194.606794,3324.375656,-2455
50.13,-130.44,0.64635819,386,588.4695981,634.3567246,-2.300307989,2781.387417,2893.446877,-2431
49.18,-128.25,3.9386008,194,238.3909018,256.9799224,-26.03686333,3194.606794,3324.375656,-2455
50.12,-130.43,0.64635819,704,588.4695981,634.3567246,-2.300307989,2781.387417,2893.446877,-2436
49.66,-130.08,0.59459901,106,613.548033,661.390702,-2.230593443,2769.885862,2881.452399,-2434
50.11,-130.41,0.64635819,218,588.4695981,634.3567246,-2.300307989,2781.387417,2893.446877,-2421
48.36,-126.23,6.6210885,87,183.8636861,198.2008349,-8.39423275,3400.601655,3539.198869,-1010
48.35,-126.24,6.6210885,92,183.8636861,198.2008349,-8.39423275,3400.601655,3539.198869,-1034
48.35,-126.24,6.6210885,82,183.8636861,198.2008349,-8.39423275,3400.601655,3539.198869,-1034
48.35,-126.25,6.40137,83,186.9925025,201.5736273,-8.39423275,3385.532509,3523.483903,-1059
48.35,-126.25,6.40137,81,186.9925025,201.5736273,-8.39423275,3385.532509,3523.483903,-1059
48.34,-126.26,6.5365396,90,185.0489864,199.4785615,-8.39423275,3394.833002,3533.182988,-1042
48.32,-126.31,6.5365396,103,185.0489864,199.4785615,-18.40250206,3394.833002,3533.182988,-1359
48.32,-126.33,6.5365396,66,185.0489864,199.4785615,-18.40250206,3394.833002,3533.182988,-1305
48.31,-126.35,6.5365396,76,185.0489864,199.4785615,-18.40250206,3394.833002,3533.182988,-1325
48.31,-126.37,6.2660885,91,189.0002579,203.7379415,-18.40250206,3376.125471,3513.673706,-1402
48.3,-126.39,6.2660885,79,189.0002579,203.7379415,-23.99115753,3376.125471,3513.673706,-1682
48.3,-126.42,6.2660885,95,189.0002579,203.7379415,-40.74657059,3376.125471,3513.673706,-1885
48.29,-126.44,6.2660885,93,189.0002579,203.7379415,-40.74657059,3376.125471,3513.673706,-2042
48.29,-126.46,5.9780002,89,193.5007695,208.5893897,-40.74657059,3355.748225,3492.423149,-2080
48.28,-126.48,5.9780002,124,193.5007695,208.5893897,-40.74657059,3355.748225,3492.423149,-2037
48.27,-126.5,5.9780002,119,193.5007695,208.5893897,-40.74657059,3355.748225,3492.423149,-2104
48.27,-126.52,5.9780002,118,193.5007695,208.5893897,-40.74657059,3355.748225,3492.423149,-2150
48.26,-126.55,5.7164354,103,197.8782263,213.3081878,-44.26250076,3336.817385,3472.680988,-2058
48.26,-126.57,5.7164354,91,197.8782263,213.3081878,-44.26250076,3336.817385,3472.680988,-2075
48.16,-126.61,5.7203693,106,197.8101742,213.2348291,-45.47949982,3337.105274,3472.981214,-2503
48.15,-126.63,5.9089842,112,194.6275181,209.8039989,-45.47949982,3350.794079,3487.256682,-2512
48.14,-126.64,5.9089842,115,194.6275181,209.8039989,-45.47949982,3350.794079,3487.256682,-2520
48.14,-126.65,5.7152658,116,197.8984727,213.3300129,-42.68918228,3336.731773,3472.591706,-2525
48.13,-126.66,5.7152658,114,197.8984727,213.3300129,-42.68918228,3336.731773,3472.591706,-2525
48.13,-126.67,5.7152658,122,197.8984727,213.3300129,-42.68918228,3336.731773,3472.591706,-2526
48.12,-126.68,5.7152658,127,197.8984727,213.3300129,-42.68918228,3336.731773,3472.591706,-2525
48.12,-126.69,5.7152658,120,197.8984727,213.3300129,-42.68918228,3336.731773,3472.591706,-2526
48.11,-126.7,5.7152658,118,197.8984727,213.3300129,-42.68918228,3336.731773,3472.591706,-2527
48.11,-126.71,5.7152658,124,197.8984727,213.3300129,-42.68918228,3336.731773,3472.591706,-2530
48.1,-126.72,5.7152658,123,197.8984727,213.3300129,-42.68918228,3336.731773,3472.591706,-2519
48.09,-126.73,5.7152658,141,197.8984727,213.3300129,-42.68918228,3336.731773,3472.591706,-2495
48.09,-126.74,5.7152658,142,197.8984727,213.3300129,-42.68918228,3336.731773,3472.591706,-2494
48.08,-126.75,5.4567189,136,202.5325674,218.3254606,-42.68918228,3317.586733,3452.626164,-2492
48.08,-126.76,5.4567189,121,202.5325674,218.3254606,-35.76579285,3317.586733,3452.626164,-2496
48.07,-126.77,5.4567189,78,202.5325674,218.3254606,-23.55309105,3317.586733,3452.626164,-2480
48.07,-126.78,5.4567189,135,202.5325674,218.3254606,-23.55309105,3317.586733,3452.626164,-2482
48.56,-127.08,4.5077429,109,222.8338121,240.2097366,-50.09257126,3243.100602,3374.947771,-2550
48.55,-127.09,4.3637662,108,226.4800342,244.1402804,-50.09257126,3231.137032,3362.471476,-2561
48.55,-127.09,4.3637662,112,226.4800342,244.1402804,-50.09257126,3231.137032,3362.471476,-2561
48.55,-127.1,4.3637662,118,226.4800342,244.1402804,-50.09257126,3231.137032,3362.471476,-2562
48.55,-127.1,4.3637662,118,226.4800342,244.1402804,-50.09257126,3231.137032,3362.471476,-2562
48.68,-126.84,5.752306,89,197.2602906,212.6420673,-33.3253479,3339.438792,3475.41474,-1338
48.67,-126.86,5.5437579,96,200.9363601,216.6047859,-33.3253479,3324.081515,3459.399294,-1270
48.67,-126.86,5.5437579,88,200.9363601,216.6047859,-33.3253479,3324.081515,3459.399294,-1270
48.66,-126.87,5.5437579,92,200.9363601,216.6047859,-33.3253479,3324.081515,3459.399294,-1331
48.66,-126.88,5.5437579,97,200.9363601,216.6047859,-27.44796753,3324.081515,3459.399294,-1341
48.66,-126.89,5.5437579,96,200.9363601,216.6047859,-27.44796753,3324.081515,3459.399294,-1316
48.65,-126.89,5.0980859,107,209.5352452,225.8741866,-40.77328873,3290.262945,3424.131357,-1333
48.65,-126.9,5.0980859,107,209.5352452,225.8741866,-40.77328873,3290.262945,3424.131357,-1295
48.64,-126.91,5.0980859,96,209.5352452,225.8741866,-40.77328873,3290.262945,3424.131357,-1303
48.64,-126.92,5.0980859,103,209.5352452,225.8741866,-40.77328873,3290.262945,3424.131357,-1343
48.64,-126.92,5.0980859,93,209.5352452,225.8741866,-40.77328873,3290.262945,3424.131357,-1343
48.63,-126.93,5.0980859,84,209.5352452,225.8741866,-40.77328873,3290.262945,3424.131357,-1581
48.63,-126.94,5.0980859,84,209.5352452,225.8741866,-40.77328873,3290.262945,3424.131357,-1825
48.63,-126.95,4.8090472,109,215.7402309,232.5630189,-40.77328873,3267.533896,3400.428206,-1992
48.62,-126.96,4.8090472,102,215.7402309,232.5630189,-40.77328873,3267.533896,3400.428206,-2139
48.62,-126.96,4.8090472,110,215.7402309,232.5630189,-40.77328873,3267.533896,3400.428206,-2139
48.61,-126.97,4.8090472,109,215.7402309,232.5630189,-40.77328873,3267.533896,3400.428206,-2217
48.61,-126.98,4.8090472,110,215.7402309,232.5630189,-40.77328873,3267.533896,3400.428206,-2220
48.76,-126.67,6.336699,82,187.9442831,202.5996249,-26.99560928,3381.048028,3518.807229,-1042
48.74,-126.7,5.9347811,81,194.2040607,209.3475215,-26.99560928,3352.649216,3489.191325,-1229
48.74,-126.72,5.9347811,75,194.2040607,209.3475215,-26.99560928,3352.649216,3489.191325,-1232
48.73,-126.73,5.9347811,67,194.2040607,209.3475215,-26.99560928,3352.649216,3489.191325,-1288
48.72,-126.75,5.752306,82,197.2602906,212.6420673,-26.99560928,3339.438792,3475.41474,-1334
48.71,-126.76,5.752306,72,197.2602906,212.6420673,-33.3253479,3339.438792,3475.41474,-1324
48.71,-126.78,5.752306,92,197.2602906,212.6420673,-33.3253479,3339.438792,3475.41474,-1285
48.26,-126.37,6.2660885,95,189.0002579,203.7379415,-23.99115753,3376.125471,3513.673706,-2067
48.26,-126.38,6.2660885,92,189.0002579,203.7379415,-23.99115753,3376.125471,3513.673706,-2074
48.26,-126.39,6.2660885,95,189.0002579,203.7379415,-23.99115753,3376.125471,3513.673706,-2093
48.25,-126.39,6.2521348,103,189.2110485,203.965169,-23.99115753,3375.149423,3512.655827,-2097
48.25,-126.4,6.2521348,94,189.2110485,203.965169,-23.99115753,3375.149423,3512.655827,-2095
48.25,-126.41,6.2521348,105,189.2110485,203.965169,-40.74657059,3375.149423,3512.655827,-2094
48.24,-126.41,6.2521348,106,189.2110485,203.965169,-40.74657059,3375.149423,3512.655827,-2100
48.24,-126.42,6.2521348,100,189.2110485,203.965169,-40.74657059,3375.149423,3512.655827,-2097
48.24,-126.42,6.2521348,95,189.2110485,203.965169,-40.74657059,3375.149423,3512.655827,-2097
48.24,-126.43,6.2521348,97,189.2110485,203.965169,-40.74657059,3375.149423,3512.655827,-2096
48.23,-126.44,6.2521348,99,189.2110485,203.965169,-40.74657059,3375.149423,3512.655827,-2086
48.23,-126.44,6.2521348,103,189.2110485,203.965169,-40.74657059,3375.149423,3512.655827,-2086
48.23,-126.45,6.2521348,109,189.2110485,203.965169,-40.74657059,3375.149423,3512.655827,-2063
48.23,-126.45,6.2521348,127,189.2110485,203.965169,-40.74657059,3375.149423,3512.655827,-2063
48.22,-126.46,5.9770608,101,193.5159749,208.6057808,-40.74657059,3355.680985,3492.353027,-2029
48.22,-126.47,5.9770608,91,193.5159749,208.6057808,-40.74657059,3355.680985,3492.353027,-1986
48.22,-126.47,5.9770608,94,193.5159749,208.6057808,-40.74657059,3355.680985,3492.353027,-1986
48.21,-126.48,5.9770608,100,193.5159749,208.6057808,-40.74657059,3355.680985,3492.353027,-1901
48.21,-126.48,5.9770608,93,193.5159749,208.6057808,-40.74657059,3355.680985,3492.353027,-1901
48.21,-126.49,5.9770608,89,193.5159749,208.6057808,-40.74657059,3355.680985,3492.353027,-1939
48.21,-126.5,5.9770608,66,193.5159749,208.6057808,-40.74657059,3355.680985,3492.353027,-2218
48.2,-126.5,5.9770608,129,193.5159749,208.6057808,-40.74657059,3355.680985,3492.353027,-2237
48.2,-126.51,5.9770608,46,193.5159749,208.6057808,-40.74657059,3355.680985,3492.353027,-2323
48.2,-126.51,5.9770608,69,193.5159749,208.6057808,-40.74657059,3355.680985,3492.353027,-2323
48.2,-126.52,5.9770608,67,193.5159749,208.6057808,-40.74657059,3355.680985,3492.353027,-2351
48.19,-126.53,5.9770608,94,193.5159749,208.6057808,-45.47949982,3355.680985,3492.353027,-2350
48.19,-126.53,5.9770608,115,193.5159749,208.6057808,-45.47949982,3355.680985,3492.353027,-2350
48.19,-126.54,5.9770608,121,193.5159749,208.6057808,-45.47949982,3355.680985,3492.353027,-2366
48.18,-126.54,5.9770608,97,193.5159749,208.6057808,-45.47949982,3355.680985,3492.353027,-2385
48.18,-126.55,5.7203693,120,197.8101742,213.2348291,-45.47949982,3337.105274,3472.981214,-2416
48.18,-126.56,5.7203693,110,197.8101742,213.2348291,-45.47949982,3337.105274,3472.981214,-2434
48.18,-126.56,5.7203693,114,197.8101742,213.2348291,-45.47949982,3337.105274,3472.981214,-2434
48.17,-126.57,5.7203693,112,197.8101742,213.2348291,-45.47949982,3337.105274,3472.981214,-2449
48.17,-126.57,5.7203693,111,197.8101742,213.2348291,-45.47949982,3337.105274,3472.981214,-2449
48.17,-126.58,5.7203693,114,197.8101742,213.2348291,-45.47949982,3337.105274,3472.981214,-2465
48.17,-126.59,5.7203693,130,197.8101742,213.2348291,-45.47949982,3337.105274,3472.981214,-2477
48.42,-126.97,4.6329985,147,219.8009571,236.9403885,-46.6350174,3253.354044,3385.640646,-2581
48.43,-126.98,4.6329985,147,219.8009571,236.9403885,-47.87159729,3253.354044,3385.640646,-2582
48.43,-126.98,4.6329985,142,219.8009571,236.9403885,-47.87159729,3253.354044,3385.640646,-2582
48.44,-126.99,4.6329985,145,219.8009571,236.9403885,-47.87159729,3253.354044,3385.640646,-2581
48.44,-127,4.6329985,145,219.8009571,236.9403885,-51.45562744,3253.354044,3385.640646,-2580
48.45,-127,4.6428313,139,219.5680815,236.689354,-51.45562744,3254.153058,3386.473903,-2576
48.45,-127.01,4.6428313,117,219.5680815,236.689354,-51.45562744,3254.153058,3386.473903,-2575
48.36,-126.22,6.6210885,89,183.8636861,198.2008349,-8.39423275,3400.601655,3539.198869,-964
48.56,-127.08,4.5077429,109,222.8338121,240.2097366,-50.09257126,3243.100602,3374.947771,-2550
48.56,-127.08,4.5077429,108,222.8338121,240.2097366,-50.09257126,3243.100602,3374.947771,-2550
48.55,-127.09,4.3637662,112,226.4800342,244.1402804,-50.09257126,3231.137032,3362.471476,-2561
48.55,-127.1,4.3637662,118,226.4800342,244.1402804,-50.09257126,3231.137032,3362.471476,-2562
48.68,-126.84,5.752306,89,197.2602906,212.6420673,-33.3253479,3339.438792,3475.41474,-1338
48.67,-126.85,5.752306,96,197.2602906,212.6420673,-33.3253479,3339.438792,3475.41474,-1275
48.67,-126.86,5.5437579,88,200.9363601,216.6047859,-33.3253479,3324.081515,3459.399294,-1270
48.67,-126.86,5.5437579,92,200.9363601,216.6047859,-33.3253479,3324.081515,3459.399294,-1270
48.66,-126.87,5.5437579,97,200.9363601,216.6047859,-33.3253479,3324.081515,3459.399294,-1331
48.66,-126.88,5.5437579,96,200.9363601,216.6047859,-27.44796753,3324.081515,3459.399294,-1341
48.65,-126.89,5.0980859,107,209.5352452,225.8741866,-40.77328873,3290.262945,3424.131357,-1333
48.65,-126.91,5.0980859,96,209.5352452,225.8741866,-40.77328873,3290.262945,3424.131357,-1298
48.64,-126.91,5.0980859,103,209.5352452,225.8741866,-40.77328873,3290.262945,3424.131357,-1303
48.64,-126.92,5.0980859,93,209.5352452,225.8741866,-40.77328873,3290.262945,3424.131357,-1343
48.63,-126.93,5.0980859,84,209.5352452,225.8741866,-40.77328873,3290.262945,3424.131357,-1581
48.63,-126.95,4.8090472,109,215.7402309,232.5630189,-40.77328873,3267.533896,3400.428206,-1992
48.62,-126.95,4.8090472,102,215.7402309,232.5630189,-40.77328873,3267.533896,3400.428206,-2085
48.62,-126.96,4.8090472,110,215.7402309,232.5630189,-40.77328873,3267.533896,3400.428206,-2139
48.61,-126.97,4.8090472,109,215.7402309,232.5630189,-40.77328873,3267.533896,3400.428206,-2217
48.61,-126.98,4.8090472,110,215.7402309,232.5630189,-40.77328873,3267.533896,3400.428206,-2220
48.76,-126.67,6.336699,82,187.9442831,202.5996249,-26.99560928,3381.048028,3518.807229,-1042
48.75,-126.69,5.9347811,81,194.2040607,209.3475215,-26.99560928,3352.649216,3489.191325,-1193
48.74,-126.71,5.9347811,75,194.2040607,209.3475215,-26.99560928,3352.649216,3489.191325,-1225
48.73,-126.73,5.9347811,67,194.2040607,209.3475215,-26.99560928,3352.649216,3489.191325,-1288
48.72,-126.74,5.9347811,82,194.2040607,209.3475215,-26.99560928,3352.649216,3489.191325,-1328
48.72,-126.76,5.752306,72,197.2602906,212.6420673,-33.3253479,3339.438792,3475.41474,-1334
48.71,-126.78,5.752306,92,197.2602906,212.6420673,-33.3253479,3339.438792,3475.41474,-1285
48.26,-126.37,6.2660885,95,189.0002579,203.7379415,-23.99115753,3376.125471,3513.673706,-2067
48.26,-126.38,6.2660885,92,189.0002579,203.7379415,-23.99115753,3376.125471,3513.673706,-2074
48.26,-126.38,6.2660885,95,189.0002579,203.7379415,-23.99115753,3376.125471,3513.673706,-2074
48.25,-126.39,6.2521348,103,189.2110485,203.965169,-23.99115753,3375.149423,3512.655827,-2097
48.25,-126.39,6.2521348,94,189.2110485,203.965169,-23.99115753,3375.149423,3512.655827,-2097
48.25,-126.4,6.2521348,105,189.2110485,203.965169,-23.99115753,3375.149423,3512.655827,-2095
48.25,-126.41,6.2521348,106,189.2110485,203.965169,-40.74657059,3375.149423,3512.655827,-2094
48.24,-126.41,6.2521348,100,189.2110485,203.965169,-40.74657059,3375.149423,3512.655827,-2100
48.24,-126.42,6.2521348,95,189.2110485,203.965169,-40.74657059,3375.149423,3512.655827,-2097
48.24,-126.43,6.2521348,97,189.2110485,203.965169,-40.74657059,3375.149423,3512.655827,-2096
48.24,-126.43,6.2521348,99,189.2110485,203.965169,-40.74657059,3375.149423,3512.655827,-2096
48.23,-126.44,6.2521348,103,189.2110485,203.965169,-40.74657059,3375.149423,3512.655827,-2086
48.23,-126.44,6.2521348,109,189.2110485,203.965169,-40.74657059,3375.149423,3512.655827,-2086
48.23,-126.45,6.2521348,127,189.2110485,203.965169,-40.74657059,3375.149423,3512.655827,-2063
48.22,-126.46,5.9770608,101,193.5159749,208.6057808,-40.74657059,3355.680985,3492.353027,-2029
48.22,-126.46,5.9770608,91,193.5159749,208.6057808,-40.74657059,3355.680985,3492.353027,-2029
48.22,-126.47,5.9770608,94,193.5159749,208.6057808,-40.74657059,3355.680985,3492.353027,-1986
48.22,-126.48,5.9770608,100,193.5159749,208.6057808,-40.74657059,3355.680985,3492.353027,-1927
48.21,-126.48,5.9770608,93,193.5159749,208.6057808,-40.74657059,3355.680985,3492.353027,-1901
48.21,-126.49,5.9770608,89,193.5159749,208.6057808,-40.74657059,3355.680985,3492.353027,-1939
48.21,-126.49,5.9770608,66,193.5159749,208.6057808,-40.74657059,3355.680985,3492.353027,-1939
48.2,-126.5,5.9770608,129,193.5159749,208.6057808,-40.74657059,3355.680985,3492.353027,-2237
48.2,-126.51,5.9770608,46,193.5159749,208.6057808,-40.74657059,3355.680985,3492.353027,-2323
48.2,-126.51,5.9770608,69,193.5159749,208.6057808,-40.74657059,3355.680985,3492.353027,-2323
48.2,-126.52,5.9770608,67,193.5159749,208.6057808,-40.74657059,3355.680985,3492.353027,-2351
48.19,-126.52,5.9770608,94,193.5159749,208.6057808,-35.12231064,3355.680985,3492.353027,-2346
48.19,-126.53,5.9770608,115,193.5159749,208.6057808,-45.47949982,3355.680985,3492.353027,-2350
48.19,-126.54,5.9770608,121,193.5159749,208.6057808,-45.47949982,3355.680985,3492.353027,-2366
48.18,-126.54,5.9770608,97,193.5159749,208.6057808,-45.47949982,3355.680985,3492.353027,-2385
48.18,-126.55,5.7203693,120,197.8101742,213.2348291,-45.47949982,3337.105274,3472.981214,-2416
48.18,-126.56,5.7203693,110,197.8101742,213.2348291,-45.47949982,3337.105274,3472.981214,-2434
48.18,-126.56,5.7203693,114,197.8101742,213.2348291,-45.47949982,3337.105274,3472.981214,-2434
48.17,-126.57,5.7203693,112,197.8101742,213.2348291,-45.47949982,3337.105274,3472.981214,-2449
48.17,-126.57,5.7203693,111,197.8101742,213.2348291,-45.47949982,3337.105274,3472.981214,-2449
48.17,-126.58,5.7203693,114,197.8101742,213.2348291,-45.47949982,3337.105274,3472.981214,-2465
48.17,-126.59,5.7203693,130,197.8101742,213.2348291,-45.47949982,3337.105274,3472.981214,-2477
48.41,-126.97,4.6329985,147,219.8009571,236.9403885,-46.6350174,3253.354044,3385.640646,-2582
48.42,-126.98,4.6329985,142,219.8009571,236.9403885,-46.6350174,3253.354044,3385.640646,-2583
48.43,-126.99,4.6329985,145,219.8009571,236.9403885,-47.87159729,3253.354044,3385.640646,-2582
48.44,-127,4.6329985,139,219.8009571,236.9403885,-51.45562744,3253.354044,3385.640646,-2580
48.45,-127.01,4.6428313,117,219.5680815,236.689354,-51.45562744,3254.153058,3386.473903,-2575
48.36,-126.22,6.6210885,89,183.8636861,198.2008349,-8.39423275,3400.601655,3539.198869,-964
48.36,-126.23,6.6210885,87,183.8636861,198.2008349,-8.39423275,3400.601655,3539.198869,-1010
48.36,-126.23,6.6210885,92,183.8636861,198.2008349,-8.39423275,3400.601655,3539.198869,-1010
48.35,-126.24,6.6210885,82,183.8636861,198.2008349,-8.39423275,3400.601655,3539.198869,-1034
48.35,-126.24,6.6210885,83,183.8636861,198.2008349,-8.39423275,3400.601655,3539.198869,-1034
48.35,-126.25,6.40137,81,186.9925025,201.5736273,-8.39423275,3385.532509,3523.483903,-1059
48.34,-126.26,6.5365396,90,185.0489864,199.4785615,-8.39423275,3394.833002,3533.182988,-1042
48.33,-126.27,6.5365396,103,185.0489864,199.4785615,-8.39423275,3394.833002,3533.182988,-1191
48.33,-126.28,6.5365396,66,185.0489864,199.4785615,-8.39423275,3394.833002,3533.182988,-1207
48.32,-126.29,6.5365396,76,185.0489864,199.4785615,-8.39423275,3394.833002,3533.182988,-1298
48.32,-126.3,6.5365396,91,185.0489864,199.4785615,-18.40250206,3394.833002,3533.182988,-1318
48.31,-126.31,6.5365396,79,185.0489864,199.4785615,-18.40250206,3394.833002,3533.182988,-1368
48.29,-126.51,5.9780002,95,193.5007695,208.5893897,-40.74657059,3355.748225,3492.423149,-2023
48.28,-126.52,5.9780002,93,193.5007695,208.5893897,-40.74657059,3355.748225,3492.423149,-2065
48.28,-126.52,5.9780002,89,193.5007695,208.5893897,-40.74657059,3355.748225,3492.423149,-2065
48.27,-126.53,5.9780002,124,193.5007695,208.5893897,-44.26250076,3355.748225,3492.423149,-2148
48.27,-126.54,5.9780002,119,193.5007695,208.5893897,-44.26250076,3355.748225,3492.423149,-2131
48.27,-126.55,5.7164354,118,197.8782263,213.3081878,-44.26250076,3336.817385,3472.680988,-2110
48.26,-126.56,5.7164354,103,197.8782263,213.3081878,-44.26250076,3336.817385,3472.680988,-2053
48.26,-126.57,5.7164354,91,197.8782263,213.3081878,-44.26250076,3336.817385,3472.680988,-2075
48.16,-126.61,5.7203693,106,197.8101742,213.2348291,-45.47949982,3337.105274,3472.981214,-2503
48.15,-126.62,5.9089842,112,194.6275181,209.8039989,-45.47949982,3350.794079,3487.256682,-2511
48.15,-126.63,5.9089842,115,194.6275181,209.8039989,-45.47949982,3350.794079,3487.256682,-2512
48.14,-126.64,5.9089842,116,194.6275181,209.8039989,-45.47949982,3350.794079,3487.256682,-2520
48.14,-126.65,5.7152658,114,197.8984727,213.3300129,-42.68918228,3336.731773,3472.591706,-2525
48.13,-126.66,5.7152658,122,197.8984727,213.3300129,-42.68918228,3336.731773,3472.591706,-2525
48.12,-126.67,5.7152658,127,197.8984727,213.3300129,-42.68918228,3336.731773,3472.591706,-2523
48.12,-126.68,5.7152658,120,197.8984727,213.3300129,-42.68918228,3336.731773,3472.591706,-2525
48.11,-126.69,5.7152658,118,197.8984727,213.3300129,-42.68918228,3336.731773,3472.591706,-2524
48.11,-126.7,5.7152658,124,197.8984727,213.3300129,-42.68918228,3336.731773,3472.591706,-2527
48.1,-126.72,5.7152658,123,197.8984727,213.3300129,-42.68918228,3336.731773,3472.591706,-2519
48.1,-126.73,5.7152658,141,197.8984727,213.3300129,-42.68918228,3336.731773,3472.591706,-2518
48.09,-126.74,5.7152658,142,197.8984727,213.3300129,-42.68918228,3336.731773,3472.591706,-2494
48.09,-126.75,5.4567189,136,202.5325674,218.3254606,-42.68918228,3317.586733,3452.626164,-2517
48.07,-126.77,5.4567189,78,202.5325674,218.3254606,-23.55309105,3317.586733,3452.626164,-2480
48.07,-126.78,5.4567189,135,202.5325674,218.3254606,-23.55309105,3317.586733,3452.626164,-2482
47.93,-128.85,0.66285837,166,581.0992123,626.4116178,-10.49689579,2784.956401,2897.168818,-2437
47.92,-128.84,0.66285837,149,581.0992123,626.4116178,-10.49689579,2784.956401,2897.168818,-2584
47.92,-128.84,0.66285837,94,581.0992123,626.4116178,-10.49689579,2784.956401,2897.168818,-2584
47.92,-128.83,0.66285837,113,581.0992123,626.4116178,-10.49689579,2784.956401,2897.168818,-2586
47.92,-128.82,0.66285837,111,581.0992123,626.4116178,-10.49689579,2784.956401,2897.168818,-2588
47.92,-128.82,0.66285837,115,581.0992123,626.4116178,-10.49689579,2784.956401,2897.168818,-2588
47.92,-128.81,0.66285837,98,581.0992123,626.4116178,-10.49689579,2784.956401,2897.168818,-2590
47.91,-128.81,0.66285837,88,581.0992123,626.4116178,-10.49689579,2784.956401,2897.168818,-2590
47.91,-128.8,0.66285837,96,581.0992123,626.4116178,-10.49689579,2784.956401,2897.168818,-2594
47.91,-128.8,0.66285837,115,581.0992123,626.4116178,-10.49689579,2784.956401,2897.168818,-2594
47.91,-128.79,0.66285837,131,581.0992123,626.4116178,-10.49689579,2784.956401,2897.168818,-2603
47.9,-128.78,0.66285837,166,581.0992123,626.4116178,-10.49689579,2784.956401,2897.168818,-2608
47.88,-128.73,0.91232389,247,495.3203091,533.9439284,-8.577288628,2834.304766,2948.632113,-2631
47.88,-128.72,0.91232389,228,495.3203091,533.9439284,-8.577288628,2834.304766,2948.632113,-2639
47.88,-128.71,0.91232389,249,495.3203091,533.9439284,-8.577288628,2834.304766,2948.632113,-2641
47.87,-128.71,0.91232389,260,495.3203091,533.9439284,-8.577288628,2834.304766,2948.632113,-2644
47.87,-128.7,0.91232389,290,495.3203091,533.9439284,-8.577288628,2834.304766,2948.632113,-2648
47.87,-128.7,0.91232389,282,495.3203091,533.9439284,-8.577288628,2834.304766,2948.632113,-2648
47.87,-128.69,0.91232389,357,495.3203091,533.9439284,-8.577288628,2834.304766,2948.632113,-2646
47.86,-128.68,0.91232389,273,495.3203091,533.9439284,-8.577288628,2834.304766,2948.632113,-2648
47.86,-128.67,0.91232389,290,495.3203091,533.9439284,-8.577288628,2834.304766,2948.632113,-2632
47.86,-128.67,0.91232389,273,495.3203091,533.9439284,-8.577288628,2834.304766,2948.632113,-2632
47.86,-128.66,0.91232389,333,495.3203091,533.9439284,-8.577288628,2834.304766,2948.632113,-2626
47.86,-128.66,0.91232389,456,495.3203091,533.9439284,-8.577288628,2834.304766,2948.632113,-2626
47.85,-128.64,1.1679138,334,437.7793418,471.9160858,-8.577288628,2878.245212,2994.455721,-2612
47.85,-128.64,1.1679138,245,437.7793418,471.9160858,-8.577288628,2878.245212,2994.455721,-2612
47.85,-128.63,1.1679138,275,437.7793418,471.9160858,-8.577288628,2878.245212,2994.455721,-2610
47.96,-128.81,0.50150979,358,668.068433,720.1624423,-5.608677864,2747.860746,2858.483349,-2588
47.96,-128.81,0.50150979,478,668.068433,720.1624423,-5.608677864,2747.860746,2858.483349,-2588
47.95,-128.81,0.50150979,390,668.068433,720.1624423,-10.49689579,2747.860746,2858.483349,-2587
47.95,-128.81,0.50150979,386,668.068433,720.1624423,-10.49689579,2747.860746,2858.483349,-2587
47.94,-128.81,0.66285837,364,581.0992123,626.4116178,-10.49689579,2784.956401,2897.168818,-2589
47.93,-128.83,0.66285837,304,581.0992123,626.4116178,-10.49689579,2784.956401,2897.168818,-2585
47.93,-128.82,0.66285837,112,581.0992123,626.4116178,-10.49689579,2784.956401,2897.168818,-2587
47.93,-128.82,0.66285837,153,581.0992123,626.4116178,-10.49689579,2784.956401,2897.168818,-2587
47.92,-128.82,0.66285837,73,581.0992123,626.4116178,-10.49689579,2784.956401,2897.168818,-2588
47.92,-128.83,0.66285837,175,581.0992123,626.4116178,-10.49689579,2784.956401,2897.168818,-2586
47.91,-128.82,0.66285837,113,581.0992123,626.4116178,-10.49689579,2784.956401,2897.168818,-2587
47.9,-128.83,0.66285837,110,581.0992123,626.4116178,-10.49689579,2784.956401,2897.168818,-2587
47.9,-128.83,0.66285837,180,581.0992123,626.4116178,-10.49689579,2784.956401,2897.168818,-2587
47.89,-128.83,0.66285837,139,581.0992123,626.4116178,-10.49689579,2784.956401,2897.168818,-2588
47.89,-128.83,0.66285837,123,581.0992123,626.4116178,-10.49689579,2784.956401,2897.168818,-2588
47.88,-128.83,0.66285837,114,581.0992123,626.4116178,-10.49689579,2784.956401,2897.168818,-2592
47.87,-128.83,0.66285837,119,581.0992123,626.4116178,-10.49689579,2784.956401,2897.168818,-2562
47.87,-128.84,0.66285837,125,581.0992123,626.4116178,-10.49689579,2784.956401,2897.168818,-2566
47.86,-128.84,0.66285837,265,581.0992123,626.4116178,-10.49689579,2784.956401,2897.168818,-2552
47.99,-128.79,0.50150979,208,668.068433,720.1624423,-5.608677864,2747.860746,2858.483349,-2592
47.99,-128.8,0.50150979,170,668.068433,720.1624423,-5.608677864,2747.860746,2858.483349,-2580
47.98,-128.8,0.50150979,172,668.068433,720.1624423,-5.608677864,2747.860746,2858.483349,-2590
47.98,-128.8,0.50150979,148,668.068433,720.1624423,-5.608677864,2747.860746,2858.483349,-2590
47.97,-128.81,0.50150979,177,668.068433,720.1624423,-5.608677864,2747.860746,2858.483349,-2586
47.97,-128.81,0.50150979,161,668.068433,720.1624423,-5.608677864,2747.860746,2858.483349,-2586
47.97,-128.83,0.50150979,131,668.068433,720.1624423,-5.608677864,2747.860746,2858.483349,-2421
47.96,-128.82,0.50150979,139,668.068433,720.1624423,-5.608677864,2747.860746,2858.483349,-2543
47.94,-128.76,0.66285837,91,581.0992123,626.4116178,-10.49689579,2784.956401,2897.168818,-2606
47.94,-128.77,0.66285837,106,581.0992123,626.4116178,-10.49689579,2784.956401,2897.168818,-2607
47.95,-128.78,0.50150979,111,668.068433,720.1624423,-10.49689579,2747.860746,2858.483349,-2606
47.95,-128.79,0.50150979,85,668.068433,720.1624423,-10.49689579,2747.860746,2858.483349,-2599
47.95,-128.8,0.50150979,85,668.068433,720.1624423,-10.49689579,2747.860746,2858.483349,-2592
47.95,-128.81,0.50150979,157,668.068433,720.1624423,-10.49689579,2747.860746,2858.483349,-2587
47.96,-128.83,0.50150979,92,668.068433,720.1624423,-5.608677864,2747.860746,2858.483349,-2408
47.82,-128.67,1.1115648,571,448.7384322,483.7297338,-12.46199608,2869.007707,2984.822323,-2682
47.83,-128.67,1.1115648,542,448.7384322,483.7297338,-12.46199608,2869.007707,2984.822323,-2673
47.84,-128.68,1.1115648,409,448.7384322,483.7297338,-12.46199608,2869.007707,2984.822323,-2662
47.84,-128.68,1.1115648,427,448.7384322,483.7297338,-12.46199608,2869.007707,2984.822323,-2662
47.85,-128.68,0.91232389,312,495.3203091,533.9439284,-8.577288628,2834.304766,2948.632113,-2655
47.86,-128.68,0.91232389,298,495.3203091,533.9439284,-8.577288628,2834.304766,2948.632113,-2648
47.87,-128.69,0.91232389,360,495.3203091,533.9439284,-8.577288628,2834.304766,2948.632113,-2646
47.87,-128.69,0.91232389,274,495.3203091,533.9439284,-8.577288628,2834.304766,2948.632113,-2646
47.88,-128.69,0.91232389,251,495.3203091,533.9439284,-8.577288628,2834.304766,2948.632113,-2634
47.88,-128.7,0.91232389,291,495.3203091,533.9439284,-8.577288628,2834.304766,2948.632113,-2637
47.88,-128.7,0.91232389,304,495.3203091,533.9439284,-8.577288628,2834.304766,2948.632113,-2637
47.89,-128.7,0.91232389,266,495.3203091,533.9439284,-8.577288628,2834.304766,2948.632113,-2628
47.86,-128.64,1.1679138,271,437.7793418,471.9160858,-8.577288628,2878.245212,2994.455721,-2618
47.87,-128.64,1.1679138,274,437.7793418,471.9160858,-8.577288628,2878.245212,2994.455721,-2614
47.87,-128.64,1.1679138,358,437.7793418,471.9160858,-8.577288628,2878.245212,2994.455721,-2614
47.88,-128.65,0.91232389,245,495.3203091,533.9439284,-8.577288628,2834.304766,2948.632113,-2616
47.88,-128.65,0.91232389,309,495.3203091,533.9439284,-8.577288628,2834.304766,2948.632113,-2616
47.89,-128.65,0.91232389,298,495.3203091,533.9439284,-8.577288628,2834.304766,2948.632113,-2617
47.89,-128.66,0.91232389,207,495.3203091,533.9439284,-8.577288628,2834.304766,2948.632113,-2619
47.89,-128.66,0.91232389,384,495.3203091,533.9439284,-8.577288628,2834.304766,2948.632113,-2619
47.89,-128.66,0.91232389,364,495.3203091,533.9439284,-8.577288628,2834.304766,2948.632113,-2619
47.9,-128.66,0.91232389,398,495.3203091,533.9439284,-8.577288628,2834.304766,2948.632113,-2614
47.9,-128.67,0.91232389,387,495.3203091,533.9439284,-8.577288628,2834.304766,2948.632113,-2619
47.75,-127.22,4.6330013,146,219.8008907,236.9403169,-5.541047096,3253.354272,3385.640884,-2617
47.75,-127.23,4.6330013,140,219.8008907,236.9403169,-10.34975338,3253.354272,3385.640884,-2618
47.75,-127.24,4.6330013,146,219.8008907,236.9403169,-10.34975338,3253.354272,3385.640884,-2616
47.76,-127.25,4.2658925,142,229.0634015,246.925091,-10.34975338,3222.8913,3353.872355,-2618
47.76,-127.26,4.2658925,143,229.0634015,246.925091,-10.34975338,3222.8913,3353.872355,-2616
47.76,-127.27,4.2658925,147,229.0634015,246.925091,-10.34975338,3222.8913,3353.872355,-2613
47.77,-127.33,4.2658925,161,229.0634015,246.925091,-10.34975338,3222.8913,3353.872355,-2613
47.78,-127.35,4.2658925,154,229.0634015,246.925091,-4.742084503,3222.8913,3353.872355,-2620
47.78,-127.35,4.2658925,166,229.0634015,246.925091,-4.742084503,3222.8913,3353.872355,-2620
47.78,-127.36,4.1103892,158,233.3561151,251.5525379,-4.742084503,3209.593318,3340.00446,-2623
47.78,-127.37,4.1103892,181,233.3561151,251.5525379,-4.742084503,3209.593318,3340.00446,-2625
47.79,-127.39,4.1103892,155,233.3561151,251.5525379,-4.742084503,3209.593318,3340.00446,-2629
47.79,-127.4,4.1103892,145,233.3561151,251.5525379,-4.742084503,3209.593318,3340.00446,-2630
47.84,-127.72,3.3711357,1164,257.6751524,277.7679021,-0.975069642,3142.622847,3270.163826,-2660
47.84,-127.74,3.3711357,759,257.6751524,277.7679021,-0.975069642,3142.622847,3270.163826,-2629
47.84,-127.75,3.1612465,310,266.091792,286.8408464,-0.975069642,3122.296309,3248.966151,-2664
47.84,-127.77,3.1612465,253,266.091792,286.8408464,-0.975069642,3122.296309,3248.966151,-2659
47.84,-127.77,3.1612465,223,266.091792,286.8408464,-0.975069642,3122.296309,3248.966151,-2659
47.85,-127.78,2.9645884,194,274.7757845,296.2019911,-0.518282652,3102.629305,3228.456275,-2654
47.85,-127.79,2.9645884,213,274.7757845,296.2019911,-0.518282652,3102.629305,3228.456275,-2647
47.85,-127.8,2.9645884,209,274.7757845,296.2019911,-0.518282652,3102.629305,3228.456275,-2639
47.85,-127.81,2.9645884,237,274.7757845,296.2019911,3.526834726,3102.629305,3228.456275,-2634
47.85,-127.82,2.9645884,255,274.7757845,296.2019911,3.526834726,3102.629305,3228.456275,-2628
47.85,-127.82,2.9645884,277,274.7757845,296.2019911,3.526834726,3102.629305,3228.456275,-2628
47.85,-127.83,2.9645884,258,274.7757845,296.2019911,3.526834726,3102.629305,3228.456275,-2619
47.86,-127.84,2.9645884,269,274.7757845,296.2019911,3.526834726,3102.629305,3228.456275,-2618
47.86,-127.87,2.6994836,213,287.9521412,310.4058013,3.526834726,3075.053685,3199.698843,-2614
47.86,-127.91,2.6994836,221,287.9521412,310.4058013,3.526834726,3075.053685,3199.698843,-2615
47.85,-127.63,3.4528952,1741,254.6061914,274.4596325,3.032176971,3150.368866,3278.241818,-2587
47.85,-127.64,3.4528952,366,254.6061914,274.4596325,3.032176971,3150.368866,3278.241818,-2645
47.85,-127.65,3.1907601,460,264.8582972,285.5111674,3.032176971,3125.19446,3251.988508,-2648
47.86,-127.67,3.1907601,215,264.8582972,285.5111674,3.032176971,3125.19446,3251.988508,-2655
47.86,-127.67,3.1907601,200,264.8582972,285.5111674,3.032176971,3125.19446,3251.988508,-2655
47.86,-127.68,3.1907601,171,264.8582972,285.5111674,3.032176971,3125.19446,3251.988508,-2658
47.86,-127.7,3.1907601,202,264.8582972,285.5111674,-0.518282652,3125.19446,3251.988508,-2660
47.86,-127.7,3.1907601,244,264.8582972,285.5111674,-0.518282652,3125.19446,3251.988508,-2660
47.86,-127.71,3.1907601,326,264.8582972,285.5111674,-0.518282652,3125.19446,3251.988508,-2663
47.86,-127.71,3.1907601,440,264.8582972,285.5111674,-0.518282652,3125.19446,3251.988508,-2663
47.87,-127.72,3.1907601,1004,264.8582972,285.5111674,-0.518282652,3125.19446,3251.988508,-2668
47.87,-127.72,3.1907601,1169,264.8582972,285.5111674,-0.518282652,3125.19446,3251.988508,-2668
47.87,-127.72,3.1907601,353,264.8582972,285.5111674,-0.518282652,3125.19446,3251.988508,-2668
47.87,-127.73,3.1907601,253,264.8582972,285.5111674,-0.518282652,3125.19446,3251.988508,-2668
47.87,-127.74,3.1907601,300,264.8582972,285.5111674,-0.518282652,3125.19446,3251.988508,-2668
47.87,-127.74,3.1907601,297,264.8582972,285.5111674,-0.518282652,3125.19446,3251.988508,-2668
47.87,-127.62,3.4528952,720,254.6061914,274.4596325,3.032176971,3150.368866,3278.241818,-2605
47.9,-127.64,3.4528952,262,254.6061914,274.4596325,3.032176971,3150.368866,3278.241818,-2649
47.91,-127.64,3.4528952,225,254.6061914,274.4596325,3.032176971,3150.368866,3278.241818,-2651
47.92,-127.65,3.1907601,197,264.8582972,285.5111674,3.032176971,3125.19446,3251.988508,-2654
47.92,-127.65,3.1907601,170,264.8582972,285.5111674,3.032176971,3125.19446,3251.988508,-2654
47.93,-127.65,3.1907601,157,264.8582972,285.5111674,3.032176971,3125.19446,3251.988508,-2656
47.94,-127.66,3.1907601,153,264.8582972,285.5111674,3.032176971,3125.19446,3251.988508,-2653
47.86,-127.68,3.1907601,154,264.8582972,285.5111674,3.032176971,3125.19446,3251.988508,-2658
47.86,-127.68,3.1907601,177,264.8582972,285.5111674,3.032176971,3125.19446,3251.988508,-2658
47.87,-127.69,3.1907601,196,264.8582972,285.5111674,3.032176971,3125.19446,3251.988508,-2661
47.87,-127.69,3.1907601,244,264.8582972,285.5111674,3.032176971,3125.19446,3251.988508,-2661
47.88,-127.69,3.1907601,246,264.8582972,285.5111674,3.032176971,3125.19446,3251.988508,-2658
47.89,-127.7,3.1907601,223,264.8582972,285.5111674,-0.518282652,3125.19446,3251.988508,-2663
47.89,-127.7,3.1907601,283,264.8582972,285.5111674,-0.518282652,3125.19446,3251.988508,-2663
47.89,-127.7,3.1907601,338,264.8582972,285.5111674,-0.518282652,3125.19446,3251.988508,-2663
47.9,-127.71,3.1907601,512,264.8582972,285.5111674,-0.518282652,3125.19446,3251.988508,-2656
47.9,-127.71,3.1907601,988,264.8582972,285.5111674,-0.518282652,3125.19446,3251.988508,-2656
47.91,-127.71,3.1907601,429,264.8582972,285.5111674,-0.518282652,3125.19446,3251.988508,-2664
47.92,-127.71,3.1907601,277,264.8582972,285.5111674,-0.518282652,3125.19446,3251.988508,-2661
47.92,-127.72,3.1907601,340,264.8582972,285.5111674,-0.518282652,3125.19446,3251.988508,-2660
47.93,-127.72,3.1907601,273,264.8582972,285.5111674,-0.518282652,3125.19446,3251.988508,-2652
47.94,-127.73,3.1907601,277,264.8582972,285.5111674,-0.518282652,3125.19446,3251.988508,-2640
47.94,-127.73,3.1907601,279,264.8582972,285.5111674,-0.518282652,3125.19446,3251.988508,-2640
47.95,-127.73,3.0129824,195,272.5601513,293.8135893,-0.518282652,3107.52806,3233.564977,-2634
47.96,-127.74,3.0129824,178,272.5601513,293.8135893,-0.881052673,3107.52806,3233.564977,-2627
47.96,-127.74,3.0129824,180,272.5601513,293.8135893,-0.881052673,3107.52806,3233.564977,-2627
47.76,-127.63,3.5786738,159,250.0918862,269.5933151,-0.419886947,3162.108405,3290.48448,-2649
47.83,-127.66,3.3711357,222,257.6751524,277.7679021,-0.419886947,3142.622847,3270.163826,-2652
47.84,-127.67,3.3711357,196,257.6751524,277.7679021,-0.419886947,3142.622847,3270.163826,-2654
47.84,-127.67,3.3711357,210,257.6751524,277.7679021,-0.419886947,3142.622847,3270.163826,-2654
47.85,-127.67,3.1907601,260,264.8582972,285.5111674,3.032176971,3125.19446,3251.988508,-2653
47.85,-127.67,3.1907601,211,264.8582972,285.5111674,3.032176971,3125.19446,3251.988508,-2653
47.86,-127.68,3.1907601,199,264.8582972,285.5111674,3.032176971,3125.19446,3251.988508,-2658
47.82,-127.49,3.8465323,208,241.2270285,260.0372019,-0.675474346,3186.440243,3315.85911,-2632
47.82,-127.49,3.8465323,185,241.2270285,260.0372019,-0.675474346,3186.440243,3315.85911,-2632
47.82,-127.51,3.8465323,216,241.2270285,260.0372019,-0.675474346,3186.440243,3315.85911,-2634
47.82,-127.52,3.8465323,146,241.2270285,260.0372019,-0.675474346,3186.440243,3315.85911,-2636
47.83,-127.53,3.8465323,132,241.2270285,260.0372019,-0.675474346,3186.440243,3315.85911,-2641
47.83,-127.54,3.8465323,132,241.2270285,260.0372019,-0.675474346,3186.440243,3315.85911,-2642
47.83,-127.55,3.5786738,160,250.0918862,269.5933151,-0.675474346,3162.108405,3290.48448,-2643
47.83,-127.56,3.5786738,251,250.0918862,269.5933151,-0.675474346,3162.108405,3290.48448,-2643
47.84,-127.57,3.5786738,275,250.0918862,269.5933151,-0.675474346,3162.108405,3290.48448,-2642
47.84,-127.58,3.5786738,393,250.0918862,269.5933151,-0.419886947,3162.108405,3290.48448,-2643
47.84,-127.59,3.5786738,237,250.0918862,269.5933151,-0.419886947,3162.108405,3290.48448,-2643
47.84,-127.6,3.5786738,197,250.0918862,269.5933151,-0.419886947,3162.108405,3290.48448,-2645
47.84,-127.61,3.5786738,253,250.0918862,269.5933151,-0.419886947,3162.108405,3290.48448,-2645
47.89,-127.49,3.7126944,221,245.5364981,264.6827112,-1.241449118,3174.392367,3303.294896,-2630
47.91,-127.59,3.4528952,205,254.6061914,274.4596325,3.032176971,3150.368866,3278.241818,-2641
47.91,-127.59,3.4528952,224,254.6061914,274.4596325,3.032176971,3150.368866,3278.241818,-2641
47.72,-127.82,3.251128,184,262.3877919,282.8480193,-3.409561634,3131.080962,3258.127288,-2667
47.72,-127.82,3.251128,181,262.3877919,282.8480193,-3.409561634,3131.080962,3258.127288,-2667
47.72,-127.81,3.251128,172,262.3877919,282.8480193,-3.409561634,3131.080962,3258.127288,-2669
47.72,-127.8,3.251128,218,262.3877919,282.8480193,1.003651619,3131.080962,3258.127288,-2669
47.71,-127.79,3.251128,269,262.3877919,282.8480193,1.003651619,3131.080962,3258.127288,-2666
47.71,-127.79,3.251128,302,262.3877919,282.8480193,1.003651619,3131.080962,3258.127288,-2666
47.71,-127.79,3.251128,971,262.3877919,282.8480193,1.003651619,3131.080962,3258.127288,-2666
47.71,-127.78,3.251128,1234,262.3877919,282.8480193,1.003651619,3131.080962,3258.127288,-2671
47.71,-127.78,3.251128,465,262.3877919,282.8480193,1.003651619,3131.080962,3258.127288,-2671
47.71,-127.78,3.251128,434,262.3877919,282.8480193,1.003651619,3131.080962,3258.127288,-2671
47.71,-127.78,3.251128,311,262.3877919,282.8480193,1.003651619,3131.080962,3258.127288,-2671
47.71,-127.77,3.251128,227,262.3877919,282.8480193,1.003651619,3131.080962,3258.127288,-2671
47.71,-127.77,3.251128,210,262.3877919,282.8480193,1.003651619,3131.080962,3258.127288,-2671
47.71,-127.76,3.251128,197,262.3877919,282.8480193,1.003651619,3131.080962,3258.127288,-2670
47.76,-127.76,3.1612465,179,266.091792,286.8408464,-0.975069642,3122.296309,3248.966151,-2663
47.7,-127.75,3.251128,178,262.3877919,282.8480193,1.003651619,3131.080962,3258.127288,-2667
47.7,-127.75,3.251128,162,262.3877919,282.8480193,1.003651619,3131.080962,3258.127288,-2667
47.86,-127.7,3.1907601,217,264.8582972,285.5111674,-0.518282652,3125.19446,3251.988508,-2660
47.86,-127.7,3.1907601,214,264.8582972,285.5111674,-0.518282652,3125.19446,3251.988508,-2660
47.86,-127.7,3.1907601,245,264.8582972,285.5111674,-0.518282652,3125.19446,3251.988508,-2660
47.86,-127.71,3.1907601,309,264.8582972,285.5111674,-0.518282652,3125.19446,3251.988508,-2663
47.86,-127.71,3.1907601,392,264.8582972,285.5111674,-0.518282652,3125.19446,3251.988508,-2663
47.87,-127.72,3.1907601,564,264.8582972,285.5111674,-0.518282652,3125.19446,3251.988508,-2668
47.87,-127.72,3.1907601,1066,264.8582972,285.5111674,-0.518282652,3125.19446,3251.988508,-2668
47.87,-127.72,3.1907601,1003,264.8582972,285.5111674,-0.518282652,3125.19446,3251.988508,-2668
47.87,-127.73,3.1907601,335,264.8582972,285.5111674,-0.518282652,3125.19446,3251.988508,-2668
47.87,-127.73,3.1907601,214,264.8582972,285.5111674,-0.518282652,3125.19446,3251.988508,-2668
47.87,-127.74,3.1907601,217,264.8582972,285.5111674,-0.518282652,3125.19446,3251.988508,-2668
47.85,-127.73,3.1907601,266,264.8582972,285.5111674,-0.518282652,3125.19446,3251.988508,-2651
47.85,-127.73,3.1907601,295,264.8582972,285.5111674,-0.518282652,3125.19446,3251.988508,-2651
47.85,-127.72,3.1907601,452,264.8582972,285.5111674,-0.518282652,3125.19446,3251.988508,-2661
47.85,-127.72,3.1907601,684,264.8582972,285.5111674,-0.518282652,3125.19446,3251.988508,-2661
47.85,-127.72,3.1907601,485,264.8582972,285.5111674,-0.518282652,3125.19446,3251.988508,-2661
47.85,-127.72,3.1907601,435,264.8582972,285.5111674,-0.518282652,3125.19446,3251.988508,-2661
47.85,-127.72,3.1907601,367,264.8582972,285.5111674,-0.518282652,3125.19446,3251.988508,-2661
47.85,-127.71,3.1907601,255,264.8582972,285.5111674,-0.518282652,3125.19446,3251.988508,-2659
47.85,-127.7,3.1907601,208,264.8582972,285.5111674,-0.518282652,3125.19446,3251.988508,-2659
47.79,-127.85,3.1612465,220,266.091792,286.8408464,-0.58204329,3122.296309,3248.966151,-2628
47.92,-128.72,0.91232389,171,495.3203091,533.9439284,-8.577288628,2834.304766,2948.632113,-2614
47.92,-128.72,0.91232389,164,495.3203091,533.9439284,-8.577288628,2834.304766,2948.632113,-2614
47.92,-128.71,0.91232389,170,495.3203091,533.9439284,-8.577288628,2834.304766,2948.632113,-2613
47.92,-128.71,0.91232389,183,495.3203091,533.9439284,-8.577288628,2834.304766,2948.632113,-2613
47.92,-128.7,0.91232389,168,495.3203091,533.9439284,-8.577288628,2834.304766,2948.632113,-2610
47.92,-128.7,0.91232389,222,495.3203091,533.9439284,-8.577288628,2834.304766,2948.632113,-2610
47.92,-128.69,0.91232389,236,495.3203091,533.9439284,-8.577288628,2834.304766,2948.632113,-2604
47.92,-128.69,0.91232389,258,495.3203091,533.9439284,-8.577288628,2834.304766,2948.632113,-2604
47.92,-128.68,0.91232389,276,495.3203091,533.9439284,-8.577288628,2834.304766,2948.632113,-2604
47.91,-128.67,0.91232389,284,495.3203091,533.9439284,-8.577288628,2834.304766,2948.632113,-2609
47.91,-128.67,0.91232389,296,495.3203091,533.9439284,-8.577288628,2834.304766,2948.632113,-2609
47.91,-128.66,0.91232389,313,495.3203091,533.9439284,-8.577288628,2834.304766,2948.632113,-2608
47.91,-128.66,0.91232389,328,495.3203091,533.9439284,-8.577288628,2834.304766,2948.632113,-2608
47.91,-128.65,0.91232389,338,495.3203091,533.9439284,-8.577288628,2834.304766,2948.632113,-2605
47.91,-128.65,0.91232389,345,495.3203091,533.9439284,-8.577288628,2834.304766,2948.632113,-2605
47.91,-128.64,1.1679138,342,437.7793418,471.9160858,-8.577288628,2878.245212,2994.455721,-2600
47.9,-128.63,1.1679138,360,437.7793418,471.9160858,-8.577288628,2878.245212,2994.455721,-2602
47.9,-128.63,1.1679138,351,437.7793418,471.9160858,-8.577288628,2878.245212,2994.455721,-2602
47.9,-128.62,1.1679138,327,437.7793418,471.9160858,-5.80466938,2878.245212,2994.455721,-2597
47.9,-128.62,1.1679138,305,437.7793418,471.9160858,-5.80466938,2878.245212,2994.455721,-2597
47.9,-128.61,1.1679138,336,437.7793418,471.9160858,-5.80466938,2878.245212,2994.455721,-2596
47.9,-128.61,1.1679138,283,437.7793418,471.9160858,-5.80466938,2878.245212,2994.455721,-2596
47.9,-128.61,1.1679138,308,437.7793418,471.9160858,-5.80466938,2878.245212,2994.455721,-2596
47.9,-128.6,1.1679138,346,437.7793418,471.9160858,-5.80466938,2878.245212,2994.455721,-2596
47.9,-128.59,1.1679138,311,437.7793418,471.9160858,-5.80466938,2878.245212,2994.455721,-2603
47.9,-128.59,1.1679138,325,437.7793418,471.9160858,-5.80466938,2878.245212,2994.455721,-2603
47.9,-128.58,1.1679138,330,437.7793418,471.9160858,-5.80466938,2878.245212,2994.455721,-2610
47.89,-128.58,1.1679138,357,437.7793418,471.9160858,-5.80466938,2878.245212,2994.455721,-2616
47.89,-128.57,1.1679138,616,437.7793418,471.9160858,-5.80466938,2878.245212,2994.455721,-2608
47.89,-128.57,1.1679138,783,437.7793418,471.9160858,-5.80466938,2878.245212,2994.455721,-2608
47.89,-128.57,1.1679138,497,437.7793418,471.9160858,-5.80466938,2878.245212,2994.455721,-2608
47.89,-128.56,1.1679138,697,437.7793418,471.9160858,-5.80466938,2878.245212,2994.455721,-2618
47.89,-128.56,1.1679138,759,437.7793418,471.9160858,-5.80466938,2878.245212,2994.455721,-2618
47.89,-128.56,1.1679138,499,437.7793418,471.9160858,-5.80466938,2878.245212,2994.455721,-2618
47.89,-128.55,1.1679138,381,437.7793418,471.9160858,-5.80466938,2878.245212,2994.455721,-2629
47.89,-128.54,1.414219,358,397.8343928,428.8563473,-5.80466938,2916.22329,3034.061431,-2646
47.89,-128.54,1.414219,324,397.8343928,428.8563473,-5.80466938,2916.22329,3034.061431,-2646
47.89,-128.54,1.414219,228,397.8343928,428.8563473,-5.80466938,2916.22329,3034.061431,-2646
47.89,-128.53,1.414219,175,397.8343928,428.8563473,-5.80466938,2916.22329,3034.061431,-2656
47.89,-128.53,1.414219,217,397.8343928,428.8563473,-5.80466938,2916.22329,3034.061431,-2656
47.88,-128.52,1.414219,262,397.8343928,428.8563473,-5.80466938,2916.22329,3034.061431,-2663
47.92,-128.52,1.414219,177,397.8343928,428.8563473,-5.80466938,2916.22329,3034.061431,-2617
47.92,-128.52,1.414219,173,397.8343928,428.8563473,-5.80466938,2916.22329,3034.061431,-2617
47.92,-128.53,1.414219,179,397.8343928,428.8563473,-5.80466938,2916.22329,3034.061431,-2610
47.92,-128.53,1.414219,180,397.8343928,428.8563473,-5.80466938,2916.22329,3034.061431,-2610
47.92,-128.53,1.414219,202,397.8343928,428.8563473,-5.80466938,2916.22329,3034.061431,-2610
47.92,-128.54,1.414219,213,397.8343928,428.8563473,-5.80466938,2916.22329,3034.061431,-2602
47.92,-128.54,1.414219,233,397.8343928,428.8563473,-5.80466938,2916.22329,3034.061431,-2602
47.92,-128.54,1.414219,247,397.8343928,428.8563473,-5.80466938,2916.22329,3034.061431,-2602
47.92,-128.55,1.1679138,267,437.7793418,471.9160858,-5.80466938,2878.245212,2994.455721,-2590
47.92,-128.55,1.1679138,278,437.7793418,471.9160858,-5.80466938,2878.245212,2994.455721,-2590
47.92,-128.55,1.1679138,282,437.7793418,471.9160858,-5.80466938,2878.245212,2994.455721,-2590
47.92,-128.55,1.1679138,374,437.7793418,471.9160858,-5.80466938,2878.245212,2994.455721,-2590
47.92,-128.55,1.1679138,539,437.7793418,471.9160858,-5.80466938,2878.245212,2994.455721,-2590
47.93,-128.56,1.1679138,453,437.7793418,471.9160858,-5.80466938,2878.245212,2994.455721,-2591
47.93,-128.56,1.1679138,450,437.7793418,471.9160858,-5.80466938,2878.245212,2994.455721,-2591
47.93,-128.56,1.1679138,380,437.7793418,471.9160858,-5.80466938,2878.245212,2994.455721,-2591
47.93,-128.57,1.1679138,290,437.7793418,471.9160858,-5.80466938,2878.245212,2994.455721,-2586
47.93,-128.57,1.1679138,287,437.7793418,471.9160858,-5.80466938,2878.245212,2994.455721,-2586
47.93,-128.57,1.1679138,308,437.7793418,471.9160858,-5.80466938,2878.245212,2994.455721,-2586
47.93,-128.58,1.1679138,257,437.7793418,471.9160858,-5.80466938,2878.245212,2994.455721,-2583
47.93,-128.58,1.1679138,251,437.7793418,471.9160858,-5.80466938,2878.245212,2994.455721,-2583
47.93,-128.58,1.1679138,240,437.7793418,471.9160858,-5.80466938,2878.245212,2994.455721,-2583
47.93,-128.58,1.1679138,238,437.7793418,471.9160858,-5.80466938,2878.245212,2994.455721,-2583
47.93,-128.59,1.1679138,245,437.7793418,471.9160858,-5.80466938,2878.245212,2994.455721,-2582
47.93,-128.59,1.1679138,242,437.7793418,471.9160858,-5.80466938,2878.245212,2994.455721,-2582
47.93,-128.59,1.1679138,248,437.7793418,471.9160858,-5.80466938,2878.245212,2994.455721,-2582
47.93,-128.59,1.1679138,256,437.7793418,471.9160858,-5.80466938,2878.245212,2994.455721,-2582
47.93,-128.59,1.1679138,274,437.7793418,471.9160858,-5.80466938,2878.245212,2994.455721,-2582
47.93,-128.59,1.1679138,280,437.7793418,471.9160858,-5.80466938,2878.245212,2994.455721,-2582
47.93,-128.59,1.1679138,280,437.7793418,471.9160858,-5.80466938,2878.245212,2994.455721,-2582
47.93,-128.6,1.1679138,265,437.7793418,471.9160858,-5.80466938,2878.245212,2994.455721,-2582
47.93,-128.6,1.1679138,259,437.7793418,471.9160858,-5.80466938,2878.245212,2994.455721,-2582
47.93,-128.6,1.1679138,255,437.7793418,471.9160858,-5.80466938,2878.245212,2994.455721,-2582
47.93,-128.6,1.1679138,249,437.7793418,471.9160858,-5.80466938,2878.245212,2994.455721,-2582
47.93,-128.6,1.1679138,245,437.7793418,471.9160858,-5.80466938,2878.245212,2994.455721,-2582
47.93,-128.6,1.1679138,252,437.7793418,471.9160858,-5.80466938,2878.245212,2994.455721,-2582
47.93,-128.6,1.1679138,258,437.7793418,471.9160858,-5.80466938,2878.245212,2994.455721,-2582
47.93,-128.6,1.1679138,266,437.7793418,471.9160858,-5.80466938,2878.245212,2994.455721,-2582
47.93,-128.61,1.1679138,268,437.7793418,471.9160858,-5.80466938,2878.245212,2994.455721,-2583
47.93,-128.61,1.1679138,274,437.7793418,471.9160858,-5.80466938,2878.245212,2994.455721,-2583
47.93,-128.61,1.1679138,281,437.7793418,471.9160858,-5.80466938,2878.245212,2994.455721,-2583
47.93,-128.61,1.1679138,285,437.7793418,471.9160858,-5.80466938,2878.245212,2994.455721,-2583
47.93,-128.61,1.1679138,294,437.7793418,471.9160858,-5.80466938,2878.245212,2994.455721,-2583
47.93,-128.61,1.1679138,289,437.7793418,471.9160858,-5.80466938,2878.245212,2994.455721,-2583
47.93,-128.61,1.1679138,290,437.7793418,471.9160858,-5.80466938,2878.245212,2994.455721,-2583
47.93,-128.61,1.1679138,299,437.7793418,471.9160858,-5.80466938,2878.245212,2994.455721,-2583
47.93,-128.61,1.1679138,295,437.7793418,471.9160858,-5.80466938,2878.245212,2994.455721,-2583
47.94,-128.61,1.1679138,295,437.7793418,471.9160858,-5.80466938,2878.245212,2994.455721,-2582
47.94,-128.62,1.1679138,289,437.7793418,471.9160858,-5.80466938,2878.245212,2994.455721,-2585
47.94,-128.62,1.1679138,284,437.7793418,471.9160858,-5.80466938,2878.245212,2994.455721,-2585
47.94,-128.62,1.1679138,280,437.7793418,471.9160858,-5.80466938,2878.245212,2994.455721,-2585
47.94,-128.62,1.1679138,277,437.7793418,471.9160858,-5.80466938,2878.245212,2994.455721,-2585
47.94,-128.62,1.1679138,273,437.7793418,471.9160858,-5.80466938,2878.245212,2994.455721,-2585
47.94,-128.62,1.1679138,275,437.7793418,471.9160858,-5.80466938,2878.245212,2994.455721,-2585
47.94,-128.63,1.1679138,293,437.7793418,471.9160858,-8.577288628,2878.245212,2994.455721,-2591
47.94,-128.63,1.1679138,293,437.7793418,471.9160858,-8.577288628,2878.245212,2994.455721,-2591
47.94,-128.63,1.1679138,295,437.7793418,471.9160858,-8.577288628,2878.245212,2994.455721,-2591
47.94,-128.63,1.1679138,291,437.7793418,471.9160858,-8.577288628,2878.245212,2994.455721,-2591
47.94,-128.63,1.1679138,289,437.7793418,471.9160858,-8.577288628,2878.245212,2994.455721,-2591
47.94,-128.63,1.1679138,272,437.7793418,471.9160858,-8.577288628,2878.245212,2994.455721,-2591
47.94,-128.63,1.1679138,269,437.7793418,471.9160858,-8.577288628,2878.245212,2994.455721,-2591
47.94,-128.63,1.1679138,264,437.7793418,471.9160858,-8.577288628,2878.245212,2994.455721,-2591
47.94,-128.63,1.1679138,267,437.7793418,471.9160858,-8.577288628,2878.245212,2994.455721,-2591
47.94,-128.64,1.1679138,265,437.7793418,471.9160858,-8.577288628,2878.245212,2994.455721,-2594
47.91,-128.55,1.1679138,239,437.7793418,471.9160858,-5.80466938,2878.245212,2994.455721,-2595
47.91,-128.55,1.1679138,273,437.7793418,471.9160858,-5.80466938,2878.245212,2994.455721,-2595
47.91,-128.55,1.1679138,386,437.7793418,471.9160858,-5.80466938,2878.245212,2994.455721,-2595
47.91,-128.55,1.1679138,421,437.7793418,471.9160858,-5.80466938,2878.245212,2994.455721,-2595
47.91,-128.56,1.1679138,439,437.7793418,471.9160858,-5.80466938,2878.245212,2994.455721,-2589
47.91,-128.56,1.1679138,368,437.7793418,471.9160858,-5.80466938,2878.245212,2994.455721,-2589
47.91,-128.56,1.1679138,453,437.7793418,471.9160858,-5.80466938,2878.245212,2994.455721,-2589
47.91,-128.56,1.1679138,654,437.7793418,471.9160858,-5.80466938,2878.245212,2994.455721,-2589
47.91,-128.57,1.1679138,395,437.7793418,471.9160858,-5.80466938,2878.245212,2994.455721,-2594
47.91,-128.57,1.1679138,296,437.7793418,471.9160858,-5.80466938,2878.245212,2994.455721,-2594
47.91,-128.57,1.1679138,291,437.7793418,471.9160858,-5.80466938,2878.245212,2994.455721,-2594
47.91,-128.57,1.1679138,287,437.7793418,471.9160858,-5.80466938,2878.245212,2994.455721,-2594
47.91,-128.58,1.1679138,305,437.7793418,471.9160858,-5.80466938,2878.245212,2994.455721,-2595
47.91,-128.58,1.1679138,305,437.7793418,471.9160858,-5.80466938,2878.245212,2994.455721,-2595
47.91,-128.58,1.1679138,330,437.7793418,471.9160858,-5.80466938,2878.245212,2994.455721,-2595
47.91,-128.59,1.1679138,338,437.7793418,471.9160858,-5.80466938,2878.245212,2994.455721,-2590
47.91,-128.59,1.1679138,337,437.7793418,471.9160858,-5.80466938,2878.245212,2994.455721,-2590
47.91,-128.59,1.1679138,334,437.7793418,471.9160858,-5.80466938,2878.245212,2994.455721,-2590
47.91,-128.59,1.1679138,321,437.7793418,471.9160858,-5.80466938,2878.245212,2994.455721,-2590
47.92,-128.6,1.1679138,309,437.7793418,471.9160858,-5.80466938,2878.245212,2994.455721,-2585
47.92,-128.6,1.1679138,309,437.7793418,471.9160858,-5.80466938,2878.245212,2994.455721,-2585
47.92,-128.6,1.1679138,308,437.7793418,471.9160858,-5.80466938,2878.245212,2994.455721,-2585
47.92,-128.6,1.1679138,276,437.7793418,471.9160858,-5.80466938,2878.245212,2994.455721,-2585
47.72,-127.79,3.251128,1354,262.3877919,282.8480193,1.003651619,3131.080962,3258.127288,-2666
47.71,-127.79,3.251128,2350,262.3877919,282.8480193,1.003651619,3131.080962,3258.127288,-2666
47.72,-127.79,3.251128,3082,262.3877919,282.8480193,1.003651619,3131.080962,3258.127288,-2666
47.72,-127.79,3.251128,1865,262.3877919,282.8480193,1.003651619,3131.080962,3258.127288,-2666
47.72,-127.78,3.251128,598,262.3877919,282.8480193,1.003651619,3131.080962,3258.127288,-2669
47.72,-127.78,3.251128,429,262.3877919,282.8480193,1.003651619,3131.080962,3258.127288,-2669
47.72,-127.78,3.251128,389,262.3877919,282.8480193,1.003651619,3131.080962,3258.127288,-2669
47.72,-127.78,3.251128,382,262.3877919,282.8480193,1.003651619,3131.080962,3258.127288,-2669
47.72,-127.78,3.251128,346,262.3877919,282.8480193,1.003651619,3131.080962,3258.127288,-2669
47.72,-127.78,3.251128,282,262.3877919,282.8480193,1.003651619,3131.080962,3258.127288,-2669
47.73,-127.78,3.251128,274,262.3877919,282.8480193,-0.975069642,3131.080962,3258.127288,-2668
47.73,-127.78,3.251128,279,262.3877919,282.8480193,-0.975069642,3131.080962,3258.127288,-2668
47.73,-127.78,3.251128,269,262.3877919,282.8480193,-0.975069642,3131.080962,3258.127288,-2668
47.73,-127.78,3.251128,268,262.3877919,282.8480193,-0.975069642,3131.080962,3258.127288,-2668
47.73,-127.77,3.251128,268,262.3877919,282.8480193,-0.975069642,3131.080962,3258.127288,-2668
47.73,-127.77,3.251128,270,262.3877919,282.8480193,-0.975069642,3131.080962,3258.127288,-2668
47.74,-127.77,3.251128,272,262.3877919,282.8480193,-0.975069642,3131.080962,3258.127288,-2667
47.74,-127.77,3.251128,291,262.3877919,282.8480193,-0.975069642,3131.080962,3258.127288,-2667
47.69,-127.76,3.251128,150,262.3877919,282.8480193,1.003651619,3131.080962,3258.127288,-2665
47.69,-127.76,3.251128,161,262.3877919,282.8480193,1.003651619,3131.080962,3258.127288,-2665
47.69,-127.76,3.251128,160,262.3877919,282.8480193,1.003651619,3131.080962,3258.127288,-2665
47.69,-127.77,3.251128,162,262.3877919,282.8480193,1.003651619,3131.080962,3258.127288,-2666
47.69,-127.77,3.251128,164,262.3877919,282.8480193,1.003651619,3131.080962,3258.127288,-2666
47.69,-127.77,3.251128,167,262.3877919,282.8480193,1.003651619,3131.080962,3258.127288,-2666
47.69,-127.78,3.251128,184,262.3877919,282.8480193,1.003651619,3131.080962,3258.127288,-2668
47.69,-127.78,3.251128,199,262.3877919,282.8480193,1.003651619,3131.080962,3258.127288,-2668
47.69,-127.78,3.251128,210,262.3877919,282.8480193,1.003651619,3131.080962,3258.127288,-2668
47.69,-127.79,3.251128,231,262.3877919,282.8480193,1.003651619,3131.080962,3258.127288,-2668
47.69,-127.79,3.251128,284,262.3877919,282.8480193,1.003651619,3131.080962,3258.127288,-2668
47.69,-127.79,3.251128,292,262.3877919,282.8480193,1.003651619,3131.080962,3258.127288,-2668
47.69,-127.8,3.251128,288,262.3877919,282.8480193,1.003651619,3131.080962,3258.127288,-2668
47.7,-127.8,3.251128,234,262.3877919,282.8480193,1.003651619,3131.080962,3258.127288,-2662
47.7,-127.8,3.251128,253,262.3877919,282.8480193,1.003651619,3131.080962,3258.127288,-2662
47.7,-127.81,3.251128,227,262.3877919,282.8480193,-3.409561634,3131.080962,3258.127288,-2667
47.7,-127.81,3.251128,182,262.3877919,282.8480193,-3.409561634,3131.080962,3258.127288,-2667
47.72,-127.74,3.4946105,162,253.0820072,272.816597,1.003651619,3154.285707,3282.326523,-2668
47.72,-127.75,3.251128,169,262.3877919,282.8480193,1.003651619,3131.080962,3258.127288,-2669
47.72,-127.75,3.251128,173,262.3877919,282.8480193,1.003651619,3131.080962,3258.127288,-2669
47.72,-127.76,3.251128,177,262.3877919,282.8480193,1.003651619,3131.080962,3258.127288,-2671
47.72,-127.76,3.251128,183,262.3877919,282.8480193,1.003651619,3131.080962,3258.127288,-2671
47.72,-127.77,3.251128,189,262.3877919,282.8480193,1.003651619,3131.080962,3258.127288,-2671
47.72,-127.77,3.251128,208,262.3877919,282.8480193,1.003651619,3131.080962,3258.127288,-2671
47.72,-127.77,3.251128,230,262.3877919,282.8480193,1.003651619,3131.080962,3258.127288,-2671
47.72,-127.78,3.251128,272,262.3877919,282.8480193,1.003651619,3131.080962,3258.127288,-2669
47.72,-127.78,3.251128,273,262.3877919,282.8480193,1.003651619,3131.080962,3258.127288,-2669
47.73,-127.78,3.251128,276,262.3877919,282.8480193,-0.975069642,3131.080962,3258.127288,-2668
47.73,-127.78,3.251128,278,262.3877919,282.8480193,-0.975069642,3131.080962,3258.127288,-2668
47.73,-127.79,3.251128,252,262.3877919,282.8480193,-0.975069642,3131.080962,3258.127288,-2668
47.73,-127.79,3.251128,232,262.3877919,282.8480193,-0.975069642,3131.080962,3258.127288,-2668
47.73,-127.79,3.251128,206,262.3877919,282.8480193,-0.975069642,3131.080962,3258.127288,-2668
47.73,-127.8,3.251128,186,262.3877919,282.8480193,-0.975069642,3131.080962,3258.127288,-2667
47.73,-127.8,3.251128,175,262.3877919,282.8480193,-0.975069642,3131.080962,3258.127288,-2667
47.73,-127.8,3.251128,188,262.3877919,282.8480193,-0.975069642,3131.080962,3258.127288,-2667
47.73,-127.81,3.251128,185,262.3877919,282.8480193,-0.58204329,3131.080962,3258.127288,-2665
47.73,-127.81,3.251128,186,262.3877919,282.8480193,-0.58204329,3131.080962,3258.127288,-2665
47.73,-127.81,3.251128,192,262.3877919,282.8480193,-0.58204329,3131.080962,3258.127288,-2665
47.73,-127.82,3.251128,180,262.3877919,282.8480193,-0.58204329,3131.080962,3258.127288,-2665
47.73,-127.82,3.251128,172,262.3877919,282.8480193,-0.58204329,3131.080962,3258.127288,-2665
47.73,-127.73,3.4946105,161,253.0820072,272.816597,-0.975069642,3154.285707,3282.326523,-2665
47.73,-127.74,3.4946105,161,253.0820072,272.816597,-0.975069642,3154.285707,3282.326523,-2667
47.74,-127.74,3.4946105,164,253.0820072,272.816597,-0.975069642,3154.285707,3282.326523,-2666
47.74,-127.75,3.251128,170,262.3877919,282.8480193,-0.975069642,3131.080962,3258.127288,-2666
47.74,-127.75,3.251128,170,262.3877919,282.8480193,-0.975069642,3131.080962,3258.127288,-2666
47.74,-127.75,3.251128,179,262.3877919,282.8480193,-0.975069642,3131.080962,3258.127288,-2666
47.74,-127.76,3.251128,200,262.3877919,282.8480193,-0.975069642,3131.080962,3258.127288,-2666
47.74,-127.76,3.251128,220,262.3877919,282.8480193,-0.975069642,3131.080962,3258.127288,-2666
47.74,-127.77,3.251128,234,262.3877919,282.8480193,-0.975069642,3131.080962,3258.127288,-2667
47.74,-127.77,3.251128,266,262.3877919,282.8480193,-0.975069642,3131.080962,3258.127288,-2667
47.74,-127.77,3.251128,272,262.3877919,282.8480193,-0.975069642,3131.080962,3258.127288,-2667
47.74,-127.78,3.251128,272,262.3877919,282.8480193,-0.975069642,3131.080962,3258.127288,-2667
47.74,-127.78,3.251128,263,262.3877919,282.8480193,-0.975069642,3131.080962,3258.127288,-2667
47.74,-127.78,3.251128,229,262.3877919,282.8480193,-0.975069642,3131.080962,3258.127288,-2667
47.74,-127.78,3.251128,204,262.3877919,282.8480193,-0.975069642,3131.080962,3258.127288,-2667
47.75,-127.79,3.251128,211,262.3877919,282.8480193,-0.975069642,3131.080962,3258.127288,-2664
47.75,-127.79,3.251128,221,262.3877919,282.8480193,-0.975069642,3131.080962,3258.127288,-2664
47.75,-127.8,3.251128,219,262.3877919,282.8480193,-0.975069642,3131.080962,3258.127288,-2662
47.75,-127.8,3.251128,214,262.3877919,282.8480193,-0.975069642,3131.080962,3258.127288,-2662
47.75,-127.8,3.251128,205,262.3877919,282.8480193,-0.975069642,3131.080962,3258.127288,-2662
47.75,-127.81,3.251128,205,262.3877919,282.8480193,-0.58204329,3131.080962,3258.127288,-2662
47.75,-127.81,3.251128,207,262.3877919,282.8480193,-0.58204329,3131.080962,3258.127288,-2662
47.75,-127.81,3.251128,200,262.3877919,282.8480193,-0.58204329,3131.080962,3258.127288,-2662
47.75,-127.82,3.251128,192,262.3877919,282.8480193,-0.58204329,3131.080962,3258.127288,-2661
47.75,-127.82,3.251128,172,262.3877919,282.8480193,-0.58204329,3131.080962,3258.127288,-2661
47.75,-127.82,3.251128,169,262.3877919,282.8480193,-0.58204329,3131.080962,3258.127288,-2661
47.75,-127.83,3.251128,171,262.3877919,282.8480193,-0.58204329,3131.080962,3258.127288,-2658
47.69,-127.78,3.251128,200,262.3877919,282.8480193,1.003651619,3131.080962,3258.127288,-2668
47.69,-127.78,3.251128,212,262.3877919,282.8480193,1.003651619,3131.080962,3258.127288,-2668
47.69,-127.78,3.251128,233,262.3877919,282.8480193,1.003651619,3131.080962,3258.127288,-2668
47.69,-127.78,3.251128,239,262.3877919,282.8480193,1.003651619,3131.080962,3258.127288,-2668
47.69,-127.79,3.251128,244,262.3877919,282.8480193,1.003651619,3131.080962,3258.127288,-2668
47.69,-127.79,3.251128,268,262.3877919,282.8480193,1.003651619,3131.080962,3258.127288,-2668
47.69,-127.79,3.251128,294,262.3877919,282.8480193,1.003651619,3131.080962,3258.127288,-2668
47.69,-127.79,3.251128,306,262.3877919,282.8480193,1.003651619,3131.080962,3258.127288,-2668
47.69,-127.8,3.251128,311,262.3877919,282.8480193,1.003651619,3131.080962,3258.127288,-2668
47.69,-127.8,3.251128,261,262.3877919,282.8480193,1.003651619,3131.080962,3258.127288,-2668
47.69,-127.8,3.251128,235,262.3877919,282.8480193,1.003651619,3131.080962,3258.127288,-2668
47.69,-127.8,3.251128,233,262.3877919,282.8480193,1.003651619,3131.080962,3258.127288,-2668
47.69,-127.81,3.251128,221,262.3877919,282.8480193,-3.409561634,3131.080962,3258.127288,-2667
47.69,-127.81,3.251128,202,262.3877919,282.8480193,-3.409561634,3131.080962,3258.127288,-2667
47.69,-127.81,3.251128,200,262.3877919,282.8480193,-3.409561634,3131.080962,3258.127288,-2667
47.69,-127.8,3.251128,245,262.3877919,282.8480193,1.003651619,3131.080962,3258.127288,-2668
47.69,-127.8,3.251128,271,262.3877919,282.8480193,1.003651619,3131.080962,3258.127288,-2668
47.7,-127.79,3.251128,278,262.3877919,282.8480193,1.003651619,3131.080962,3258.127288,-2669
47.7,-127.79,3.251128,265,262.3877919,282.8480193,1.003651619,3131.080962,3258.127288,-2669
47.7,-127.79,3.251128,272,262.3877919,282.8480193,1.003651619,3131.080962,3258.127288,-2669
47.7,-127.75,3.251128,144,262.3877919,282.8480193,1.003651619,3131.080962,3258.127288,-2667
47.7,-127.75,3.251128,169,262.3877919,282.8480193,1.003651619,3131.080962,3258.127288,-2667
47.7,-127.75,3.251128,159,262.3877919,282.8480193,1.003651619,3131.080962,3258.127288,-2667
47.7,-127.75,3.251128,167,262.3877919,282.8480193,1.003651619,3131.080962,3258.127288,-2667
47.7,-127.76,3.251128,178,262.3877919,282.8480193,1.003651619,3131.080962,3258.127288,-2668
47.7,-127.76,3.251128,176,262.3877919,282.8480193,1.003651619,3131.080962,3258.127288,-2668
47.7,-127.76,3.251128,188,262.3877919,282.8480193,1.003651619,3131.080962,3258.127288,-2668
47.7,-127.77,3.251128,192,262.3877919,282.8480193,1.003651619,3131.080962,3258.127288,-2669
47.71,-127.77,3.251128,203,262.3877919,282.8480193,1.003651619,3131.080962,3258.127288,-2671
47.71,-127.77,3.251128,215,262.3877919,282.8480193,1.003651619,3131.080962,3258.127288,-2671
47.71,-127.77,3.251128,222,262.3877919,282.8480193,1.003651619,3131.080962,3258.127288,-2671
47.71,-127.78,3.251128,234,262.3877919,282.8480193,1.003651619,3131.080962,3258.127288,-2671
47.71,-127.78,3.251128,339,262.3877919,282.8480193,1.003651619,3131.080962,3258.127288,-2671
47.71,-127.78,3.251128,436,262.3877919,282.8480193,1.003651619,3131.080962,3258.127288,-2671
47.71,-127.78,3.251128,989,262.3877919,282.8480193,1.003651619,3131.080962,3258.127288,-2671
47.71,-127.79,3.251128,590,262.3877919,282.8480193,1.003651619,3131.080962,3258.127288,-2666
47.71,-127.8,3.251128,318,262.3877919,282.8480193,1.003651619,3131.080962,3258.127288,-2666
47.71,-127.8,3.251128,252,262.3877919,282.8480193,1.003651619,3131.080962,3258.127288,-2666
47.71,-127.8,3.251128,215,262.3877919,282.8480193,1.003651619,3131.080962,3258.127288,-2666
47.71,-127.8,3.251128,212,262.3877919,282.8480193,1.003651619,3131.080962,3258.127288,-2666
47.71,-127.81,3.251128,188,262.3877919,282.8480193,-3.409561634,3131.080962,3258.127288,-2669
47.72,-127.81,3.251128,192,262.3877919,282.8480193,-3.409561634,3131.080962,3258.127288,-2669
47.72,-127.81,3.251128,208,262.3877919,282.8480193,-3.409561634,3131.080962,3258.127288,-2669
47.72,-127.81,3.251128,167,262.3877919,282.8480193,-3.409561634,3131.080962,3258.127288,-2669
47.72,-127.82,3.251128,167,262.3877919,282.8480193,-3.409561634,3131.080962,3258.127288,-2667
47.72,-127.82,3.251128,179,262.3877919,282.8480193,-3.409561634,3131.080962,3258.127288,-2667
47.71,-127.77,3.251128,218,262.3877919,282.8480193,1.003651619,3131.080962,3258.127288,-2671
47.71,-127.77,3.251128,218,262.3877919,282.8480193,1.003651619,3131.080962,3258.127288,-2671
47.71,-127.79,3.251128,454,262.3877919,282.8480193,1.003651619,3131.080962,3258.127288,-2666
47.71,-127.79,3.251128,932,262.3877919,282.8480193,1.003651619,3131.080962,3258.127288,-2666
47.71,-127.78,3.251128,1108,262.3877919,282.8480193,1.003651619,3131.080962,3258.127288,-2671
47.71,-127.78,3.251128,763,262.3877919,282.8480193,1.003651619,3131.080962,3258.127288,-2671
47.71,-127.78,3.251128,468,262.3877919,282.8480193,1.003651619,3131.080962,3258.127288,-2671
47.71,-127.77,3.251128,202,262.3877919,282.8480193,1.003651619,3131.080962,3258.127288,-2671
47.71,-127.76,3.251128,212,262.3877919,282.8480193,1.003651619,3131.080962,3258.127288,-2670
47.71,-127.76,3.251128,199,262.3877919,282.8480193,1.003651619,3131.080962,3258.127288,-2670
47.71,-127.76,3.251128,195,262.3877919,282.8480193,1.003651619,3131.080962,3258.127288,-2670
47.71,-127.76,3.251128,191,262.3877919,282.8480193,1.003651619,3131.080962,3258.127288,-2670
47.71,-127.76,3.251128,192,262.3877919,282.8480193,1.003651619,3131.080962,3258.127288,-2670
47.72,-127.76,3.251128,186,262.3877919,282.8480193,1.003651619,3131.080962,3258.127288,-2671
47.72,-127.76,3.251128,184,262.3877919,282.8480193,1.003651619,3131.080962,3258.127288,-2671
47.72,-127.76,3.251128,183,262.3877919,282.8480193,1.003651619,3131.080962,3258.127288,-2671
47.72,-127.76,3.251128,179,262.3877919,282.8480193,1.003651619,3131.080962,3258.127288,-2671
47.72,-127.76,3.251128,181,262.3877919,282.8480193,1.003651619,3131.080962,3258.127288,-2671
47.72,-127.76,3.251128,178,262.3877919,282.8480193,1.003651619,3131.080962,3258.127288,-2671
47.73,-127.75,3.251128,177,262.3877919,282.8480193,-0.975069642,3131.080962,3258.127288,-2668
47.73,-127.75,3.251128,178,262.3877919,282.8480193,-0.975069642,3131.080962,3258.127288,-2668
47.73,-127.75,3.251128,174,262.3877919,282.8480193,-0.975069642,3131.080962,3258.127288,-2668
47.72,-127.64,3.5783212,138,250.1042077,269.6065974,-2.04963398,3162.075786,3290.450463,-2650
47.72,-127.64,3.5783212,140,250.1042077,269.6065974,-2.04963398,3162.075786,3290.450463,-2650
47.72,-127.64,3.5783212,153,250.1042077,269.6065974,-2.04963398,3162.075786,3290.450463,-2650
47.72,-127.65,3.4946105,171,253.0820072,272.816597,-2.04963398,3154.285707,3282.326523,-2650
47.72,-127.65,3.4946105,185,253.0820072,272.816597,-2.04963398,3154.285707,3282.326523,-2650
47.72,-127.66,3.4946105,193,253.0820072,272.816597,-2.04963398,3154.285707,3282.326523,-2650
47.72,-127.66,3.4946105,209,253.0820072,272.816597,-2.04963398,3154.285707,3282.326523,-2650
47.72,-127.67,3.4946105,200,253.0820072,272.816597,-2.04963398,3154.285707,3282.326523,-2651
47.72,-127.68,3.4946105,189,253.0820072,272.816597,-2.04963398,3154.285707,3282.326523,-2653
47.72,-127.68,3.4946105,209,253.0820072,272.816597,-2.04963398,3154.285707,3282.326523,-2653
47.73,-127.69,3.4946105,255,253.0820072,272.816597,-0.419886947,3154.285707,3282.326523,-2654
47.73,-127.69,3.4946105,232,253.0820072,272.816597,-0.419886947,3154.285707,3282.326523,-2654
47.73,-127.7,3.4946105,189,253.0820072,272.816597,-0.975069642,3154.285707,3282.326523,-2658
47.73,-127.7,3.4946105,177,253.0820072,272.816597,-0.975069642,3154.285707,3282.326523,-2658
47.73,-127.7,3.4946105,182,253.0820072,272.816597,-0.975069642,3154.285707,3282.326523,-2658
47.73,-127.71,3.4946105,177,253.0820072,272.816597,-0.975069642,3154.285707,3282.326523,-2660
47.73,-127.71,3.4946105,186,253.0820072,272.816597,-0.975069642,3154.285707,3282.326523,-2660
47.73,-127.71,3.4946105,179,253.0820072,272.816597,-0.975069642,3154.285707,3282.326523,-2660
47.73,-127.72,3.4946105,170,253.0820072,272.816597,-0.975069642,3154.285707,3282.326523,-2662
47.73,-127.72,3.4946105,161,253.0820072,272.816597,-0.975069642,3154.285707,3282.326523,-2662
47.73,-127.72,3.4946105,158,253.0820072,272.816597,-0.975069642,3154.285707,3282.326523,-2662
47.71,-127.8,3.251128,237,262.3877919,282.8480193,1.003651619,3131.080962,3258.127288,-2666
47.71,-127.8,3.251128,234,262.3877919,282.8480193,1.003651619,3131.080962,3258.127288,-2666
47.71,-127.8,3.251128,258,262.3877919,282.8480193,1.003651619,3131.080962,3258.127288,-2666
47.71,-127.8,3.251128,286,262.3877919,282.8480193,1.003651619,3131.080962,3258.127288,-2666
47.71,-127.8,3.251128,336,262.3877919,282.8480193,1.003651619,3131.080962,3258.127288,-2666
47.71,-127.79,3.251128,403,262.3877919,282.8480193,1.003651619,3131.080962,3258.127288,-2666
47.71,-127.79,3.251128,452,262.3877919,282.8480193,1.003651619,3131.080962,3258.127288,-2666
47.71,-127.79,3.251128,712,262.3877919,282.8480193,1.003651619,3131.080962,3258.127288,-2666
47.71,-127.79,3.251128,927,262.3877919,282.8480193,1.003651619,3131.080962,3258.127288,-2666
47.71,-127.79,3.251128,1272,262.3877919,282.8480193,1.003651619,3131.080962,3258.127288,-2666
47.71,-127.79,3.251128,1526,262.3877919,282.8480193,1.003651619,3131.080962,3258.127288,-2666
47.71,-127.79,3.251128,1710,262.3877919,282.8480193,1.003651619,3131.080962,3258.127288,-2666
47.71,-127.79,3.251128,1957,262.3877919,282.8480193,1.003651619,3131.080962,3258.127288,-2666
47.71,-127.78,3.251128,1219,262.3877919,282.8480193,1.003651619,3131.080962,3258.127288,-2671
47.71,-127.78,3.251128,902,262.3877919,282.8480193,1.003651619,3131.080962,3258.127288,-2671
47.71,-127.78,3.251128,920,262.3877919,282.8480193,1.003651619,3131.080962,3258.127288,-2671
47.71,-127.78,3.251128,706,262.3877919,282.8480193,1.003651619,3131.080962,3258.127288,-2671
47.71,-127.78,3.251128,508,262.3877919,282.8480193,1.003651619,3131.080962,3258.127288,-2671
47.71,-127.78,3.251128,402,262.3877919,282.8480193,1.003651619,3131.080962,3258.127288,-2671
47.71,-127.78,3.251128,360,262.3877919,282.8480193,1.003651619,3131.080962,3258.127288,-2671
47.71,-127.78,3.251128,313,262.3877919,282.8480193,1.003651619,3131.080962,3258.127288,-2671
47.71,-127.78,3.251128,270,262.3877919,282.8480193,1.003651619,3131.080962,3258.127288,-2671
47.71,-127.77,3.251128,253,262.3877919,282.8480193,1.003651619,3131.080962,3258.127288,-2671
47.71,-127.77,3.251128,253,262.3877919,282.8480193,1.003651619,3131.080962,3258.127288,-2671
47.72,-127.78,3.251128,299,262.3877919,282.8480193,1.003651619,3131.080962,3258.127288,-2669
47.72,-127.78,3.251128,294,262.3877919,282.8480193,1.003651619,3131.080962,3258.127288,-2669
47.72,-127.78,3.251128,325,262.3877919,282.8480193,1.003651619,3131.080962,3258.127288,-2669
47.72,-127.78,3.251128,390,262.3877919,282.8480193,1.003651619,3131.080962,3258.127288,-2669
47.72,-127.78,3.251128,413,262.3877919,282.8480193,1.003651619,3131.080962,3258.127288,-2669
47.72,-127.78,3.251128,451,262.3877919,282.8480193,1.003651619,3131.080962,3258.127288,-2669
47.72,-127.78,3.251128,485,262.3877919,282.8480193,1.003651619,3131.080962,3258.127288,-2669
47.72,-127.78,3.251128,531,262.3877919,282.8480193,1.003651619,3131.080962,3258.127288,-2669
47.72,-127.79,3.251128,565,262.3877919,282.8480193,1.003651619,3131.080962,3258.127288,-2666
47.7,-127.78,3.251128,252,262.3877919,282.8480193,1.003651619,3131.080962,3258.127288,-2670
47.7,-127.78,3.251128,263,262.3877919,282.8480193,1.003651619,3131.080962,3258.127288,-2670
47.7,-127.78,3.251128,268,262.3877919,282.8480193,1.003651619,3131.080962,3258.127288,-2670
47.7,-127.78,3.251128,284,262.3877919,282.8480193,1.003651619,3131.080962,3258.127288,-2670
47.7,-127.78,3.251128,284,262.3877919,282.8480193,1.003651619,3131.080962,3258.127288,-2670
47.7,-127.78,3.251128,302,262.3877919,282.8480193,1.003651619,3131.080962,3258.127288,-2670
47.7,-127.78,3.251128,291,262.3877919,282.8480193,1.003651619,3131.080962,3258.127288,-2670
47.7,-127.78,3.251128,293,262.3877919,282.8480193,1.003651619,3131.080962,3258.127288,-2670
47.7,-127.78,3.251128,304,262.3877919,282.8480193,1.003651619,3131.080962,3258.127288,-2670
47.71,-127.78,3.251128,317,262.3877919,282.8480193,1.003651619,3131.080962,3258.127288,-2671
47.7,-127.79,3.251128,328,262.3877919,282.8480193,1.003651619,3131.080962,3258.127288,-2669
47.71,-127.79,3.251128,366,262.3877919,282.8480193,1.003651619,3131.080962,3258.127288,-2666
47.71,-127.79,3.251128,455,262.3877919,282.8480193,1.003651619,3131.080962,3258.127288,-2666
47.71,-127.79,3.251128,926,262.3877919,282.8480193,1.003651619,3131.080962,3258.127288,-2666
47.71,-127.79,3.251128,1111,262.3877919,282.8480193,1.003651619,3131.080962,3258.127288,-2666
47.71,-127.79,3.251128,700,262.3877919,282.8480193,1.003651619,3131.080962,3258.127288,-2666
47.72,-127.79,3.251128,504,262.3877919,282.8480193,1.003651619,3131.080962,3258.127288,-2666
47.72,-127.79,3.251128,384,262.3877919,282.8480193,1.003651619,3131.080962,3258.127288,-2666
47.72,-127.79,3.251128,323,262.3877919,282.8480193,1.003651619,3131.080962,3258.127288,-2666
47.72,-127.79,3.251128,296,262.3877919,282.8480193,1.003651619,3131.080962,3258.127288,-2666
47.72,-127.79,3.251128,264,262.3877919,282.8480193,1.003651619,3131.080962,3258.127288,-2666
47.72,-127.79,3.251128,254,262.3877919,282.8480193,1.003651619,3131.080962,3258.127288,-2666
47.72,-127.79,3.251128,236,262.3877919,282.8480193,1.003651619,3131.080962,3258.127288,-2666
47.72,-127.79,3.251128,251,262.3877919,282.8480193,1.003651619,3131.080962,3258.127288,-2666
47.72,-127.79,3.251128,257,262.3877919,282.8480193,1.003651619,3131.080962,3258.127288,-2666
47.72,-127.79,3.251128,299,262.3877919,282.8480193,1.003651619,3131.080962,3258.127288,-2666
47.72,-127.79,3.251128,332,262.3877919,282.8480193,1.003651619,3131.080962,3258.127288,-2666
47.72,-127.79,3.251128,403,262.3877919,282.8480193,1.003651619,3131.080962,3258.127288,-2666
47.72,-127.79,3.251128,487,262.3877919,282.8480193,1.003651619,3131.080962,3258.127288,-2666
47.72,-127.78,3.251128,544,262.3877919,282.8480193,1.003651619,3131.080962,3258.127288,-2669
47.72,-127.78,3.251128,480,262.3877919,282.8480193,1.003651619,3131.080962,3258.127288,-2669
47.71,-127.77,3.251128,234,262.3877919,282.8480193,1.003651619,3131.080962,3258.127288,-2671
47.71,-127.78,3.251128,242,262.3877919,282.8480193,1.003651619,3131.080962,3258.127288,-2671
47.71,-127.78,3.251128,256,262.3877919,282.8480193,1.003651619,3131.080962,3258.127288,-2671
47.71,-127.78,3.251128,272,262.3877919,282.8480193,1.003651619,3131.080962,3258.127288,-2671
47.71,-127.78,3.251128,292,262.3877919,282.8480193,1.003651619,3131.080962,3258.127288,-2671
47.71,-127.78,3.251128,330,262.3877919,282.8480193,1.003651619,3131.080962,3258.127288,-2671
47.71,-127.78,3.251128,376,262.3877919,282.8480193,1.003651619,3131.080962,3258.127288,-2671
47.71,-127.78,3.251128,390,262.3877919,282.8480193,1.003651619,3131.080962,3258.127288,-2671
47.71,-127.78,3.251128,441,262.3877919,282.8480193,1.003651619,3131.080962,3258.127288,-2671
47.71,-127.78,3.251128,506,262.3877919,282.8480193,1.003651619,3131.080962,3258.127288,-2671
47.71,-127.78,3.251128,625,262.3877919,282.8480193,1.003651619,3131.080962,3258.127288,-2671
47.71,-127.78,3.251128,826,262.3877919,282.8480193,1.003651619,3131.080962,3258.127288,-2671
47.71,-127.78,3.251128,1244,262.3877919,282.8480193,1.003651619,3131.080962,3258.127288,-2671
47.71,-127.79,3.251128,1320,262.3877919,282.8480193,1.003651619,3131.080962,3258.127288,-2666
47.71,-127.79,3.251128,848,262.3877919,282.8480193,1.003651619,3131.080962,3258.127288,-2666
47.71,-127.79,3.251128,1433,262.3877919,282.8480193,1.003651619,3131.080962,3258.127288,-2666
47.71,-127.79,3.251128,704,262.3877919,282.8480193,1.003651619,3131.080962,3258.127288,-2666
47.71,-127.79,3.251128,642,262.3877919,282.8480193,1.003651619,3131.080962,3258.127288,-2666
47.71,-127.79,3.251128,433,262.3877919,282.8480193,1.003651619,3131.080962,3258.127288,-2666
47.71,-127.79,3.251128,373,262.3877919,282.8480193,1.003651619,3131.080962,3258.127288,-2666
47.71,-127.79,3.251128,323,262.3877919,282.8480193,1.003651619,3131.080962,3258.127288,-2666
47.71,-127.8,3.251128,317,262.3877919,282.8480193,1.003651619,3131.080962,3258.127288,-2666
47.71,-127.8,3.251128,280,262.3877919,282.8480193,1.003651619,3131.080962,3258.127288,-2666
47.71,-127.8,3.251128,254,262.3877919,282.8480193,1.003651619,3131.080962,3258.127288,-2666
47.71,-127.8,3.251128,228,262.3877919,282.8480193,1.003651619,3131.080962,3258.127288,-2666
47.72,-127.8,3.251128,224,262.3877919,282.8480193,1.003651619,3131.080962,3258.127288,-2669
47.71,-127.8,3.251128,217,262.3877919,282.8480193,1.003651619,3131.080962,3258.127288,-2666
47.72,-127.79,3.251128,335,262.3877919,282.8480193,1.003651619,3131.080962,3258.127288,-2666
47.71,-127.79,3.251128,513,262.3877919,282.8480193,1.003651619,3131.080962,3258.127288,-2666
47.71,-127.79,3.251128,731,262.3877919,282.8480193,1.003651619,3131.080962,3258.127288,-2666
47.71,-127.78,3.251128,1797,262.3877919,282.8480193,1.003651619,3131.080962,3258.127288,-2671
47.71,-127.78,3.251128,1001,262.3877919,282.8480193,1.003651619,3131.080962,3258.127288,-2671
47.71,-127.78,3.251128,817,262.3877919,282.8480193,1.003651619,3131.080962,3258.127288,-2671
47.71,-127.78,3.251128,1254,262.3877919,282.8480193,1.003651619,3131.080962,3258.127288,-2671
47.71,-127.78,3.251128,1415,262.3877919,282.8480193,1.003651619,3131.080962,3258.127288,-2671
47.71,-127.78,3.251128,1128,262.3877919,282.8480193,1.003651619,3131.080962,3258.127288,-2671
47.71,-127.79,3.251128,2662,262.3877919,282.8480193,1.003651619,3131.080962,3258.127288,-2666
47.71,-127.79,3.251128,1122,262.3877919,282.8480193,1.003651619,3131.080962,3258.127288,-2666
47.72,-127.78,3.251128,213,262.3877919,282.8480193,1.003651619,3131.080962,3258.127288,-2669
47.72,-127.78,3.251128,215,262.3877919,282.8480193,1.003651619,3131.080962,3258.127288,-2669
47.72,-127.78,3.251128,210,262.3877919,282.8480193,1.003651619,3131.080962,3258.127288,-2669
47.72,-127.78,3.251128,213,262.3877919,282.8480193,1.003651619,3131.080962,3258.127288,-2669
47.72,-127.78,3.251128,207,262.3877919,282.8480193,1.003651619,3131.080962,3258.127288,-2669
47.72,-127.78,3.251128,205,262.3877919,282.8480193,1.003651619,3131.080962,3258.127288,-2669
47.72,-127.78,3.251128,200,262.3877919,282.8480193,1.003651619,3131.080962,3258.127288,-2669
47.72,-127.78,3.251128,211,262.3877919,282.8480193,1.003651619,3131.080962,3258.127288,-2669
47.72,-127.79,3.251128,201,262.3877919,282.8480193,1.003651619,3131.080962,3258.127288,-2666
47.72,-127.78,3.251128,206,262.3877919,282.8480193,1.003651619,3131.080962,3258.127288,-2669
47.72,-127.78,3.251128,205,262.3877919,282.8480193,1.003651619,3131.080962,3258.127288,-2669
47.72,-127.78,3.251128,205,262.3877919,282.8480193,1.003651619,3131.080962,3258.127288,-2669
47.72,-127.78,3.251128,201,262.3877919,282.8480193,1.003651619,3131.080962,3258.127288,-2669
47.72,-127.78,3.251128,200,262.3877919,282.8480193,1.003651619,3131.080962,3258.127288,-2669
47.72,-127.78,3.251128,204,262.3877919,282.8480193,1.003651619,3131.080962,3258.127288,-2669
47.72,-127.78,3.251128,233,262.3877919,282.8480193,1.003651619,3131.080962,3258.127288,-2669
47.72,-127.78,3.251128,249,262.3877919,282.8480193,1.003651619,3131.080962,3258.127288,-2669
47.72,-127.78,3.251128,252,262.3877919,282.8480193,1.003651619,3131.080962,3258.127288,-2669
47.72,-127.77,3.251128,306,262.3877919,282.8480193,1.003651619,3131.080962,3258.127288,-2671
47.72,-127.79,3.251128,355,262.3877919,282.8480193,1.003651619,3131.080962,3258.127288,-2666
47.72,-127.78,3.251128,415,262.3877919,282.8480193,1.003651619,3131.080962,3258.127288,-2669
47.72,-127.79,3.251128,441,262.3877919,282.8480193,1.003651619,3131.080962,3258.127288,-2666
47.72,-127.79,3.251128,531,262.3877919,282.8480193,1.003651619,3131.080962,3258.127288,-2666
47.71,-127.79,3.251128,698,262.3877919,282.8480193,1.003651619,3131.080962,3258.127288,-2666
47.71,-127.79,3.251128,994,262.3877919,282.8480193,1.003651619,3131.080962,3258.127288,-2666
47.71,-127.79,3.251128,1381,262.3877919,282.8480193,1.003651619,3131.080962,3258.127288,-2666
47.71,-127.79,3.251128,4037,262.3877919,282.8480193,1.003651619,3131.080962,3258.127288,-2666
47.72,-127.79,3.251128,1285,262.3877919,282.8480193,1.003651619,3131.080962,3258.127288,-2666
47.93,-128.59,1.1679138,252,437.7793418,471.9160858,-5.80466938,2878.245212,2994.455721,-2582
47.93,-128.6,1.1679138,252,437.7793418,471.9160858,-5.80466938,2878.245212,2994.455721,-2582
47.93,-128.6,1.1679138,246,437.7793418,471.9160858,-5.80466938,2878.245212,2994.455721,-2582
47.93,-128.6,1.1679138,243,437.7793418,471.9160858,-5.80466938,2878.245212,2994.455721,-2582
47.93,-128.6,1.1679138,250,437.7793418,471.9160858,-5.80466938,2878.245212,2994.455721,-2582
47.93,-128.6,1.1679138,260,437.7793418,471.9160858,-5.80466938,2878.245212,2994.455721,-2582
47.93,-128.6,1.1679138,261,437.7793418,471.9160858,-5.80466938,2878.245212,2994.455721,-2582
47.93,-128.6,1.1679138,266,437.7793418,471.9160858,-5.80466938,2878.245212,2994.455721,-2582
47.93,-128.6,1.1679138,271,437.7793418,471.9160858,-5.80466938,2878.245212,2994.455721,-2582
47.93,-128.61,1.1679138,274,437.7793418,471.9160858,-5.80466938,2878.245212,2994.455721,-2583
47.93,-128.61,1.1679138,278,437.7793418,471.9160858,-5.80466938,2878.245212,2994.455721,-2583
47.94,-128.61,1.1679138,275,437.7793418,471.9160858,-5.80466938,2878.245212,2994.455721,-2582
47.94,-128.61,1.1679138,284,437.7793418,471.9160858,-5.80466938,2878.245212,2994.455721,-2582
47.94,-128.61,1.1679138,281,437.7793418,471.9160858,-5.80466938,2878.245212,2994.455721,-2582
47.94,-128.61,1.1679138,297,437.7793418,471.9160858,-5.80466938,2878.245212,2994.455721,-2582
47.94,-128.61,1.1679138,295,437.7793418,471.9160858,-5.80466938,2878.245212,2994.455721,-2582
47.94,-128.62,1.1679138,293,437.7793418,471.9160858,-5.80466938,2878.245212,2994.455721,-2585
47.94,-128.62,1.1679138,288,437.7793418,471.9160858,-5.80466938,2878.245212,2994.455721,-2585
47.94,-128.62,1.1679138,282,437.7793418,471.9160858,-5.80466938,2878.245212,2994.455721,-2585
47.94,-128.62,1.1679138,279,437.7793418,471.9160858,-5.80466938,2878.245212,2994.455721,-2585
47.94,-128.62,1.1679138,277,437.7793418,471.9160858,-5.80466938,2878.245212,2994.455721,-2585
47.94,-128.62,1.1679138,278,437.7793418,471.9160858,-5.80466938,2878.245212,2994.455721,-2585
47.94,-128.62,1.1679138,284,437.7793418,471.9160858,-5.80466938,2878.245212,2994.455721,-2585
47.94,-128.62,1.1679138,284,437.7793418,471.9160858,-5.80466938,2878.245212,2994.455721,-2585
47.94,-128.63,1.1679138,288,437.7793418,471.9160858,-8.577288628,2878.245212,2994.455721,-2591
47.94,-128.63,1.1679138,288,437.7793418,471.9160858,-8.577288628,2878.245212,2994.455721,-2591
47.94,-128.63,1.1679138,280,437.7793418,471.9160858,-8.577288628,2878.245212,2994.455721,-2591
47.94,-128.63,1.1679138,277,437.7793418,471.9160858,-8.577288628,2878.245212,2994.455721,-2591
47.94,-128.63,1.1679138,276,437.7793418,471.9160858,-8.577288628,2878.245212,2994.455721,-2591
47.94,-128.63,1.1679138,268,437.7793418,471.9160858,-8.577288628,2878.245212,2994.455721,-2591
47.94,-128.63,1.1679138,265,437.7793418,471.9160858,-8.577288628,2878.245212,2994.455721,-2591
47.94,-128.63,1.1679138,261,437.7793418,471.9160858,-8.577288628,2878.245212,2994.455721,-2591
47.94,-128.64,1.1679138,264,437.7793418,471.9160858,-8.577288628,2878.245212,2994.455721,-2594
47.94,-128.64,1.1679138,260,437.7793418,471.9160858,-8.577288628,2878.245212,2994.455721,-2594
47.94,-128.64,1.1679138,256,437.7793418,471.9160858,-8.577288628,2878.245212,2994.455721,-2594
47.94,-128.64,1.1679138,259,437.7793418,471.9160858,-8.577288628,2878.245212,2994.455721,-2594
47.94,-128.59,1.1679138,228,437.7793418,471.9160858,-5.80466938,2878.245212,2994.455721,-2582
47.94,-128.59,1.1679138,221,437.7793418,471.9160858,-5.80466938,2878.245212,2994.455721,-2582
47.94,-128.59,1.1679138,214,437.7793418,471.9160858,-5.80466938,2878.245212,2994.455721,-2582
47.94,-128.59,1.1679138,213,437.7793418,471.9160858,-5.80466938,2878.245212,2994.455721,-2582
47.94,-128.59,1.1679138,213,437.7793418,471.9160858,-5.80466938,2878.245212,2994.455721,-2582
47.94,-128.59,1.1679138,215,437.7793418,471.9160858,-5.80466938,2878.245212,2994.455721,-2582
47.94,-128.59,1.1679138,223,437.7793418,471.9160858,-5.80466938,2878.245212,2994.455721,-2582
47.94,-128.6,1.1679138,219,437.7793418,471.9160858,-5.80466938,2878.245212,2994.455721,-2582
47.94,-128.6,1.1679138,230,437.7793418,471.9160858,-5.80466938,2878.245212,2994.455721,-2582
47.94,-128.6,1.1679138,229,437.7793418,471.9160858,-5.80466938,2878.245212,2994.455721,-2582
47.94,-128.6,1.1679138,240,437.7793418,471.9160858,-5.80466938,2878.245212,2994.455721,-2582
47.94,-128.6,1.1679138,250,437.7793418,471.9160858,-5.80466938,2878.245212,2994.455721,-2582
47.94,-128.6,1.1679138,255,437.7793418,471.9160858,-5.80466938,2878.245212,2994.455721,-2582
47.94,-128.6,1.1679138,259,437.7793418,471.9160858,-5.80466938,2878.245212,2994.455721,-2582
47.94,-128.61,1.1679138,264,437.7793418,471.9160858,-5.80466938,2878.245212,2994.455721,-2582
47.94,-128.61,1.1679138,261,437.7793418,471.9160858,-5.80466938,2878.245212,2994.455721,-2582
47.95,-128.61,0.97481376,257,479.1812693,516.5464137,-5.80466938,2845.5643,2960.374199,-2586
47.95,-128.61,0.97481376,261,479.1812693,516.5464137,-5.80466938,2845.5643,2960.374199,-2586
47.95,-128.61,0.97481376,262,479.1812693,516.5464137,-5.80466938,2845.5643,2960.374199,-2586
47.95,-128.61,0.97481376,268,479.1812693,516.5464137,-5.80466938,2845.5643,2960.374199,-2586
47.95,-128.61,0.97481376,270,479.1812693,516.5464137,-5.80466938,2845.5643,2960.374199,-2586
47.95,-128.62,0.97481376,277,479.1812693,516.5464137,-5.80466938,2845.5643,2960.374199,-2586
47.95,-128.62,0.97481376,276,479.1812693,516.5464137,-5.80466938,2845.5643,2960.374199,-2586
47.95,-128.62,0.97481376,261,479.1812693,516.5464137,-5.80466938,2845.5643,2960.374199,-2586
47.95,-128.62,0.97481376,264,479.1812693,516.5464137,-5.80466938,2845.5643,2960.374199,-2586
47.95,-128.62,0.97481376,256,479.1812693,516.5464137,-5.80466938,2845.5643,2960.374199,-2586
47.95,-128.62,0.97481376,252,479.1812693,516.5464137,-5.80466938,2845.5643,2960.374199,-2586
47.95,-128.62,0.97481376,251,479.1812693,516.5464137,-5.80466938,2845.5643,2960.374199,-2586
47.95,-128.62,0.97481376,244,479.1812693,516.5464137,-5.80466938,2845.5643,2960.374199,-2586
47.95,-128.63,0.97481376,234,479.1812693,516.5464137,-8.577288628,2845.5643,2960.374199,-2589
47.95,-128.63,0.97481376,234,479.1812693,516.5464137,-8.577288628,2845.5643,2960.374199,-2589
47.95,-128.63,0.97481376,235,479.1812693,516.5464137,-8.577288628,2845.5643,2960.374199,-2589
47.95,-128.63,0.97481376,233,479.1812693,516.5464137,-8.577288628,2845.5643,2960.374199,-2589
47.95,-128.63,0.97481376,232,479.1812693,516.5464137,-8.577288628,2845.5643,2960.374199,-2589
47.95,-128.63,0.97481376,230,479.1812693,516.5464137,-8.577288628,2845.5643,2960.374199,-2589
47.95,-128.63,0.97481376,230,479.1812693,516.5464137,-8.577288628,2845.5643,2960.374199,-2589
47.95,-128.64,0.97481376,226,479.1812693,516.5464137,-8.577288628,2845.5643,2960.374199,-2590
47.95,-128.64,0.97481376,219,479.1812693,516.5464137,-8.577288628,2845.5643,2960.374199,-2590
47.95,-128.64,0.97481376,215,479.1812693,516.5464137,-8.577288628,2845.5643,2960.374199,-2590
47.95,-128.64,0.97481376,217,479.1812693,516.5464137,-8.577288628,2845.5643,2960.374199,-2590
47.95,-128.64,0.97481376,207,479.1812693,516.5464137,-8.577288628,2845.5643,2960.374199,-2590
47.95,-128.64,0.97481376,199,479.1812693,516.5464137,-8.577288628,2845.5643,2960.374199,-2590
47.95,-128.64,0.97481376,194,479.1812693,516.5464137,-8.577288628,2845.5643,2960.374199,-2590
47.95,-128.64,0.97481376,197,479.1812693,516.5464137,-8.577288628,2845.5643,2960.374199,-2590
47.95,-128.65,0.74019408,192,549.9052365,592.7852277,-8.577288628,2801.120864,2914.026044,-2588
47.95,-128.65,0.74019408,188,549.9052365,592.7852277,-8.577288628,2801.120864,2914.026044,-2588
47.95,-128.58,0.97481376,201,479.1812693,516.5464137,-5.80466938,2845.5643,2960.374199,-2582
47.95,-128.58,0.97481376,198,479.1812693,516.5464137,-5.80466938,2845.5643,2960.374199,-2582
47.95,-128.58,0.97481376,202,479.1812693,516.5464137,-5.80466938,2845.5643,2960.374199,-2582
47.95,-128.59,0.97481376,206,479.1812693,516.5464137,-5.80466938,2845.5643,2960.374199,-2582
47.95,-128.59,0.97481376,203,479.1812693,516.5464137,-5.80466938,2845.5643,2960.374199,-2582
47.95,-128.59,0.97481376,209,479.1812693,516.5464137,-5.80466938,2845.5643,2960.374199,-2582
47.95,-128.59,0.97481376,215,479.1812693,516.5464137,-5.80466938,2845.5643,2960.374199,-2582
47.95,-128.59,0.97481376,221,479.1812693,516.5464137,-5.80466938,2845.5643,2960.374199,-2582
47.95,-128.59,0.97481376,231,479.1812693,516.5464137,-5.80466938,2845.5643,2960.374199,-2582
47.95,-128.59,0.97481376,227,479.1812693,516.5464137,-5.80466938,2845.5643,2960.374199,-2582
47.95,-128.6,0.97481376,236,479.1812693,516.5464137,-5.80466938,2845.5643,2960.374199,-2584
47.95,-128.6,0.97481376,240,479.1812693,516.5464137,-5.80466938,2845.5643,2960.374199,-2584
47.95,-128.6,0.97481376,248,479.1812693,516.5464137,-5.80466938,2845.5643,2960.374199,-2584
47.95,-128.6,0.97481376,251,479.1812693,516.5464137,-5.80466938,2845.5643,2960.374199,-2584
47.95,-128.6,0.97481376,249,479.1812693,516.5464137,-5.80466938,2845.5643,2960.374199,-2584
47.95,-128.6,0.97481376,244,479.1812693,516.5464137,-5.80466938,2845.5643,2960.374199,-2584
47.95,-128.6,0.97481376,239,479.1812693,516.5464137,-5.80466938,2845.5643,2960.374199,-2584
47.95,-128.61,0.97481376,236,479.1812693,516.5464137,-5.80466938,2845.5643,2960.374199,-2586
47.96,-128.57,0.97481376,220,479.1812693,516.5464137,-6.473732948,2845.5643,2960.374199,-2585
47.96,-128.57,0.97481376,216,479.1812693,516.5464137,-6.473732948,2845.5643,2960.374199,-2585
47.96,-128.57,0.97481376,209,479.1812693,516.5464137,-6.473732948,2845.5643,2960.374199,-2585
47.96,-128.58,0.97481376,204,479.1812693,516.5464137,-6.473732948,2845.5643,2960.374199,-2586
47.96,-128.58,0.97481376,199,479.1812693,516.5464137,-6.473732948,2845.5643,2960.374199,-2586
47.96,-128.58,0.97481376,201,479.1812693,516.5464137,-6.473732948,2845.5643,2960.374199,-2586
47.96,-128.58,0.97481376,220,479.1812693,516.5464137,-6.473732948,2845.5643,2960.374199,-2586
47.96,-128.59,0.97481376,209,479.1812693,516.5464137,-6.473732948,2845.5643,2960.374199,-2585
47.96,-128.59,0.97481376,199,479.1812693,516.5464137,-6.473732948,2845.5643,2960.374199,-2585
47.89,-128.67,0.91232389,329,495.3203091,533.9439284,-8.577288628,2834.304766,2948.632113,-2623
47.89,-128.67,0.91232389,343,495.3203091,533.9439284,-8.577288628,2834.304766,2948.632113,-2623
47.89,-128.67,0.91232389,382,495.3203091,533.9439284,-8.577288628,2834.304766,2948.632113,-2623
47.89,-128.68,0.91232389,349,495.3203091,533.9439284,-8.577288628,2834.304766,2948.632113,-2631
47.89,-128.68,0.91232389,345,495.3203091,533.9439284,-8.577288628,2834.304766,2948.632113,-2631
47.9,-128.69,0.91232389,298,495.3203091,533.9439284,-8.577288628,2834.304766,2948.632113,-2623
47.9,-128.69,0.91232389,277,495.3203091,533.9439284,-8.577288628,2834.304766,2948.632113,-2623
47.9,-128.69,0.91232389,263,495.3203091,533.9439284,-8.577288628,2834.304766,2948.632113,-2623
47.9,-128.7,0.91232389,275,495.3203091,533.9439284,-8.577288628,2834.304766,2948.632113,-2622
47.9,-128.7,0.91232389,240,495.3203091,533.9439284,-8.577288628,2834.304766,2948.632113,-2622
47.9,-128.71,0.91232389,214,495.3203091,533.9439284,-8.577288628,2834.304766,2948.632113,-2624
47.9,-128.71,0.91232389,204,495.3203091,533.9439284,-8.577288628,2834.304766,2948.632113,-2624
47.9,-128.71,0.91232389,243,495.3203091,533.9439284,-8.577288628,2834.304766,2948.632113,-2624
47.9,-128.72,0.91232389,236,495.3203091,533.9439284,-8.577288628,2834.304766,2948.632113,-2626
47.9,-128.72,0.91232389,226,495.3203091,533.9439284,-8.577288628,2834.304766,2948.632113,-2626
47.9,-128.72,0.91232389,200,495.3203091,533.9439284,-8.577288628,2834.304766,2948.632113,-2626
47.9,-128.73,0.91232389,211,495.3203091,533.9439284,-8.577288628,2834.304766,2948.632113,-2628
47.9,-128.73,0.91232389,182,495.3203091,533.9439284,-8.577288628,2834.304766,2948.632113,-2628
47.91,-128.74,0.91232389,126,495.3203091,533.9439284,-8.577288628,2834.304766,2948.632113,-2624
47.91,-128.74,0.91232389,135,495.3203091,533.9439284,-8.577288628,2834.304766,2948.632113,-2624
47.91,-128.75,0.66285837,142,581.0992123,626.4116178,-10.49689579,2784.956401,2897.168818,-2624
47.91,-128.75,0.66285837,156,581.0992123,626.4116178,-10.49689579,2784.956401,2897.168818,-2624
47.91,-128.76,0.66285837,185,581.0992123,626.4116178,-10.49689579,2784.956401,2897.168818,-2619
47.91,-128.76,0.66285837,184,581.0992123,626.4116178,-10.49689579,2784.956401,2897.168818,-2619
47.91,-128.76,0.66285837,110,581.0992123,626.4116178,-10.49689579,2784.956401,2897.168818,-2619
47.91,-128.77,0.66285837,114,581.0992123,626.4116178,-10.49689579,2784.956401,2897.168818,-2614
47.91,-128.77,0.66285837,133,581.0992123,626.4116178,-10.49689579,2784.956401,2897.168818,-2614
47.91,-128.78,0.66285837,141,581.0992123,626.4116178,-10.49689579,2784.956401,2897.168818,-2608
47.91,-128.78,0.66285837,140,581.0992123,626.4116178,-10.49689579,2784.956401,2897.168818,-2608
47.92,-128.78,0.66285837,100,581.0992123,626.4116178,-10.49689579,2784.956401,2897.168818,-2607
47.92,-128.79,0.66285837,83,581.0992123,626.4116178,-10.49689579,2784.956401,2897.168818,-2602
47.92,-128.79,0.66285837,73,581.0992123,626.4116178,-10.49689579,2784.956401,2897.168818,-2602
47.92,-128.79,0.66285837,79,581.0992123,626.4116178,-10.49689579,2784.956401,2897.168818,-2602
47.92,-128.8,0.66285837,79,581.0992123,626.4116178,-10.49689579,2784.956401,2897.168818,-2595
47.92,-128.81,0.66285837,102,581.0992123,626.4116178,-10.49689579,2784.956401,2897.168818,-2590
47.92,-128.82,0.66285837,106,581.0992123,626.4116178,-10.49689579,2784.956401,2897.168818,-2588
47.92,-128.82,0.66285837,107,581.0992123,626.4116178,-10.49689579,2784.956401,2897.168818,-2588
47.92,-128.82,0.66285837,106,581.0992123,626.4116178,-10.49689579,2784.956401,2897.168818,-2588
47.92,-128.82,0.66285837,106,581.0992123,626.4116178,-10.49689579,2784.956401,2897.168818,-2588
47.92,-128.82,0.66285837,115,581.0992123,626.4116178,-10.49689579,2784.956401,2897.168818,-2588
47.92,-128.82,0.66285837,119,581.0992123,626.4116178,-10.49689579,2784.956401,2897.168818,-2588
47.92,-128.82,0.66285837,111,581.0992123,626.4116178,-10.49689579,2784.956401,2897.168818,-2588
47.92,-128.83,0.66285837,85,581.0992123,626.4116178,-10.49689579,2784.956401,2897.168818,-2586
47.92,-128.83,0.66285837,71,581.0992123,626.4116178,-10.49689579,2784.956401,2897.168818,-2586
47.92,-128.83,0.66285837,69,581.0992123,626.4116178,-10.49689579,2784.956401,2897.168818,-2586
47.92,-128.83,0.66285837,73,581.0992123,626.4116178,-10.49689579,2784.956401,2897.168818,-2586
47.92,-128.83,0.66285837,83,581.0992123,626.4116178,-10.49689579,2784.956401,2897.168818,-2586
47.93,-128.83,0.66285837,99,581.0992123,626.4116178,-10.49689579,2784.956401,2897.168818,-2585
47.93,-128.83,0.66285837,112,581.0992123,626.4116178,-10.49689579,2784.956401,2897.168818,-2585
47.93,-128.84,0.66285837,130,581.0992123,626.4116178,-10.49689579,2784.956401,2897.168818,-2578
47.94,-128.57,1.1679138,252,437.7793418,471.9160858,-5.80466938,2878.245212,2994.455721,-2585
47.94,-128.57,1.1679138,235,437.7793418,471.9160858,-5.80466938,2878.245212,2994.455721,-2585
47.94,-128.58,1.1679138,226,437.7793418,471.9160858,-5.80466938,2878.245212,2994.455721,-2584
47.94,-128.58,1.1679138,220,437.7793418,471.9160858,-5.80466938,2878.245212,2994.455721,-2584
47.94,-128.58,1.1679138,216,437.7793418,471.9160858,-5.80466938,2878.245212,2994.455721,-2584
47.94,-128.58,1.1679138,219,437.7793418,471.9160858,-5.80466938,2878.245212,2994.455721,-2584
47.94,-128.58,1.1679138,221,437.7793418,471.9160858,-5.80466938,2878.245212,2994.455721,-2584
47.94,-128.58,1.1679138,231,437.7793418,471.9160858,-5.80466938,2878.245212,2994.455721,-2584
47.94,-128.58,1.1679138,238,437.7793418,471.9160858,-5.80466938,2878.245212,2994.455721,-2584
47.94,-128.58,1.1679138,238,437.7793418,471.9160858,-5.80466938,2878.245212,2994.455721,-2584
47.93,-128.57,1.1679138,234,437.7793418,471.9160858,-5.80466938,2878.245212,2994.455721,-2586
47.86,-128.49,1.414219,418,397.8343928,428.8563473,-8.135784149,2916.22329,3034.061431,-2663
47.86,-128.5,1.414219,393,397.8343928,428.8563473,-8.135784149,2916.22329,3034.061431,-2665
47.86,-128.5,1.414219,389,397.8343928,428.8563473,-8.135784149,2916.22329,3034.061431,-2665
47.86,-128.51,1.414219,452,397.8343928,428.8563473,-5.80466938,2916.22329,3034.061431,-2666
47.86,-128.51,1.414219,455,397.8343928,428.8563473,-5.80466938,2916.22329,3034.061431,-2666
47.86,-128.51,1.414219,431,397.8343928,428.8563473,-5.80466938,2916.22329,3034.061431,-2666
47.86,-128.51,1.414219,363,397.8343928,428.8563473,-5.80466938,2916.22329,3034.061431,-2666
47.86,-128.52,1.414219,304,397.8343928,428.8563473,-5.80466938,2916.22329,3034.061431,-2667
47.86,-128.52,1.414219,302,397.8343928,428.8563473,-5.80466938,2916.22329,3034.061431,-2667
47.86,-128.52,1.414219,293,397.8343928,428.8563473,-5.80466938,2916.22329,3034.061431,-2667
47.86,-128.52,1.414219,279,397.8343928,428.8563473,-5.80466938,2916.22329,3034.061431,-2667
47.86,-128.53,1.414219,288,397.8343928,428.8563473,-5.80466938,2916.22329,3034.061431,-2666
47.86,-128.53,1.414219,324,397.8343928,428.8563473,-5.80466938,2916.22329,3034.061431,-2666
47.86,-128.53,1.414219,298,397.8343928,428.8563473,-5.80466938,2916.22329,3034.061431,-2666
47.86,-128.53,1.414219,334,397.8343928,428.8563473,-5.80466938,2916.22329,3034.061431,-2666
47.86,-128.54,1.414219,367,397.8343928,428.8563473,-5.80466938,2916.22329,3034.061431,-2667
47.86,-128.54,1.414219,318,397.8343928,428.8563473,-5.80466938,2916.22329,3034.061431,-2667
47.87,-128.54,1.414219,276,397.8343928,428.8563473,-5.80466938,2916.22329,3034.061431,-2666
47.87,-128.54,1.414219,267,397.8343928,428.8563473,-5.80466938,2916.22329,3034.061431,-2666
47.87,-128.55,1.1679138,269,437.7793418,471.9160858,-5.80466938,2878.245212,2994.455721,-2662
47.87,-128.55,1.1679138,283,437.7793418,471.9160858,-5.80466938,2878.245212,2994.455721,-2662
47.87,-128.55,1.1679138,299,437.7793418,471.9160858,-5.80466938,2878.245212,2994.455721,-2662
47.87,-128.55,1.1679138,313,437.7793418,471.9160858,-5.80466938,2878.245212,2994.455721,-2662
47.87,-128.56,1.1679138,302,437.7793418,471.9160858,-5.80466938,2878.245212,2994.455721,-2650
47.87,-128.56,1.1679138,308,437.7793418,471.9160858,-5.80466938,2878.245212,2994.455721,-2650
47.87,-128.56,1.1679138,330,437.7793418,471.9160858,-5.80466938,2878.245212,2994.455721,-2650
47.87,-128.56,1.1679138,299,437.7793418,471.9160858,-5.80466938,2878.245212,2994.455721,-2650
47.87,-128.57,1.1679138,394,437.7793418,471.9160858,-5.80466938,2878.245212,2994.455721,-2629
47.87,-128.57,1.1679138,552,437.7793418,471.9160858,-5.80466938,2878.245212,2994.455721,-2629
47.87,-128.57,1.1679138,606,437.7793418,471.9160858,-5.80466938,2878.245212,2994.455721,-2629
47.87,-128.57,1.1679138,483,437.7793418,471.9160858,-5.80466938,2878.245212,2994.455721,-2629
47.87,-128.58,1.1679138,448,437.7793418,471.9160858,-5.80466938,2878.245212,2994.455721,-2619
47.87,-128.58,1.1679138,532,437.7793418,471.9160858,-5.80466938,2878.245212,2994.455721,-2619
47.87,-128.58,1.1679138,503,437.7793418,471.9160858,-5.80466938,2878.245212,2994.455721,-2619
47.87,-128.59,1.1679138,463,437.7793418,471.9160858,-5.80466938,2878.245212,2994.455721,-2628
47.87,-128.59,1.1679138,450,437.7793418,471.9160858,-5.80466938,2878.245212,2994.455721,-2628
47.88,-128.59,1.1679138,411,437.7793418,471.9160858,-5.80466938,2878.245212,2994.455721,-2620
47.88,-128.59,1.1679138,464,437.7793418,471.9160858,-5.80466938,2878.245212,2994.455721,-2620
47.88,-128.6,1.1679138,474,437.7793418,471.9160858,-5.80466938,2878.245212,2994.455721,-2609
47.88,-128.6,1.1679138,533,437.7793418,471.9160858,-5.80466938,2878.245212,2994.455721,-2609
47.88,-128.6,1.1679138,477,437.7793418,471.9160858,-5.80466938,2878.245212,2994.455721,-2609
47.88,-128.6,1.1679138,404,437.7793418,471.9160858,-5.80466938,2878.245212,2994.455721,-2609
47.88,-128.61,1.1679138,386,437.7793418,471.9160858,-5.80466938,2878.245212,2994.455721,-2607
47.88,-128.61,1.1679138,453,437.7793418,471.9160858,-5.80466938,2878.245212,2994.455721,-2607
47.88,-128.61,1.1679138,338,437.7793418,471.9160858,-5.80466938,2878.245212,2994.455721,-2607
47.88,-128.62,1.1679138,283,437.7793418,471.9160858,-5.80466938,2878.245212,2994.455721,-2605
47.88,-128.62,1.1679138,283,437.7793418,471.9160858,-5.80466938,2878.245212,2994.455721,-2605
47.88,-128.63,1.1679138,280,437.7793418,471.9160858,-8.577288628,2878.245212,2994.455721,-2607
47.88,-128.63,1.1679138,303,437.7793418,471.9160858,-8.577288628,2878.245212,2994.455721,-2607
47.89,-128.64,1.1679138,349,437.7793418,471.9160858,-8.577288628,2878.245212,2994.455721,-2609
47.89,-128.64,1.1679138,415,437.7793418,471.9160858,-8.577288628,2878.245212,2994.455721,-2609
47.89,-128.64,1.1679138,368,437.7793418,471.9160858,-8.577288628,2878.245212,2994.455721,-2609
47.89,-128.65,0.91232389,462,495.3203091,533.9439284,-8.577288628,2834.304766,2948.632113,-2617
47.89,-128.65,0.91232389,401,495.3203091,533.9439284,-8.577288628,2834.304766,2948.632113,-2617
47.89,-128.66,0.91232389,311,495.3203091,533.9439284,-8.577288628,2834.304766,2948.632113,-2619
47.89,-128.66,0.91232389,313,495.3203091,533.9439284,-8.577288628,2834.304766,2948.632113,-2619
47.92,-128.79,0.66285837,85,581.0992123,626.4116178,-10.49689579,2784.956401,2897.168818,-2602
47.92,-128.79,0.66285837,85,581.0992123,626.4116178,-10.49689579,2784.956401,2897.168818,-2602
47.92,-128.8,0.66285837,84,581.0992123,626.4116178,-10.49689579,2784.956401,2897.168818,-2595
47.92,-128.8,0.66285837,82,581.0992123,626.4116178,-10.49689579,2784.956401,2897.168818,-2595
47.92,-128.81,0.66285837,82,581.0992123,626.4116178,-10.49689579,2784.956401,2897.168818,-2590
47.92,-128.81,0.66285837,92,581.0992123,626.4116178,-10.49689579,2784.956401,2897.168818,-2590
47.92,-128.81,0.66285837,103,581.0992123,626.4116178,-10.49689579,2784.956401,2897.168818,-2590
47.92,-128.81,0.66285837,98,581.0992123,626.4116178,-10.49689579,2784.956401,2897.168818,-2590
47.92,-128.81,0.66285837,113,581.0992123,626.4116178,-10.49689579,2784.956401,2897.168818,-2590
47.92,-128.81,0.66285837,114,581.0992123,626.4116178,-10.49689579,2784.956401,2897.168818,-2590
47.75,-127.71,3.4946105,164,253.0820072,272.816597,-0.975069642,3154.285707,3282.326523,-2663
47.75,-127.72,3.4946105,158,253.0820072,272.816597,-0.975069642,3154.285707,3282.326523,-2664
47.75,-127.72,3.4946105,150,253.0820072,272.816597,-0.975069642,3154.285707,3282.326523,-2664
47.75,-127.72,3.4946105,150,253.0820072,272.816597,-0.975069642,3154.285707,3282.326523,-2664
47.76,-127.72,3.3711357,155,257.6751524,277.7679021,-0.975069642,3142.622847,3270.163826,-2663
47.76,-127.73,3.3711357,157,257.6751524,277.7679021,-0.975069642,3142.622847,3270.163826,-2662
47.76,-127.73,3.3711357,158,257.6751524,277.7679021,-0.975069642,3142.622847,3270.163826,-2662
47.76,-127.73,3.3711357,160,257.6751524,277.7679021,-0.975069642,3142.622847,3270.163826,-2662
47.76,-127.73,3.3711357,156,257.6751524,277.7679021,-0.975069642,3142.622847,3270.163826,-2662
47.76,-127.74,3.3711357,162,257.6751524,277.7679021,-0.975069642,3142.622847,3270.163826,-2663
47.76,-127.74,3.3711357,169,257.6751524,277.7679021,-0.975069642,3142.622847,3270.163826,-2663
47.76,-127.74,3.3711357,182,257.6751524,277.7679021,-0.975069642,3142.622847,3270.163826,-2663
47.76,-127.74,3.3711357,195,257.6751524,277.7679021,-0.975069642,3142.622847,3270.163826,-2663
47.76,-127.75,3.1612465,204,266.091792,286.8408464,-0.975069642,3122.296309,3248.966151,-2664
47.76,-127.75,3.1612465,220,266.091792,286.8408464,-0.975069642,3122.296309,3248.966151,-2664
47.76,-127.75,3.1612465,255,266.091792,286.8408464,-0.975069642,3122.296309,3248.966151,-2664
47.76,-127.75,3.1612465,283,266.091792,286.8408464,-0.975069642,3122.296309,3248.966151,-2664
47.76,-127.76,3.1612465,326,266.091792,286.8408464,-0.975069642,3122.296309,3248.966151,-2663
47.76,-127.76,3.1612465,343,266.091792,286.8408464,-0.975069642,3122.296309,3248.966151,-2663
47.76,-127.76,3.1612465,320,266.091792,286.8408464,-0.975069642,3122.296309,3248.966151,-2663
47.76,-127.77,3.1612465,297,266.091792,286.8408464,-0.975069642,3122.296309,3248.966151,-2664
47.76,-127.77,3.1612465,256,266.091792,286.8408464,-0.975069642,3122.296309,3248.966151,-2664
47.76,-127.77,3.1612465,245,266.091792,286.8408464,-0.975069642,3122.296309,3248.966151,-2664
47.77,-127.77,3.1612465,245,266.091792,286.8408464,-0.975069642,3122.296309,3248.966151,-2660
47.77,-127.78,3.1612465,235,266.091792,286.8408464,-0.975069642,3122.296309,3248.966151,-2657
47.77,-127.78,3.1612465,229,266.091792,286.8408464,-0.975069642,3122.296309,3248.966151,-2657
47.77,-127.78,3.1612465,222,266.091792,286.8408464,-0.975069642,3122.296309,3248.966151,-2657
47.77,-127.78,3.1612465,219,266.091792,286.8408464,-0.975069642,3122.296309,3248.966151,-2657
47.77,-127.79,3.1612465,213,266.091792,286.8408464,-0.975069642,3122.296309,3248.966151,-2657
47.77,-127.79,3.1612465,197,266.091792,286.8408464,-0.975069642,3122.296309,3248.966151,-2657
47.77,-127.79,3.1612465,198,266.091792,286.8408464,-0.975069642,3122.296309,3248.966151,-2657
47.77,-127.7,3.3711357,208,257.6751524,277.7679021,-0.975069642,3142.622847,3270.163826,-2661
47.77,-127.7,3.3711357,206,257.6751524,277.7679021,-0.975069642,3142.622847,3270.163826,-2661
47.77,-127.7,3.3711357,202,257.6751524,277.7679021,-0.975069642,3142.622847,3270.163826,-2661
47.77,-127.7,3.3711357,205,257.6751524,277.7679021,-0.975069642,3142.622847,3270.163826,-2661
47.77,-127.71,3.3711357,205,257.6751524,277.7679021,-0.975069642,3142.622847,3270.163826,-2660
47.77,-127.71,3.3711357,198,257.6751524,277.7679021,-0.975069642,3142.622847,3270.163826,-2660
47.77,-127.71,3.3711357,176,257.6751524,277.7679021,-0.975069642,3142.622847,3270.163826,-2660
47.77,-127.71,3.3711357,178,257.6751524,277.7679021,-0.975069642,3142.622847,3270.163826,-2660
47.77,-127.72,3.3711357,180,257.6751524,277.7679021,-0.975069642,3142.622847,3270.163826,-2660
47.77,-127.72,3.3711357,182,257.6751524,277.7679021,-0.975069642,3142.622847,3270.163826,-2660
47.77,-127.72,3.3711357,191,257.6751524,277.7679021,-0.975069642,3142.622847,3270.163826,-2660
47.77,-127.72,3.3711357,190,257.6751524,277.7679021,-0.975069642,3142.622847,3270.163826,-2660
47.78,-127.73,3.3711357,196,257.6751524,277.7679021,-0.975069642,3142.622847,3270.163826,-2659
47.78,-127.73,3.3711357,202,257.6751524,277.7679021,-0.975069642,3142.622847,3270.163826,-2659
47.78,-127.73,3.3711357,197,257.6751524,277.7679021,-0.975069642,3142.622847,3270.163826,-2659
47.78,-127.73,3.3711357,196,257.6751524,277.7679021,-0.975069642,3142.622847,3270.163826,-2659
47.78,-127.73,3.3711357,198,257.6751524,277.7679021,-0.975069642,3142.622847,3270.163826,-2659
47.78,-127.73,3.3711357,198,257.6751524,277.7679021,-0.975069642,3142.622847,3270.163826,-2659
47.78,-127.73,3.3711357,198,257.6751524,277.7679021,-0.975069642,3142.622847,3270.163826,-2659
47.78,-127.73,3.3711357,212,257.6751524,277.7679021,-0.975069642,3142.622847,3270.163826,-2659
47.78,-127.74,3.3711357,203,257.6751524,277.7679021,-0.975069642,3142.622847,3270.163826,-2660
47.78,-127.74,3.3711357,215,257.6751524,277.7679021,-0.975069642,3142.622847,3270.163826,-2660
47.78,-127.74,3.3711357,229,257.6751524,277.7679021,-0.975069642,3142.622847,3270.163826,-2660
47.78,-127.74,3.3711357,254,257.6751524,277.7679021,-0.975069642,3142.622847,3270.163826,-2660
47.78,-127.74,3.3711357,279,257.6751524,277.7679021,-0.975069642,3142.622847,3270.163826,-2660
47.78,-127.74,3.3711357,300,257.6751524,277.7679021,-0.975069642,3142.622847,3270.163826,-2660
47.78,-127.74,3.3711357,315,257.6751524,277.7679021,-0.975069642,3142.622847,3270.163826,-2660
47.78,-127.75,3.1612465,334,266.091792,286.8408464,-0.975069642,3122.296309,3248.966151,-2659
47.78,-127.75,3.1612465,341,266.091792,286.8408464,-0.975069642,3122.296309,3248.966151,-2659
47.78,-127.75,3.1612465,342,266.091792,286.8408464,-0.975069642,3122.296309,3248.966151,-2659
47.78,-127.75,3.1612465,359,266.091792,286.8408464,-0.975069642,3122.296309,3248.966151,-2659
47.78,-127.75,3.1612465,365,266.091792,286.8408464,-0.975069642,3122.296309,3248.966151,-2659
47.78,-127.75,3.1612465,362,266.091792,286.8408464,-0.975069642,3122.296309,3248.966151,-2659
47.78,-127.75,3.1612465,361,266.091792,286.8408464,-0.975069642,3122.296309,3248.966151,-2659
47.78,-127.76,3.1612465,361,266.091792,286.8408464,-0.975069642,3122.296309,3248.966151,-2658
47.78,-127.76,3.1612465,345,266.091792,286.8408464,-0.975069642,3122.296309,3248.966151,-2658
47.78,-127.76,3.1612465,325,266.091792,286.8408464,-0.975069642,3122.296309,3248.966151,-2658
47.78,-127.76,3.1612465,319,266.091792,286.8408464,-0.975069642,3122.296309,3248.966151,-2658
47.78,-127.76,3.1612465,330,266.091792,286.8408464,-0.975069642,3122.296309,3248.966151,-2658
47.78,-127.76,3.1612465,296,266.091792,286.8408464,-0.975069642,3122.296309,3248.966151,-2658
47.78,-127.76,3.1612465,278,266.091792,286.8408464,-0.975069642,3122.296309,3248.966151,-2658
47.78,-127.77,3.1612465,243,266.091792,286.8408464,-0.975069642,3122.296309,3248.966151,-2655
47.78,-127.77,3.1612465,230,266.091792,286.8408464,-0.975069642,3122.296309,3248.966151,-2655
47.79,-127.77,3.1612465,229,266.091792,286.8408464,-0.975069642,3122.296309,3248.966151,-2654
47.79,-127.77,3.1612465,226,266.091792,286.8408464,-0.975069642,3122.296309,3248.966151,-2654
47.79,-127.78,3.1612465,215,266.091792,286.8408464,-0.975069642,3122.296309,3248.966151,-2655
47.79,-127.78,3.1612465,207,266.091792,286.8408464,-0.975069642,3122.296309,3248.966151,-2655
47.79,-127.78,3.1612465,201,266.091792,286.8408464,-0.975069642,3122.296309,3248.966151,-2655
47.79,-127.78,3.1612465,193,266.091792,286.8408464,-0.975069642,3122.296309,3248.966151,-2655
47.79,-127.79,3.1612465,193,266.091792,286.8408464,-0.975069642,3122.296309,3248.966151,-2654
47.79,-127.79,3.1612465,191,266.091792,286.8408464,-0.975069642,3122.296309,3248.966151,-2654
47.79,-127.79,3.1612465,194,266.091792,286.8408464,-0.975069642,3122.296309,3248.966151,-2654
47.79,-127.79,3.1612465,202,266.091792,286.8408464,-0.975069642,3122.296309,3248.966151,-2654
47.79,-127.8,3.1612465,207,266.091792,286.8408464,-0.975069642,3122.296309,3248.966151,-2650
47.79,-127.8,3.1612465,195,266.091792,286.8408464,-0.975069642,3122.296309,3248.966151,-2650
47.76,-127.75,3.1612465,199,266.091792,286.8408464,-0.975069642,3122.296309,3248.966151,-2664
47.76,-127.75,3.1612465,217,266.091792,286.8408464,-0.975069642,3122.296309,3248.966151,-2664
47.76,-127.75,3.1612465,248,266.091792,286.8408464,-0.975069642,3122.296309,3248.966151,-2664
47.76,-127.75,3.1612465,256,266.091792,286.8408464,-0.975069642,3122.296309,3248.966151,-2664
47.76,-127.75,3.1612465,273,266.091792,286.8408464,-0.975069642,3122.296309,3248.966151,-2664
47.76,-127.76,3.1612465,308,266.091792,286.8408464,-0.975069642,3122.296309,3248.966151,-2663
47.76,-127.76,3.1612465,320,266.091792,286.8408464,-0.975069642,3122.296309,3248.966151,-2663
47.76,-127.76,3.1612465,338,266.091792,286.8408464,-0.975069642,3122.296309,3248.966151,-2663
47.76,-127.76,3.1612465,340,266.091792,286.8408464,-0.975069642,3122.296309,3248.966151,-2663
47.76,-127.76,3.1612465,353,266.091792,286.8408464,-0.975069642,3122.296309,3248.966151,-2663
47.76,-127.76,3.1612465,349,266.091792,286.8408464,-0.975069642,3122.296309,3248.966151,-2663
47.76,-127.76,3.1612465,327,266.091792,286.8408464,-0.975069642,3122.296309,3248.966151,-2663
47.76,-127.76,3.1612465,316,266.091792,286.8408464,-0.975069642,3122.296309,3248.966151,-2663
47.76,-127.77,3.1612465,294,266.091792,286.8408464,-0.975069642,3122.296309,3248.966151,-2664
47.76,-127.77,3.1612465,278,266.091792,286.8408464,-0.975069642,3122.296309,3248.966151,-2664
47.76,-127.77,3.1612465,257,266.091792,286.8408464,-0.975069642,3122.296309,3248.966151,-2664
47.76,-127.77,3.1612465,238,266.091792,286.8408464,-0.975069642,3122.296309,3248.966151,-2664
47.76,-127.77,3.1612465,235,266.091792,286.8408464,-0.975069642,3122.296309,3248.966151,-2664
47.77,-127.77,3.1612465,250,266.091792,286.8408464,-0.975069642,3122.296309,3248.966151,-2660
47.77,-127.77,3.1612465,246,266.091792,286.8408464,-0.975069642,3122.296309,3248.966151,-2660
47.77,-127.77,3.1612465,240,266.091792,286.8408464,-0.975069642,3122.296309,3248.966151,-2660
47.77,-127.79,3.1612465,218,266.091792,286.8408464,-0.975069642,3122.296309,3248.966151,-2657
47.77,-127.79,3.1612465,207,266.091792,286.8408464,-0.975069642,3122.296309,3248.966151,-2657
47.77,-127.79,3.1612465,192,266.091792,286.8408464,-0.975069642,3122.296309,3248.966151,-2657
47.77,-127.8,3.1612465,193,266.091792,286.8408464,-0.975069642,3122.296309,3248.966151,-2656
47.77,-127.8,3.1612465,181,266.091792,286.8408464,-0.975069642,3122.296309,3248.966151,-2656
47.77,-127.8,3.1612465,181,266.091792,286.8408464,-0.975069642,3122.296309,3248.966151,-2656
47.77,-127.8,3.1612465,199,266.091792,286.8408464,-0.975069642,3122.296309,3248.966151,-2656
47.77,-127.81,3.1612465,180,266.091792,286.8408464,-0.58204329,3122.296309,3248.966151,-2655
47.77,-127.81,3.1612465,182,266.091792,286.8408464,-0.58204329,3122.296309,3248.966151,-2655
47.77,-127.81,3.1612465,184,266.091792,286.8408464,-0.58204329,3122.296309,3248.966151,-2655
47.77,-127.81,3.1612465,187,266.091792,286.8408464,-0.58204329,3122.296309,3248.966151,-2655
49.83,-120.83,9.2849312,77,155.2641943,167.371239,7.49375248,3566.491478,3712.198255,1570
49.83,-120.8,9.2849312,81,155.2641943,167.371239,10.79877949,3566.491478,3712.198255,1570
49.82,-120.71,9.2849312,70,155.2641943,167.371239,-16.8208313,3566.491478,3712.198255,1459
49.84,-120.61,9.2849312,76,155.2641943,167.371239,10.98878765,3566.491478,3712.198255,1528
49.71,-120.44,9.2849312,79,155.2641943,167.371239,44.19837189,3566.491478,3712.198255,1182
49.74,-120.41,9.2849312,68,155.2641943,167.371239,44.19837189,3566.491478,3712.198255,1111
49.78,-120.49,9.2849312,68,155.2641943,167.371239,24.02601624,3566.491478,3712.198255,1217
49.81,-120,9.2849312,80,155.2641943,167.371239,-5.302611351,3566.491478,3712.198255,1211
49.67,-119.25,9.2849312,67,155.2641943,167.371239,13.5632019,3566.491478,3712.198255,1113
49.7,-119.21,9.2849312,74,155.2641943,167.371239,13.5632019,3566.491478,3712.198255,1234
49.73,-119.16,9.2849312,69,155.2641943,167.371239,8.031478882,3566.491478,3712.198255,1142
49.79,-119.1,9.2849312,81,155.2641943,167.371239,8.031478882,3566.491478,3712.198255,1162
49.96,-119.79,9.2849312,81,155.2641943,167.371239,38.36306,3566.491478,3712.198255,1273
49.57,-119.65,9.2849312,73,155.2641943,167.371239,-64.18450928,3566.491478,3712.198255,1724
49.01,-128.54,2.9651117,234.64,274.7515364,296.1758523,-24.28501511,3102.68249,3228.511739,-2500
49.01,-128.54,2.9651117,234.64,274.7515364,296.1758523,-24.28501511,3102.68249,3228.511739,-2500
48.33,-129.5,1.0923868,252.24,452.6603315,487.9574513,0.952193856,2865.810583,2981.48818,-2581
48.71,-129.33,1.0676979,273.61,457.8639649,493.5668487,-25.78291321,2861.653139,2977.152559,-2811
48.81,-128.53,1.6490558,338.97,368.4198177,397.1481103,-8.860430717,2949.454487,3068.716822,-2279
48.7,-128.64,0.59841609,185.2,611.5881019,659.2779413,-31.13194656,2770.750754,2882.354358,-2532
48.82,-128.75,0.68546021,87.99,571.4385487,615.9976442,-29.66418266,2789.773835,2902.192714,-2530
48.82,-128.75,0.68546021,87.99,571.4385487,615.9976442,-29.66418266,2789.773835,2902.192714,-2530
48.82,-128.75,0.68546021,87.99,571.4385487,615.9976442,-29.66418266,2789.773835,2902.192714,-2530
48.33,-128.65,0.80387408,256.43,527.6751548,568.8217096,0.947541118,2813.806588,2927.255442,-2464
48.36,-128.57,1.033847,300,465.2994327,501.5821124,2.668863773,2855.873935,2971.125675,-2549
48.39,-128.44,1.3642263,272.35,405.0582202,436.6434675,-2.548873425,2908.800345,3026.320359,-2662
48.36,-128.25,1.6470286,274.86,368.6464777,397.3924446,5.411941528,2949.178142,3068.428634,-2575
48.48,-128.27,1.6329716,321.79,370.229775,399.0992028,8.752602577,2947.25722,3066.425387,-2513
48.46,-128.45,1.3784287,433.25,402.9660939,434.3882034,-4.410299301,2910.922761,3028.533737,-2576
48.46,-128.56,0.8665905,423.19,508.2222764,547.851953,8.065933228,2825.81795,2939.781576,-2373
48.46,-128.67,0.59159386,339.39,615.1043949,663.0684244,-10.74924183,2769.202986,2880.740257,-2474
48.46,-128.67,0.59159386,339.39,615.1043949,663.0684244,-10.74924183,2769.202986,2880.740257,-2474
48.46,-128.67,0.59159386,339.39,615.1043949,663.0684244,-10.74924183,2769.202986,2880.740257,-2474
48.45,-128.81,0.34311613,527.94,807.6814184,870.6620372,-13.25694942,2705.016404,2813.802821,-2436
48.45,-128.81,0.34311613,527.94,807.6814184,870.6620372,-13.25694942,2705.016404,2813.802821,-2436
48.45,-128.81,0.34311613,527.94,807.6814184,870.6620372,-13.25694942,2705.016404,2813.802821,-2436
48.47,-128.99,0.2075969,366.63,1038.365445,1119.334125,-29.15257072,2659.46981,2766.30423,-2925
48.47,-129.08,0.41323298,202.38,735.975185,793.3643629,-29.15257072,2724.9912,2834.63368,-2896
48.47,-129.22,0.6946314,319.28,567.6536744,611.9176365,-2.554271936,2791.705925,2904.207607,-2532
48.55,-129.45,1.1500742,237.57,441.1616258,475.5621104,-13.8628149,2875.345294,2991.431521,-2783
48.53,-129.34,0.93639433,234.64,488.9126467,527.0366153,12.00231552,2838.686146,2953.201266,-2557
48.55,-129.23,0.6946314,193.16,567.6536744,611.9176365,-8.629146576,2791.705925,2904.207607,-2614
48.55,-128.93,0.15120271,419,1216.692613,1311.566721,-19.70304871,2636.096774,2741.929493,-2947
48.55,-128.67,0.59159386,104.75,615.1043949,663.0684244,-24.77534676,2769.202986,2880.740257,-2501
48.55,-128.67,0.59159386,104.75,615.1043949,663.0684244,-24.77534676,2769.202986,2880.740257,-2501
48.55,-128.67,0.59159386,104.75,615.1043949,663.0684244,-24.77534676,2769.202986,2880.740257,-2501
48.56,-128.69,0.44956386,360.34,705.6103838,760.6318039,-24.77534676,2734.673332,2844.730761,-2513
48.56,-128.69,0.44956386,360.34,705.6103838,760.6318039,-24.77534676,2734.673332,2844.730761,-2513
48.56,-128.69,0.44956386,360.34,705.6103838,760.6318039,-24.77534676,2734.673332,2844.730761,-2513
48.56,-128.54,0.96464723,190.23,481.6997248,519.261251,1.792574644,2843.757597,2958.490066,-2433
48.57,-128.39,1.2363625,351.96,425.488422,458.6667563,-3.286632776,2889.171436,3005.850211,-2610
48.56,-128.28,1.5076998,295.4,385.3037363,415.3485871,-3.286632776,2929.759497,3048.177761,-2458
48.64,-128.26,1.5076998,199.03,385.3037363,415.3485871,2.654664516,2929.759497,3048.177761,-2551
48.67,-128.43,1.2233963,162.99,427.7372546,461.0909463,-10.13027668,2887.125363,3003.71645,-2512
48.66,-128.5,0.88008928,227.1,504.3096674,543.6342503,-10.13027668,2828.345758,2942.417719,-2527
48.65,-128.68,0.44956386,217.88,705.6103838,760.6318039,-24.77534676,2734.673332,2844.730761,-2573
48.65,-128.68,0.44956386,217.88,705.6103838,760.6318039,-24.77534676,2734.673332,2844.730761,-2573
48.65,-128.68,0.44956386,217.88,705.6103838,760.6318039,-24.77534676,2734.673332,2844.730761,-2573
48.64,-129.47,1.3595402,224.17,405.7557025,437.3953375,-13.8628149,2908.097629,3025.587527,-2816
48.72,-129.49,1.4873363,171.37,387.9324152,418.1822427,-26.31522369,2926.847393,3045.140853,-2808
48.82,-129.51,1.4191555,307.55,397.1418611,428.109814,-23.59581757,2916.949096,3034.818343,-2806
49.03,-129.49,0.30543268,414.39,856.0574429,922.8102817,-5.20979023,2693.430875,2801.720769,-2448
49.03,-129.36,0.60623562,134.92,607.6310159,655.0122934,-10.64613438,2772.513969,2884.193139,-2460
49.03,-129.21,1.1776359,155.03,435.9685294,469.9640717,-18.11326599,2879.816268,2996.094108,-2436
49,-129.12,1.4348531,134.92,394.9634782,425.7615673,-1.22399497,2919.248739,3037.216542,-2425
49.01,-128.83,2.2600608,122.77,314.7027932,339.2423904,-21.98124123,3026.172451,3148.722699,-2518
49.03,-128.69,2.5147243,165.92,298.3427371,321.6066253,-20.34945679,3055.025879,3178.812703,-2507
49.01,-128.41,3.2341127,163.41,263.0771232,283.5911026,-22.28199005,3129.427363,3256.402822,-2488
49.01,-128.41,3.2341127,163.41,263.0771232,283.5911026,-22.28199005,3129.427363,3256.402822,-2488
49.02,-128.27,3.4966569,234.64,253.0079389,272.736753,-22.46779251,3154.47725,3282.526275,-2470
49.02,-128.27,3.4966569,234.64,253.0079389,272.736753,-22.46779251,3154.47725,3282.526275,-2470
49.09,-128.26,3.8800023,175.98,240.1843286,258.9131954,-22.46779251,3189.42025,3318.966833,-2465
49.09,-128.26,3.8800023,175.98,240.1843286,258.9131954,-22.46779251,3189.42025,3318.966833,-2465
48.47,-129.4,1.1500742,597.49,441.1616258,475.5621104,12.00231552,2875.345294,2991.431521,-2351
48.34,-128.97,0.12862568,114.39,1319.158005,1422.022062,2.990579128,2625.525479,2730.905142,-2487
48.36,-128.81,0.53057241,328.08,649.5137174,700.1608847,-3.627408266,2754.941405,2865.867466,-2439
48.54,-129.08,0.41323298,423.19,735.975185,793.3643629,-29.15257072,2724.9912,2834.63368,-2672
48.65,-129.08,0.54729426,234.64,639.5142297,689.3816663,-30.70441246,2758.927687,2870.024587,-2790
48.63,-129,0.29284939,316.76,874.2557495,942.4276387,-30.70441246,2689.404462,2797.521796,-2882
48.69,-129.08,0.52265346,45.67,654.4157515,705.4451649,-13.6266613,2753.031715,2863.875931,-2692
48.8,-129.11,0.14601907,238.83,1238.100417,1334.643842,-9.584189415,2633.743546,2739.475412,-2583
48.91,-129.07,0.62740594,207.41,597.2915159,643.8665496,-4.754152298,2777.231361,2889.112705,-2170
48.83,-128.94,0.31936482,136.59,837.1766791,902.4572515,-4.243466377,2697.793302,2806.270158,-2417
48.71,-128.91,0.24071789,275.28,964.2873622,1039.479651,-11.20665169,2671.720533,2779.079985,-2747
48.7,-128.76,0.14280756,129.89,1251.944451,1349.567393,-19.29531097,2632.264606,2737.93309,-2543
48.7,-128.76,0.14280756,129.89,1251.944451,1349.567393,-19.29531097,2632.264606,2737.93309,-2543
48.7,-128.76,0.14280756,129.89,1251.944451,1349.567393,-19.29531097,2632.264606,2737.93309,-2543
48.82,-128.79,0.68546021,146.65,571.4385487,615.9976442,-29.66418266,2789.773835,2902.192714,-2588
48.82,-128.79,0.68546021,146.65,571.4385487,615.9976442,-29.66418266,2789.773835,2902.192714,-2588
48.82,-128.79,0.68546021,146.65,571.4385487,615.9976442,-29.66418266,2789.773835,2902.192714,-2588
49,-128.92,2.0014477,163.83,334.4171458,360.4940102,-12.48082924,2995.153858,3116.374738,-2424
49.07,-128.92,2.6050727,247.21,293.1235658,315.9804784,-19.04327583,3064.908316,3189.118673,-2418
49.07,-128.92,2.6050727,247.21,293.1235658,315.9804784,-19.04327583,3064.908316,3189.118673,-2418
48.89,-128.94,1.2405514,343.16,424.7694532,457.8917244,-4.243466377,2889.830151,3006.537157,-2185
48.89,-128.8,1.5536753,175.98,379.5600789,409.1570563,-29.66418266,2936.262793,3054.959769,-2571
48.89,-128.8,1.5536753,175.98,379.5600789,409.1570563,-29.66418266,2936.262793,3054.959769,-2571
48.89,-128.8,1.5536753,175.98,379.5600789,409.1570563,-29.66418266,2936.262793,3054.959769,-2571
48.9,-128.7,1.8434017,146.65,348.4581825,375.6299256,-30.76771736,2975.201755,3095.567545,-2573
48.9,-128.7,1.8434017,146.65,348.4581825,375.6299256,-30.76771736,2975.201755,3095.567545,-2573
48.9,-128.7,1.8434017,146.65,348.4581825,375.6299256,-30.76771736,2975.201755,3095.567545,-2573
48.72,-128.25,1.5736516,199.86,377.1432725,406.5517944,-6.987557411,2939.058448,3057.875239,-2525
48.71,-128.4,1.2233963,157.54,427.7372546,461.0909463,-10.13027668,2887.125363,3003.71645,-2530
48.71,-128.54,0.88008928,263.97,504.3096674,543.6342503,0.323105454,2828.345758,2942.417719,-2000
48.7,-128.67,0.33493531,87.99,817.4857512,881.230883,-31.13194656,2702.557586,2811.238625,-2550
48.7,-128.67,0.33493531,87.99,817.4857512,881.230883,-31.13194656,2702.557586,2811.238625,-2550
48.7,-128.67,0.33493531,87.99,817.4857512,881.230883,-31.13194656,2702.557586,2811.238625,-2550
48.65,-129.22,0.81750315,400.98,523.2580779,564.0602022,-8.629146576,2816.455583,2930.017965,-2820
48.64,-129.3,1.0900034,313.83,453.1549545,488.4906436,-8.629146576,2865.411298,2981.071782,-2806
48.71,-129.19,0.7853657,350.7,533.8566956,575.4852688,-20.09845352,2810.173013,2923.466143,-2849
48.8,-129.22,0.54567164,201.96,640.46436,690.405885,-17.66074944,2758.543567,2869.624005,-2766
48.9,-129.19,0.37818527,460.9,769.3223584,829.3118507,-1.22399497,2715.238694,2824.46321,-2263
48.82,-129.32,0.79428655,298.75,530.8502848,572.244427,-17.66074944,2811.929643,2925.298057,-2809
48.91,-129.43,0.2667374,258.94,916.0489941,987.4797975,-3.570052385,2680.763192,2788.510186,-2460
48.91,-129.31,0.1802076,196.09,1114.484692,1201.388927,-3.492266893,2648.57803,2754.94566,-2427
49.08,-129.46,1.125061,222.07,446.0387847,480.8195758,-5.20979023,2871.241124,2987.151458,-2447
49.08,-129.46,1.125061,222.07,446.0387847,480.8195758,-5.20979023,2871.241124,2987.151458,-2447
49.08,-129.35,1.6374265,201.12,369.7257951,398.555924,-10.64613438,2947.866885,3067.06118,-2457
49.08,-129.35,1.6374265,201.12,369.7257951,398.555924,-10.64613438,2947.866885,3067.06118,-2457
49.18,-129.49,1.7575538,192.74,356.866963,384.694398,-12.97815609,2964.004677,3083.890592,-2473
49.18,-129.49,1.7575538,192.74,356.866963,384.694398,-12.97815609,2964.004677,3083.890592,-2473
49.17,-129.33,2.1800005,406.43,320.4294043,345.4155457,-13.58819103,3016.768866,3138.916104,-2445
49.17,-129.33,2.1800005,406.43,320.4294043,345.4155457,-13.58819103,3016.768866,3138.916104,-2445
49.19,-129.21,2.3781426,268.16,306.7903626,330.7129717,-15.92974758,3039.742965,3162.874807,-2418
49.19,-129.21,2.3781426,268.16,306.7903626,330.7129717,-15.92974758,3039.742965,3162.874807,-2418
49.09,-129.2,1.8879606,217.88,344.3215428,371.1707229,-20.16272545,2980.910775,3101.521237,-2412
49.09,-129.2,1.8879606,217.88,344.3215428,371.1707229,-20.16272545,2980.910775,3101.521237,-2412
49.08,-129.06,2.1360242,310.06,323.7110874,348.9531248,-18.71659088,3011.530023,3133.452738,-2403
49.08,-129.06,2.1360242,310.06,323.7110874,348.9531248,-18.71659088,3011.530023,3133.452738,-2403
49.19,-129.06,2.577539,201.12,294.6850043,317.6636733,-13.39474583,3061.915054,3185.997127,-2402
49.19,-129.06,2.577539,201.12,294.6850043,317.6636733,-13.39474583,3061.915054,3185.997127,-2402
49.2,-128.95,3.0559139,364.53,270.6388267,291.7424456,-4.92743206,3111.841036,3238.062794,-2392
49.2,-128.95,3.0559139,364.53,270.6388267,291.7424456,-4.92743206,3111.841036,3238.062794,-2392
49.19,-128.81,3.1512382,448.33,266.5140094,287.2959871,-3.988745928,3121.310453,3247.938044,-2384
49.19,-128.81,3.1512382,448.33,266.5140094,287.2959871,-3.988745928,3121.310453,3247.938044,-2384
49.1,-128.79,2.8598702,272.35,279.7612101,301.5761655,-21.98124123,3091.890277,3217.257003,-2466
49.1,-128.79,2.8598702,272.35,279.7612101,301.5761655,-21.98124123,3091.890277,3217.257003,-2466
48.82,-128.67,1.0121025,87.99,470.2712296,506.9415954,-38.92121506,2852.111568,2967.202064,-2525
48.82,-128.67,1.0121025,87.99,470.2712296,506.9415954,-38.92121506,2852.111568,2967.202064,-2525
48.82,-128.67,1.0121025,87.99,470.2712296,506.9415954,-38.92121506,2852.111568,2967.202064,-2525
48.9,-128.53,2.3829148,320.12,306.4830082,330.3816507,-21.02902031,3040.284243,3163.439282,-2448
48.92,-128.4,2.6493433,149.58,290.664197,313.3293353,-19.92098999,3069.68812,3194.103325,-2508
48.91,-128.26,2.8614984,190.23,279.6816063,301.4903545,-16.00354195,3092.058742,3217.432688,-2468
48.81,-128.24,2.5568075,297.07,295.8772975,318.9489379,-16.03022385,3059.650711,3183.635742,-2471
48.81,-128.41,1.9969267,294.14,334.7954885,360.9018549,-2.498618126,2994.594299,3115.791198,-2505
48.65,-128.78,0.16636826,138.27,1159.913016,1250.359617,-20.98010063,2642.758929,2748.877169,-2554
48.65,-128.78,0.16636826,138.27,1159.913016,1250.359617,-20.98010063,2642.758929,2748.877169,-2554
48.65,-128.78,0.16636826,138.27,1159.913016,1250.359617,-20.98010063,2642.758929,2748.877169,-2554
49.08,-128.72,3.0358994,217.88,271.5294693,292.7025378,-20.34945679,3109.834139,3235.969887,-2489
49.08,-128.72,3.0358994,217.88,271.5294693,292.7025378,-20.34945679,3109.834139,3235.969887,-2489
49.08,-128.72,3.0358994,217.88,271.5294693,292.7025378,-20.34945679,3109.834139,3235.969887,-2489
49.19,-128.72,3.2810533,540.51,261.1884789,281.5551875,-8.446536064,3133.978729,3261.149246,-2467
49.19,-128.72,3.2810533,540.51,261.1884789,281.5551875,-8.446536064,3133.978729,3261.149246,-2467
49.19,-128.72,3.2810533,540.51,261.1884789,281.5551875,-8.446536064,3133.978729,3261.149246,-2467
49.18,-128.54,3.5768967,301.68,250.1540048,269.6602775,-13.29758263,3161.94399,3290.313018,-2471
49.18,-128.54,3.5768967,301.68,250.1540048,269.6602775,-13.29758263,3161.94399,3290.313018,-2471
49.18,-128.43,3.8025918,230.45,242.6167637,261.5353046,-21.71464348,3182.508238,3311.758591,-2459
49.18,-128.43,3.8025918,230.45,242.6167637,261.5353046,-21.71464348,3182.508238,3311.758591,-2459
49.18,-128.26,3.9386008,192.74,238.3909018,256.9799224,-26.03686333,3194.606794,3324.375656,-2457
49.18,-128.26,3.9386008,192.74,238.3909018,256.9799224,-26.03686333,3194.606794,3324.375656,-2457
49.07,-128.55,3.3163073,167.6,259.7964878,280.054653,-24.28501511,3137.375591,3264.691688,-2494
49.07,-128.55,3.3163073,167.6,259.7964878,280.054653,-24.28501511,3137.375591,3264.691688,-2494
49.07,-128.55,3.3163073,167.6,259.7964878,280.054653,-24.28501511,3137.375591,3264.691688,-2494
49.09,-128.55,3.3163073,213.69,259.7964878,280.054653,-24.28501511,3137.375591,3264.691688,-2491
49.09,-128.55,3.3163073,213.69,259.7964878,280.054653,-24.28501511,3137.375591,3264.691688,-2491
48.72,-128.39,1.2233963,154.19,427.7372546,461.0909463,-7.863620758,2887.125363,3003.71645,-2520
48.7,-128.56,0.59841609,195.67,611.5881019,659.2779413,0.323105454,2770.750754,2882.354358,-2205
48.71,-128.61,0.59841609,408.11,611.5881019,659.2779413,0.323105454,2770.750754,2882.354358,-2306
48.71,-128.52,0.88008928,667.05,504.3096674,543.6342503,0.323105454,2828.345758,2942.417719,-2304
48.89,-128.3,2.8614984,70,279.6816063,301.4903545,-9.438058853,3092.058742,3217.432688,-2468
50.26,-128.82,2.7159307,59,287.0789287,309.4644983,-120.0017242,3076.802835,3201.522957,-2021
50.48,-129.53,1.2588239,77,421.6753063,454.5563051,-63.82077408,2892.690626,3009.520224,-2000
50.18,-129.38,1.5338509,90,382.0050342,411.792662,-24.13278008,2933.47057,3052.04788,-2135
50.45,-129.81,1.0826941,105,454.6820128,490.1367774,-21.10007858,2864.184057,2979.791945,-2197
50.32,-129.74,0.80569011,135,527.0801279,568.1802843,-17.49588585,2814.160848,2927.624884,-2225
50.33,-129.73,0.80569011,119,527.0801279,568.1802843,-17.49588585,2814.160848,2927.624884,-2215
50.33,-129.72,0.80569011,125,527.0801279,568.1802843,-17.49588585,2814.160848,2927.624884,-2208
50.33,-129.71,0.80569011,112,527.0801279,568.1802843,-17.49588585,2814.160848,2927.624884,-2216
50.33,-129.7,0.80569011,127,527.0801279,568.1802843,-17.49588585,2814.160848,2927.624884,-2215
50.34,-129.7,0.80569011,111,527.0801279,568.1802843,-17.49588585,2814.160848,2927.624884,-2218
50.34,-129.69,0.80569011,122,527.0801279,568.1802843,-17.49588585,2814.160848,2927.624884,-2221
50.33,-129.74,0.80569011,129,527.0801279,568.1802843,-17.49588585,2814.160848,2927.624884,-2227
50.35,-129.65,1.0622153,121,459.0440712,494.8389763,-28.19542313,2860.723404,2976.182979,-2140
50.31,-129.75,0.80569011,134,527.0801279,568.1802843,-17.49588585,2814.160848,2927.624884,-2229
50.3,-129.79,0.54671323,109,639.8539675,689.7478959,-17.49588585,2758.790206,2869.881215,-2055
50.29,-129.79,0.54671323,110,639.8539675,689.7478959,16.97843361,2758.790206,2869.881215,-2016
50.28,-129.8,0.54671323,118,639.8539675,689.7478959,14.63254833,2758.790206,2869.881215,-1926
50.26,-129.83,0.54671323,111,639.8539675,689.7478959,14.63254833,2758.790206,2869.881215,-1802
50.25,-129.85,0.72064608,105,557.3136045,600.7712784,14.63254833,2797.118065,2909.851697,-1780
50.25,-129.86,0.57892931,101,621.7959517,670.2817692,14.63254833,2766.305915,2877.719026,-1802
50.47,-129.69,1.2723374,95,419.4300211,452.1359392,-39.2351799,2894.79277,3011.71246,-2186
50.44,-129.73,1.0622153,117,459.0440712,494.8389763,-39.2351799,2860.723404,2976.182979,-2205
50.41,-129.8,0.7868275,130,533.3605547,574.9504404,-21.10007858,2810.461541,2923.767036,-2205
50.4,-129.83,0.7868275,126,533.3605547,574.9504404,4.388763428,2810.461541,2923.767036,-2206
50.52,-129.47,1.2588239,61,421.6753063,454.5563051,-63.82077408,2892.690626,3009.520224,-2010
50.53,-129.45,1.2588239,58,421.6753063,454.5563051,-102.2899704,2892.690626,3009.520224,-2014
50.59,-129.36,1.3816251,23,402.4996914,433.8854322,-117.7381287,2911.398924,3029.030307,-1999
50.34,-129.11,1.7557638,79,357.0488295,384.8904459,-103.1302261,2963.768332,3083.644117,-2103
50.39,-129.63,1.2588239,120,421.6753063,454.5563051,-28.19542313,2892.690626,3009.520224,-2122
50.38,-129.65,1.0622153,77,459.0440712,494.8389763,-28.19542313,2860.723404,2976.182979,-2078
50.37,-129.66,1.0622153,111,459.0440712,494.8389763,-28.19542313,2860.723404,2976.182979,-2173
49.77,-128.82,2.8893144,147,278.3320754,300.0355911,-17.13167,3094.929419,3220.426394,-2297
49.78,-128.81,2.8893144,125,278.3320754,300.0355911,-17.13167,3094.929419,3220.426394,-2301
49.81,-128.78,2.8893144,133,278.3320754,300.0355911,-17.13167,3094.929419,3220.426394,-2335
49.93,-128.63,3.2735121,38,261.4891562,281.8793107,-45.36664581,3133.249739,3260.389014,-2069
49.83,-128.76,2.8893144,113,278.3320754,300.0355911,-42.92567444,3094.929419,3220.426394,-2315
48.47,-128.78,0.34311613,404,807.6814184,870.6620372,-13.25694942,2705.016404,2813.802821,-2498
48.47,-128.8,0.34311613,397,807.6814184,870.6620372,-13.25694942,2705.016404,2813.802821,-2473
48.57,-128.69,0.44956386,371,705.6103838,760.6318039,-24.77534676,2734.673332,2844.730761,-2523
48.57,-128.69,0.44956386,262,705.6103838,760.6318039,-24.77534676,2734.673332,2844.730761,-2523
48.57,-128.69,0.44956386,267,705.6103838,760.6318039,-24.77534676,2734.673332,2844.730761,-2523
48.57,-128.7,0.44956386,338,705.6103838,760.6318039,-24.77534676,2734.673332,2844.730761,-2544
48.57,-128.7,0.44956386,388,705.6103838,760.6318039,-24.77534676,2734.673332,2844.730761,-2544
48.56,-128.7,0.44956386,359,705.6103838,760.6318039,-24.77534676,2734.673332,2844.730761,-2534
48.56,-128.7,0.44956386,474,705.6103838,760.6318039,-24.77534676,2734.673332,2844.730761,-2534
48.55,-128.71,0.59159386,587,615.1043949,663.0684244,-24.77534676,2769.202986,2880.740257,-2533
48.55,-128.71,0.59159386,494,615.1043949,663.0684244,-24.77534676,2769.202986,2880.740257,-2533
48.55,-128.72,0.59159386,413,615.1043949,663.0684244,-24.77534676,2769.202986,2880.740257,-2538
48.54,-128.72,0.59159386,335,615.1043949,663.0684244,-10.74924183,2769.202986,2880.740257,-2540
48.53,-128.72,0.59159386,302,615.1043949,663.0684244,-10.74924183,2769.202986,2880.740257,-2544
48.52,-128.73,0.59159386,278,615.1043949,663.0684244,-10.74924183,2769.202986,2880.740257,-2539
48.52,-128.73,0.59159386,305,615.1043949,663.0684244,-10.74924183,2769.202986,2880.740257,-2539
48.51,-128.74,0.59159386,306,615.1043949,663.0684244,-10.74924183,2769.202986,2880.740257,-2539
48.51,-128.74,0.59159386,217,615.1043949,663.0684244,-10.74924183,2769.202986,2880.740257,-2539
48.52,-128.82,0.34311613,165,807.6814184,870.6620372,-13.25694942,2705.016404,2813.802821,-2502
48.52,-128.8,0.34311613,159,807.6814184,870.6620372,-13.25694942,2705.016404,2813.802821,-2512
48.53,-128.79,0.34311613,161,807.6814184,870.6620372,-13.25694942,2705.016404,2813.802821,-2528
48.52,-128.78,0.34311613,150,807.6814184,870.6620372,-13.25694942,2705.016404,2813.802821,-2528
48.52,-128.77,0.34311613,169,807.6814184,870.6620372,-13.25694942,2705.016404,2813.802821,-2541
48.51,-128.77,0.34311613,133,807.6814184,870.6620372,-13.25694942,2705.016404,2813.802821,-2533
48.5,-128.77,0.34311613,230,807.6814184,870.6620372,-13.25694942,2705.016404,2813.802821,-2534
48.49,-128.76,0.34311613,263,807.6814184,870.6620372,-13.25694942,2705.016404,2813.802821,-2521
48.49,-128.76,0.34311613,268,807.6814184,870.6620372,-13.25694942,2705.016404,2813.802821,-2521
48.48,-128.76,0.34311613,272,807.6814184,870.6620372,-13.25694942,2705.016404,2813.802821,-2511
48.47,-128.75,0.34311613,309,807.6814184,870.6620372,-13.25694942,2705.016404,2813.802821,-2511
48.47,-128.75,0.34311613,348,807.6814184,870.6620372,-13.25694942,2705.016404,2813.802821,-2511
48.46,-128.74,0.59159386,424,615.1043949,663.0684244,-10.74924183,2769.202986,2880.740257,-2492
48.45,-128.74,0.59159386,412,615.1043949,663.0684244,-10.74924183,2769.202986,2880.740257,-2481
48.45,-128.74,0.59159386,1005,615.1043949,663.0684244,-10.74924183,2769.202986,2880.740257,-2481
48.51,-128.78,0.34311613,151,807.6814184,870.6620372,-13.25694942,2705.016404,2813.802821,-2526
48.51,-128.78,0.34311613,189,807.6814184,870.6620372,-13.25694942,2705.016404,2813.802821,-2526
48.51,-128.77,0.34311613,120,807.6814184,870.6620372,-13.25694942,2705.016404,2813.802821,-2533
48.51,-128.77,0.34311613,203,807.6814184,870.6620372,-13.25694942,2705.016404,2813.802821,-2533
48.5,-128.76,0.34311613,299,807.6814184,870.6620372,-13.25694942,2705.016404,2813.802821,-2533
48.5,-128.76,0.34311613,320,807.6814184,870.6620372,-13.25694942,2705.016404,2813.802821,-2533
48.5,-128.75,0.34311613,246,807.6814184,870.6620372,-13.25694942,2705.016404,2813.802821,-2529
48.49,-128.74,0.59159386,206,615.1043949,663.0684244,-10.74924183,2769.202986,2880.740257,-2520
48.49,-128.73,0.59159386,341,615.1043949,663.0684244,-10.74924183,2769.202986,2880.740257,-2523
48.49,-128.73,0.59159386,395,615.1043949,663.0684244,-10.74924183,2769.202986,2880.740257,-2523
48.49,-128.72,0.59159386,390,615.1043949,663.0684244,-10.74924183,2769.202986,2880.740257,-2500
48.48,-128.72,0.59159386,570,615.1043949,663.0684244,-10.74924183,2769.202986,2880.740257,-2476
48.48,-128.71,0.59159386,744,615.1043949,663.0684244,-10.74924183,2769.202986,2880.740257,-2447
48.45,-128.72,0.59159386,774,615.1043949,663.0684244,-10.74924183,2769.202986,2880.740257,-2447
48.45,-128.72,0.59159386,1073,615.1043949,663.0684244,-10.74924183,2769.202986,2880.740257,-2447
48.46,-128.71,0.59159386,2894,615.1043949,663.0684244,-10.74924183,2769.202986,2880.740257,-2447
48.46,-128.71,0.59159386,1528,615.1043949,663.0684244,-10.74924183,2769.202986,2880.740257,-2447
48.45,-128.7,0.59159386,1313,615.1043949,663.0684244,-10.74924183,2769.202986,2880.740257,-2461
48.45,-128.7,0.59159386,729,615.1043949,663.0684244,-10.74924183,2769.202986,2880.740257,-2461
48.44,-128.69,0.79336768,581,531.1576085,572.5757148,-10.74924183,2811.749163,2925.109842,-2476
48.44,-128.69,0.79336768,605,531.1576085,572.5757148,-10.74924183,2811.749163,2925.109842,-2476
48.44,-128.69,0.79336768,707,531.1576085,572.5757148,-10.74924183,2811.749163,2925.109842,-2476
48.44,-128.68,0.79336768,1507,531.1576085,572.5757148,-10.74924183,2811.749163,2925.109842,-2473
48.43,-128.68,0.79336768,3200,531.1576085,572.5757148,-10.74924183,2811.749163,2925.109842,-2481
48.43,-128.68,0.79336768,2129,531.1576085,572.5757148,-10.74924183,2811.749163,2925.109842,-2481
48.43,-128.67,0.79336768,883,531.1576085,572.5757148,-10.74924183,2811.749163,2925.109842,-2479
48.43,-128.67,0.79336768,684,531.1576085,572.5757148,-10.74924183,2811.749163,2925.109842,-2479
48.43,-128.67,0.79336768,556,531.1576085,572.5757148,-10.74924183,2811.749163,2925.109842,-2479
48.43,-128.66,0.79336768,466,531.1576085,572.5757148,-10.74924183,2811.749163,2925.109842,-2477
48.4,-128.73,0.79336768,841,531.1576085,572.5757148,0.947541118,2811.749163,2925.109842,-2458
48.4,-128.73,0.79336768,677,531.1576085,572.5757148,0.947541118,2811.749163,2925.109842,-2458
48.4,-128.72,0.79336768,995,531.1576085,572.5757148,0.947541118,2811.749163,2925.109842,-2471
48.4,-128.72,0.79336768,772,531.1576085,572.5757148,0.947541118,2811.749163,2925.109842,-2471
48.4,-128.72,0.79336768,659,531.1576085,572.5757148,0.947541118,2811.749163,2925.109842,-2471
48.4,-128.71,0.79336768,654,531.1576085,572.5757148,0.947541118,2811.749163,2925.109842,-2478
48.4,-128.7,0.79336768,683,531.1576085,572.5757148,0.947541118,2811.749163,2925.109842,-2478
48.4,-128.7,0.79336768,687,531.1576085,572.5757148,0.947541118,2811.749163,2925.109842,-2478
48.4,-128.69,0.79336768,616,531.1576085,572.5757148,0.947541118,2811.749163,2925.109842,-2479
48.4,-128.69,0.79336768,631,531.1576085,572.5757148,0.947541118,2811.749163,2925.109842,-2479
48.39,-128.68,0.79336768,788,531.1576085,572.5757148,0.947541118,2811.749163,2925.109842,-2469
48.39,-128.68,0.79336768,690,531.1576085,572.5757148,0.947541118,2811.749163,2925.109842,-2469
48.39,-128.67,0.79336768,589,531.1576085,572.5757148,0.947541118,2811.749163,2925.109842,-2470
48.39,-128.66,0.79336768,648,531.1576085,572.5757148,0.947541118,2811.749163,2925.109842,-2425
48.39,-128.66,0.79336768,686,531.1576085,572.5757148,0.947541118,2811.749163,2925.109842,-2425
48.39,-128.65,0.79336768,548,531.1576085,572.5757148,0.947541118,2811.749163,2925.109842,-2409
48.39,-128.64,1.033847,699,465.2994327,501.5821124,0.947541118,2855.873935,2971.125675,-2430
48.39,-128.64,1.033847,787,465.2994327,501.5821124,0.947541118,2855.873935,2971.125675,-2430
48.39,-128.63,1.033847,902,465.2994327,501.5821124,0.947541118,2855.873935,2971.125675,-2373
48.39,-128.63,1.033847,534,465.2994327,501.5821124,0.947541118,2855.873935,2971.125675,-2373
48.38,-128.62,1.033847,465,465.2994327,501.5821124,2.668863773,2855.873935,2971.125675,-2430
48.38,-128.61,1.033847,355,465.2994327,501.5821124,2.668863773,2855.873935,2971.125675,-2442
48.38,-128.61,1.033847,304,465.2994327,501.5821124,2.668863773,2855.873935,2971.125675,-2442
48.4,-128.84,0.53057241,1319,649.5137174,700.1608847,-3.627408266,2754.941405,2865.867466,-2347
48.4,-128.83,0.53057241,1429,649.5137174,700.1608847,-3.627408266,2754.941405,2865.867466,-2372
48.39,-128.83,0.53057241,1497,649.5137174,700.1608847,-3.627408266,2754.941405,2865.867466,-2384
48.39,-128.82,0.53057241,952,649.5137174,700.1608847,-3.627408266,2754.941405,2865.867466,-2408
48.39,-128.82,0.53057241,865,649.5137174,700.1608847,-3.627408266,2754.941405,2865.867466,-2408
48.39,-128.81,0.53057241,763,649.5137174,700.1608847,-3.627408266,2754.941405,2865.867466,-2421
48.39,-128.79,0.53057241,602,649.5137174,700.1608847,-3.627408266,2754.941405,2865.867466,-2425
48.38,-128.79,0.53057241,598,649.5137174,700.1608847,-3.627408266,2754.941405,2865.867466,-2423
48.39,-128.78,0.53057241,586,649.5137174,700.1608847,-3.627408266,2754.941405,2865.867466,-2419
48.39,-128.77,0.53057241,539,649.5137174,700.1608847,-3.627408266,2754.941405,2865.867466,-2427
48.39,-128.77,0.53057241,510,649.5137174,700.1608847,-3.627408266,2754.941405,2865.867466,-2427
48.39,-128.76,0.53057241,487,649.5137174,700.1608847,-3.627408266,2754.941405,2865.867466,-2437
48.39,-128.75,0.53057241,530,649.5137174,700.1608847,-3.627408266,2754.941405,2865.867466,-2445
48.39,-128.73,0.79336768,914,531.1576085,572.5757148,0.947541118,2811.749163,2925.109842,-2461
48.39,-128.72,0.79336768,758,531.1576085,572.5757148,0.947541118,2811.749163,2925.109842,-2473
48.39,-128.72,0.79336768,666,531.1576085,572.5757148,0.947541118,2811.749163,2925.109842,-2473
48.39,-128.71,0.79336768,620,531.1576085,572.5757148,0.947541118,2811.749163,2925.109842,-2481
48.39,-128.71,0.79336768,553,531.1576085,572.5757148,0.947541118,2811.749163,2925.109842,-2481
48.44,-128.76,0.53057241,573,649.5137174,700.1608847,-13.25694942,2754.941405,2865.867466,-2464
48.44,-128.76,0.53057241,559,649.5137174,700.1608847,-13.25694942,2754.941405,2865.867466,-2464
48.44,-128.75,0.53057241,594,649.5137174,700.1608847,-13.25694942,2754.941405,2865.867466,-2461
48.44,-128.75,0.53057241,641,649.5137174,700.1608847,-13.25694942,2754.941405,2865.867466,-2461
48.44,-128.74,0.79336768,567,531.1576085,572.5757148,-10.74924183,2811.749163,2925.109842,-2446
48.44,-128.73,0.79336768,661,531.1576085,572.5757148,-10.74924183,2811.749163,2925.109842,-2436
48.44,-128.72,0.79336768,704,531.1576085,572.5757148,-10.74924183,2811.749163,2925.109842,-2449
48.44,-128.72,0.79336768,812,531.1576085,572.5757148,-10.74924183,2811.749163,2925.109842,-2449
48.44,-128.7,0.79336768,857,531.1576085,572.5757148,-10.74924183,2811.749163,2925.109842,-2465
48.44,-128.7,0.79336768,653,531.1576085,572.5757148,-10.74924183,2811.749163,2925.109842,-2465
48.44,-128.69,0.79336768,594,531.1576085,572.5757148,-10.74924183,2811.749163,2925.109842,-2476
48.44,-128.69,0.79336768,637,531.1576085,572.5757148,-10.74924183,2811.749163,2925.109842,-2476
48.44,-128.68,0.79336768,1665,531.1576085,572.5757148,-10.74924183,2811.749163,2925.109842,-2473
48.44,-128.68,0.79336768,2298,531.1576085,572.5757148,-10.74924183,2811.749163,2925.109842,-2473
48.44,-128.67,0.79336768,727,531.1576085,572.5757148,-10.74924183,2811.749163,2925.109842,-2478
48.44,-128.66,0.79336768,419,531.1576085,572.5757148,-10.74924183,2811.749163,2925.109842,-2475
48.44,-128.65,0.79336768,218,531.1576085,572.5757148,-10.74924183,2811.749163,2925.109842,-2471
48.44,-128.63,1.033847,290,465.2994327,501.5821124,-10.74924183,2855.873935,2971.125675,-2365
48.29,-128.69,0.80387408,532,527.6751548,568.8217096,-1.013275385,2813.806588,2927.255442,-2472
48.3,-128.7,0.80387408,1101,527.6751548,568.8217096,-1.013275385,2813.806588,2927.255442,-2447
48.31,-128.7,0.80387408,387,527.6751548,568.8217096,0.947541118,2813.806588,2927.255442,-2479
48.32,-128.71,0.80387408,278,527.6751548,568.8217096,0.947541118,2813.806588,2927.255442,-2486
48.32,-128.71,0.80387408,325,527.6751548,568.8217096,0.947541118,2813.806588,2927.255442,-2486
48.33,-128.72,0.80387408,322,527.6751548,568.8217096,0.947541118,2813.806588,2927.255442,-2492
48.34,-128.72,0.80387408,395,527.6751548,568.8217096,0.947541118,2813.806588,2927.255442,-2494
48.34,-128.73,0.80387408,422,527.6751548,568.8217096,0.947541118,2813.806588,2927.255442,-2486
48.35,-128.73,0.79336768,502,531.1576085,572.5757148,0.947541118,2811.749163,2925.109842,-2482
48.36,-128.74,0.79336768,550,531.1576085,572.5757148,0.947541118,2811.749163,2925.109842,-2470
48.37,-128.74,0.79336768,788,531.1576085,572.5757148,0.947541118,2811.749163,2925.109842,-2466
48.37,-128.74,0.79336768,935,531.1576085,572.5757148,0.947541118,2811.749163,2925.109842,-2466
48.38,-128.75,0.53057241,673,649.5137174,700.1608847,-3.627408266,2754.941405,2865.867466,-2450
48.39,-128.75,0.53057241,586,649.5137174,700.1608847,-3.627408266,2754.941405,2865.867466,-2445
48.4,-128.76,0.53057241,587,649.5137174,700.1608847,-3.627408266,2754.941405,2865.867466,-2428
48.29,-128.78,0.54432315,313,641.2572029,691.2605515,-5.456256866,2758.223906,2869.290645,-2500
48.29,-128.78,0.54432315,290,641.2572029,691.2605515,-5.456256866,2758.223906,2869.290645,-2500
48.31,-128.78,0.54432315,292,641.2572029,691.2605515,-3.627408266,2758.223906,2869.290645,-2481
48.33,-128.78,0.54432315,322,641.2572029,691.2605515,-3.627408266,2758.223906,2869.290645,-2467
48.33,-128.78,0.54432315,361,641.2572029,691.2605515,-3.627408266,2758.223906,2869.290645,-2467
48.34,-128.78,0.54432315,353,641.2572029,691.2605515,-3.627408266,2758.223906,2869.290645,-2463
48.34,-128.78,0.54432315,365,641.2572029,691.2605515,-3.627408266,2758.223906,2869.290645,-2463
48.35,-128.78,0.53057241,354,649.5137174,700.1608847,-3.627408266,2754.941405,2865.867466,-2457
48.35,-128.78,0.53057241,335,649.5137174,700.1608847,-3.627408266,2754.941405,2865.867466,-2457
48.36,-128.8,0.53057241,303,649.5137174,700.1608847,-3.627408266,2754.941405,2865.867466,-2437
48.36,-128.81,0.53057241,385,649.5137174,700.1608847,-3.627408266,2754.941405,2865.867466,-2439
48.36,-128.83,0.53057241,469,649.5137174,700.1608847,-3.627408266,2754.941405,2865.867466,-2421
48.36,-128.83,0.53057241,627,649.5137174,700.1608847,-3.627408266,2754.941405,2865.867466,-2421
48.36,-128.83,0.53057241,807,649.5137174,700.1608847,-3.627408266,2754.941405,2865.867466,-2421
48.36,-128.84,0.53057241,1022,649.5137174,700.1608847,-3.627408266,2754.941405,2865.867466,-2407
48.36,-128.85,0.53057241,1289,649.5137174,700.1608847,-3.627408266,2754.941405,2865.867466,-2391
48.37,-128.86,0.25480604,1150,937.2507568,1010.334811,2.990579128,2676.674106,2784.245854,-2362
48.37,-128.87,0.25480604,1095,937.2507568,1010.334811,2.990579128,2676.674106,2784.245854,-2344
48.38,-128.88,0.25480604,1158,937.2507568,1010.334811,2.990579128,2676.674106,2784.245854,-2311
48.38,-128.9,0.25480604,1076,937.2507568,1010.334811,2.990579128,2676.674106,2784.245854,-2363
48.35,-128.77,0.53057241,367,649.5137174,700.1608847,-3.627408266,2754.941405,2865.867466,-2460
48.36,-128.77,0.53057241,341,649.5137174,700.1608847,-3.627408266,2754.941405,2865.867466,-2455
48.39,-128.77,0.53057241,533,649.5137174,700.1608847,-3.627408266,2754.941405,2865.867466,-2427
48.41,-128.73,0.79336768,858,531.1576085,572.5757148,0.947541118,2811.749163,2925.109842,-2454
48.42,-128.73,0.79336768,861,531.1576085,572.5757148,0.947541118,2811.749163,2925.109842,-2449
48.41,-128.74,0.79336768,740,531.1576085,572.5757148,0.947541118,2811.749163,2925.109842,-2445
48.41,-128.75,0.53057241,624,649.5137174,700.1608847,-3.627408266,2754.941405,2865.867466,-2429
48.42,-128.75,0.53057241,679,649.5137174,700.1608847,-3.627408266,2754.941405,2865.867466,-2430
48.42,-128.77,0.53057241,763,649.5137174,700.1608847,-3.627408266,2754.941405,2865.867466,-2437
48.42,-128.77,0.53057241,698,649.5137174,700.1608847,-3.627408266,2754.941405,2865.867466,-2437
48.42,-128.78,0.53057241,706,649.5137174,700.1608847,-3.627408266,2754.941405,2865.867466,-2444
48.42,-128.78,0.53057241,743,649.5137174,700.1608847,-3.627408266,2754.941405,2865.867466,-2444
48.42,-128.79,0.53057241,788,649.5137174,700.1608847,-3.627408266,2754.941405,2865.867466,-2439
48.42,-128.79,0.53057241,881,649.5137174,700.1608847,-3.627408266,2754.941405,2865.867466,-2439
48.43,-128.8,0.53057241,959,649.5137174,700.1608847,-13.25694942,2754.941405,2865.867466,-2424
48.43,-128.8,0.53057241,1023,649.5137174,700.1608847,-13.25694942,2754.941405,2865.867466,-2424
48.43,-128.81,0.53057241,1153,649.5137174,700.1608847,-13.25694942,2754.941405,2865.867466,-2411
48.43,-128.82,0.53057241,1665,649.5137174,700.1608847,-13.25694942,2754.941405,2865.867466,-2393
48.43,-128.83,0.53057241,1124,649.5137174,700.1608847,-13.25694942,2754.941405,2865.867466,-2348
48.43,-128.84,0.53057241,888,649.5137174,700.1608847,-13.25694942,2754.941405,2865.867466,-2327
48.43,-128.85,0.53057241,1018,649.5137174,700.1608847,-13.25694942,2754.941405,2865.867466,-2314
48.43,-128.85,0.53057241,792,649.5137174,700.1608847,-13.25694942,2754.941405,2865.867466,-2314
48.43,-128.85,0.53057241,912,649.5137174,700.1608847,-13.25694942,2754.941405,2865.867466,-2314
48.43,-128.86,0.25480604,897,937.2507568,1010.334811,-8.025933266,2676.674106,2784.245854,-2300
48.44,-128.76,0.53057241,765,649.5137174,700.1608847,-13.25694942,2754.941405,2865.867466,-2464
48.44,-128.76,0.53057241,690,649.5137174,700.1608847,-13.25694942,2754.941405,2865.867466,-2464
48.44,-128.77,0.53057241,546,649.5137174,700.1608847,-13.25694942,2754.941405,2865.867466,-2465
48.44,-128.78,0.53057241,550,649.5137174,700.1608847,-13.25694942,2754.941405,2865.867466,-2463
48.45,-128.78,0.34311613,502,807.6814184,870.6620372,-13.25694942,2705.016404,2813.802821,-2469
48.45,-128.79,0.34311613,477,807.6814184,870.6620372,-13.25694942,2705.016404,2813.802821,-2460
48.45,-128.79,0.34311613,481,807.6814184,870.6620372,-13.25694942,2705.016404,2813.802821,-2460
48.46,-128.8,0.34311613,426,807.6814184,870.6620372,-13.25694942,2705.016404,2813.802821,-2464
48.46,-128.81,0.34311613,477,807.6814184,870.6620372,-13.25694942,2705.016404,2813.802821,-2449
48.46,-128.82,0.34311613,429,807.6814184,870.6620372,-13.25694942,2705.016404,2813.802821,-2435
48.46,-128.82,0.34311613,540,807.6814184,870.6620372,-13.25694942,2705.016404,2813.802821,-2435
48.46,-128.83,0.34311613,840,807.6814184,870.6620372,-13.25694942,2705.016404,2813.802821,-2392
48.46,-128.84,0.34311613,1246,807.6814184,870.6620372,-13.25694942,2705.016404,2813.802821,-2351
48.46,-128.85,0.34311613,1171,807.6814184,870.6620372,-13.25694942,2705.016404,2813.802821,-2318
48.47,-128.86,0.15120271,1531,1216.692613,1311.566721,-8.025933266,2636.096774,2741.929493,-2286
48.47,-128.57,0.8665905,416,508.2222764,547.851953,8.065933228,2825.81795,2939.781576,-2388
48.47,-128.58,0.8665905,421,508.2222764,547.851953,8.065933228,2825.81795,2939.781576,-2396
48.47,-128.58,0.8665905,481,508.2222764,547.851953,8.065933228,2825.81795,2939.781576,-2396
48.47,-128.59,0.8665905,461,508.2222764,547.851953,8.065933228,2825.81795,2939.781576,-2364
48.47,-128.59,0.8665905,444,508.2222764,547.851953,8.065933228,2825.81795,2939.781576,-2364
48.47,-128.6,0.8665905,518,508.2222764,547.851953,8.065933228,2825.81795,2939.781576,-2299
48.47,-128.6,0.8665905,221,508.2222764,547.851953,8.065933228,2825.81795,2939.781576,-2299
48.48,-128.61,0.8665905,619,508.2222764,547.851953,8.065933228,2825.81795,2939.781576,-2337
48.48,-128.62,0.8665905,358,508.2222764,547.851953,8.065933228,2825.81795,2939.781576,-2391
48.48,-128.62,0.8665905,368,508.2222764,547.851953,8.065933228,2825.81795,2939.781576,-2391
48.48,-128.63,0.8665905,363,508.2222764,547.851953,-10.74924183,2825.81795,2939.781576,-2423
48.48,-128.63,0.8665905,639,508.2222764,547.851953,-10.74924183,2825.81795,2939.781576,-2423
48.48,-128.63,0.8665905,526,508.2222764,547.851953,-10.74924183,2825.81795,2939.781576,-2423
48.48,-128.64,0.8665905,549,508.2222764,547.851953,-10.74924183,2825.81795,2939.781576,-2453
48.48,-128.65,0.59159386,411,615.1043949,663.0684244,-10.74924183,2769.202986,2880.740257,-2471
48.45,-128.61,0.8665905,924,508.2222764,547.851953,8.065933228,2825.81795,2939.781576,-2374
48.46,-128.61,0.8665905,1090,508.2222764,547.851953,8.065933228,2825.81795,2939.781576,-2345
48.46,-128.62,0.8665905,425,508.2222764,547.851953,8.065933228,2825.81795,2939.781576,-2400
48.46,-128.62,0.8665905,355,508.2222764,547.851953,8.065933228,2825.81795,2939.781576,-2400
48.45,-128.63,0.8665905,387,508.2222764,547.851953,-10.74924183,2825.81795,2939.781576,-2362
48.45,-128.63,0.8665905,325,508.2222764,547.851953,-10.74924183,2825.81795,2939.781576,-2362
48.45,-128.63,0.8665905,250,508.2222764,547.851953,-10.74924183,2825.81795,2939.781576,-2362
48.45,-128.63,0.8665905,829,508.2222764,547.851953,-10.74924183,2825.81795,2939.781576,-2362
48.45,-128.64,0.8665905,631,508.2222764,547.851953,-10.74924183,2825.81795,2939.781576,-2440
48.45,-128.64,0.8665905,376,508.2222764,547.851953,-10.74924183,2825.81795,2939.781576,-2440
48.45,-128.65,0.59159386,470,615.1043949,663.0684244,-10.74924183,2769.202986,2880.740257,-2478
48.45,-128.65,0.59159386,440,615.1043949,663.0684244,-10.74924183,2769.202986,2880.740257,-2478
48.45,-128.65,0.59159386,418,615.1043949,663.0684244,-10.74924183,2769.202986,2880.740257,-2478
48.45,-128.65,0.59159386,493,615.1043949,663.0684244,-10.74924183,2769.202986,2880.740257,-2478
48.45,-128.66,0.59159386,396,615.1043949,663.0684244,-10.74924183,2769.202986,2880.740257,-2475
48.43,-128.73,0.79336768,697,531.1576085,572.5757148,-10.74924183,2811.749163,2925.109842,-2446
48.44,-128.73,0.79336768,698,531.1576085,572.5757148,-10.74924183,2811.749163,2925.109842,-2436
48.44,-128.73,0.79336768,699,531.1576085,572.5757148,-10.74924183,2811.749163,2925.109842,-2436
48.45,-128.73,0.59159386,680,615.1043949,663.0684244,-10.74924183,2769.202986,2880.740257,-2453
48.45,-128.72,0.59159386,777,615.1043949,663.0684244,-10.74924183,2769.202986,2880.740257,-2447
48.46,-128.72,0.59159386,1760,615.1043949,663.0684244,-10.74924183,2769.202986,2880.740257,-2447
48.46,-128.71,0.59159386,1233,615.1043949,663.0684244,-10.74924183,2769.202986,2880.740257,-2447
48.47,-128.71,0.59159386,1488,615.1043949,663.0684244,-10.74924183,2769.202986,2880.740257,-2440
48.47,-128.71,0.59159386,1496,615.1043949,663.0684244,-10.74924183,2769.202986,2880.740257,-2440
48.47,-128.7,0.59159386,963,615.1043949,663.0684244,-10.74924183,2769.202986,2880.740257,-2450
48.47,-128.7,0.59159386,937,615.1043949,663.0684244,-10.74924183,2769.202986,2880.740257,-2450
48.48,-128.7,0.59159386,1062,615.1043949,663.0684244,-10.74924183,2769.202986,2880.740257,-2438
48.48,-128.7,0.59159386,1044,615.1043949,663.0684244,-10.74924183,2769.202986,2880.740257,-2438
48.48,-128.69,0.59159386,1088,615.1043949,663.0684244,-10.74924183,2769.202986,2880.740257,-2453
48.49,-128.69,0.59159386,896,615.1043949,663.0684244,-10.74924183,2769.202986,2880.740257,-2446
48.49,-128.69,0.59159386,742,615.1043949,663.0684244,-10.74924183,2769.202986,2880.740257,-2446
48.5,-128.69,0.59159386,637,615.1043949,663.0684244,-10.74924183,2769.202986,2880.740257,-2441
48.5,-128.69,0.59159386,636,615.1043949,663.0684244,-10.74924183,2769.202986,2880.740257,-2441
48.51,-128.69,0.59159386,519,615.1043949,663.0684244,-10.74924183,2769.202986,2880.740257,-2439
48.51,-128.68,0.59159386,418,615.1043949,663.0684244,-10.74924183,2769.202986,2880.740257,-2454
48.45,-128.65,0.59159386,453,615.1043949,663.0684244,-10.74924183,2769.202986,2880.740257,-2478
48.45,-128.66,0.59159386,362,615.1043949,663.0684244,-10.74924183,2769.202986,2880.740257,-2475
48.45,-128.66,0.59159386,399,615.1043949,663.0684244,-10.74924183,2769.202986,2880.740257,-2475
48.45,-128.66,0.59159386,386,615.1043949,663.0684244,-10.74924183,2769.202986,2880.740257,-2475
48.45,-128.67,0.59159386,176,615.1043949,663.0684244,-10.74924183,2769.202986,2880.740257,-2477
48.45,-128.67,0.59159386,153,615.1043949,663.0684244,-10.74924183,2769.202986,2880.740257,-2477
48.45,-128.68,0.59159386,411,615.1043949,663.0684244,-10.74924183,2769.202986,2880.740257,-2472
48.45,-128.68,0.59159386,426,615.1043949,663.0684244,-10.74924183,2769.202986,2880.740257,-2472
48.45,-128.69,0.59159386,466,615.1043949,663.0684244,-10.74924183,2769.202986,2880.740257,-2467
48.45,-128.69,0.59159386,524,615.1043949,663.0684244,-10.74924183,2769.202986,2880.740257,-2467
48.46,-128.7,0.59159386,729,615.1043949,663.0684244,-10.74924183,2769.202986,2880.740257,-2455
48.46,-128.7,0.59159386,994,615.1043949,663.0684244,-10.74924183,2769.202986,2880.740257,-2455
48.46,-128.7,0.59159386,1663,615.1043949,663.0684244,-10.74924183,2769.202986,2880.740257,-2455
48.46,-128.71,0.59159386,2653,615.1043949,663.0684244,-10.74924183,2769.202986,2880.740257,-2447
48.46,-128.71,0.59159386,4439,615.1043949,663.0684244,-10.74924183,2769.202986,2880.740257,-2447
48.46,-128.71,0.59159386,1898,615.1043949,663.0684244,-10.74924183,2769.202986,2880.740257,-2447
48.46,-128.71,0.59159386,1099,615.1043949,663.0684244,-10.74924183,2769.202986,2880.740257,-2447
48.46,-128.72,0.59159386,904,615.1043949,663.0684244,-10.74924183,2769.202986,2880.740257,-2447
48.47,-128.72,0.59159386,832,615.1043949,663.0684244,-10.74924183,2769.202986,2880.740257,-2451
48.47,-128.72,0.59159386,800,615.1043949,663.0684244,-10.74924183,2769.202986,2880.740257,-2451
48.47,-128.71,0.59159386,862,615.1043949,663.0684244,-10.74924183,2769.202986,2880.740257,-2440
48.47,-128.71,0.59159386,923,615.1043949,663.0684244,-10.74924183,2769.202986,2880.740257,-2440
48.47,-128.71,0.59159386,1049,615.1043949,663.0684244,-10.74924183,2769.202986,2880.740257,-2440
48.47,-128.71,0.59159386,1181,615.1043949,663.0684244,-10.74924183,2769.202986,2880.740257,-2440
48.48,-128.7,0.59159386,1052,615.1043949,663.0684244,-10.74924183,2769.202986,2880.740257,-2438
48.48,-128.7,0.59159386,851,615.1043949,663.0684244,-10.74924183,2769.202986,2880.740257,-2438
48.48,-128.7,0.59159386,791,615.1043949,663.0684244,-10.74924183,2769.202986,2880.740257,-2438
48.48,-128.69,0.59159386,609,615.1043949,663.0684244,-10.74924183,2769.202986,2880.740257,-2453
48.48,-128.68,0.59159386,421,615.1043949,663.0684244,-10.74924183,2769.202986,2880.740257,-2465
48.48,-128.67,0.59159386,427,615.1043949,663.0684244,-10.74924183,2769.202986,2880.740257,-2476
48.48,-128.67,0.59159386,390,615.1043949,663.0684244,-10.74924183,2769.202986,2880.740257,-2476
48.47,-128.73,0.59159386,618,615.1043949,663.0684244,-10.74924183,2769.202986,2880.740257,-2492
48.47,-128.73,0.59159386,606,615.1043949,663.0684244,-10.74924183,2769.202986,2880.740257,-2492
48.47,-128.73,0.59159386,679,615.1043949,663.0684244,-10.74924183,2769.202986,2880.740257,-2492
48.47,-128.73,0.59159386,872,615.1043949,663.0684244,-10.74924183,2769.202986,2880.740257,-2492
48.46,-128.72,0.59159386,918,615.1043949,663.0684244,-10.74924183,2769.202986,2880.740257,-2447
48.46,-128.72,0.59159386,1511,615.1043949,663.0684244,-10.74924183,2769.202986,2880.740257,-2447
48.46,-128.71,0.59159386,4559,615.1043949,663.0684244,-10.74924183,2769.202986,2880.740257,-2447
48.46,-128.71,0.59159386,3022,615.1043949,663.0684244,-10.74924183,2769.202986,2880.740257,-2447
48.46,-128.71,0.59159386,1926,615.1043949,663.0684244,-10.74924183,2769.202986,2880.740257,-2447
48.46,-128.71,0.59159386,1742,615.1043949,663.0684244,-10.74924183,2769.202986,2880.740257,-2447
48.46,-128.71,0.59159386,1813,615.1043949,663.0684244,-10.74924183,2769.202986,2880.740257,-2447
48.46,-128.71,0.59159386,2029,615.1043949,663.0684244,-10.74924183,2769.202986,2880.740257,-2447
48.46,-128.71,0.59159386,2031,615.1043949,663.0684244,-10.74924183,2769.202986,2880.740257,-2447
48.46,-128.71,0.59159386,1815,615.1043949,663.0684244,-10.74924183,2769.202986,2880.740257,-2447
48.46,-128.71,0.59159386,1644,615.1043949,663.0684244,-10.74924183,2769.202986,2880.740257,-2447
48.46,-128.71,0.59159386,1498,615.1043949,663.0684244,-10.74924183,2769.202986,2880.740257,-2447
48.47,-128.71,0.59159386,1317,615.1043949,663.0684244,-10.74924183,2769.202986,2880.740257,-2440
48.47,-128.71,0.59159386,1236,615.1043949,663.0684244,-10.74924183,2769.202986,2880.740257,-2440
48.47,-128.71,0.59159386,1076,615.1043949,663.0684244,-10.74924183,2769.202986,2880.740257,-2440
48.48,-128.68,0.59159386,418,615.1043949,663.0684244,-10.74924183,2769.202986,2880.740257,-2465
48.48,-128.67,0.59159386,413,615.1043949,663.0684244,-10.74924183,2769.202986,2880.740257,-2476
48.47,-128.68,0.59159386,406,615.1043949,663.0684244,-10.74924183,2769.202986,2880.740257,-2469
48.47,-128.68,0.59159386,409,615.1043949,663.0684244,-10.74924183,2769.202986,2880.740257,-2469
48.47,-128.68,0.59159386,412,615.1043949,663.0684244,-10.74924183,2769.202986,2880.740257,-2469
48.47,-128.68,0.59159386,418,615.1043949,663.0684244,-10.74924183,2769.202986,2880.740257,-2469
48.46,-128.68,0.59159386,420,615.1043949,663.0684244,-10.74924183,2769.202986,2880.740257,-2472
48.46,-128.68,0.59159386,418,615.1043949,663.0684244,-10.74924183,2769.202986,2880.740257,-2472
48.45,-128.68,0.59159386,433,615.1043949,663.0684244,-10.74924183,2769.202986,2880.740257,-2472
48.45,-128.68,0.59159386,424,615.1043949,663.0684244,-10.74924183,2769.202986,2880.740257,-2472
48.45,-128.68,0.59159386,362,615.1043949,663.0684244,-10.74924183,2769.202986,2880.740257,-2472
48.44,-128.68,0.79336768,187,531.1576085,572.5757148,-10.74924183,2811.749163,2925.109842,-2473
48.44,-128.68,0.79336768,509,531.1576085,572.5757148,-10.74924183,2811.749163,2925.109842,-2473
48.44,-128.68,0.79336768,539,531.1576085,572.5757148,-10.74924183,2811.749163,2925.109842,-2473
48.44,-128.68,0.79336768,584,531.1576085,572.5757148,-10.74924183,2811.749163,2925.109842,-2473
48.44,-128.68,0.79336768,684,531.1576085,572.5757148,-10.74924183,2811.749163,2925.109842,-2473
48.44,-128.68,0.79336768,632,531.1576085,572.5757148,-10.74924183,2811.749163,2925.109842,-2473
48.44,-128.68,0.79336768,965,531.1576085,572.5757148,-10.74924183,2811.749163,2925.109842,-2473
48.44,-128.68,0.79336768,764,531.1576085,572.5757148,-10.74924183,2811.749163,2925.109842,-2473
48.43,-128.68,0.79336768,4907,531.1576085,572.5757148,-10.74924183,2811.749163,2925.109842,-2481
48.43,-128.68,0.79336768,3646,531.1576085,572.5757148,-10.74924183,2811.749163,2925.109842,-2481
48.43,-128.68,0.79336768,1484,531.1576085,572.5757148,-10.74924183,2811.749163,2925.109842,-2481
48.42,-128.68,0.79336768,842,531.1576085,572.5757148,0.947541118,2811.749163,2925.109842,-2473
48.42,-128.68,0.79336768,600,531.1576085,572.5757148,0.947541118,2811.749163,2925.109842,-2473
48.41,-128.68,0.79336768,529,531.1576085,572.5757148,0.947541118,2811.749163,2925.109842,-2472
48.41,-128.68,0.79336768,307,531.1576085,572.5757148,0.947541118,2811.749163,2925.109842,-2472
48.4,-128.68,0.79336768,484,531.1576085,572.5757148,0.947541118,2811.749163,2925.109842,-2470
48.4,-128.68,0.79336768,298,531.1576085,572.5757148,0.947541118,2811.749163,2925.109842,-2470
48.4,-128.68,0.79336768,311,531.1576085,572.5757148,0.947541118,2811.749163,2925.109842,-2470
48.38,-128.68,0.79336768,1405,531.1576085,572.5757148,0.947541118,2811.749163,2925.109842,-2474
48.38,-128.68,0.79336768,851,531.1576085,572.5757148,0.947541118,2811.749163,2925.109842,-2474
48.42,-128.72,0.79336768,901,531.1576085,572.5757148,0.947541118,2811.749163,2925.109842,-2462
48.42,-128.71,0.79336768,757,531.1576085,572.5757148,0.947541118,2811.749163,2925.109842,-2464
48.42,-128.71,0.79336768,658,531.1576085,572.5757148,0.947541118,2811.749163,2925.109842,-2464
48.43,-128.7,0.79336768,641,531.1576085,572.5757148,-10.74924183,2811.749163,2925.109842,-2474
48.43,-128.69,0.79336768,663,531.1576085,572.5757148,-10.74924183,2811.749163,2925.109842,-2484
48.43,-128.69,0.79336768,885,531.1576085,572.5757148,-10.74924183,2811.749163,2925.109842,-2484
48.44,-128.69,0.79336768,1062,531.1576085,572.5757148,-10.74924183,2811.749163,2925.109842,-2476
48.44,-128.68,0.79336768,368,531.1576085,572.5757148,-10.74924183,2811.749163,2925.109842,-2473
48.45,-128.67,0.59159386,393,615.1043949,663.0684244,-10.74924183,2769.202986,2880.740257,-2477
48.46,-128.66,0.59159386,323,615.1043949,663.0684244,-10.74924183,2769.202986,2880.740257,-2475
48.44,-128.67,0.79336768,469,531.1576085,572.5757148,-10.74924183,2811.749163,2925.109842,-2478
48.44,-128.67,0.79336768,460,531.1576085,572.5757148,-10.74924183,2811.749163,2925.109842,-2478
48.45,-128.67,0.59159386,433,615.1043949,663.0684244,-10.74924183,2769.202986,2880.740257,-2477
48.45,-128.66,0.59159386,404,615.1043949,663.0684244,-10.74924183,2769.202986,2880.740257,-2475
48.45,-128.66,0.59159386,391,615.1043949,663.0684244,-10.74924183,2769.202986,2880.740257,-2475
48.44,-128.66,0.79336768,407,531.1576085,572.5757148,-10.74924183,2811.749163,2925.109842,-2475
48.44,-128.66,0.79336768,409,531.1576085,572.5757148,-10.74924183,2811.749163,2925.109842,-2475
48.43,-128.66,0.79336768,432,531.1576085,572.5757148,-10.74924183,2811.749163,2925.109842,-2477
48.43,-128.66,0.79336768,462,531.1576085,572.5757148,-10.74924183,2811.749163,2925.109842,-2477
48.43,-128.66,0.79336768,276,531.1576085,572.5757148,-10.74924183,2811.749163,2925.109842,-2477
48.43,-128.66,0.79336768,505,531.1576085,572.5757148,-10.74924183,2811.749163,2925.109842,-2477
48.42,-128.66,0.79336768,491,531.1576085,572.5757148,0.947541118,2811.749163,2925.109842,-2469
48.42,-128.67,0.79336768,485,531.1576085,572.5757148,0.947541118,2811.749163,2925.109842,-2468
48.41,-128.67,0.79336768,454,531.1576085,572.5757148,0.947541118,2811.749163,2925.109842,-2465
48.41,-128.67,0.79336768,248,531.1576085,572.5757148,0.947541118,2811.749163,2925.109842,-2465
48.4,-128.67,0.79336768,451,531.1576085,572.5757148,0.947541118,2811.749163,2925.109842,-2464
48.4,-128.66,0.79336768,321,531.1576085,572.5757148,0.947541118,2811.749163,2925.109842,-2434
48.4,-128.66,0.79336768,526,531.1576085,572.5757148,0.947541118,2811.749163,2925.109842,-2434
48.41,-128.65,0.79336768,414,531.1576085,572.5757148,0.947541118,2811.749163,2925.109842,-2410
48.4,-128.64,1.033847,433,465.2994327,501.5821124,0.947541118,2855.873935,2971.125675,-2411
48.4,-128.64,1.033847,486,465.2994327,501.5821124,0.947541118,2855.873935,2971.125675,-2411
48.4,-128.64,1.033847,583,465.2994327,501.5821124,0.947541118,2855.873935,2971.125675,-2411
48.49,-128.63,0.8665905,1239,508.2222764,547.851953,-10.74924183,2825.81795,2939.781576,-2431
48.49,-128.63,0.8665905,1207,508.2222764,547.851953,-10.74924183,2825.81795,2939.781576,-2431
48.49,-128.63,0.8665905,1262,508.2222764,547.851953,-10.74924183,2825.81795,2939.781576,-2431
48.49,-128.64,0.8665905,507,508.2222764,547.851953,-10.74924183,2825.81795,2939.781576,-2457
48.48,-128.64,0.8665905,508,508.2222764,547.851953,-10.74924183,2825.81795,2939.781576,-2453
48.48,-128.64,0.8665905,494,508.2222764,547.851953,-10.74924183,2825.81795,2939.781576,-2453
48.48,-128.64,0.8665905,478,508.2222764,547.851953,-10.74924183,2825.81795,2939.781576,-2453
48.48,-128.64,0.8665905,449,508.2222764,547.851953,-10.74924183,2825.81795,2939.781576,-2453
48.48,-128.64,0.8665905,535,508.2222764,547.851953,-10.74924183,2825.81795,2939.781576,-2453
48.47,-128.64,0.8665905,493,508.2222764,547.851953,-10.74924183,2825.81795,2939.781576,-2451
48.47,-128.64,0.8665905,552,508.2222764,547.851953,-10.74924183,2825.81795,2939.781576,-2451
48.47,-128.64,0.8665905,685,508.2222764,547.851953,-10.74924183,2825.81795,2939.781576,-2451
48.46,-128.64,0.8665905,962,508.2222764,547.851953,-10.74924183,2825.81795,2939.781576,-2459
48.46,-128.64,0.8665905,6555,508.2222764,547.851953,-10.74924183,2825.81795,2939.781576,-2459
48.46,-128.64,0.8665905,1294,508.2222764,547.851953,-10.74924183,2825.81795,2939.781576,-2459
48.45,-128.64,0.8665905,542,508.2222764,547.851953,-10.74924183,2825.81795,2939.781576,-2440
48.45,-128.64,0.8665905,503,508.2222764,547.851953,-10.74924183,2825.81795,2939.781576,-2440
48.45,-128.64,0.8665905,480,508.2222764,547.851953,-10.74924183,2825.81795,2939.781576,-2440
48.44,-128.64,1.033847,479,465.2994327,501.5821124,-10.74924183,2855.873935,2971.125675,-2368
48.44,-128.64,1.033847,504,465.2994327,501.5821124,-10.74924183,2855.873935,2971.125675,-2368
48.44,-128.64,1.033847,475,465.2994327,501.5821124,-10.74924183,2855.873935,2971.125675,-2368
48.44,-128.65,0.79336768,467,531.1576085,572.5757148,-10.74924183,2811.749163,2925.109842,-2471
48.44,-128.65,0.79336768,480,531.1576085,572.5757148,-10.74924183,2811.749163,2925.109842,-2471
48.43,-128.65,0.79336768,469,531.1576085,572.5757148,-10.74924183,2811.749163,2925.109842,-2471
48.43,-128.65,0.79336768,565,531.1576085,572.5757148,-10.74924183,2811.749163,2925.109842,-2471
48.43,-128.65,0.79336768,644,531.1576085,572.5757148,-10.74924183,2811.749163,2925.109842,-2471
48.42,-128.65,0.79336768,742,531.1576085,572.5757148,0.947541118,2811.749163,2925.109842,-2420
48.42,-128.65,0.79336768,712,531.1576085,572.5757148,0.947541118,2811.749163,2925.109842,-2420
48.42,-128.65,0.79336768,661,531.1576085,572.5757148,0.947541118,2811.749163,2925.109842,-2420
48.42,-128.65,0.79336768,605,531.1576085,572.5757148,0.947541118,2811.749163,2925.109842,-2420
48.41,-128.65,0.79336768,518,531.1576085,572.5757148,0.947541118,2811.749163,2925.109842,-2410
48.41,-128.66,0.79336768,566,531.1576085,572.5757148,0.947541118,2811.749163,2925.109842,-2463
48.41,-128.66,0.79336768,298,531.1576085,572.5757148,0.947541118,2811.749163,2925.109842,-2463
48.41,-128.66,0.79336768,496,531.1576085,572.5757148,0.947541118,2811.749163,2925.109842,-2463
48.43,-128.69,0.79336768,810,531.1576085,572.5757148,-10.74924183,2811.749163,2925.109842,-2484
48.43,-128.69,0.79336768,907,531.1576085,572.5757148,-10.74924183,2811.749163,2925.109842,-2484
48.43,-128.69,0.79336768,1134,531.1576085,572.5757148,-10.74924183,2811.749163,2925.109842,-2484
48.43,-128.69,0.79336768,1648,531.1576085,572.5757148,-10.74924183,2811.749163,2925.109842,-2484
48.43,-128.68,0.79336768,3092,531.1576085,572.5757148,-10.74924183,2811.749163,2925.109842,-2481
48.43,-128.68,0.79336768,4714,531.1576085,572.5757148,-10.74924183,2811.749163,2925.109842,-2481
48.43,-128.68,0.79336768,1872,531.1576085,572.5757148,-10.74924183,2811.749163,2925.109842,-2481
48.43,-128.67,0.79336768,1072,531.1576085,572.5757148,-10.74924183,2811.749163,2925.109842,-2479
48.43,-128.66,0.79336768,551,531.1576085,572.5757148,-10.74924183,2811.749163,2925.109842,-2477
48.43,-128.66,0.79336768,502,531.1576085,572.5757148,-10.74924183,2811.749163,2925.109842,-2477
48.42,-128.65,0.79336768,420,531.1576085,572.5757148,0.947541118,2811.749163,2925.109842,-2420
48.42,-128.65,0.79336768,305,531.1576085,572.5757148,0.947541118,2811.749163,2925.109842,-2420
48.42,-128.59,1.033847,401,465.2994327,501.5821124,2.668863773,2855.873935,2971.125675,-2441
48.42,-128.6,1.033847,407,465.2994327,501.5821124,2.668863773,2855.873935,2971.125675,-2397
48.42,-128.6,1.033847,429,465.2994327,501.5821124,2.668863773,2855.873935,2971.125675,-2397
48.42,-128.6,1.033847,460,465.2994327,501.5821124,2.668863773,2855.873935,2971.125675,-2397
48.42,-128.61,1.033847,463,465.2994327,501.5821124,2.668863773,2855.873935,2971.125675,-2368
48.42,-128.61,1.033847,416,465.2994327,501.5821124,2.668863773,2855.873935,2971.125675,-2368
48.42,-128.62,1.033847,432,465.2994327,501.5821124,2.668863773,2855.873935,2971.125675,-2366
48.42,-128.62,1.033847,589,465.2994327,501.5821124,2.668863773,2855.873935,2971.125675,-2366
48.42,-128.63,1.033847,458,465.2994327,501.5821124,0.947541118,2855.873935,2971.125675,-2395
48.42,-128.63,1.033847,506,465.2994327,501.5821124,0.947541118,2855.873935,2971.125675,-2395
48.42,-128.63,1.033847,461,465.2994327,501.5821124,0.947541118,2855.873935,2971.125675,-2395
48.42,-128.63,1.033847,451,465.2994327,501.5821124,0.947541118,2855.873935,2971.125675,-2395
48.42,-128.64,1.033847,450,465.2994327,501.5821124,0.947541118,2855.873935,2971.125675,-2377
48.42,-128.64,1.033847,411,465.2994327,501.5821124,0.947541118,2855.873935,2971.125675,-2377
48.42,-128.64,1.033847,354,465.2994327,501.5821124,0.947541118,2855.873935,2971.125675,-2377
48.42,-128.64,1.033847,365,465.2994327,501.5821124,0.947541118,2855.873935,2971.125675,-2377
48.42,-128.65,0.79336768,276,531.1576085,572.5757148,0.947541118,2811.749163,2925.109842,-2420
48.42,-128.65,0.79336768,656,531.1576085,572.5757148,0.947541118,2811.749163,2925.109842,-2420
48.42,-128.65,0.79336768,355,531.1576085,572.5757148,0.947541118,2811.749163,2925.109842,-2420
48.42,-128.65,0.79336768,558,531.1576085,572.5757148,0.947541118,2811.749163,2925.109842,-2420
48.42,-128.66,0.79336768,513,531.1576085,572.5757148,0.947541118,2811.749163,2925.109842,-2469
48.42,-128.66,0.79336768,484,531.1576085,572.5757148,0.947541118,2811.749163,2925.109842,-2469
48.42,-128.67,0.79336768,471,531.1576085,572.5757148,0.947541118,2811.749163,2925.109842,-2468
48.42,-128.67,0.79336768,520,531.1576085,572.5757148,0.947541118,2811.749163,2925.109842,-2468
48.42,-128.67,0.79336768,585,531.1576085,572.5757148,0.947541118,2811.749163,2925.109842,-2468
48.42,-128.68,0.79336768,309,531.1576085,572.5757148,0.947541118,2811.749163,2925.109842,-2473
48.42,-128.68,0.79336768,926,531.1576085,572.5757148,0.947541118,2811.749163,2925.109842,-2473
48.43,-128.68,0.79336768,1285,531.1576085,572.5757148,-10.74924183,2811.749163,2925.109842,-2481
48.43,-128.68,0.79336768,1677,531.1576085,572.5757148,-10.74924183,2811.749163,2925.109842,-2481
48.43,-128.68,0.79336768,1877,531.1576085,572.5757148,-10.74924183,2811.749163,2925.109842,-2481
48.43,-128.68,0.79336768,3484,531.1576085,572.5757148,-10.74924183,2811.749163,2925.109842,-2481
48.43,-128.68,0.79336768,4183,531.1576085,572.5757148,-10.74924183,2811.749163,2925.109842,-2481
48.43,-128.68,0.79336768,979,531.1576085,572.5757148,-10.74924183,2811.749163,2925.109842,-2481
48.44,-128.69,0.79336768,845,531.1576085,572.5757148,-10.74924183,2811.749163,2925.109842,-2476
48.44,-128.69,0.79336768,652,531.1576085,572.5757148,-10.74924183,2811.749163,2925.109842,-2476
48.44,-128.69,0.79336768,588,531.1576085,572.5757148,-10.74924183,2811.749163,2925.109842,-2476
48.44,-128.7,0.79336768,584,531.1576085,572.5757148,-10.74924183,2811.749163,2925.109842,-2465
48.44,-128.7,0.79336768,629,531.1576085,572.5757148,-10.74924183,2811.749163,2925.109842,-2465
48.44,-128.7,0.79336768,699,531.1576085,572.5757148,-10.74924183,2811.749163,2925.109842,-2465
48.44,-128.71,0.79336768,819,531.1576085,572.5757148,-10.74924183,2811.749163,2925.109842,-2456
48.44,-128.71,0.79336768,1037,531.1576085,572.5757148,-10.74924183,2811.749163,2925.109842,-2456
48.44,-128.71,0.79336768,999,531.1576085,572.5757148,-10.74924183,2811.749163,2925.109842,-2456
48.44,-128.72,0.79336768,934,531.1576085,572.5757148,-10.74924183,2811.749163,2925.109842,-2449
48.45,-128.71,0.59159386,882,615.1043949,663.0684244,-10.74924183,2769.202986,2880.740257,-2455
48.45,-128.71,0.59159386,1001,615.1043949,663.0684244,-10.74924183,2769.202986,2880.740257,-2455
48.45,-128.71,0.59159386,1113,615.1043949,663.0684244,-10.74924183,2769.202986,2880.740257,-2455
48.45,-128.71,0.59159386,1716,615.1043949,663.0684244,-10.74924183,2769.202986,2880.740257,-2455
48.46,-128.71,0.59159386,5393,615.1043949,663.0684244,-10.74924183,2769.202986,2880.740257,-2447
48.46,-128.71,0.59159386,1866,615.1043949,663.0684244,-10.74924183,2769.202986,2880.740257,-2447
48.46,-128.71,0.59159386,1292,615.1043949,663.0684244,-10.74924183,2769.202986,2880.740257,-2447
48.47,-128.71,0.59159386,1477,615.1043949,663.0684244,-10.74924183,2769.202986,2880.740257,-2440
48.47,-128.7,0.59159386,1708,615.1043949,663.0684244,-10.74924183,2769.202986,2880.740257,-2450
48.47,-128.7,0.59159386,1293,615.1043949,663.0684244,-10.74924183,2769.202986,2880.740257,-2450
48.48,-128.7,0.59159386,1088,615.1043949,663.0684244,-10.74924183,2769.202986,2880.740257,-2438
48.47,-128.66,0.59159386,160,615.1043949,663.0684244,-10.74924183,2769.202986,2880.740257,-2476
48.47,-128.66,0.59159386,371,615.1043949,663.0684244,-10.74924183,2769.202986,2880.740257,-2476
48.47,-128.66,0.59159386,379,615.1043949,663.0684244,-10.74924183,2769.202986,2880.740257,-2476
48.46,-128.65,0.59159386,443,615.1043949,663.0684244,-10.74924183,2769.202986,2880.740257,-2478
48.46,-128.65,0.59159386,519,615.1043949,663.0684244,-10.74924183,2769.202986,2880.740257,-2478
48.46,-128.65,0.59159386,697,615.1043949,663.0684244,-10.74924183,2769.202986,2880.740257,-2478
48.46,-128.64,0.8665905,1127,508.2222764,547.851953,-10.74924183,2825.81795,2939.781576,-2459
48.46,-128.64,0.8665905,2489,508.2222764,547.851953,-10.74924183,2825.81795,2939.781576,-2459
48.46,-128.64,0.8665905,2421,508.2222764,547.851953,-10.74924183,2825.81795,2939.781576,-2459
48.46,-128.63,0.8665905,402,508.2222764,547.851953,-10.74924183,2825.81795,2939.781576,-2346
48.46,-128.63,0.8665905,371,508.2222764,547.851953,-10.74924183,2825.81795,2939.781576,-2346
48.46,-128.62,0.8665905,421,508.2222764,547.851953,8.065933228,2825.81795,2939.781576,-2400
48.46,-128.62,0.8665905,472,508.2222764,547.851953,8.065933228,2825.81795,2939.781576,-2400
48.46,-128.62,0.8665905,653,508.2222764,547.851953,8.065933228,2825.81795,2939.781576,-2400
48.46,-128.61,0.8665905,1444,508.2222764,547.851953,8.065933228,2825.81795,2939.781576,-2345
48.46,-128.61,0.8665905,1460,508.2222764,547.851953,8.065933228,2825.81795,2939.781576,-2345
48.45,-128.61,0.8665905,541,508.2222764,547.851953,8.065933228,2825.81795,2939.781576,-2374
48.45,-128.6,0.8665905,433,508.2222764,547.851953,8.065933228,2825.81795,2939.781576,-2363
48.45,-128.6,0.8665905,417,508.2222764,547.851953,8.065933228,2825.81795,2939.781576,-2363
48.45,-128.59,0.8665905,460,508.2222764,547.851953,8.065933228,2825.81795,2939.781576,-2406
48.45,-128.59,0.8665905,433,508.2222764,547.851953,8.065933228,2825.81795,2939.781576,-2406
48.46,-128.63,0.8665905,536,508.2222764,547.851953,-10.74924183,2825.81795,2939.781576,-2346
48.46,-128.63,0.8665905,617,508.2222764,547.851953,-10.74924183,2825.81795,2939.781576,-2346
48.46,-128.63,0.8665905,1162,508.2222764,547.851953,-10.74924183,2825.81795,2939.781576,-2346
48.46,-128.63,0.8665905,817,508.2222764,547.851953,-10.74924183,2825.81795,2939.781576,-2346
48.46,-128.64,0.8665905,860,508.2222764,547.851953,-10.74924183,2825.81795,2939.781576,-2459
48.46,-128.64,0.8665905,706,508.2222764,547.851953,-10.74924183,2825.81795,2939.781576,-2459
48.46,-128.64,0.8665905,806,508.2222764,547.851953,-10.74924183,2825.81795,2939.781576,-2459
48.46,-128.64,0.8665905,650,508.2222764,547.851953,-10.74924183,2825.81795,2939.781576,-2459
48.46,-128.65,0.59159386,476,615.1043949,663.0684244,-10.74924183,2769.202986,2880.740257,-2478
48.46,-128.66,0.59159386,347,615.1043949,663.0684244,-10.74924183,2769.202986,2880.740257,-2475
48.46,-128.66,0.59159386,323,615.1043949,663.0684244,-10.74924183,2769.202986,2880.740257,-2475
48.46,-128.66,0.59159386,282,615.1043949,663.0684244,-10.74924183,2769.202986,2880.740257,-2475
48.46,-128.67,0.59159386,295,615.1043949,663.0684244,-10.74924183,2769.202986,2880.740257,-2474
48.46,-128.67,0.59159386,323,615.1043949,663.0684244,-10.74924183,2769.202986,2880.740257,-2474
48.46,-128.68,0.59159386,338,615.1043949,663.0684244,-10.74924183,2769.202986,2880.740257,-2472
48.46,-128.68,0.59159386,373,615.1043949,663.0684244,-10.74924183,2769.202986,2880.740257,-2472
48.46,-128.69,0.59159386,405,615.1043949,663.0684244,-10.74924183,2769.202986,2880.740257,-2466
48.46,-128.7,0.59159386,496,615.1043949,663.0684244,-10.74924183,2769.202986,2880.740257,-2455
48.46,-128.7,0.59159386,1247,615.1043949,663.0684244,-10.74924183,2769.202986,2880.740257,-2455
48.46,-128.71,0.59159386,113,615.1043949,663.0684244,-10.74924183,2769.202986,2880.740257,-2447
48.46,-128.71,0.59159386,2440,615.1043949,663.0684244,-10.74924183,2769.202986,2880.740257,-2447
48.46,-128.71,0.59159386,6280,615.1043949,663.0684244,-10.74924183,2769.202986,2880.740257,-2447
48.46,-128.71,0.59159386,3479,615.1043949,663.0684244,-10.74924183,2769.202986,2880.740257,-2447
48.46,-128.71,0.59159386,39,615.1043949,663.0684244,-10.74924183,2769.202986,2880.740257,-2447
48.46,-128.71,0.59159386,7932,615.1043949,663.0684244,-10.74924183,2769.202986,2880.740257,-2447
48.46,-128.71,0.59159386,2282,615.1043949,663.0684244,-10.74924183,2769.202986,2880.740257,-2447
48.46,-128.72,0.59159386,1228,615.1043949,663.0684244,-10.74924183,2769.202986,2880.740257,-2447
48.46,-128.72,0.59159386,1209,615.1043949,663.0684244,-10.74924183,2769.202986,2880.740257,-2447
48.46,-128.72,0.59159386,1318,615.1043949,663.0684244,-10.74924183,2769.202986,2880.740257,-2447
48.46,-128.72,0.59159386,1033,615.1043949,663.0684244,-10.74924183,2769.202986,2880.740257,-2447
48.46,-128.72,0.59159386,1155,615.1043949,663.0684244,-10.74924183,2769.202986,2880.740257,-2447
48.46,-128.72,0.59159386,1306,615.1043949,663.0684244,-10.74924183,2769.202986,2880.740257,-2447
48.46,-128.71,0.59159386,1538,615.1043949,663.0684244,-10.74924183,2769.202986,2880.740257,-2447
48.46,-128.71,0.59159386,6788,615.1043949,663.0684244,-10.74924183,2769.202986,2880.740257,-2447
48.46,-128.71,0.59159386,2142,615.1043949,663.0684244,-10.74924183,2769.202986,2880.740257,-2447
48.46,-128.71,0.59159386,1643,615.1043949,663.0684244,-10.74924183,2769.202986,2880.740257,-2447
48.46,-128.7,0.59159386,1029,615.1043949,663.0684244,-10.74924183,2769.202986,2880.740257,-2455
48.46,-128.71,0.59159386,1300,615.1043949,663.0684244,-10.74924183,2769.202986,2880.740257,-2447
48.46,-128.71,0.59159386,4818,615.1043949,663.0684244,-10.74924183,2769.202986,2880.740257,-2447
48.46,-128.71,0.59159386,7599,615.1043949,663.0684244,-10.74924183,2769.202986,2880.740257,-2447
48.46,-128.71,0.59159386,4106,615.1043949,663.0684244,-10.74924183,2769.202986,2880.740257,-2447
48.46,-128.71,0.59159386,1505,615.1043949,663.0684244,-10.74924183,2769.202986,2880.740257,-2447
48.46,-128.72,0.59159386,1240,615.1043949,663.0684244,-10.74924183,2769.202986,2880.740257,-2447
48.46,-128.71,0.59159386,1484,615.1043949,663.0684244,-10.74924183,2769.202986,2880.740257,-2447
48.46,-128.71,0.59159386,1916,615.1043949,663.0684244,-10.74924183,2769.202986,2880.740257,-2447
48.46,-128.71,0.59159386,4434,615.1043949,663.0684244,-10.74924183,2769.202986,2880.740257,-2447
48.46,-128.71,0.59159386,5963,615.1043949,663.0684244,-10.74924183,2769.202986,2880.740257,-2447
48.46,-128.71,0.59159386,2371,615.1043949,663.0684244,-10.74924183,2769.202986,2880.740257,-2447
48.46,-128.71,0.59159386,1615,615.1043949,663.0684244,-10.74924183,2769.202986,2880.740257,-2447
47.88,-128.73,0.91232389,243,495.3203091,533.9439284,-8.577288628,2834.304766,2948.632113,-2631
47.86,-128.67,0.91232389,269,495.3203091,533.9439284,-8.577288628,2834.304766,2948.632113,-2632
47.86,-128.66,0.91232389,328,495.3203091,533.9439284,-8.577288628,2834.304766,2948.632113,-2626
47.86,-128.66,0.91232389,449,495.3203091,533.9439284,-8.577288628,2834.304766,2948.632113,-2626
47.85,-128.64,1.1679138,329,437.7793418,471.9160858,-8.577288628,2878.245212,2994.455721,-2612
47.85,-128.64,1.1679138,241,437.7793418,471.9160858,-8.577288628,2878.245212,2994.455721,-2612
47.85,-128.63,1.1679138,271,437.7793418,471.9160858,-8.577288628,2878.245212,2994.455721,-2610
47.88,-128.72,0.91232389,225,495.3203091,533.9439284,-8.577288628,2834.304766,2948.632113,-2639
47.88,-128.71,0.91232389,245,495.3203091,533.9439284,-8.577288628,2834.304766,2948.632113,-2641
47.87,-128.71,0.91232389,256,495.3203091,533.9439284,-8.577288628,2834.304766,2948.632113,-2644
47.87,-128.7,0.91232389,286,495.3203091,533.9439284,-8.577288628,2834.304766,2948.632113,-2648
47.87,-128.7,0.91232389,278,495.3203091,533.9439284,-8.577288628,2834.304766,2948.632113,-2648
47.87,-128.69,0.91232389,352,495.3203091,533.9439284,-8.577288628,2834.304766,2948.632113,-2646
47.86,-128.68,0.91232389,269,495.3203091,533.9439284,-8.577288628,2834.304766,2948.632113,-2648
47.86,-128.67,0.91232389,286,495.3203091,533.9439284,-8.577288628,2834.304766,2948.632113,-2632
47.96,-128.81,0.50150979,353,668.068433,720.1624423,-5.608677864,2747.860746,2858.483349,-2588
47.92,-128.83,0.66285837,172,581.0992123,626.4116178,-10.49689579,2784.956401,2897.168818,-2586
47.91,-128.82,0.66285837,111,581.0992123,626.4116178,-10.49689579,2784.956401,2897.168818,-2587
47.9,-128.83,0.66285837,108,581.0992123,626.4116178,-10.49689579,2784.956401,2897.168818,-2587
47.9,-128.83,0.66285837,177,581.0992123,626.4116178,-10.49689579,2784.956401,2897.168818,-2587
47.96,-128.81,0.50150979,471,668.068433,720.1624423,-5.608677864,2747.860746,2858.483349,-2588
47.95,-128.81,0.50150979,384,668.068433,720.1624423,-10.49689579,2747.860746,2858.483349,-2587
47.94,-128.81,0.66285837,380,581.0992123,626.4116178,-10.49689579,2784.956401,2897.168818,-2589
47.94,-128.81,0.66285837,359,581.0992123,626.4116178,-10.49689579,2784.956401,2897.168818,-2589
47.93,-128.83,0.66285837,300,581.0992123,626.4116178,-10.49689579,2784.956401,2897.168818,-2585
47.93,-128.82,0.66285837,110,581.0992123,626.4116178,-10.49689579,2784.956401,2897.168818,-2587
47.93,-128.82,0.66285837,151,581.0992123,626.4116178,-10.49689579,2784.956401,2897.168818,-2587
47.92,-128.82,0.66285837,72,581.0992123,626.4116178,-10.49689579,2784.956401,2897.168818,-2588
47.89,-128.83,0.66285837,137,581.0992123,626.4116178,-10.49689579,2784.956401,2897.168818,-2588
47.89,-128.83,0.66285837,121,581.0992123,626.4116178,-10.49689579,2784.956401,2897.168818,-2588
47.88,-128.83,0.66285837,112,581.0992123,626.4116178,-10.49689579,2784.956401,2897.168818,-2592
47.87,-128.83,0.66285837,117,581.0992123,626.4116178,-10.49689579,2784.956401,2897.168818,-2562
47.87,-128.84,0.66285837,123,581.0992123,626.4116178,-10.49689579,2784.956401,2897.168818,-2566
47.86,-128.84,0.66285837,261,581.0992123,626.4116178,-10.49689579,2784.956401,2897.168818,-2552
47.99,-128.79,0.50150979,205,668.068433,720.1624423,-5.608677864,2747.860746,2858.483349,-2592
47.99,-128.8,0.50150979,168,668.068433,720.1624423,-5.608677864,2747.860746,2858.483349,-2580
47.98,-128.79,0.50150979,170,668.068433,720.1624423,-5.608677864,2747.860746,2858.483349,-2591
47.98,-128.8,0.50150979,146,668.068433,720.1624423,-5.608677864,2747.860746,2858.483349,-2590
47.97,-128.8,0.50150979,174,668.068433,720.1624423,-5.608677864,2747.860746,2858.483349,-2590
47.97,-128.81,0.50150979,159,668.068433,720.1624423,-5.608677864,2747.860746,2858.483349,-2586
47.97,-128.83,0.50150979,129,668.068433,720.1624423,-5.608677864,2747.860746,2858.483349,-2421
47.96,-128.82,0.50150979,137,668.068433,720.1624423,-5.608677864,2747.860746,2858.483349,-2543
47.93,-128.85,0.66285837,164,581.0992123,626.4116178,-10.49689579,2784.956401,2897.168818,-2437
47.91,-128.8,0.66285837,95,581.0992123,626.4116178,-10.49689579,2784.956401,2897.168818,-2594
47.94,-128.76,0.66285837,90,581.0992123,626.4116178,-10.49689579,2784.956401,2897.168818,-2606
47.94,-128.82,0.66285837,362,581.0992123,626.4116178,-10.49689579,2784.956401,2897.168818,-2587
47.96,-128.83,0.50150979,91,668.068433,720.1624423,-5.608677864,2747.860746,2858.483349,-2408
47.94,-128.77,0.66285837,104,581.0992123,626.4116178,-10.49689579,2784.956401,2897.168818,-2607
47.91,-128.8,0.66285837,113,581.0992123,626.4116178,-10.49689579,2784.956401,2897.168818,-2594
47.94,-128.78,0.66285837,900,581.0992123,626.4116178,-10.49689579,2784.956401,2897.168818,-2607
47.91,-128.79,0.66285837,129,581.0992123,626.4116178,-10.49689579,2784.956401,2897.168818,-2603
47.95,-128.78,0.50150979,109,668.068433,720.1624423,-10.49689579,2747.860746,2858.483349,-2606
47.9,-128.78,0.66285837,164,581.0992123,626.4116178,-10.49689579,2784.956401,2897.168818,-2608
47.95,-128.79,0.50150979,84,668.068433,720.1624423,-10.49689579,2747.860746,2858.483349,-2599
47.95,-128.81,0.50150979,155,668.068433,720.1624423,-10.49689579,2747.860746,2858.483349,-2587
47.95,-128.81,0.50150979,171,668.068433,720.1624423,-10.49689579,2747.860746,2858.483349,-2587
47.95,-128.82,0.50150979,233,668.068433,720.1624423,-10.49689579,2747.860746,2858.483349,-2587
47.92,-128.84,0.66285837,147,581.0992123,626.4116178,-10.49689579,2784.956401,2897.168818,-2584
47.92,-128.84,0.66285837,93,581.0992123,626.4116178,-10.49689579,2784.956401,2897.168818,-2584
47.82,-128.67,1.1115648,563,448.7384322,483.7297338,-12.46199608,2869.007707,2984.822323,-2682
47.88,-128.7,0.91232389,287,495.3203091,533.9439284,-8.577288628,2834.304766,2948.632113,-2637
47.88,-128.7,0.91232389,300,495.3203091,533.9439284,-8.577288628,2834.304766,2948.632113,-2637
47.89,-128.7,0.91232389,262,495.3203091,533.9439284,-8.577288628,2834.304766,2948.632113,-2628
47.83,-128.67,1.1115648,534,448.7384322,483.7297338,-12.46199608,2869.007707,2984.822323,-2673
47.84,-128.67,1.1115648,403,448.7384322,483.7297338,-12.46199608,2869.007707,2984.822323,-2666
47.84,-128.68,1.1115648,421,448.7384322,483.7297338,-12.46199608,2869.007707,2984.822323,-2662
47.85,-128.68,0.91232389,307,495.3203091,533.9439284,-8.577288628,2834.304766,2948.632113,-2655
47.86,-128.68,0.91232389,294,495.3203091,533.9439284,-8.577288628,2834.304766,2948.632113,-2648
47.87,-128.69,0.91232389,355,495.3203091,533.9439284,-8.577288628,2834.304766,2948.632113,-2646
47.87,-128.69,0.91232389,270,495.3203091,533.9439284,-8.577288628,2834.304766,2948.632113,-2646
47.88,-128.69,0.91232389,247,495.3203091,533.9439284,-8.577288628,2834.304766,2948.632113,-2634
47.86,-128.64,1.1679138,267,437.7793418,471.9160858,-8.577288628,2878.245212,2994.455721,-2618
47.9,-128.66,0.91232389,392,495.3203091,533.9439284,-8.577288628,2834.304766,2948.632113,-2614
47.9,-128.67,0.91232389,381,495.3203091,533.9439284,-8.577288628,2834.304766,2948.632113,-2619
47.87,-128.64,1.1679138,270,437.7793418,471.9160858,-8.577288628,2878.245212,2994.455721,-2614
47.87,-128.64,1.1679138,353,437.7793418,471.9160858,-8.577288628,2878.245212,2994.455721,-2614
47.88,-128.65,0.91232389,241,495.3203091,533.9439284,-8.577288628,2834.304766,2948.632113,-2616
47.88,-128.65,0.91232389,305,495.3203091,533.9439284,-8.577288628,2834.304766,2948.632113,-2616
47.89,-128.65,0.91232389,294,495.3203091,533.9439284,-8.577288628,2834.304766,2948.632113,-2617
47.89,-128.66,0.91232389,204,495.3203091,533.9439284,-8.577288628,2834.304766,2948.632113,-2619
47.89,-128.66,0.91232389,378,495.3203091,533.9439284,-8.577288628,2834.304766,2948.632113,-2619
47.89,-128.66,0.91232389,359,495.3203091,533.9439284,-8.577288628,2834.304766,2948.632113,-2619
47.92,-128.83,0.66285837,111,581.0992123,626.4116178,-10.49689579,2784.956401,2897.168818,-2586
47.92,-128.82,0.66285837,109,581.0992123,626.4116178,-10.49689579,2784.956401,2897.168818,-2588
47.92,-128.82,0.66285837,113,581.0992123,626.4116178,-10.49689579,2784.956401,2897.168818,-2588
47.92,-128.81,0.66285837,97,581.0992123,626.4116178,-10.49689579,2784.956401,2897.168818,-2590
47.91,-128.81,0.66285837,87,581.0992123,626.4116178,-10.49689579,2784.956401,2897.168818,-2590
47.87,-127.62,3.4528952,556,254.6061914,274.4596325,3.032176971,3150.368866,3278.241818,-2605
47.92,-127.65,3.1907601,184,264.8582972,285.5111674,3.032176971,3125.19446,3251.988508,-2654
47.92,-127.65,3.1907601,164,264.8582972,285.5111674,3.032176971,3125.19446,3251.988508,-2654
47.93,-127.65,3.1907601,150,264.8582972,285.5111674,3.032176971,3125.19446,3251.988508,-2656
47.93,-127.66,3.1907601,123,264.8582972,285.5111674,3.032176971,3125.19446,3251.988508,-2657
47.94,-127.66,3.1907601,144,264.8582972,285.5111674,3.032176971,3125.19446,3251.988508,-2653
47.94,-127.66,3.1907601,155,264.8582972,285.5111674,3.032176971,3125.19446,3251.988508,-2653
47.95,-127.66,3.0129824,150,272.5601513,293.8135893,3.032176971,3107.52806,3233.564977,-2651
47.87,-127.62,3.4528952,688,254.6061914,274.4596325,3.032176971,3150.368866,3278.241818,-2605
47.88,-127.62,3.4528952,184,254.6061914,274.4596325,3.032176971,3150.368866,3278.241818,-2645
47.88,-127.63,3.4528952,114,254.6061914,274.4596325,3.032176971,3150.368866,3278.241818,-2647
47.89,-127.63,3.4528952,120,254.6061914,274.4596325,3.032176971,3150.368866,3278.241818,-2646
47.89,-127.64,3.4528952,187,254.6061914,274.4596325,3.032176971,3150.368866,3278.241818,-2648
47.9,-127.64,3.4528952,247,254.6061914,274.4596325,3.032176971,3150.368866,3278.241818,-2649
47.9,-127.64,3.4528952,148,254.6061914,274.4596325,3.032176971,3150.368866,3278.241818,-2649
47.91,-127.64,3.4528952,251,254.6061914,274.4596325,3.032176971,3150.368866,3278.241818,-2651
47.86,-127.68,3.1907601,143,264.8582972,285.5111674,3.032176971,3125.19446,3251.988508,-2658
47.9,-127.71,3.1907601,959,264.8582972,285.5111674,-0.518282652,3125.19446,3251.988508,-2656
47.91,-127.71,3.1907601,412,264.8582972,285.5111674,-0.518282652,3125.19446,3251.988508,-2664
47.91,-127.71,3.1907601,216,264.8582972,285.5111674,-0.518282652,3125.19446,3251.988508,-2664
47.92,-127.71,3.1907601,265,264.8582972,285.5111674,-0.518282652,3125.19446,3251.988508,-2661
47.92,-127.72,3.1907601,327,264.8582972,285.5111674,-0.518282652,3125.19446,3251.988508,-2660
47.93,-127.72,3.1907601,262,264.8582972,285.5111674,-0.518282652,3125.19446,3251.988508,-2652
47.93,-127.72,3.1907601,237,264.8582972,285.5111674,-0.518282652,3125.19446,3251.988508,-2652
47.94,-127.73,3.1907601,267,264.8582972,285.5111674,-0.518282652,3125.19446,3251.988508,-2640
47.95,-127.73,3.0129824,186,272.5601513,293.8135893,-0.518282652,3107.52806,3233.564977,-2634
47.86,-127.68,3.1907601,162,264.8582972,285.5111674,3.032176971,3125.19446,3251.988508,-2658
47.96,-127.74,3.0129824,171,272.5601513,293.8135893,-0.881052673,3107.52806,3233.564977,-2627
47.96,-127.74,3.0129824,174,272.5601513,293.8135893,-0.881052673,3107.52806,3233.564977,-2627
47.87,-127.68,3.1907601,184,264.8582972,285.5111674,3.032176971,3125.19446,3251.988508,-2659
47.87,-127.69,3.1907601,205,264.8582972,285.5111674,3.032176971,3125.19446,3251.988508,-2661
47.88,-127.69,3.1907601,231,264.8582972,285.5111674,3.032176971,3125.19446,3251.988508,-2658
47.89,-127.7,3.1907601,214,264.8582972,285.5111674,-0.518282652,3125.19446,3251.988508,-2663
47.89,-127.7,3.1907601,258,264.8582972,285.5111674,-0.518282652,3125.19446,3251.988508,-2663
47.89,-127.7,3.1907601,324,264.8582972,285.5111674,-0.518282652,3125.19446,3251.988508,-2663
47.9,-127.7,3.1907601,489,264.8582972,285.5111674,-0.518282652,3125.19446,3251.988508,-2659
47.75,-127.62,3.5783212,74,250.1042077,269.6065974,-0.419886947,3162.075786,3290.450463,-2648
47.79,-127.64,3.5786738,159,250.0918862,269.5933151,-0.419886947,3162.108405,3290.48448,-2649
47.8,-127.64,3.5786738,260,250.0918862,269.5933151,-0.419886947,3162.108405,3290.48448,-2647
47.8,-127.65,3.3711357,179,257.6751524,277.7679021,-0.419886947,3142.622847,3270.163826,-2649
47.81,-127.65,3.3711357,128,257.6751524,277.7679021,-0.419886947,3142.622847,3270.163826,-2651
47.81,-127.65,3.3711357,145,257.6751524,277.7679021,-0.419886947,3142.622847,3270.163826,-2651
47.82,-127.65,3.3711357,117,257.6751524,277.7679021,-0.419886947,3142.622847,3270.163826,-2653
47.82,-127.66,3.3711357,236,257.6751524,277.7679021,-0.419886947,3142.622847,3270.163826,-2653
47.83,-127.66,3.3711357,180,257.6751524,277.7679021,-0.419886947,3142.622847,3270.163826,-2652
47.83,-127.66,3.3711357,220,257.6751524,277.7679021,-0.419886947,3142.622847,3270.163826,-2652
47.84,-127.67,3.3711357,186,257.6751524,277.7679021,-0.419886947,3142.622847,3270.163826,-2654
47.75,-127.62,3.5783212,148,250.1042077,269.6065974,-0.419886947,3162.075786,3290.450463,-2648
47.84,-127.67,3.3711357,199,257.6751524,277.7679021,-0.419886947,3142.622847,3270.163826,-2654
47.85,-127.67,3.1907601,228,264.8582972,285.5111674,3.032176971,3125.19446,3251.988508,-2653
47.85,-127.67,3.1907601,197,264.8582972,285.5111674,3.032176971,3125.19446,3251.988508,-2653
47.86,-127.68,3.1907601,188,264.8582972,285.5111674,3.032176971,3125.19446,3251.988508,-2658
47.76,-127.62,3.5786738,69,250.0918862,269.5933151,-0.419886947,3162.108405,3290.48448,-2648
47.76,-127.62,3.5786738,155,250.0918862,269.5933151,-0.419886947,3162.108405,3290.48448,-2648
47.76,-127.63,3.5786738,91,250.0918862,269.5933151,-0.419886947,3162.108405,3290.48448,-2649
47.77,-127.63,3.5786738,63,250.0918862,269.5933151,-0.419886947,3162.108405,3290.48448,-2650
47.78,-127.63,3.5786738,74,250.0918862,269.5933151,-0.419886947,3162.108405,3290.48448,-2655
47.78,-127.64,3.5786738,87,250.0918862,269.5933151,-0.419886947,3162.108405,3290.48448,-2654
47.78,-127.64,3.5786738,156,250.0918862,269.5933151,-0.419886947,3162.108405,3290.48448,-2654
47.82,-127.49,3.8465323,214,241.2270285,260.0372019,-0.675474346,3186.440243,3315.85911,-2632
47.83,-127.55,3.5786738,139,250.0918862,269.5933151,-0.675474346,3162.108405,3290.48448,-2643
47.83,-127.55,3.5786738,72,250.0918862,269.5933151,-0.675474346,3162.108405,3290.48448,-2643
47.83,-127.56,3.5786738,231,250.0918862,269.5933151,-0.675474346,3162.108405,3290.48448,-2643
47.84,-127.57,3.5786738,261,250.0918862,269.5933151,-0.675474346,3162.108405,3290.48448,-2642
47.84,-127.58,3.5786738,362,250.0918862,269.5933151,-0.419886947,3162.108405,3290.48448,-2643
47.84,-127.58,3.5786738,189,250.0918862,269.5933151,-0.419886947,3162.108405,3290.48448,-2643
47.84,-127.59,3.5786738,212,250.0918862,269.5933151,-0.419886947,3162.108405,3290.48448,-2643
47.84,-127.6,3.5786738,181,250.0918862,269.5933151,-0.419886947,3162.108405,3290.48448,-2645
47.84,-127.6,3.5786738,187,250.0918862,269.5933151,-0.419886947,3162.108405,3290.48448,-2645
47.84,-127.61,3.5786738,232,250.0918862,269.5933151,-0.419886947,3162.108405,3290.48448,-2645
47.82,-127.49,3.8465323,172,241.2270285,260.0372019,-0.675474346,3186.440243,3315.85911,-2632
47.82,-127.5,3.8465323,89,241.2270285,260.0372019,-0.675474346,3186.440243,3315.85911,-2632
47.82,-127.5,3.8465323,206,241.2270285,260.0372019,-0.675474346,3186.440243,3315.85911,-2632
47.82,-127.51,3.8465323,199,241.2270285,260.0372019,-0.675474346,3186.440243,3315.85911,-2634
47.82,-127.51,3.8465323,37,241.2270285,260.0372019,-0.675474346,3186.440243,3315.85911,-2634
47.82,-127.52,3.8465323,145,241.2270285,260.0372019,-0.675474346,3186.440243,3315.85911,-2636
47.83,-127.53,3.8465323,123,241.2270285,260.0372019,-0.675474346,3186.440243,3315.85911,-2641
47.83,-127.54,3.8465323,122,241.2270285,260.0372019,-0.675474346,3186.440243,3315.85911,-2642
47.75,-127.22,4.6330013,154,219.8008907,236.9403169,-5.541047096,3253.354272,3385.640884,-2617
47.76,-127.29,4.2658925,131,229.0634015,246.925091,-10.34975338,3222.8913,3353.872355,-2613
47.77,-127.3,4.2658925,101,229.0634015,246.925091,-10.34975338,3222.8913,3353.872355,-2610
47.77,-127.31,4.2658925,111,229.0634015,246.925091,-10.34975338,3222.8913,3353.872355,-2610
47.77,-127.33,4.2658925,200,229.0634015,246.925091,-10.34975338,3222.8913,3353.872355,-2613
47.75,-127.23,4.6330013,141,219.8008907,236.9403169,-10.34975338,3253.354272,3385.640884,-2618
47.75,-127.24,4.6330013,145,219.8008907,236.9403169,-10.34975338,3253.354272,3385.640884,-2616
47.75,-127.24,4.6330013,150,219.8008907,236.9403169,-10.34975338,3253.354272,3385.640884,-2616
47.76,-127.25,4.2658925,151,229.0634015,246.925091,-10.34975338,3222.8913,3353.872355,-2618
47.76,-127.26,4.2658925,162,229.0634015,246.925091,-10.34975338,3222.8913,3353.872355,-2616
47.76,-127.27,4.2658925,157,229.0634015,246.925091,-10.34975338,3222.8913,3353.872355,-2613
47.76,-127.27,4.2658925,106,229.0634015,246.925091,-10.34975338,3222.8913,3353.872355,-2613
47.76,-127.28,4.2658925,164,229.0634015,246.925091,-10.34975338,3222.8913,3353.872355,-2612
47.77,-127.33,4.2658925,145,229.0634015,246.925091,-10.34975338,3222.8913,3353.872355,-2613
47.79,-127.4,4.1103892,135,233.3561151,251.5525379,-4.742084503,3209.593318,3340.00446,-2630
47.79,-127.4,4.1103892,188,233.3561151,251.5525379,-4.742084503,3209.593318,3340.00446,-2630
47.79,-127.41,4.1103892,108,233.3561151,251.5525379,-4.742084503,3209.593318,3340.00446,-2631
47.78,-127.34,4.2658925,106,229.0634015,246.925091,-10.34975338,3222.8913,3353.872355,-2616
47.78,-127.35,4.2658925,141,229.0634015,246.925091,-4.742084503,3222.8913,3353.872355,-2620
47.78,-127.35,4.2658925,163,229.0634015,246.925091,-4.742084503,3222.8913,3353.872355,-2620
47.78,-127.36,4.1103892,150,233.3561151,251.5525379,-4.742084503,3209.593318,3340.00446,-2623
47.78,-127.37,4.1103892,105,233.3561151,251.5525379,-4.742084503,3209.593318,3340.00446,-2625
47.78,-127.37,4.1103892,171,233.3561151,251.5525379,-4.742084503,3209.593318,3340.00446,-2625
47.78,-127.38,4.1103892,133,233.3561151,251.5525379,-4.742084503,3209.593318,3340.00446,-2629
47.79,-127.39,4.1103892,142,233.3561151,251.5525379,-4.742084503,3209.593318,3340.00446,-2629
47.84,-127.72,3.3711357,1091,257.6751524,277.7679021,-0.975069642,3142.622847,3270.163826,-2660
47.85,-127.81,2.9645884,224,274.7757845,296.2019911,3.526834726,3102.629305,3228.456275,-2634
47.85,-127.82,2.9645884,239,274.7757845,296.2019911,3.526834726,3102.629305,3228.456275,-2628
47.85,-127.82,2.9645884,233,274.7757845,296.2019911,3.526834726,3102.629305,3228.456275,-2628
47.85,-127.83,2.9645884,241,274.7757845,296.2019911,3.526834726,3102.629305,3228.456275,-2619
47.86,-127.84,2.9645884,252,274.7757845,296.2019911,3.526834726,3102.629305,3228.456275,-2618
47.86,-127.85,2.9645884,102,274.7757845,296.2019911,3.526834726,3102.629305,3228.456275,-2613
47.86,-127.86,2.6994836,97,287.9521412,310.4058013,3.526834726,3075.053685,3199.698843,-2613
47.86,-127.87,2.6994836,210,287.9521412,310.4058013,3.526834726,3075.053685,3199.698843,-2614
47.86,-127.88,2.6994836,95,287.9521412,310.4058013,3.526834726,3075.053685,3199.698843,-2614
47.86,-127.89,2.6994836,257,287.9521412,310.4058013,3.526834726,3075.053685,3199.698843,-2615
47.84,-127.74,3.3711357,710,257.6751524,277.7679021,-0.975069642,3142.622847,3270.163826,-2629
47.86,-127.9,2.6994836,217,287.9521412,310.4058013,3.526834726,3075.053685,3199.698843,-2615
47.86,-127.91,2.6994836,182,287.9521412,310.4058013,3.526834726,3075.053685,3199.698843,-2615
47.84,-127.75,3.1612465,292,266.091792,286.8408464,-0.975069642,3122.296309,3248.966151,-2664
47.84,-127.76,3.1612465,137,266.091792,286.8408464,-0.975069642,3122.296309,3248.966151,-2663
47.84,-127.76,3.1612465,234,266.091792,286.8408464,-0.975069642,3122.296309,3248.966151,-2663
47.84,-127.77,3.1612465,209,266.091792,286.8408464,-0.975069642,3122.296309,3248.966151,-2659
47.85,-127.78,2.9645884,201,274.7757845,296.2019911,-0.518282652,3102.629305,3228.456275,-2654
47.85,-127.79,2.9645884,200,274.7757845,296.2019911,-0.518282652,3102.629305,3228.456275,-2647
47.85,-127.8,2.9645884,197,274.7757845,296.2019911,-0.518282652,3102.629305,3228.456275,-2639
47.85,-127.63,3.4528952,1659,254.6061914,274.4596325,3.032176971,3150.368866,3278.241818,-2587
47.86,-127.71,3.1907601,309,264.8582972,285.5111674,-0.518282652,3125.19446,3251.988508,-2663
47.86,-127.71,3.1907601,410,264.8582972,285.5111674,-0.518282652,3125.19446,3251.988508,-2663
47.87,-127.72,3.1907601,935,264.8582972,285.5111674,-0.518282652,3125.19446,3251.988508,-2668
47.87,-127.72,3.1907601,1109,264.8582972,285.5111674,-0.518282652,3125.19446,3251.988508,-2668
47.87,-127.72,3.1907601,311,264.8582972,285.5111674,-0.518282652,3125.19446,3251.988508,-2668
47.87,-127.73,3.1907601,226,264.8582972,285.5111674,-0.518282652,3125.19446,3251.988508,-2668
47.87,-127.74,3.1907601,283,264.8582972,285.5111674,-0.518282652,3125.19446,3251.988508,-2668
47.87,-127.74,3.1907601,281,264.8582972,285.5111674,-0.518282652,3125.19446,3251.988508,-2668
47.85,-127.64,3.4528952,346,254.6061914,274.4596325,3.032176971,3150.368866,3278.241818,-2645
47.85,-127.65,3.1907601,425,264.8582972,285.5111674,3.032176971,3125.19446,3251.988508,-2648
47.85,-127.66,3.1907601,216,264.8582972,285.5111674,3.032176971,3125.19446,3251.988508,-2649
47.86,-127.67,3.1907601,200,264.8582972,285.5111674,3.032176971,3125.19446,3251.988508,-2655
47.86,-127.67,3.1907601,191,264.8582972,285.5111674,3.032176971,3125.19446,3251.988508,-2655
47.86,-127.68,3.1907601,162,264.8582972,285.5111674,3.032176971,3125.19446,3251.988508,-2658
47.86,-127.7,3.1907601,191,264.8582972,285.5111674,-0.518282652,3125.19446,3251.988508,-2660
47.86,-127.7,3.1907601,227,264.8582972,285.5111674,-0.518282652,3125.19446,3251.988508,-2660
47.86,-127.7,3.1907601,217,264.8582972,285.5111674,-0.518282652,3125.19446,3251.988508,-2660
47.87,-127.73,3.1907601,211,264.8582972,285.5111674,-0.518282652,3125.19446,3251.988508,-2668
47.87,-127.73,3.1907601,225,264.8582972,285.5111674,-0.518282652,3125.19446,3251.988508,-2668
47.85,-127.74,3.1907601,233,264.8582972,285.5111674,-0.518282652,3125.19446,3251.988508,-2652
47.85,-127.73,3.1907601,285,264.8582972,285.5111674,-0.518282652,3125.19446,3251.988508,-2651
47.85,-127.73,3.1907601,283,264.8582972,285.5111674,-0.518282652,3125.19446,3251.988508,-2651
47.85,-127.72,3.1907601,451,264.8582972,285.5111674,-0.518282652,3125.19446,3251.988508,-2661
47.85,-127.72,3.1907601,712,264.8582972,285.5111674,-0.518282652,3125.19446,3251.988508,-2661
47.85,-127.72,3.1907601,487,264.8582972,285.5111674,-0.518282652,3125.19446,3251.988508,-2661
47.85,-127.72,3.1907601,433,264.8582972,285.5111674,-0.518282652,3125.19446,3251.988508,-2661
47.85,-127.71,3.1907601,364,264.8582972,285.5111674,-0.518282652,3125.19446,3251.988508,-2659
47.86,-127.7,3.1907601,214,264.8582972,285.5111674,-0.518282652,3125.19446,3251.988508,-2660
47.85,-127.71,3.1907601,253,264.8582972,285.5111674,-0.518282652,3125.19446,3251.988508,-2659
47.85,-127.7,3.1907601,206,264.8582972,285.5111674,-0.518282652,3125.19446,3251.988508,-2659
47.86,-127.7,3.1907601,244,264.8582972,285.5111674,-0.518282652,3125.19446,3251.988508,-2660
47.86,-127.71,3.1907601,308,264.8582972,285.5111674,-0.518282652,3125.19446,3251.988508,-2663
47.86,-127.71,3.1907601,382,264.8582972,285.5111674,-0.518282652,3125.19446,3251.988508,-2663
47.87,-127.72,3.1907601,562,264.8582972,285.5111674,-0.518282652,3125.19446,3251.988508,-2668
47.87,-127.72,3.1907601,1043,264.8582972,285.5111674,-0.518282652,3125.19446,3251.988508,-2668
47.87,-127.72,3.1907601,1020,264.8582972,285.5111674,-0.518282652,3125.19446,3251.988508,-2668
47.87,-127.73,3.1907601,319,264.8582972,285.5111674,-0.518282652,3125.19446,3251.988508,-2668
47.79,-127.85,3.1612465,228,266.091792,286.8408464,-0.58204329,3122.296309,3248.966151,-2628
47.92,-128.72,0.91232389,165,495.3203091,533.9439284,-8.577288628,2834.304766,2948.632113,-2614
47.92,-128.68,0.91232389,263,495.3203091,533.9439284,-8.577288628,2834.304766,2948.632113,-2604
47.91,-128.67,0.91232389,275,495.3203091,533.9439284,-8.577288628,2834.304766,2948.632113,-2609
47.91,-128.67,0.91232389,286,495.3203091,533.9439284,-8.577288628,2834.304766,2948.632113,-2609
47.91,-128.66,0.91232389,302,495.3203091,533.9439284,-8.577288628,2834.304766,2948.632113,-2608
47.91,-128.66,0.91232389,319,495.3203091,533.9439284,-8.577288628,2834.304766,2948.632113,-2608
47.91,-128.65,0.91232389,327,495.3203091,533.9439284,-8.577288628,2834.304766,2948.632113,-2605
47.91,-128.65,0.91232389,334,495.3203091,533.9439284,-8.577288628,2834.304766,2948.632113,-2605
47.91,-128.64,1.1679138,329,437.7793418,471.9160858,-8.577288628,2878.245212,2994.455721,-2600
47.91,-128.64,1.1679138,266,437.7793418,471.9160858,-8.577288628,2878.245212,2994.455721,-2600
47.9,-128.63,1.1679138,339,437.7793418,471.9160858,-8.577288628,2878.245212,2994.455721,-2602
47.92,-128.72,0.91232389,158,495.3203091,533.9439284,-8.577288628,2834.304766,2948.632113,-2614
47.9,-128.63,1.1679138,337,437.7793418,471.9160858,-8.577288628,2878.245212,2994.455721,-2602
47.9,-128.62,1.1679138,315,437.7793418,471.9160858,-5.80466938,2878.245212,2994.455721,-2597
47.92,-128.71,0.91232389,163,495.3203091,533.9439284,-8.577288628,2834.304766,2948.632113,-2613
47.92,-128.71,0.91232389,178,495.3203091,533.9439284,-8.577288628,2834.304766,2948.632113,-2613
47.92,-128.7,0.91232389,162,495.3203091,533.9439284,-8.577288628,2834.304766,2948.632113,-2610
47.92,-128.7,0.91232389,212,495.3203091,533.9439284,-8.577288628,2834.304766,2948.632113,-2610
47.92,-128.69,0.91232389,230,495.3203091,533.9439284,-8.577288628,2834.304766,2948.632113,-2604
47.92,-128.69,0.91232389,248,495.3203091,533.9439284,-8.577288628,2834.304766,2948.632113,-2604
47.92,-128.68,0.91232389,236,495.3203091,533.9439284,-8.577288628,2834.304766,2948.632113,-2604
47.9,-128.62,1.1679138,295,437.7793418,471.9160858,-5.80466938,2878.245212,2994.455721,-2597
47.89,-128.57,1.1679138,599,437.7793418,471.9160858,-5.80466938,2878.245212,2994.455721,-2608
47.89,-128.57,1.1679138,755,437.7793418,471.9160858,-5.80466938,2878.245212,2994.455721,-2608
47.89,-128.56,1.1679138,481,437.7793418,471.9160858,-5.80466938,2878.245212,2994.455721,-2618
47.89,-128.56,1.1679138,677,437.7793418,471.9160858,-5.80466938,2878.245212,2994.455721,-2618
47.89,-128.56,1.1679138,735,437.7793418,471.9160858,-5.80466938,2878.245212,2994.455721,-2618
47.89,-128.55,1.1679138,472,437.7793418,471.9160858,-5.80466938,2878.245212,2994.455721,-2629
47.89,-128.55,1.1679138,370,437.7793418,471.9160858,-5.80466938,2878.245212,2994.455721,-2629
47.89,-128.54,1.414219,346,397.8343928,428.8563473,-5.80466938,2916.22329,3034.061431,-2646
47.89,-128.54,1.414219,313,397.8343928,428.8563473,-5.80466938,2916.22329,3034.061431,-2646
47.89,-128.54,1.414219,237,397.8343928,428.8563473,-5.80466938,2916.22329,3034.061431,-2646
47.9,-128.61,1.1679138,325,437.7793418,471.9160858,-5.80466938,2878.245212,2994.455721,-2596
47.89,-128.53,1.414219,145,397.8343928,428.8563473,-5.80466938,2916.22329,3034.061431,-2656
47.89,-128.53,1.414219,168,397.8343928,428.8563473,-5.80466938,2916.22329,3034.061431,-2656
47.89,-128.52,1.414219,207,397.8343928,428.8563473,-5.80466938,2916.22329,3034.061431,-2661
47.88,-128.52,1.414219,253,397.8343928,428.8563473,-5.80466938,2916.22329,3034.061431,-2663
47.9,-128.61,1.1679138,272,437.7793418,471.9160858,-5.80466938,2878.245212,2994.455721,-2596
47.9,-128.61,1.1679138,293,437.7793418,471.9160858,-5.80466938,2878.245212,2994.455721,-2596
47.9,-128.6,1.1679138,339,437.7793418,471.9160858,-5.80466938,2878.245212,2994.455721,-2596
47.9,-128.59,1.1679138,315,437.7793418,471.9160858,-5.80466938,2878.245212,2994.455721,-2603
47.9,-128.58,1.1679138,314,437.7793418,471.9160858,-5.80466938,2878.245212,2994.455721,-2610
47.89,-128.57,1.1679138,345,437.7793418,471.9160858,-5.80466938,2878.245212,2994.455721,-2608
47.92,-128.52,1.414219,171,397.8343928,428.8563473,-5.80466938,2916.22329,3034.061431,-2617
47.92,-128.55,1.1679138,269,437.7793418,471.9160858,-5.80466938,2878.245212,2994.455721,-2590
47.92,-128.55,1.1679138,273,437.7793418,471.9160858,-5.80466938,2878.245212,2994.455721,-2590
47.92,-128.55,1.1679138,356,437.7793418,471.9160858,-5.80466938,2878.245212,2994.455721,-2590
47.92,-128.55,1.1679138,523,437.7793418,471.9160858,-5.80466938,2878.245212,2994.455721,-2590
47.93,-128.56,1.1679138,436,437.7793418,471.9160858,-5.80466938,2878.245212,2994.455721,-2591
47.93,-128.56,1.1679138,434,437.7793418,471.9160858,-5.80466938,2878.245212,2994.455721,-2591
47.93,-128.56,1.1679138,369,437.7793418,471.9160858,-5.80466938,2878.245212,2994.455721,-2591
47.93,-128.56,1.1679138,280,437.7793418,471.9160858,-5.80466938,2878.245212,2994.455721,-2591
47.93,-128.57,1.1679138,276,437.7793418,471.9160858,-5.80466938,2878.245212,2994.455721,-2586
47.93,-128.57,1.1679138,294,437.7793418,471.9160858,-5.80466938,2878.245212,2994.455721,-2586
47.92,-128.52,1.414219,168,397.8343928,428.8563473,-5.80466938,2916.22329,3034.061431,-2617
47.92,-128.53,1.414219,174,397.8343928,428.8563473,-5.80466938,2916.22329,3034.061431,-2610
47.92,-128.53,1.414219,175,397.8343928,428.8563473,-5.80466938,2916.22329,3034.061431,-2610
47.92,-128.54,1.414219,206,397.8343928,428.8563473,-5.80466938,2916.22329,3034.061431,-2602
47.92,-128.54,1.414219,227,397.8343928,428.8563473,-5.80466938,2916.22329,3034.061431,-2602
47.92,-128.54,1.414219,239,397.8343928,428.8563473,-5.80466938,2916.22329,3034.061431,-2602
47.92,-128.55,1.1679138,259,437.7793418,471.9160858,-5.80466938,2878.245212,2994.455721,-2590
47.93,-128.58,1.1679138,248,437.7793418,471.9160858,-5.80466938,2878.245212,2994.455721,-2583
47.93,-128.59,1.1679138,268,437.7793418,471.9160858,-5.80466938,2878.245212,2994.455721,-2582
47.93,-128.59,1.1679138,271,437.7793418,471.9160858,-5.80466938,2878.245212,2994.455721,-2582
47.93,-128.59,1.1679138,254,437.7793418,471.9160858,-5.80466938,2878.245212,2994.455721,-2582
47.93,-128.59,1.1679138,246,437.7793418,471.9160858,-5.80466938,2878.245212,2994.455721,-2582
47.93,-128.6,1.1679138,240,437.7793418,471.9160858,-5.80466938,2878.245212,2994.455721,-2582
47.93,-128.6,1.1679138,235,437.7793418,471.9160858,-5.80466938,2878.245212,2994.455721,-2582
47.93,-128.6,1.1679138,239,437.7793418,471.9160858,-5.80466938,2878.245212,2994.455721,-2582
47.93,-128.6,1.1679138,248,437.7793418,471.9160858,-5.80466938,2878.245212,2994.455721,-2582
47.93,-128.6,1.1679138,254,437.7793418,471.9160858,-5.80466938,2878.245212,2994.455721,-2582
47.93,-128.58,1.1679138,243,437.7793418,471.9160858,-5.80466938,2878.245212,2994.455721,-2583
47.93,-128.61,1.1679138,254,437.7793418,471.9160858,-5.80466938,2878.245212,2994.455721,-2583
47.93,-128.61,1.1679138,264,437.7793418,471.9160858,-5.80466938,2878.245212,2994.455721,-2583
47.93,-128.61,1.1679138,270,437.7793418,471.9160858,-5.80466938,2878.245212,2994.455721,-2583
47.93,-128.61,1.1679138,279,437.7793418,471.9160858,-5.80466938,2878.245212,2994.455721,-2583
47.93,-128.61,1.1679138,285,437.7793418,471.9160858,-5.80466938,2878.245212,2994.455721,-2583
47.93,-128.58,1.1679138,232,437.7793418,471.9160858,-5.80466938,2878.245212,2994.455721,-2583
47.93,-128.58,1.1679138,230,437.7793418,471.9160858,-5.80466938,2878.245212,2994.455721,-2583
47.93,-128.59,1.1679138,231,437.7793418,471.9160858,-5.80466938,2878.245212,2994.455721,-2582
47.93,-128.59,1.1679138,233,437.7793418,471.9160858,-5.80466938,2878.245212,2994.455721,-2582
47.93,-128.59,1.1679138,236,437.7793418,471.9160858,-5.80466938,2878.245212,2994.455721,-2582
47.93,-128.59,1.1679138,242,437.7793418,471.9160858,-5.80466938,2878.245212,2994.455721,-2582
47.93,-128.59,1.1679138,255,437.7793418,471.9160858,-5.80466938,2878.245212,2994.455721,-2582
47.93,-128.61,1.1679138,276,437.7793418,471.9160858,-5.80466938,2878.245212,2994.455721,-2583
47.94,-128.62,1.1679138,264,437.7793418,471.9160858,-5.80466938,2878.245212,2994.455721,-2585
47.94,-128.62,1.1679138,266,437.7793418,471.9160858,-5.80466938,2878.245212,2994.455721,-2585
47.94,-128.63,1.1679138,280,437.7793418,471.9160858,-8.577288628,2878.245212,2994.455721,-2591
47.94,-128.63,1.1679138,283,437.7793418,471.9160858,-8.577288628,2878.245212,2994.455721,-2591
47.94,-128.63,1.1679138,284,437.7793418,471.9160858,-8.577288628,2878.245212,2994.455721,-2591
47.94,-128.63,1.1679138,281,437.7793418,471.9160858,-8.577288628,2878.245212,2994.455721,-2591
47.94,-128.63,1.1679138,282,437.7793418,471.9160858,-8.577288628,2878.245212,2994.455721,-2591
47.94,-128.63,1.1679138,273,437.7793418,471.9160858,-8.577288628,2878.245212,2994.455721,-2591
47.94,-128.63,1.1679138,263,437.7793418,471.9160858,-8.577288628,2878.245212,2994.455721,-2591
47.94,-128.63,1.1679138,260,437.7793418,471.9160858,-8.577288628,2878.245212,2994.455721,-2591
47.93,-128.61,1.1679138,280,437.7793418,471.9160858,-5.80466938,2878.245212,2994.455721,-2583
47.94,-128.63,1.1679138,260,437.7793418,471.9160858,-8.577288628,2878.245212,2994.455721,-2591
47.94,-128.63,1.1679138,257,437.7793418,471.9160858,-8.577288628,2878.245212,2994.455721,-2591
47.93,-128.61,1.1679138,281,437.7793418,471.9160858,-5.80466938,2878.245212,2994.455721,-2583
47.93,-128.61,1.1679138,283,437.7793418,471.9160858,-5.80466938,2878.245212,2994.455721,-2583
47.94,-128.61,1.1679138,287,437.7793418,471.9160858,-5.80466938,2878.245212,2994.455721,-2582
47.94,-128.62,1.1679138,280,437.7793418,471.9160858,-5.80466938,2878.245212,2994.455721,-2585
47.94,-128.62,1.1679138,275,437.7793418,471.9160858,-5.80466938,2878.245212,2994.455721,-2585
47.94,-128.62,1.1679138,269,437.7793418,471.9160858,-5.80466938,2878.245212,2994.455721,-2585
47.94,-128.62,1.1679138,268,437.7793418,471.9160858,-5.80466938,2878.245212,2994.455721,-2585
47.91,-128.55,1.1679138,231,437.7793418,471.9160858,-5.80466938,2878.245212,2994.455721,-2595
47.91,-128.57,1.1679138,388,437.7793418,471.9160858,-5.80466938,2878.245212,2994.455721,-2594
47.91,-128.57,1.1679138,286,437.7793418,471.9160858,-5.80466938,2878.245212,2994.455721,-2594
47.91,-128.57,1.1679138,287,437.7793418,471.9160858,-5.80466938,2878.245212,2994.455721,-2594
47.91,-128.57,1.1679138,280,437.7793418,471.9160858,-5.80466938,2878.245212,2994.455721,-2594
47.91,-128.58,1.1679138,296,437.7793418,471.9160858,-5.80466938,2878.245212,2994.455721,-2595
47.91,-128.58,1.1679138,297,437.7793418,471.9160858,-5.80466938,2878.245212,2994.455721,-2595
47.91,-128.58,1.1679138,316,437.7793418,471.9160858,-5.80466938,2878.245212,2994.455721,-2595
47.91,-128.59,1.1679138,328,437.7793418,471.9160858,-5.80466938,2878.245212,2994.455721,-2590
47.91,-128.59,1.1679138,326,437.7793418,471.9160858,-5.80466938,2878.245212,2994.455721,-2590
47.91,-128.59,1.1679138,324,437.7793418,471.9160858,-5.80466938,2878.245212,2994.455721,-2590
47.91,-128.55,1.1679138,264,437.7793418,471.9160858,-5.80466938,2878.245212,2994.455721,-2595
47.91,-128.59,1.1679138,313,437.7793418,471.9160858,-5.80466938,2878.245212,2994.455721,-2590
47.91,-128.6,1.1679138,299,437.7793418,471.9160858,-5.80466938,2878.245212,2994.455721,-2589
47.92,-128.6,1.1679138,290,437.7793418,471.9160858,-5.80466938,2878.245212,2994.455721,-2585
47.92,-128.6,1.1679138,292,437.7793418,471.9160858,-5.80466938,2878.245212,2994.455721,-2585
47.92,-128.6,1.1679138,263,437.7793418,471.9160858,-5.80466938,2878.245212,2994.455721,-2585
47.91,-128.55,1.1679138,376,437.7793418,471.9160858,-5.80466938,2878.245212,2994.455721,-2595
47.91,-128.55,1.1679138,408,437.7793418,471.9160858,-5.80466938,2878.245212,2994.455721,-2595
47.91,-128.55,1.1679138,425,437.7793418,471.9160858,-5.80466938,2878.245212,2994.455721,-2595
47.91,-128.56,1.1679138,355,437.7793418,471.9160858,-5.80466938,2878.245212,2994.455721,-2589
47.91,-128.56,1.1679138,440,437.7793418,471.9160858,-5.80466938,2878.245212,2994.455721,-2589
47.91,-128.56,1.1679138,632,437.7793418,471.9160858,-5.80466938,2878.245212,2994.455721,-2589
47.72,-127.79,3.251128,1301,262.3877919,282.8480193,1.003651619,3131.080962,3258.127288,-2666
47.72,-127.78,3.251128,340,262.3877919,282.8480193,1.003651619,3131.080962,3258.127288,-2669
47.72,-127.78,3.251128,370,262.3877919,282.8480193,1.003651619,3131.080962,3258.127288,-2669
47.72,-127.78,3.251128,274,262.3877919,282.8480193,1.003651619,3131.080962,3258.127288,-2669
47.73,-127.78,3.251128,262,262.3877919,282.8480193,-0.975069642,3131.080962,3258.127288,-2668
47.73,-127.78,3.251128,267,262.3877919,282.8480193,-0.975069642,3131.080962,3258.127288,-2668
47.73,-127.78,3.251128,290,262.3877919,282.8480193,-0.975069642,3131.080962,3258.127288,-2668
47.73,-127.77,3.251128,257,262.3877919,282.8480193,-0.975069642,3131.080962,3258.127288,-2668
47.73,-127.77,3.251128,252,262.3877919,282.8480193,-0.975069642,3131.080962,3258.127288,-2668
47.73,-127.77,3.251128,261,262.3877919,282.8480193,-0.975069642,3131.080962,3258.127288,-2668
47.74,-127.77,3.251128,278,262.3877919,282.8480193,-0.975069642,3131.080962,3258.127288,-2667
47.74,-127.77,3.251128,270,262.3877919,282.8480193,-0.975069642,3131.080962,3258.127288,-2667
47.72,-127.79,3.251128,3144,262.3877919,282.8480193,1.003651619,3131.080962,3258.127288,-2666
47.72,-127.78,3.251128,2022,262.3877919,282.8480193,1.003651619,3131.080962,3258.127288,-2669
47.72,-127.78,3.251128,994,262.3877919,282.8480193,1.003651619,3131.080962,3258.127288,-2669
47.72,-127.78,3.251128,604,262.3877919,282.8480193,1.003651619,3131.080962,3258.127288,-2669
47.72,-127.78,3.251128,434,262.3877919,282.8480193,1.003651619,3131.080962,3258.127288,-2669
47.72,-127.78,3.251128,403,262.3877919,282.8480193,1.003651619,3131.080962,3258.127288,-2669
47.72,-127.78,3.251128,383,262.3877919,282.8480193,1.003651619,3131.080962,3258.127288,-2669
47.89,-127.49,3.7126944,250,245.5364981,264.6827112,-1.241449118,3174.392367,3303.294896,-2630
47.91,-127.59,3.4528952,215,254.6061914,274.4596325,3.032176971,3150.368866,3278.241818,-2641
47.91,-127.59,3.4528952,224,254.6061914,274.4596325,3.032176971,3150.368866,3278.241818,-2641
47.72,-127.82,3.251128,196,262.3877919,282.8480193,-3.409561634,3131.080962,3258.127288,-2667
47.71,-127.78,3.251128,1194,262.3877919,282.8480193,1.003651619,3131.080962,3258.127288,-2671
47.71,-127.78,3.251128,452,262.3877919,282.8480193,1.003651619,3131.080962,3258.127288,-2671
47.71,-127.78,3.251128,422,262.3877919,282.8480193,1.003651619,3131.080962,3258.127288,-2671
47.71,-127.78,3.251128,301,262.3877919,282.8480193,1.003651619,3131.080962,3258.127288,-2671
47.71,-127.77,3.251128,218,262.3877919,282.8480193,1.003651619,3131.080962,3258.127288,-2671
47.71,-127.77,3.251128,205,262.3877919,282.8480193,1.003651619,3131.080962,3258.127288,-2671
47.71,-127.76,3.251128,191,262.3877919,282.8480193,1.003651619,3131.080962,3258.127288,-2670
47.7,-127.75,3.251128,171,262.3877919,282.8480193,1.003651619,3131.080962,3258.127288,-2667
47.7,-127.75,3.251128,166,262.3877919,282.8480193,1.003651619,3131.080962,3258.127288,-2667
47.72,-127.8,3.251128,211,262.3877919,282.8480193,1.003651619,3131.080962,3258.127288,-2669
47.71,-127.79,3.251128,256,262.3877919,282.8480193,1.003651619,3131.080962,3258.127288,-2666
47.71,-127.79,3.251128,291,262.3877919,282.8480193,1.003651619,3131.080962,3258.127288,-2666
47.71,-127.79,3.251128,939,262.3877919,282.8480193,1.003651619,3131.080962,3258.127288,-2666
48.47,-128.78,0.34311613,404,807.6814184,870.6620372,-13.25694942,2705.016404,2813.802821,-2498
48.47,-128.8,0.34311613,397,807.6814184,870.6620372,-13.25694942,2705.016404,2813.802821,-2473
48.57,-128.69,0.44956386,371,705.6103838,760.6318039,-24.77534676,2734.673332,2844.730761,-2523
48.57,-128.69,0.44956386,262,705.6103838,760.6318039,-24.77534676,2734.673332,2844.730761,-2523
48.57,-128.69,0.44956386,267,705.6103838,760.6318039,-24.77534676,2734.673332,2844.730761,-2523
48.57,-128.7,0.44956386,338,705.6103838,760.6318039,-24.77534676,2734.673332,2844.730761,-2544
48.57,-128.7,0.44956386,388,705.6103838,760.6318039,-24.77534676,2734.673332,2844.730761,-2544
48.56,-128.7,0.44956386,359,705.6103838,760.6318039,-24.77534676,2734.673332,2844.730761,-2534
48.56,-128.7,0.44956386,474,705.6103838,760.6318039,-24.77534676,2734.673332,2844.730761,-2534
48.55,-128.71,0.59159386,587,615.1043949,663.0684244,-24.77534676,2769.202986,2880.740257,-2533
48.55,-128.71,0.59159386,494,615.1043949,663.0684244,-24.77534676,2769.202986,2880.740257,-2533
48.55,-128.72,0.59159386,413,615.1043949,663.0684244,-24.77534676,2769.202986,2880.740257,-2538
48.54,-128.72,0.59159386,335,615.1043949,663.0684244,-10.74924183,2769.202986,2880.740257,-2540
48.53,-128.72,0.59159386,302,615.1043949,663.0684244,-10.74924183,2769.202986,2880.740257,-2544
48.52,-128.73,0.59159386,278,615.1043949,663.0684244,-10.74924183,2769.202986,2880.740257,-2539
48.52,-128.73,0.59159386,305,615.1043949,663.0684244,-10.74924183,2769.202986,2880.740257,-2539
48.51,-128.74,0.59159386,306,615.1043949,663.0684244,-10.74924183,2769.202986,2880.740257,-2539
48.51,-128.74,0.59159386,217,615.1043949,663.0684244,-10.74924183,2769.202986,2880.740257,-2539
48.52,-128.82,0.34311613,165,807.6814184,870.6620372,-13.25694942,2705.016404,2813.802821,-2502
48.52,-128.8,0.34311613,159,807.6814184,870.6620372,-13.25694942,2705.016404,2813.802821,-2512
48.53,-128.79,0.34311613,161,807.6814184,870.6620372,-13.25694942,2705.016404,2813.802821,-2528
48.52,-128.78,0.34311613,150,807.6814184,870.6620372,-13.25694942,2705.016404,2813.802821,-2528
48.52,-128.77,0.34311613,169,807.6814184,870.6620372,-13.25694942,2705.016404,2813.802821,-2541
48.51,-128.77,0.34311613,133,807.6814184,870.6620372,-13.25694942,2705.016404,2813.802821,-2533
48.5,-128.77,0.34311613,230,807.6814184,870.6620372,-13.25694942,2705.016404,2813.802821,-2534
48.49,-128.76,0.34311613,263,807.6814184,870.6620372,-13.25694942,2705.016404,2813.802821,-2521
48.49,-128.76,0.34311613,268,807.6814184,870.6620372,-13.25694942,2705.016404,2813.802821,-2521
48.48,-128.76,0.34311613,272,807.6814184,870.6620372,-13.25694942,2705.016404,2813.802821,-2511
48.47,-128.75,0.34311613,309,807.6814184,870.6620372,-13.25694942,2705.016404,2813.802821,-2511
48.47,-128.75,0.34311613,348,807.6814184,870.6620372,-13.25694942,2705.016404,2813.802821,-2511
48.46,-128.74,0.59159386,424,615.1043949,663.0684244,-10.74924183,2769.202986,2880.740257,-2492
48.45,-128.74,0.59159386,412,615.1043949,663.0684244,-10.74924183,2769.202986,2880.740257,-2481
48.45,-128.74,0.59159386,1005,615.1043949,663.0684244,-10.74924183,2769.202986,2880.740257,-2481
48.51,-128.78,0.34311613,151,807.6814184,870.6620372,-13.25694942,2705.016404,2813.802821,-2526
48.51,-128.78,0.34311613,189,807.6814184,870.6620372,-13.25694942,2705.016404,2813.802821,-2526
48.51,-128.77,0.34311613,120,807.6814184,870.6620372,-13.25694942,2705.016404,2813.802821,-2533
48.51,-128.77,0.34311613,203,807.6814184,870.6620372,-13.25694942,2705.016404,2813.802821,-2533
48.5,-128.76,0.34311613,299,807.6814184,870.6620372,-13.25694942,2705.016404,2813.802821,-2533
48.5,-128.76,0.34311613,320,807.6814184,870.6620372,-13.25694942,2705.016404,2813.802821,-2533
48.5,-128.75,0.34311613,246,807.6814184,870.6620372,-13.25694942,2705.016404,2813.802821,-2529
48.49,-128.74,0.59159386,206,615.1043949,663.0684244,-10.74924183,2769.202986,2880.740257,-2520
48.49,-128.73,0.59159386,341,615.1043949,663.0684244,-10.74924183,2769.202986,2880.740257,-2523
48.49,-128.73,0.59159386,395,615.1043949,663.0684244,-10.74924183,2769.202986,2880.740257,-2523
48.49,-128.72,0.59159386,390,615.1043949,663.0684244,-10.74924183,2769.202986,2880.740257,-2500
48.48,-128.72,0.59159386,570,615.1043949,663.0684244,-10.74924183,2769.202986,2880.740257,-2476
48.48,-128.71,0.59159386,744,615.1043949,663.0684244,-10.74924183,2769.202986,2880.740257,-2447
48.45,-128.72,0.59159386,774,615.1043949,663.0684244,-10.74924183,2769.202986,2880.740257,-2447
48.45,-128.72,0.59159386,1073,615.1043949,663.0684244,-10.74924183,2769.202986,2880.740257,-2447
48.46,-128.71,0.59159386,2894,615.1043949,663.0684244,-10.74924183,2769.202986,2880.740257,-2447
48.46,-128.71,0.59159386,1528,615.1043949,663.0684244,-10.74924183,2769.202986,2880.740257,-2447
48.45,-128.7,0.59159386,1313,615.1043949,663.0684244,-10.74924183,2769.202986,2880.740257,-2461
48.45,-128.7,0.59159386,729,615.1043949,663.0684244,-10.74924183,2769.202986,2880.740257,-2461
48.44,-128.69,0.79336768,581,531.1576085,572.5757148,-10.74924183,2811.749163,2925.109842,-2476
48.44,-128.69,0.79336768,605,531.1576085,572.5757148,-10.74924183,2811.749163,2925.109842,-2476
48.44,-128.69,0.79336768,707,531.1576085,572.5757148,-10.74924183,2811.749163,2925.109842,-2476
48.44,-128.68,0.79336768,1507,531.1576085,572.5757148,-10.74924183,2811.749163,2925.109842,-2473
48.43,-128.68,0.79336768,3200,531.1576085,572.5757148,-10.74924183,2811.749163,2925.109842,-2481
48.43,-128.68,0.79336768,2129,531.1576085,572.5757148,-10.74924183,2811.749163,2925.109842,-2481
48.43,-128.67,0.79336768,883,531.1576085,572.5757148,-10.74924183,2811.749163,2925.109842,-2479
48.43,-128.67,0.79336768,684,531.1576085,572.5757148,-10.74924183,2811.749163,2925.109842,-2479
48.43,-128.67,0.79336768,556,531.1576085,572.5757148,-10.74924183,2811.749163,2925.109842,-2479
48.43,-128.66,0.79336768,466,531.1576085,572.5757148,-10.74924183,2811.749163,2925.109842,-2477
48.4,-128.73,0.79336768,841,531.1576085,572.5757148,0.947541118,2811.749163,2925.109842,-2458
48.4,-128.73,0.79336768,677,531.1576085,572.5757148,0.947541118,2811.749163,2925.109842,-2458
48.4,-128.72,0.79336768,995,531.1576085,572.5757148,0.947541118,2811.749163,2925.109842,-2471
48.4,-128.72,0.79336768,772,531.1576085,572.5757148,0.947541118,2811.749163,2925.109842,-2471
48.4,-128.72,0.79336768,659,531.1576085,572.5757148,0.947541118,2811.749163,2925.109842,-2471
48.4,-128.71,0.79336768,654,531.1576085,572.5757148,0.947541118,2811.749163,2925.109842,-2478
48.4,-128.7,0.79336768,683,531.1576085,572.5757148,0.947541118,2811.749163,2925.109842,-2478
48.4,-128.7,0.79336768,687,531.1576085,572.5757148,0.947541118,2811.749163,2925.109842,-2478
48.4,-128.69,0.79336768,616,531.1576085,572.5757148,0.947541118,2811.749163,2925.109842,-2479
48.4,-128.69,0.79336768,631,531.1576085,572.5757148,0.947541118,2811.749163,2925.109842,-2479
48.39,-128.68,0.79336768,788,531.1576085,572.5757148,0.947541118,2811.749163,2925.109842,-2469
48.39,-128.68,0.79336768,690,531.1576085,572.5757148,0.947541118,2811.749163,2925.109842,-2469
48.39,-128.67,0.79336768,589,531.1576085,572.5757148,0.947541118,2811.749163,2925.109842,-2470
48.39,-128.67,0.79336768,589,531.1576085,572.5757148,0.947541118,2811.749163,2925.109842,-2470
48.39,-128.66,0.79336768,648,531.1576085,572.5757148,0.947541118,2811.749163,2925.109842,-2425
48.39,-128.66,0.79336768,686,531.1576085,572.5757148,0.947541118,2811.749163,2925.109842,-2425
48.39,-128.65,0.79336768,548,531.1576085,572.5757148,0.947541118,2811.749163,2925.109842,-2409
48.39,-128.64,1.033847,699,465.2994327,501.5821124,0.947541118,2855.873935,2971.125675,-2430
48.39,-128.64,1.033847,787,465.2994327,501.5821124,0.947541118,2855.873935,2971.125675,-2430
48.39,-128.63,1.033847,902,465.2994327,501.5821124,0.947541118,2855.873935,2971.125675,-2373
48.39,-128.63,1.033847,534,465.2994327,501.5821124,0.947541118,2855.873935,2971.125675,-2373
48.38,-128.62,1.033847,465,465.2994327,501.5821124,2.668863773,2855.873935,2971.125675,-2430
48.38,-128.61,1.033847,355,465.2994327,501.5821124,2.668863773,2855.873935,2971.125675,-2442
48.38,-128.61,1.033847,304,465.2994327,501.5821124,2.668863773,2855.873935,2971.125675,-2442
48.4,-128.84,0.53057241,1319,649.5137174,700.1608847,-3.627408266,2754.941405,2865.867466,-2347
48.4,-128.83,0.53057241,1429,649.5137174,700.1608847,-3.627408266,2754.941405,2865.867466,-2372
48.39,-128.83,0.53057241,1497,649.5137174,700.1608847,-3.627408266,2754.941405,2865.867466,-2384
48.39,-128.82,0.53057241,952,649.5137174,700.1608847,-3.627408266,2754.941405,2865.867466,-2408
48.39,-128.82,0.53057241,865,649.5137174,700.1608847,-3.627408266,2754.941405,2865.867466,-2408
48.39,-128.81,0.53057241,763,649.5137174,700.1608847,-3.627408266,2754.941405,2865.867466,-2421
48.39,-128.79,0.53057241,602,649.5137174,700.1608847,-3.627408266,2754.941405,2865.867466,-2425
48.38,-128.79,0.53057241,598,649.5137174,700.1608847,-3.627408266,2754.941405,2865.867466,-2423
48.39,-128.78,0.53057241,586,649.5137174,700.1608847,-3.627408266,2754.941405,2865.867466,-2419
48.39,-128.77,0.53057241,539,649.5137174,700.1608847,-3.627408266,2754.941405,2865.867466,-2427
48.39,-128.77,0.53057241,510,649.5137174,700.1608847,-3.627408266,2754.941405,2865.867466,-2427
48.39,-128.76,0.53057241,487,649.5137174,700.1608847,-3.627408266,2754.941405,2865.867466,-2437
48.39,-128.75,0.53057241,530,649.5137174,700.1608847,-3.627408266,2754.941405,2865.867466,-2445
48.39,-128.73,0.79336768,914,531.1576085,572.5757148,0.947541118,2811.749163,2925.109842,-2461
48.39,-128.72,0.79336768,758,531.1576085,572.5757148,0.947541118,2811.749163,2925.109842,-2473
48.39,-128.72,0.79336768,666,531.1576085,572.5757148,0.947541118,2811.749163,2925.109842,-2473
48.39,-128.71,0.79336768,620,531.1576085,572.5757148,0.947541118,2811.749163,2925.109842,-2481
48.39,-128.71,0.79336768,553,531.1576085,572.5757148,0.947541118,2811.749163,2925.109842,-2481
48.44,-128.76,0.53057241,573,649.5137174,700.1608847,-13.25694942,2754.941405,2865.867466,-2464
48.44,-128.76,0.53057241,559,649.5137174,700.1608847,-13.25694942,2754.941405,2865.867466,-2464
48.44,-128.75,0.53057241,594,649.5137174,700.1608847,-13.25694942,2754.941405,2865.867466,-2461
48.44,-128.75,0.53057241,641,649.5137174,700.1608847,-13.25694942,2754.941405,2865.867466,-2461
48.44,-128.74,0.79336768,567,531.1576085,572.5757148,-10.74924183,2811.749163,2925.109842,-2446
48.44,-128.73,0.79336768,661,531.1576085,572.5757148,-10.74924183,2811.749163,2925.109842,-2436
48.44,-128.72,0.79336768,704,531.1576085,572.5757148,-10.74924183,2811.749163,2925.109842,-2449
48.44,-128.72,0.79336768,812,531.1576085,572.5757148,-10.74924183,2811.749163,2925.109842,-2449
48.44,-128.7,0.79336768,857,531.1576085,572.5757148,-10.74924183,2811.749163,2925.109842,-2465
48.44,-128.7,0.79336768,653,531.1576085,572.5757148,-10.74924183,2811.749163,2925.109842,-2465
48.44,-128.69,0.79336768,594,531.1576085,572.5757148,-10.74924183,2811.749163,2925.109842,-2476
48.44,-128.69,0.79336768,637,531.1576085,572.5757148,-10.74924183,2811.749163,2925.109842,-2476
48.44,-128.68,0.79336768,1665,531.1576085,572.5757148,-10.74924183,2811.749163,2925.109842,-2473
48.44,-128.68,0.79336768,2298,531.1576085,572.5757148,-10.74924183,2811.749163,2925.109842,-2473
48.44,-128.67,0.79336768,727,531.1576085,572.5757148,-10.74924183,2811.749163,2925.109842,-2478
48.44,-128.66,0.79336768,419,531.1576085,572.5757148,-10.74924183,2811.749163,2925.109842,-2475
48.44,-128.65,0.79336768,218,531.1576085,572.5757148,-10.74924183,2811.749163,2925.109842,-2471
48.44,-128.63,1.033847,290,465.2994327,501.5821124,-10.74924183,2855.873935,2971.125675,-2365
48.29,-128.69,0.80387408,532,527.6751548,568.8217096,-1.013275385,2813.806588,2927.255442,-2472
48.3,-128.7,0.80387408,1101,527.6751548,568.8217096,-1.013275385,2813.806588,2927.255442,-2447
48.31,-128.7,0.80387408,387,527.6751548,568.8217096,0.947541118,2813.806588,2927.255442,-2479
48.32,-128.71,0.80387408,278,527.6751548,568.8217096,0.947541118,2813.806588,2927.255442,-2486
48.32,-128.71,0.80387408,325,527.6751548,568.8217096,0.947541118,2813.806588,2927.255442,-2486
48.33,-128.72,0.80387408,322,527.6751548,568.8217096,0.947541118,2813.806588,2927.255442,-2492
48.34,-128.72,0.80387408,395,527.6751548,568.8217096,0.947541118,2813.806588,2927.255442,-2494
48.34,-128.73,0.80387408,422,527.6751548,568.8217096,0.947541118,2813.806588,2927.255442,-2486
48.35,-128.73,0.79336768,502,531.1576085,572.5757148,0.947541118,2811.749163,2925.109842,-2482
48.36,-128.74,0.79336768,550,531.1576085,572.5757148,0.947541118,2811.749163,2925.109842,-2470
48.37,-128.74,0.79336768,788,531.1576085,572.5757148,0.947541118,2811.749163,2925.109842,-2466
48.37,-128.74,0.79336768,935,531.1576085,572.5757148,0.947541118,2811.749163,2925.109842,-2466
48.38,-128.75,0.53057241,673,649.5137174,700.1608847,-3.627408266,2754.941405,2865.867466,-2450
48.39,-128.75,0.53057241,586,649.5137174,700.1608847,-3.627408266,2754.941405,2865.867466,-2445
48.4,-128.76,0.53057241,587,649.5137174,700.1608847,-3.627408266,2754.941405,2865.867466,-2428
48.29,-128.78,0.54432315,313,641.2572029,691.2605515,-5.456256866,2758.223906,2869.290645,-2500
48.29,-128.78,0.54432315,290,641.2572029,691.2605515,-5.456256866,2758.223906,2869.290645,-2500
48.31,-128.78,0.54432315,292,641.2572029,691.2605515,-3.627408266,2758.223906,2869.290645,-2481
48.33,-128.78,0.54432315,322,641.2572029,691.2605515,-3.627408266,2758.223906,2869.290645,-2467
48.33,-128.78,0.54432315,361,641.2572029,691.2605515,-3.627408266,2758.223906,2869.290645,-2467
48.34,-128.78,0.54432315,353,641.2572029,691.2605515,-3.627408266,2758.223906,2869.290645,-2463
48.34,-128.78,0.54432315,365,641.2572029,691.2605515,-3.627408266,2758.223906,2869.290645,-2463
48.35,-128.78,0.53057241,354,649.5137174,700.1608847,-3.627408266,2754.941405,2865.867466,-2457
48.35,-128.78,0.53057241,335,649.5137174,700.1608847,-3.627408266,2754.941405,2865.867466,-2457
48.36,-128.8,0.53057241,303,649.5137174,700.1608847,-3.627408266,2754.941405,2865.867466,-2437
48.36,-128.81,0.53057241,385,649.5137174,700.1608847,-3.627408266,2754.941405,2865.867466,-2439
48.36,-128.83,0.53057241,469,649.5137174,700.1608847,-3.627408266,2754.941405,2865.867466,-2421
48.36,-128.83,0.53057241,627,649.5137174,700.1608847,-3.627408266,2754.941405,2865.867466,-2421
48.36,-128.83,0.53057241,807,649.5137174,700.1608847,-3.627408266,2754.941405,2865.867466,-2421
48.36,-128.84,0.53057241,1022,649.5137174,700.1608847,-3.627408266,2754.941405,2865.867466,-2407
48.36,-128.85,0.53057241,1289,649.5137174,700.1608847,-3.627408266,2754.941405,2865.867466,-2391
48.37,-128.86,0.25480604,1150,937.2507568,1010.334811,2.990579128,2676.674106,2784.245854,-2362
48.37,-128.87,0.25480604,1095,937.2507568,1010.334811,2.990579128,2676.674106,2784.245854,-2344
48.38,-128.88,0.25480604,1158,937.2507568,1010.334811,2.990579128,2676.674106,2784.245854,-2311
48.38,-128.9,0.25480604,1076,937.2507568,1010.334811,2.990579128,2676.674106,2784.245854,-2363
48.35,-128.77,0.53057241,367,649.5137174,700.1608847,-3.627408266,2754.941405,2865.867466,-2460
48.36,-128.77,0.53057241,341,649.5137174,700.1608847,-3.627408266,2754.941405,2865.867466,-2455
48.39,-128.77,0.53057241,533,649.5137174,700.1608847,-3.627408266,2754.941405,2865.867466,-2427
48.41,-128.73,0.79336768,858,531.1576085,572.5757148,0.947541118,2811.749163,2925.109842,-2454
48.42,-128.73,0.79336768,861,531.1576085,572.5757148,0.947541118,2811.749163,2925.109842,-2449
48.41,-128.74,0.79336768,740,531.1576085,572.5757148,0.947541118,2811.749163,2925.109842,-2445
48.41,-128.75,0.53057241,624,649.5137174,700.1608847,-3.627408266,2754.941405,2865.867466,-2429
48.42,-128.75,0.53057241,679,649.5137174,700.1608847,-3.627408266,2754.941405,2865.867466,-2430
48.42,-128.77,0.53057241,763,649.5137174,700.1608847,-3.627408266,2754.941405,2865.867466,-2437
48.42,-128.77,0.53057241,698,649.5137174,700.1608847,-3.627408266,2754.941405,2865.867466,-2437
48.42,-128.78,0.53057241,706,649.5137174,700.1608847,-3.627408266,2754.941405,2865.867466,-2444
48.42,-128.78,0.53057241,743,649.5137174,700.1608847,-3.627408266,2754.941405,2865.867466,-2444
48.42,-128.79,0.53057241,788,649.5137174,700.1608847,-3.627408266,2754.941405,2865.867466,-2439
48.42,-128.79,0.53057241,881,649.5137174,700.1608847,-3.627408266,2754.941405,2865.867466,-2439
48.43,-128.8,0.53057241,959,649.5137174,700.1608847,-13.25694942,2754.941405,2865.867466,-2424
48.43,-128.8,0.53057241,1023,649.5137174,700.1608847,-13.25694942,2754.941405,2865.867466,-2424
48.43,-128.81,0.53057241,1153,649.5137174,700.1608847,-13.25694942,2754.941405,2865.867466,-2411
48.43,-128.82,0.53057241,1665,649.5137174,700.1608847,-13.25694942,2754.941405,2865.867466,-2393
48.43,-128.83,0.53057241,1124,649.5137174,700.1608847,-13.25694942,2754.941405,2865.867466,-2348
48.43,-128.84,0.53057241,888,649.5137174,700.1608847,-13.25694942,2754.941405,2865.867466,-2327
48.43,-128.85,0.53057241,1018,649.5137174,700.1608847,-13.25694942,2754.941405,2865.867466,-2314
48.43,-128.85,0.53057241,792,649.5137174,700.1608847,-13.25694942,2754.941405,2865.867466,-2314
48.43,-128.85,0.53057241,912,649.5137174,700.1608847,-13.25694942,2754.941405,2865.867466,-2314
48.43,-128.86,0.25480604,897,937.2507568,1010.334811,-8.025933266,2676.674106,2784.245854,-2300
48.44,-128.76,0.53057241,765,649.5137174,700.1608847,-13.25694942,2754.941405,2865.867466,-2464
48.44,-128.76,0.53057241,690,649.5137174,700.1608847,-13.25694942,2754.941405,2865.867466,-2464
48.44,-128.77,0.53057241,546,649.5137174,700.1608847,-13.25694942,2754.941405,2865.867466,-2465
48.44,-128.78,0.53057241,550,649.5137174,700.1608847,-13.25694942,2754.941405,2865.867466,-2463
48.45,-128.78,0.34311613,502,807.6814184,870.6620372,-13.25694942,2705.016404,2813.802821,-2469
48.45,-128.79,0.34311613,477,807.6814184,870.6620372,-13.25694942,2705.016404,2813.802821,-2460
48.45,-128.79,0.34311613,481,807.6814184,870.6620372,-13.25694942,2705.016404,2813.802821,-2460
48.46,-128.8,0.34311613,426,807.6814184,870.6620372,-13.25694942,2705.016404,2813.802821,-2464
48.46,-128.81,0.34311613,477,807.6814184,870.6620372,-13.25694942,2705.016404,2813.802821,-2449
48.46,-128.82,0.34311613,429,807.6814184,870.6620372,-13.25694942,2705.016404,2813.802821,-2435
48.46,-128.82,0.34311613,540,807.6814184,870.6620372,-13.25694942,2705.016404,2813.802821,-2435
48.46,-128.83,0.34311613,840,807.6814184,870.6620372,-13.25694942,2705.016404,2813.802821,-2392
48.46,-128.84,0.34311613,1246,807.6814184,870.6620372,-13.25694942,2705.016404,2813.802821,-2351
48.46,-128.85,0.34311613,1171,807.6814184,870.6620372,-13.25694942,2705.016404,2813.802821,-2318
48.47,-128.86,0.15120271,1531,1216.692613,1311.566721,-8.025933266,2636.096774,2741.929493,-2286
48.47,-128.57,0.8665905,416,508.2222764,547.851953,8.065933228,2825.81795,2939.781576,-2388
48.47,-128.58,0.8665905,421,508.2222764,547.851953,8.065933228,2825.81795,2939.781576,-2396
48.47,-128.58,0.8665905,481,508.2222764,547.851953,8.065933228,2825.81795,2939.781576,-2396
48.47,-128.59,0.8665905,461,508.2222764,547.851953,8.065933228,2825.81795,2939.781576,-2364
48.47,-128.59,0.8665905,444,508.2222764,547.851953,8.065933228,2825.81795,2939.781576,-2364
48.47,-128.6,0.8665905,518,508.2222764,547.851953,8.065933228,2825.81795,2939.781576,-2299
48.47,-128.6,0.8665905,221,508.2222764,547.851953,8.065933228,2825.81795,2939.781576,-2299
48.48,-128.61,0.8665905,619,508.2222764,547.851953,8.065933228,2825.81795,2939.781576,-2337
48.48,-128.62,0.8665905,358,508.2222764,547.851953,8.065933228,2825.81795,2939.781576,-2391
48.48,-128.62,0.8665905,368,508.2222764,547.851953,8.065933228,2825.81795,2939.781576,-2391
48.48,-128.63,0.8665905,363,508.2222764,547.851953,-10.74924183,2825.81795,2939.781576,-2423
48.48,-128.63,0.8665905,639,508.2222764,547.851953,-10.74924183,2825.81795,2939.781576,-2423
48.48,-128.63,0.8665905,526,508.2222764,547.851953,-10.74924183,2825.81795,2939.781576,-2423
48.48,-128.64,0.8665905,549,508.2222764,547.851953,-10.74924183,2825.81795,2939.781576,-2453
48.48,-128.65,0.59159386,411,615.1043949,663.0684244,-10.74924183,2769.202986,2880.740257,-2471
48.45,-128.61,0.8665905,924,508.2222764,547.851953,8.065933228,2825.81795,2939.781576,-2374
48.46,-128.61,0.8665905,1090,508.2222764,547.851953,8.065933228,2825.81795,2939.781576,-2345
48.46,-128.62,0.8665905,425,508.2222764,547.851953,8.065933228,2825.81795,2939.781576,-2400
48.46,-128.62,0.8665905,355,508.2222764,547.851953,8.065933228,2825.81795,2939.781576,-2400
48.45,-128.63,0.8665905,387,508.2222764,547.851953,-10.74924183,2825.81795,2939.781576,-2362
48.45,-128.63,0.8665905,325,508.2222764,547.851953,-10.74924183,2825.81795,2939.781576,-2362
48.45,-128.63,0.8665905,250,508.2222764,547.851953,-10.74924183,2825.81795,2939.781576,-2362
48.45,-128.63,0.8665905,829,508.2222764,547.851953,-10.74924183,2825.81795,2939.781576,-2362
48.45,-128.64,0.8665905,631,508.2222764,547.851953,-10.74924183,2825.81795,2939.781576,-2440
48.45,-128.64,0.8665905,376,508.2222764,547.851953,-10.74924183,2825.81795,2939.781576,-2440
48.45,-128.65,0.59159386,470,615.1043949,663.0684244,-10.74924183,2769.202986,2880.740257,-2478
48.45,-128.65,0.59159386,440,615.1043949,663.0684244,-10.74924183,2769.202986,2880.740257,-2478
48.45,-128.65,0.59159386,418,615.1043949,663.0684244,-10.74924183,2769.202986,2880.740257,-2478
48.45,-128.65,0.59159386,493,615.1043949,663.0684244,-10.74924183,2769.202986,2880.740257,-2478
48.45,-128.66,0.59159386,396,615.1043949,663.0684244,-10.74924183,2769.202986,2880.740257,-2475
48.43,-128.73,0.79336768,697,531.1576085,572.5757148,-10.74924183,2811.749163,2925.109842,-2446
48.44,-128.73,0.79336768,698,531.1576085,572.5757148,-10.74924183,2811.749163,2925.109842,-2436
48.44,-128.73,0.79336768,699,531.1576085,572.5757148,-10.74924183,2811.749163,2925.109842,-2436
48.45,-128.73,0.59159386,680,615.1043949,663.0684244,-10.74924183,2769.202986,2880.740257,-2453
48.45,-128.72,0.59159386,777,615.1043949,663.0684244,-10.74924183,2769.202986,2880.740257,-2447
48.46,-128.72,0.59159386,1760,615.1043949,663.0684244,-10.74924183,2769.202986,2880.740257,-2447
48.46,-128.71,0.59159386,1233,615.1043949,663.0684244,-10.74924183,2769.202986,2880.740257,-2447
48.47,-128.71,0.59159386,1488,615.1043949,663.0684244,-10.74924183,2769.202986,2880.740257,-2440
48.47,-128.71,0.59159386,1496,615.1043949,663.0684244,-10.74924183,2769.202986,2880.740257,-2440
48.47,-128.7,0.59159386,963,615.1043949,663.0684244,-10.74924183,2769.202986,2880.740257,-2450
48.47,-128.7,0.59159386,937,615.1043949,663.0684244,-10.74924183,2769.202986,2880.740257,-2450
48.48,-128.7,0.59159386,1062,615.1043949,663.0684244,-10.74924183,2769.202986,2880.740257,-2438
48.48,-128.7,0.59159386,1044,615.1043949,663.0684244,-10.74924183,2769.202986,2880.740257,-2438
48.48,-128.69,0.59159386,1088,615.1043949,663.0684244,-10.74924183,2769.202986,2880.740257,-2453
48.49,-128.69,0.59159386,896,615.1043949,663.0684244,-10.74924183,2769.202986,2880.740257,-2446
48.49,-128.69,0.59159386,742,615.1043949,663.0684244,-10.74924183,2769.202986,2880.740257,-2446
48.5,-128.69,0.59159386,637,615.1043949,663.0684244,-10.74924183,2769.202986,2880.740257,-2441
48.5,-128.69,0.59159386,636,615.1043949,663.0684244,-10.74924183,2769.202986,2880.740257,-2441
48.51,-128.69,0.59159386,519,615.1043949,663.0684244,-10.74924183,2769.202986,2880.740257,-2439
48.51,-128.68,0.59159386,418,615.1043949,663.0684244,-10.74924183,2769.202986,2880.740257,-2454
48.45,-128.65,0.59159386,453,615.1043949,663.0684244,-10.74924183,2769.202986,2880.740257,-2478
48.45,-128.65,0.59159386,453,615.1043949,663.0684244,-10.74924183,2769.202986,2880.740257,-2478
48.45,-128.66,0.59159386,362,615.1043949,663.0684244,-10.74924183,2769.202986,2880.740257,-2475
48.45,-128.66,0.59159386,399,615.1043949,663.0684244,-10.74924183,2769.202986,2880.740257,-2475
48.45,-128.66,0.59159386,386,615.1043949,663.0684244,-10.74924183,2769.202986,2880.740257,-2475
48.45,-128.67,0.59159386,176,615.1043949,663.0684244,-10.74924183,2769.202986,2880.740257,-2477
48.45,-128.67,0.59159386,153,615.1043949,663.0684244,-10.74924183,2769.202986,2880.740257,-2477
48.45,-128.68,0.59159386,411,615.1043949,663.0684244,-10.74924183,2769.202986,2880.740257,-2472
48.45,-128.68,0.59159386,426,615.1043949,663.0684244,-10.74924183,2769.202986,2880.740257,-2472
48.45,-128.69,0.59159386,466,615.1043949,663.0684244,-10.74924183,2769.202986,2880.740257,-2467
48.45,-128.69,0.59159386,524,615.1043949,663.0684244,-10.74924183,2769.202986,2880.740257,-2467
48.46,-128.7,0.59159386,729,615.1043949,663.0684244,-10.74924183,2769.202986,2880.740257,-2455
48.46,-128.7,0.59159386,994,615.1043949,663.0684244,-10.74924183,2769.202986,2880.740257,-2455
48.46,-128.7,0.59159386,1663,615.1043949,663.0684244,-10.74924183,2769.202986,2880.740257,-2455
48.46,-128.71,0.59159386,2653,615.1043949,663.0684244,-10.74924183,2769.202986,2880.740257,-2447
48.46,-128.71,0.59159386,4439,615.1043949,663.0684244,-10.74924183,2769.202986,2880.740257,-2447
48.46,-128.71,0.59159386,1898,615.1043949,663.0684244,-10.74924183,2769.202986,2880.740257,-2447
48.46,-128.71,0.59159386,1099,615.1043949,663.0684244,-10.74924183,2769.202986,2880.740257,-2447
48.46,-128.72,0.59159386,904,615.1043949,663.0684244,-10.74924183,2769.202986,2880.740257,-2447
48.47,-128.72,0.59159386,832,615.1043949,663.0684244,-10.74924183,2769.202986,2880.740257,-2451
48.47,-128.72,0.59159386,800,615.1043949,663.0684244,-10.74924183,2769.202986,2880.740257,-2451
48.47,-128.71,0.59159386,862,615.1043949,663.0684244,-10.74924183,2769.202986,2880.740257,-2440
48.47,-128.71,0.59159386,923,615.1043949,663.0684244,-10.74924183,2769.202986,2880.740257,-2440
48.47,-128.71,0.59159386,1049,615.1043949,663.0684244,-10.74924183,2769.202986,2880.740257,-2440
48.47,-128.71,0.59159386,1181,615.1043949,663.0684244,-10.74924183,2769.202986,2880.740257,-2440
48.48,-128.7,0.59159386,1052,615.1043949,663.0684244,-10.74924183,2769.202986,2880.740257,-2438
48.48,-128.7,0.59159386,851,615.1043949,663.0684244,-10.74924183,2769.202986,2880.740257,-2438
48.48,-128.7,0.59159386,791,615.1043949,663.0684244,-10.74924183,2769.202986,2880.740257,-2438
48.48,-128.69,0.59159386,609,615.1043949,663.0684244,-10.74924183,2769.202986,2880.740257,-2453
48.48,-128.68,0.59159386,421,615.1043949,663.0684244,-10.74924183,2769.202986,2880.740257,-2465
48.48,-128.67,0.59159386,427,615.1043949,663.0684244,-10.74924183,2769.202986,2880.740257,-2476
48.48,-128.67,0.59159386,390,615.1043949,663.0684244,-10.74924183,2769.202986,2880.740257,-2476
48.47,-128.73,0.59159386,618,615.1043949,663.0684244,-10.74924183,2769.202986,2880.740257,-2492
48.47,-128.73,0.59159386,606,615.1043949,663.0684244,-10.74924183,2769.202986,2880.740257,-2492
48.47,-128.73,0.59159386,679,615.1043949,663.0684244,-10.74924183,2769.202986,2880.740257,-2492
48.47,-128.73,0.59159386,872,615.1043949,663.0684244,-10.74924183,2769.202986,2880.740257,-2492
48.46,-128.72,0.59159386,918,615.1043949,663.0684244,-10.74924183,2769.202986,2880.740257,-2447
48.46,-128.72,0.59159386,1511,615.1043949,663.0684244,-10.74924183,2769.202986,2880.740257,-2447
48.46,-128.71,0.59159386,4559,615.1043949,663.0684244,-10.74924183,2769.202986,2880.740257,-2447
48.46,-128.71,0.59159386,3022,615.1043949,663.0684244,-10.74924183,2769.202986,2880.740257,-2447
48.46,-128.71,0.59159386,1926,615.1043949,663.0684244,-10.74924183,2769.202986,2880.740257,-2447
48.46,-128.71,0.59159386,1742,615.1043949,663.0684244,-10.74924183,2769.202986,2880.740257,-2447
48.46,-128.71,0.59159386,1813,615.1043949,663.0684244,-10.74924183,2769.202986,2880.740257,-2447
48.46,-128.71,0.59159386,2029,615.1043949,663.0684244,-10.74924183,2769.202986,2880.740257,-2447
48.46,-128.71,0.59159386,2031,615.1043949,663.0684244,-10.74924183,2769.202986,2880.740257,-2447
48.46,-128.71,0.59159386,1815,615.1043949,663.0684244,-10.74924183,2769.202986,2880.740257,-2447
48.46,-128.71,0.59159386,1644,615.1043949,663.0684244,-10.74924183,2769.202986,2880.740257,-2447
48.46,-128.71,0.59159386,1498,615.1043949,663.0684244,-10.74924183,2769.202986,2880.740257,-2447
48.47,-128.71,0.59159386,1317,615.1043949,663.0684244,-10.74924183,2769.202986,2880.740257,-2440
48.47,-128.71,0.59159386,1236,615.1043949,663.0684244,-10.74924183,2769.202986,2880.740257,-2440
48.47,-128.71,0.59159386,1076,615.1043949,663.0684244,-10.74924183,2769.202986,2880.740257,-2440
48.48,-128.68,0.59159386,418,615.1043949,663.0684244,-10.74924183,2769.202986,2880.740257,-2465
48.48,-128.67,0.59159386,413,615.1043949,663.0684244,-10.74924183,2769.202986,2880.740257,-2476
48.47,-128.68,0.59159386,406,615.1043949,663.0684244,-10.74924183,2769.202986,2880.740257,-2469
48.47,-128.68,0.59159386,409,615.1043949,663.0684244,-10.74924183,2769.202986,2880.740257,-2469
48.47,-128.68,0.59159386,412,615.1043949,663.0684244,-10.74924183,2769.202986,2880.740257,-2469
48.47,-128.68,0.59159386,418,615.1043949,663.0684244,-10.74924183,2769.202986,2880.740257,-2469
48.46,-128.68,0.59159386,420,615.1043949,663.0684244,-10.74924183,2769.202986,2880.740257,-2472
48.46,-128.68,0.59159386,418,615.1043949,663.0684244,-10.74924183,2769.202986,2880.740257,-2472
48.45,-128.68,0.59159386,433,615.1043949,663.0684244,-10.74924183,2769.202986,2880.740257,-2472
48.45,-128.68,0.59159386,424,615.1043949,663.0684244,-10.74924183,2769.202986,2880.740257,-2472
48.45,-128.68,0.59159386,362,615.1043949,663.0684244,-10.74924183,2769.202986,2880.740257,-2472
48.44,-128.68,0.79336768,187,531.1576085,572.5757148,-10.74924183,2811.749163,2925.109842,-2473
48.44,-128.68,0.79336768,509,531.1576085,572.5757148,-10.74924183,2811.749163,2925.109842,-2473
48.44,-128.68,0.79336768,539,531.1576085,572.5757148,-10.74924183,2811.749163,2925.109842,-2473
48.44,-128.68,0.79336768,584,531.1576085,572.5757148,-10.74924183,2811.749163,2925.109842,-2473
48.44,-128.68,0.79336768,684,531.1576085,572.5757148,-10.74924183,2811.749163,2925.109842,-2473
48.44,-128.68,0.79336768,632,531.1576085,572.5757148,-10.74924183,2811.749163,2925.109842,-2473
48.44,-128.68,0.79336768,965,531.1576085,572.5757148,-10.74924183,2811.749163,2925.109842,-2473
48.44,-128.68,0.79336768,764,531.1576085,572.5757148,-10.74924183,2811.749163,2925.109842,-2473
48.43,-128.68,0.79336768,4907,531.1576085,572.5757148,-10.74924183,2811.749163,2925.109842,-2481
48.43,-128.68,0.79336768,3646,531.1576085,572.5757148,-10.74924183,2811.749163,2925.109842,-2481
48.43,-128.68,0.79336768,1484,531.1576085,572.5757148,-10.74924183,2811.749163,2925.109842,-2481
48.42,-128.68,0.79336768,842,531.1576085,572.5757148,0.947541118,2811.749163,2925.109842,-2473
48.42,-128.68,0.79336768,600,531.1576085,572.5757148,0.947541118,2811.749163,2925.109842,-2473
48.41,-128.68,0.79336768,529,531.1576085,572.5757148,0.947541118,2811.749163,2925.109842,-2472
48.41,-128.68,0.79336768,307,531.1576085,572.5757148,0.947541118,2811.749163,2925.109842,-2472
48.4,-128.68,0.79336768,484,531.1576085,572.5757148,0.947541118,2811.749163,2925.109842,-2470
48.4,-128.68,0.79336768,298,531.1576085,572.5757148,0.947541118,2811.749163,2925.109842,-2470
48.4,-128.68,0.79336768,311,531.1576085,572.5757148,0.947541118,2811.749163,2925.109842,-2470
48.39,-128.68,0.79336768,270,531.1576085,572.5757148,0.947541118,2811.749163,2925.109842,-2469
48.38,-128.68,0.79336768,1405,531.1576085,572.5757148,0.947541118,2811.749163,2925.109842,-2474
48.38,-128.68,0.79336768,606,531.1576085,572.5757148,0.947541118,2811.749163,2925.109842,-2474
48.42,-128.72,0.79336768,901,531.1576085,572.5757148,0.947541118,2811.749163,2925.109842,-2462
48.42,-128.71,0.79336768,757,531.1576085,572.5757148,0.947541118,2811.749163,2925.109842,-2464
48.42,-128.71,0.79336768,658,531.1576085,572.5757148,0.947541118,2811.749163,2925.109842,-2464
48.43,-128.7,0.79336768,641,531.1576085,572.5757148,-10.74924183,2811.749163,2925.109842,-2474
48.43,-128.69,0.79336768,663,531.1576085,572.5757148,-10.74924183,2811.749163,2925.109842,-2484
48.43,-128.69,0.79336768,885,531.1576085,572.5757148,-10.74924183,2811.749163,2925.109842,-2484
48.44,-128.69,0.79336768,1062,531.1576085,572.5757148,-10.74924183,2811.749163,2925.109842,-2476
48.44,-128.68,0.79336768,368,531.1576085,572.5757148,-10.74924183,2811.749163,2925.109842,-2473
48.45,-128.67,0.59159386,393,615.1043949,663.0684244,-10.74924183,2769.202986,2880.740257,-2477
48.46,-128.66,0.59159386,323,615.1043949,663.0684244,-10.74924183,2769.202986,2880.740257,-2475
48.44,-128.67,0.79336768,469,531.1576085,572.5757148,-10.74924183,2811.749163,2925.109842,-2478
48.44,-128.67,0.79336768,460,531.1576085,572.5757148,-10.74924183,2811.749163,2925.109842,-2478
48.45,-128.67,0.59159386,433,615.1043949,663.0684244,-10.74924183,2769.202986,2880.740257,-2477
48.45,-128.66,0.59159386,404,615.1043949,663.0684244,-10.74924183,2769.202986,2880.740257,-2475
48.45,-128.66,0.59159386,391,615.1043949,663.0684244,-10.74924183,2769.202986,2880.740257,-2475
48.44,-128.66,0.79336768,407,531.1576085,572.5757148,-10.74924183,2811.749163,2925.109842,-2475
48.44,-128.66,0.79336768,409,531.1576085,572.5757148,-10.74924183,2811.749163,2925.109842,-2475
48.43,-128.66,0.79336768,432,531.1576085,572.5757148,-10.74924183,2811.749163,2925.109842,-2477
48.43,-128.66,0.79336768,462,531.1576085,572.5757148,-10.74924183,2811.749163,2925.109842,-2477
48.43,-128.66,0.79336768,276,531.1576085,572.5757148,-10.74924183,2811.749163,2925.109842,-2477
48.43,-128.66,0.79336768,505,531.1576085,572.5757148,-10.74924183,2811.749163,2925.109842,-2477
48.42,-128.66,0.79336768,491,531.1576085,572.5757148,0.947541118,2811.749163,2925.109842,-2469
48.42,-128.67,0.79336768,485,531.1576085,572.5757148,0.947541118,2811.749163,2925.109842,-2468
48.41,-128.67,0.79336768,454,531.1576085,572.5757148,0.947541118,2811.749163,2925.109842,-2465
48.41,-128.67,0.79336768,248,531.1576085,572.5757148,0.947541118,2811.749163,2925.109842,-2465
48.4,-128.67,0.79336768,451,531.1576085,572.5757148,0.947541118,2811.749163,2925.109842,-2464
48.4,-128.66,0.79336768,321,531.1576085,572.5757148,0.947541118,2811.749163,2925.109842,-2434
48.4,-128.66,0.79336768,526,531.1576085,572.5757148,0.947541118,2811.749163,2925.109842,-2434
48.41,-128.65,0.79336768,414,531.1576085,572.5757148,0.947541118,2811.749163,2925.109842,-2410
48.4,-128.64,1.033847,433,465.2994327,501.5821124,0.947541118,2855.873935,2971.125675,-2411
48.4,-128.64,1.033847,486,465.2994327,501.5821124,0.947541118,2855.873935,2971.125675,-2411
48.4,-128.64,1.033847,583,465.2994327,501.5821124,0.947541118,2855.873935,2971.125675,-2411
48.49,-128.63,0.8665905,1239,508.2222764,547.851953,-10.74924183,2825.81795,2939.781576,-2431
48.49,-128.63,0.8665905,1207,508.2222764,547.851953,-10.74924183,2825.81795,2939.781576,-2431
48.49,-128.63,0.8665905,1262,508.2222764,547.851953,-10.74924183,2825.81795,2939.781576,-2431
48.49,-128.64,0.8665905,507,508.2222764,547.851953,-10.74924183,2825.81795,2939.781576,-2457
48.48,-128.64,0.8665905,508,508.2222764,547.851953,-10.74924183,2825.81795,2939.781576,-2453
48.48,-128.64,0.8665905,494,508.2222764,547.851953,-10.74924183,2825.81795,2939.781576,-2453
48.48,-128.64,0.8665905,478,508.2222764,547.851953,-10.74924183,2825.81795,2939.781576,-2453
48.48,-128.64,0.8665905,449,508.2222764,547.851953,-10.74924183,2825.81795,2939.781576,-2453
48.48,-128.64,0.8665905,535,508.2222764,547.851953,-10.74924183,2825.81795,2939.781576,-2453
48.47,-128.64,0.8665905,493,508.2222764,547.851953,-10.74924183,2825.81795,2939.781576,-2451
48.47,-128.64,0.8665905,552,508.2222764,547.851953,-10.74924183,2825.81795,2939.781576,-2451
48.47,-128.64,0.8665905,685,508.2222764,547.851953,-10.74924183,2825.81795,2939.781576,-2451
48.46,-128.64,0.8665905,962,508.2222764,547.851953,-10.74924183,2825.81795,2939.781576,-2459
48.46,-128.64,0.8665905,6555,508.2222764,547.851953,-10.74924183,2825.81795,2939.781576,-2459
48.46,-128.64,0.8665905,1294,508.2222764,547.851953,-10.74924183,2825.81795,2939.781576,-2459
48.45,-128.64,0.8665905,542,508.2222764,547.851953,-10.74924183,2825.81795,2939.781576,-2440
48.45,-128.64,0.8665905,503,508.2222764,547.851953,-10.74924183,2825.81795,2939.781576,-2440
48.45,-128.64,0.8665905,480,508.2222764,547.851953,-10.74924183,2825.81795,2939.781576,-2440
48.44,-128.64,1.033847,479,465.2994327,501.5821124,-10.74924183,2855.873935,2971.125675,-2368
48.44,-128.64,1.033847,504,465.2994327,501.5821124,-10.74924183,2855.873935,2971.125675,-2368
48.44,-128.64,1.033847,475,465.2994327,501.5821124,-10.74924183,2855.873935,2971.125675,-2368
48.44,-128.65,0.79336768,467,531.1576085,572.5757148,-10.74924183,2811.749163,2925.109842,-2471
48.44,-128.65,0.79336768,480,531.1576085,572.5757148,-10.74924183,2811.749163,2925.109842,-2471
48.43,-128.65,0.79336768,469,531.1576085,572.5757148,-10.74924183,2811.749163,2925.109842,-2471
48.43,-128.65,0.79336768,469,531.1576085,572.5757148,-10.74924183,2811.749163,2925.109842,-2471
48.43,-128.65,0.79336768,565,531.1576085,572.5757148,-10.74924183,2811.749163,2925.109842,-2471
48.43,-128.65,0.79336768,644,531.1576085,572.5757148,-10.74924183,2811.749163,2925.109842,-2471
48.42,-128.65,0.79336768,742,531.1576085,572.5757148,0.947541118,2811.749163,2925.109842,-2420
48.42,-128.65,0.79336768,712,531.1576085,572.5757148,0.947541118,2811.749163,2925.109842,-2420
48.42,-128.65,0.79336768,661,531.1576085,572.5757148,0.947541118,2811.749163,2925.109842,-2420
48.42,-128.65,0.79336768,605,531.1576085,572.5757148,0.947541118,2811.749163,2925.109842,-2420
48.41,-128.65,0.79336768,518,531.1576085,572.5757148,0.947541118,2811.749163,2925.109842,-2410
48.41,-128.66,0.79336768,566,531.1576085,572.5757148,0.947541118,2811.749163,2925.109842,-2463
48.41,-128.66,0.79336768,298,531.1576085,572.5757148,0.947541118,2811.749163,2925.109842,-2463
48.41,-128.66,0.79336768,496,531.1576085,572.5757148,0.947541118,2811.749163,2925.109842,-2463
48.43,-128.69,0.79336768,810,531.1576085,572.5757148,-10.74924183,2811.749163,2925.109842,-2484
48.43,-128.69,0.79336768,907,531.1576085,572.5757148,-10.74924183,2811.749163,2925.109842,-2484
48.43,-128.69,0.79336768,1134,531.1576085,572.5757148,-10.74924183,2811.749163,2925.109842,-2484
48.43,-128.69,0.79336768,1648,531.1576085,572.5757148,-10.74924183,2811.749163,2925.109842,-2484
48.43,-128.68,0.79336768,3092,531.1576085,572.5757148,-10.74924183,2811.749163,2925.109842,-2481
48.43,-128.68,0.79336768,4714,531.1576085,572.5757148,-10.74924183,2811.749163,2925.109842,-2481
48.43,-128.68,0.79336768,1872,531.1576085,572.5757148,-10.74924183,2811.749163,2925.109842,-2481
48.43,-128.67,0.79336768,1072,531.1576085,572.5757148,-10.74924183,2811.749163,2925.109842,-2479
48.43,-128.66,0.79336768,551,531.1576085,572.5757148,-10.74924183,2811.749163,2925.109842,-2477
48.43,-128.66,0.79336768,502,531.1576085,572.5757148,-10.74924183,2811.749163,2925.109842,-2477
48.42,-128.65,0.79336768,420,531.1576085,572.5757148,0.947541118,2811.749163,2925.109842,-2420
48.42,-128.65,0.79336768,305,531.1576085,572.5757148,0.947541118,2811.749163,2925.109842,-2420
48.42,-128.59,1.033847,401,465.2994327,501.5821124,2.668863773,2855.873935,2971.125675,-2441
48.42,-128.6,1.033847,407,465.2994327,501.5821124,2.668863773,2855.873935,2971.125675,-2397
48.42,-128.6,1.033847,429,465.2994327,501.5821124,2.668863773,2855.873935,2971.125675,-2397
48.42,-128.6,1.033847,460,465.2994327,501.5821124,2.668863773,2855.873935,2971.125675,-2397
48.42,-128.61,1.033847,463,465.2994327,501.5821124,2.668863773,2855.873935,2971.125675,-2368
48.42,-128.61,1.033847,416,465.2994327,501.5821124,2.668863773,2855.873935,2971.125675,-2368
48.42,-128.62,1.033847,432,465.2994327,501.5821124,2.668863773,2855.873935,2971.125675,-2366
48.42,-128.62,1.033847,589,465.2994327,501.5821124,2.668863773,2855.873935,2971.125675,-2366
48.42,-128.63,1.033847,458,465.2994327,501.5821124,0.947541118,2855.873935,2971.125675,-2395
48.42,-128.63,1.033847,506,465.2994327,501.5821124,0.947541118,2855.873935,2971.125675,-2395
48.42,-128.63,1.033847,461,465.2994327,501.5821124,0.947541118,2855.873935,2971.125675,-2395
48.42,-128.63,1.033847,451,465.2994327,501.5821124,0.947541118,2855.873935,2971.125675,-2395
48.42,-128.64,1.033847,450,465.2994327,501.5821124,0.947541118,2855.873935,2971.125675,-2377
48.42,-128.64,1.033847,411,465.2994327,501.5821124,0.947541118,2855.873935,2971.125675,-2377
48.42,-128.64,1.033847,354,465.2994327,501.5821124,0.947541118,2855.873935,2971.125675,-2377
48.42,-128.64,1.033847,365,465.2994327,501.5821124,0.947541118,2855.873935,2971.125675,-2377
48.42,-128.65,0.79336768,276,531.1576085,572.5757148,0.947541118,2811.749163,2925.109842,-2420
48.42,-128.65,0.79336768,656,531.1576085,572.5757148,0.947541118,2811.749163,2925.109842,-2420
48.42,-128.65,0.79336768,355,531.1576085,572.5757148,0.947541118,2811.749163,2925.109842,-2420
48.42,-128.65,0.79336768,558,531.1576085,572.5757148,0.947541118,2811.749163,2925.109842,-2420
48.42,-128.66,0.79336768,513,531.1576085,572.5757148,0.947541118,2811.749163,2925.109842,-2469
48.42,-128.66,0.79336768,484,531.1576085,572.5757148,0.947541118,2811.749163,2925.109842,-2469
48.42,-128.67,0.79336768,471,531.1576085,572.5757148,0.947541118,2811.749163,2925.109842,-2468
48.42,-128.67,0.79336768,520,531.1576085,572.5757148,0.947541118,2811.749163,2925.109842,-2468
48.42,-128.67,0.79336768,585,531.1576085,572.5757148,0.947541118,2811.749163,2925.109842,-2468
48.42,-128.68,0.79336768,309,531.1576085,572.5757148,0.947541118,2811.749163,2925.109842,-2473
48.42,-128.68,0.79336768,926,531.1576085,572.5757148,0.947541118,2811.749163,2925.109842,-2473
48.43,-128.68,0.79336768,1285,531.1576085,572.5757148,-10.74924183,2811.749163,2925.109842,-2481
48.43,-128.68,0.79336768,1677,531.1576085,572.5757148,-10.74924183,2811.749163,2925.109842,-2481
48.43,-128.68,0.79336768,1877,531.1576085,572.5757148,-10.74924183,2811.749163,2925.109842,-2481
48.43,-128.68,0.79336768,3484,531.1576085,572.5757148,-10.74924183,2811.749163,2925.109842,-2481
48.43,-128.68,0.79336768,4183,531.1576085,572.5757148,-10.74924183,2811.749163,2925.109842,-2481
48.43,-128.68,0.79336768,979,531.1576085,572.5757148,-10.74924183,2811.749163,2925.109842,-2481
48.44,-128.69,0.79336768,845,531.1576085,572.5757148,-10.74924183,2811.749163,2925.109842,-2476
48.44,-128.69,0.79336768,652,531.1576085,572.5757148,-10.74924183,2811.749163,2925.109842,-2476
48.44,-128.69,0.79336768,588,531.1576085,572.5757148,-10.74924183,2811.749163,2925.109842,-2476
48.44,-128.7,0.79336768,584,531.1576085,572.5757148,-10.74924183,2811.749163,2925.109842,-2465
48.44,-128.7,0.79336768,629,531.1576085,572.5757148,-10.74924183,2811.749163,2925.109842,-2465
48.44,-128.7,0.79336768,699,531.1576085,572.5757148,-10.74924183,2811.749163,2925.109842,-2465
48.44,-128.71,0.79336768,819,531.1576085,572.5757148,-10.74924183,2811.749163,2925.109842,-2456
48.44,-128.71,0.79336768,1037,531.1576085,572.5757148,-10.74924183,2811.749163,2925.109842,-2456
48.44,-128.71,0.79336768,999,531.1576085,572.5757148,-10.74924183,2811.749163,2925.109842,-2456
48.44,-128.72,0.79336768,934,531.1576085,572.5757148,-10.74924183,2811.749163,2925.109842,-2449
48.45,-128.71,0.59159386,882,615.1043949,663.0684244,-10.74924183,2769.202986,2880.740257,-2455
48.45,-128.71,0.59159386,1001,615.1043949,663.0684244,-10.74924183,2769.202986,2880.740257,-2455
48.45,-128.71,0.59159386,1113,615.1043949,663.0684244,-10.74924183,2769.202986,2880.740257,-2455
48.45,-128.71,0.59159386,1716,615.1043949,663.0684244,-10.74924183,2769.202986,2880.740257,-2455
48.46,-128.71,0.59159386,5393,615.1043949,663.0684244,-10.74924183,2769.202986,2880.740257,-2447
48.46,-128.71,0.59159386,1866,615.1043949,663.0684244,-10.74924183,2769.202986,2880.740257,-2447
48.46,-128.71,0.59159386,1292,615.1043949,663.0684244,-10.74924183,2769.202986,2880.740257,-2447
48.47,-128.71,0.59159386,1477,615.1043949,663.0684244,-10.74924183,2769.202986,2880.740257,-2440
48.47,-128.7,0.59159386,1708,615.1043949,663.0684244,-10.74924183,2769.202986,2880.740257,-2450
48.47,-128.7,0.59159386,1293,615.1043949,663.0684244,-10.74924183,2769.202986,2880.740257,-2450
48.48,-128.7,0.59159386,1088,615.1043949,663.0684244,-10.74924183,2769.202986,2880.740257,-2438
48.47,-128.66,0.59159386,160,615.1043949,663.0684244,-10.74924183,2769.202986,2880.740257,-2476
48.47,-128.66,0.59159386,371,615.1043949,663.0684244,-10.74924183,2769.202986,2880.740257,-2476
48.47,-128.66,0.59159386,379,615.1043949,663.0684244,-10.74924183,2769.202986,2880.740257,-2476
48.46,-128.65,0.59159386,443,615.1043949,663.0684244,-10.74924183,2769.202986,2880.740257,-2478
48.46,-128.65,0.59159386,519,615.1043949,663.0684244,-10.74924183,2769.202986,2880.740257,-2478
48.46,-128.65,0.59159386,697,615.1043949,663.0684244,-10.74924183,2769.202986,2880.740257,-2478
48.46,-128.64,0.8665905,1127,508.2222764,547.851953,-10.74924183,2825.81795,2939.781576,-2459
48.46,-128.64,0.8665905,2489,508.2222764,547.851953,-10.74924183,2825.81795,2939.781576,-2459
48.46,-128.64,0.8665905,2421,508.2222764,547.851953,-10.74924183,2825.81795,2939.781576,-2459
48.46,-128.63,0.8665905,402,508.2222764,547.851953,-10.74924183,2825.81795,2939.781576,-2346
48.46,-128.63,0.8665905,371,508.2222764,547.851953,-10.74924183,2825.81795,2939.781576,-2346
48.46,-128.62,0.8665905,421,508.2222764,547.851953,8.065933228,2825.81795,2939.781576,-2400
48.46,-128.62,0.8665905,472,508.2222764,547.851953,8.065933228,2825.81795,2939.781576,-2400
48.46,-128.62,0.8665905,653,508.2222764,547.851953,8.065933228,2825.81795,2939.781576,-2400
48.46,-128.61,0.8665905,1444,508.2222764,547.851953,8.065933228,2825.81795,2939.781576,-2345
48.46,-128.61,0.8665905,1460,508.2222764,547.851953,8.065933228,2825.81795,2939.781576,-2345
48.45,-128.61,0.8665905,541,508.2222764,547.851953,8.065933228,2825.81795,2939.781576,-2374
48.45,-128.6,0.8665905,433,508.2222764,547.851953,8.065933228,2825.81795,2939.781576,-2363
48.45,-128.6,0.8665905,417,508.2222764,547.851953,8.065933228,2825.81795,2939.781576,-2363
48.45,-128.59,0.8665905,460,508.2222764,547.851953,8.065933228,2825.81795,2939.781576,-2406
48.45,-128.59,0.8665905,433,508.2222764,547.851953,8.065933228,2825.81795,2939.781576,-2406
48.46,-128.63,0.8665905,536,508.2222764,547.851953,-10.74924183,2825.81795,2939.781576,-2346
48.46,-128.63,0.8665905,617,508.2222764,547.851953,-10.74924183,2825.81795,2939.781576,-2346
48.46,-128.63,0.8665905,1162,508.2222764,547.851953,-10.74924183,2825.81795,2939.781576,-2346
48.46,-128.63,0.8665905,817,508.2222764,547.851953,-10.74924183,2825.81795,2939.781576,-2346
48.46,-128.64,0.8665905,860,508.2222764,547.851953,-10.74924183,2825.81795,2939.781576,-2459
48.46,-128.64,0.8665905,706,508.2222764,547.851953,-10.74924183,2825.81795,2939.781576,-2459
48.46,-128.64,0.8665905,806,508.2222764,547.851953,-10.74924183,2825.81795,2939.781576,-2459
48.46,-128.64,0.8665905,650,508.2222764,547.851953,-10.74924183,2825.81795,2939.781576,-2459
48.46,-128.65,0.59159386,476,615.1043949,663.0684244,-10.74924183,2769.202986,2880.740257,-2478
48.46,-128.66,0.59159386,323,615.1043949,663.0684244,-10.74924183,2769.202986,2880.740257,-2475
48.46,-128.66,0.59159386,282,615.1043949,663.0684244,-10.74924183,2769.202986,2880.740257,-2475
48.46,-128.67,0.59159386,295,615.1043949,663.0684244,-10.74924183,2769.202986,2880.740257,-2474
48.46,-128.67,0.59159386,323,615.1043949,663.0684244,-10.74924183,2769.202986,2880.740257,-2474
48.46,-128.68,0.59159386,338,615.1043949,663.0684244,-10.74924183,2769.202986,2880.740257,-2472
48.46,-128.68,0.59159386,373,615.1043949,663.0684244,-10.74924183,2769.202986,2880.740257,-2472
48.46,-128.69,0.59159386,405,615.1043949,663.0684244,-10.74924183,2769.202986,2880.740257,-2466
48.46,-128.7,0.59159386,496,615.1043949,663.0684244,-10.74924183,2769.202986,2880.740257,-2455
48.46,-128.7,0.59159386,1247,615.1043949,663.0684244,-10.74924183,2769.202986,2880.740257,-2455
48.46,-128.71,0.59159386,113,615.1043949,663.0684244,-10.74924183,2769.202986,2880.740257,-2447
48.46,-128.71,0.59159386,2440,615.1043949,663.0684244,-10.74924183,2769.202986,2880.740257,-2447
48.46,-128.71,0.59159386,6280,615.1043949,663.0684244,-10.74924183,2769.202986,2880.740257,-2447
48.46,-128.71,0.59159386,3479,615.1043949,663.0684244,-10.74924183,2769.202986,2880.740257,-2447
48.46,-128.71,0.59159386,39,615.1043949,663.0684244,-10.74924183,2769.202986,2880.740257,-2447
48.46,-128.71,0.59159386,7932,615.1043949,663.0684244,-10.74924183,2769.202986,2880.740257,-2447
48.46,-128.71,0.59159386,2282,615.1043949,663.0684244,-10.74924183,2769.202986,2880.740257,-2447
48.46,-128.72,0.59159386,1228,615.1043949,663.0684244,-10.74924183,2769.202986,2880.740257,-2447
48.46,-128.72,0.59159386,1209,615.1043949,663.0684244,-10.74924183,2769.202986,2880.740257,-2447
48.46,-128.72,0.59159386,1318,615.1043949,663.0684244,-10.74924183,2769.202986,2880.740257,-2447
48.46,-128.72,0.59159386,1033,615.1043949,663.0684244,-10.74924183,2769.202986,2880.740257,-2447
48.46,-128.72,0.59159386,1155,615.1043949,663.0684244,-10.74924183,2769.202986,2880.740257,-2447
48.46,-128.72,0.59159386,1306,615.1043949,663.0684244,-10.74924183,2769.202986,2880.740257,-2447
48.46,-128.71,0.59159386,1538,615.1043949,663.0684244,-10.74924183,2769.202986,2880.740257,-2447
48.46,-128.71,0.59159386,6788,615.1043949,663.0684244,-10.74924183,2769.202986,2880.740257,-2447
48.46,-128.71,0.59159386,2142,615.1043949,663.0684244,-10.74924183,2769.202986,2880.740257,-2447
48.46,-128.71,0.59159386,1643,615.1043949,663.0684244,-10.74924183,2769.202986,2880.740257,-2447
48.46,-128.7,0.59159386,1029,615.1043949,663.0684244,-10.74924183,2769.202986,2880.740257,-2455
48.46,-128.71,0.59159386,1300,615.1043949,663.0684244,-10.74924183,2769.202986,2880.740257,-2447
48.46,-128.71,0.59159386,4818,615.1043949,663.0684244,-10.74924183,2769.202986,2880.740257,-2447
48.46,-128.71,0.59159386,7599,615.1043949,663.0684244,-10.74924183,2769.202986,2880.740257,-2447
48.46,-128.71,0.59159386,4106,615.1043949,663.0684244,-10.74924183,2769.202986,2880.740257,-2447
48.46,-128.71,0.59159386,1505,615.1043949,663.0684244,-10.74924183,2769.202986,2880.740257,-2447
48.46,-128.72,0.59159386,1240,615.1043949,663.0684244,-10.74924183,2769.202986,2880.740257,-2447
48.46,-128.71,0.59159386,1484,615.1043949,663.0684244,-10.74924183,2769.202986,2880.740257,-2447
48.46,-128.71,0.59159386,1916,615.1043949,663.0684244,-10.74924183,2769.202986,2880.740257,-2447
48.46,-128.71,0.59159386,4434,615.1043949,663.0684244,-10.74924183,2769.202986,2880.740257,-2447
48.46,-128.71,0.59159386,5963,615.1043949,663.0684244,-10.74924183,2769.202986,2880.740257,-2447
48.46,-128.71,0.59159386,2371,615.1043949,663.0684244,-10.74924183,2769.202986,2880.740257,-2447
48.46,-128.71,0.59159386,1615,615.1043949,663.0684244,-10.74924183,2769.202986,2880.740257,-2447
44.65,-130.85,1.9146042,190,341.917363,368.5790722,-0.481376469,2984.292282,3105.047666,-2680
44.48,-129.88,0.78107381,40,535.3214197,577.0642078,-1.401518822,2809.324331,2922.581088,-2661
44.63,-130.13,0.36031222,80,788.1722919,849.6316465,-8.108915329,2710.091044,2819.094946,-2755
44.62,-130.52,0.67423803,560,576.1745038,621.1028951,6.715477943,2787.391995,2899.708795,-2523
44.65,-130.77,1.9146042,110,341.917363,368.5790722,4.116728783,2984.292282,3105.047666,-2945
45.87,-130.57,2.5964611,210,293.6092602,316.5040458,-5.647596359,3063.973833,3188.144141,-2734
45.8,-130.82,3.3465738,280,258.6190164,278.7853658,-12.15638924,3140.277511,3267.717975,-2799
46.2,-130.02,1.1109359,140,448.8654294,483.866634,15.83944607,2868.903304,2984.713446,-2488
50.07,-132.42,7.3883481,29,174.0551927,187.6275042,-2.727544546,3451.353059,3592.125333,-2978
48.32,-131.63,6.8122478,50,181.2656198,195.4001791,-13.53044987,3413.50991,3552.660335,-3171
46.25,-131.98,7.888742,33,168.4444796,181.5792842,-16.92653084,3483.041655,3625.172011,-3283
43.85,-130.92,5.6550808,134,198.9487669,214.462206,-11.7550602,3332.314483,3467.985103,-3338
42.32,-130.65,6.8167458,21,181.2058063,195.3357015,-7.482584,3413.811447,3552.974795,-3487
40.6,-130.43,6.2645273,4,189.0238071,203.763327,-6.07301712,3376.016321,3513.559877,-3679
40.58,-129.37,4.2579012,151,229.2782557,247.156699,20.94943237,3222.213886,3353.16591,-3236
38.58,-127.75,33.229568,25,82.0726226,88.47240405,-36.44278717,4517.578271,4704.045911,-4637
46.8,-125.53,8.4658957,85,162.6013706,175.2805468,-17.84498596,3518.36743,3662.011749,-1913
46.8,-125.55,8.262826,84,164.5873131,177.4213471,-17.84498596,3506.079612,3649.197309,-1931
46.8,-125.55,8.262826,90,164.5873131,177.4213471,-17.84498596,3506.079612,3649.197309,-1931
46.8,-125.56,8.262826,94,164.5873131,177.4213471,-17.84498596,3506.079612,3649.197309,-1936
46.8,-125.57,8.262826,102,164.5873131,177.4213471,-17.84498596,3506.079612,3649.197309,-1927
46.8,-125.57,8.262826,117,164.5873131,177.4213471,-17.84498596,3506.079612,3649.197309,-1927
46.78,-125.76,7.7502818,84,169.9424645,183.1940775,-12.26125526,3474.376478,3616.13547,-1915
46.79,-125.69,8.0188046,103,167.0728356,180.1006834,-13.83868694,3491.112286,3633.588527,-1841
46.79,-125.71,8.0188046,91,167.0728356,180.1006834,-12.26125526,3491.112286,3633.588527,-1917
46.78,-125.77,7.7502818,86,169.9424645,183.1940775,-12.26125526,3474.376478,3616.13547,-1911
46.79,-125.72,8.0188046,89,167.0728356,180.1006834,-12.26125526,3491.112286,3633.588527,-1917
46.78,-125.78,7.7502818,114,169.9424645,183.1940775,-12.26125526,3474.376478,3616.13547,-1904
46.78,-125.73,8.0188046,86,167.0728356,180.1006834,-12.26125526,3491.112286,3633.588527,-1918
46.78,-125.75,7.7502818,87,169.9424645,183.1940775,-12.26125526,3474.376478,3616.13547,-1916
46.77,-125.92,7.4773855,111,173.0158032,186.5070661,-32.29166031,3457.068296,3598.085509,-2500
46.77,-125.94,7.4773855,113,173.0158032,186.5070661,-32.29166031,3457.068296,3598.085509,-2551
46.77,-125.95,7.2581306,110,175.6096065,189.3031265,-37.34703827,3442.932128,3583.343505,-2555
46.76,-125.96,7.2581306,105,175.6096065,189.3031265,-37.34703827,3442.932128,3583.343505,-2571
46.76,-125.98,7.2581306,107,175.6096065,189.3031265,-37.34703827,3442.932128,3583.343505,-2576
46.76,-125.98,7.2581306,105,175.6096065,189.3031265,-37.34703827,3442.932128,3583.343505,-2576
46.76,-125.98,7.2581306,102,175.6096065,189.3031265,-37.34703827,3442.932128,3583.343505,-2576
46.76,-126.04,7.2581306,114,175.6096065,189.3031265,-37.34703827,3442.932128,3583.343505,-2601
46.76,-126.04,7.2581306,108,175.6096065,189.3031265,-37.34703827,3442.932128,3583.343505,-2601
46.76,-126.05,7.0691643,107,177.9412435,191.8165777,-37.34703827,3430.576502,3570.458352,-2602
46.74,-126.23,6.8100848,312,181.294404,195.4312079,-26.99987602,3413.364871,3552.50908,-2616
46.74,-126.22,6.8100848,182,181.294404,195.4312079,-26.99987602,3413.364871,3552.50908,-2617
46.74,-126.2,6.8100848,107,181.294404,195.4312079,-26.99987602,3413.364871,3552.50908,-2614
46.74,-126.19,6.8100848,127,181.294404,195.4312079,-26.99987602,3413.364871,3552.50908,-2613
46.74,-126.18,6.8100848,116,181.294404,195.4312079,-26.99987602,3413.364871,3552.50908,-2615
46.75,-126.16,6.8100848,116,181.294404,195.4312079,-36.80311203,3413.364871,3552.50908,-2607
46.74,-126.18,6.8100848,119,181.294404,195.4312079,-26.99987602,3413.364871,3552.50908,-2615
46.74,-126.2,6.8100848,135,181.294404,195.4312079,-26.99987602,3413.364871,3552.50908,-2614
46.74,-126.21,6.8100848,153,181.294404,195.4312079,-26.99987602,3413.364871,3552.50908,-2615
46.74,-126.21,6.8100848,160,181.294404,195.4312079,-26.99987602,3413.364871,3552.50908,-2615
46.74,-126.22,6.8100848,255,181.294404,195.4312079,-26.99987602,3413.364871,3552.50908,-2617
46.74,-126.24,6.8100848,424,181.294404,195.4312079,-26.99987602,3413.364871,3552.50908,-2617
46.74,-126.24,6.8100848,438,181.294404,195.4312079,-26.99987602,3413.364871,3552.50908,-2617
46.74,-126.25,6.8100848,401,181.294404,195.4312079,-26.99987602,3413.364871,3552.50908,-2621
46.68,-126.14,7.0371647,109,178.3453544,192.2522,-36.80311203,3428.467919,3568.259401,-2611
46.68,-126.15,6.8100848,111,181.294404,195.4312079,-36.80311203,3413.364871,3552.50908,-2610
46.68,-126.16,6.8100848,122,181.294404,195.4312079,-36.80311203,3413.364871,3552.50908,-2610
46.67,-126.18,6.8100848,115,181.294404,195.4312079,-29.47881699,3413.364871,3552.50908,-2613
46.67,-126.19,6.8100848,124,181.294404,195.4312079,-29.47881699,3413.364871,3552.50908,-2614
46.67,-126.2,6.8100848,126,181.294404,195.4312079,-29.47881699,3413.364871,3552.50908,-2615
39.02,-120.07,16.215477,41,117.4886178,126.6500343,-8.291594505,3909.395591,4069.798259,572
39.05,-120,16.215477,65,117.4886178,126.6500343,-8.291594505,3909.395591,4069.798259,637
39.05,-120.03,16.215477,93,117.4886178,126.6500343,-8.291594505,3909.395591,4069.798259,637
39.12,-120.02,16.215477,92,117.4886178,126.6500343,-24.76078415,3909.395591,4069.798259,594
39.17,-120,16.215477,67,117.4886178,126.6500343,-24.76078415,3909.395591,4069.798259,750
39.2,-119.98,16.215477,48,117.4886178,126.6500343,61.28885269,3909.395591,4069.798259,890
39.2,-119.98,16.215477,48,117.4886178,126.6500343,61.28885269,3909.395591,4069.798259,890
39.15,-120.02,16.215477,70,117.4886178,126.6500343,-24.76078415,3909.395591,4069.798259,622
39.07,-120.03,16.215477,63,117.4886178,126.6500343,-8.291594505,3909.395591,4069.798259,563
39.07,-120.03,16.215477,63,117.4886178,126.6500343,-8.291594505,3909.395591,4069.798259,563
39.1,-120.07,16.215477,70,117.4886178,126.6500343,-24.76078415,3909.395591,4069.798259,644
43.52,-119.72,9.5357075,104,153.208972,165.1557565,8.098041534,3580.797932,3727.117843,1406
43.48,-119.54,9.5357075,75,153.208972,165.1557565,13.5412674,3580.797932,3727.117843,1363
43.48,-119.54,9.5357075,75,153.208972,165.1557565,13.5412674,3580.797932,3727.117843,1363
43.3,-119.15,9.4671307,75,153.7628686,165.7528443,-5.782003403,3576.904597,3723.057651,1316
43.22,-119.25,9.2272873,87,155.7484156,167.8932185,-13.80374813,3563.175759,3708.740434,1314
43.35,-119.12,9.4671307,46,153.7628686,165.7528443,-5.782003403,3576.904597,3723.057651,1313
43.44,-119.02,9.5350513,41,153.2142438,165.1614394,-19.61800575,3580.760743,3727.079061,1341
43.58,-119.41,9.5827484,62,152.8324644,164.74989,-6.747107506,3583.460511,3729.894533,1478
43.48,-119.54,9.5357075,142,153.208972,165.1557565,13.5412674,3580.797932,3727.117843,1363
43.48,-119.54,9.5357075,146,153.208972,165.1557565,13.5412674,3580.797932,3727.117843,1363
43.43,-119.62,9.5350513,96,153.2142438,165.1614394,13.5412674,3580.760743,3727.079061,1334
43.31,-119.76,9.4671307,33,153.7628686,165.7528443,17.96736908,3576.904597,3723.057651,1313
43.19,-119.89,9.2272873,83,155.7484156,167.8932185,2.610777855,3563.175759,3708.740434,1314
43.31,-119.78,9.4671307,79,153.7628686,165.7528443,17.96736908,3576.904597,3723.057651,1313
43.66,-119.94,9.5827484,62,152.8324644,164.74989,6.098480225,3583.460511,3729.894533,1715
43.51,-120.04,9.5357075,121,153.208972,165.1557565,5.062514305,3580.797932,3727.117843,1400
43.49,-120.1,9.5357075,79,153.208972,165.1557565,5.062514305,3580.797932,3727.117843,1375
43.77,-120.38,9.5827484,87,152.8324644,164.74989,16.47670174,3583.460511,3729.894533,1483
43.77,-120.38,9.5827484,87,152.8324644,164.74989,16.47670174,3583.460511,3729.894533,1483
43.86,-120.26,9.8749847,75,150.5540502,162.2938117,42.61938477,3599.857093,3746.993826,1336
45.21,-119.34,9.5008411,79,153.4898394,165.4585251,42.94602966,3578.820205,3725.055357,362
43.21,-119.04,9.2272873,125,155.7484156,167.8932185,-0.940447748,3563.175759,3708.740434,1314
52.22,-132.15,6.5335484,270,185.0913413,199.5242191,-74.888237,3394.628235,3532.969445,-2915
52.22,-132.14,6.103384,265,191.5028808,206.4357116,-74.888237,3364.675974,3501.733516,-2915
52.27,-132.1,6.1315002,144,191.0633049,205.9618588,-86.58365631,3366.665319,3503.808118,-2927
52.27,-132.09,6.1315002,134,191.0633049,205.9618588,-86.58365631,3366.665319,3503.808118,-2911
52.27,-132.09,6.1315002,139,191.0633049,205.9618588,-86.58365631,3366.665319,3503.808118,-2911
52.54,-132.31,7.263514,74,175.5445173,189.2329619,-84.23159027,3443.281753,3583.708114,-1838
52.54,-132.31,7.263514,69,175.5445173,189.2329619,-84.23159027,3443.281753,3583.708114,-1838
52.55,-132.3,7.263514,56,175.5445173,189.2329619,-84.23159027,3443.281753,3583.708114,-1833
52.58,-132.27,7.263514,67,175.5445173,189.2329619,-84.23159027,3443.281753,3583.708114,-1807
52.61,-132.16,7.0473046,66,178.2170036,192.1138408,-103.1614609,3429.136596,3568.956736,-1950
52.41,-131.94,5.7069907,77,198.0418965,213.4846205,-107.3900833,3336.125804,3471.959767,-2082
52.17,-131.72,4.5949821,66,220.7083414,237.918528,-86.80726624,3250.256828,3382.410692,-2045
52.16,-131.77,5.1155453,80,209.1773668,225.4884019,-86.80726624,3291.614994,3425.541351,-2085
52.34,-131.99,5.8991323,77,194.7899701,209.9791184,-95.55770111,3350.084529,3486.516723,-2089
52.34,-131.99,5.8991323,84,194.7899701,209.9791184,-95.55770111,3350.084529,3486.516723,-2089
52.16,-132.03,5.6060786,247,199.8163712,215.3974635,-86.58365631,3328.700566,3464.216305,-2929
52.33,-131.99,5.8991323,111,194.7899701,209.9791184,-95.55770111,3350.084529,3486.516723,-2090
51.97,-131.53,3.7449136,104,244.4779852,263.5416586,-56.58182144,3177.312274,3306.339942,-2075
51.95,-131.55,3.8910007,128,239.8446329,258.5470112,-45.34212875,3190.396687,3319.985117,-2143
51.8,-131.25,2.4903505,98,299.7991666,323.1766229,-45.89249039,3052.329554,3176.000821,-1888
50.83,-124.89,7.2214351,46,176.0552185,189.7834861,-26.31177711,3440.54548,3580.854572,-341
50.83,-124.89,7.2214351,46,176.0552185,189.7834861,-26.31177711,3440.54548,3580.854572,-341
50.83,-124.89,7.2214351,46,176.0552185,189.7834861,-26.31177711,3440.54548,3580.854572,-341
50.83,-124.89,7.2214351,46,176.0552185,189.7834861,-26.31177711,3440.54548,3580.854572,-341
50.83,-124.89,7.2214351,46,176.0552185,189.7834861,-26.31177711,3440.54548,3580.854572,-341
50.83,-124.89,7.2214351,46,176.0552185,189.7834861,-26.31177711,3440.54548,3580.854572,-341
50.83,-124.89,7.2214351,46,176.0552185,189.7834861,-26.31177711,3440.54548,3580.854572,-341
50.09,-124.81,7.2320395,38,175.9260956,189.6442945,-39.92813492,3441.235804,3581.574481,-509
50.09,-124.81,7.2320395,38,175.9260956,189.6442945,-39.92813492,3441.235804,3581.574481,-509
50.09,-124.81,7.2320395,38,175.9260956,189.6442945,-39.92813492,3441.235804,3581.574481,-509
50.09,-124.81,7.2320395,38,175.9260956,189.6442945,-39.92813492,3441.235804,3581.574481,-509
50.09,-124.81,7.2320395,38,175.9260956,189.6442945,-39.92813492,3441.235804,3581.574481,-509
50.09,-124.81,7.2320395,38,175.9260956,189.6442945,-39.92813492,3441.235804,3581.574481,-509
50.09,-124.81,7.2320395,38,175.9260956,189.6442945,-39.92813492,3441.235804,3581.574481,-509
50.09,-124.81,7.2320395,38,175.9260956,189.6442945,-39.92813492,3441.235804,3581.574481,-509
49.88,-124.06,7.9011574,33,168.3120859,181.4365668,-55.02227402,3483.814912,3625.978408,-213
49.88,-124.06,7.9011574,33,168.3120859,181.4365668,-55.02227402,3483.814912,3625.978408,-213
49.88,-124.06,7.9011574,33,168.3120859,181.4365668,-55.02227402,3483.814912,3625.978408,-213
49.88,-124.06,7.9011574,33,168.3120859,181.4365668,-55.02227402,3483.814912,3625.978408,-213
49.88,-124.06,7.9011574,33,168.3120859,181.4365668,-55.02227402,3483.814912,3625.978408,-213
49.88,-124.06,7.9011574,33,168.3120859,181.4365668,-55.02227402,3483.814912,3625.978408,-213
49.88,-124.06,7.9011574,33,168.3120859,181.4365668,-55.02227402,3483.814912,3625.978408,-213
49.88,-124.06,7.9011574,33,168.3120859,181.4365668,-55.02227402,3483.814912,3625.978408,-213
49.87,-124.05,7.9011574,33,168.3120859,181.4365668,-55.02227402,3483.814912,3625.978408,-538
49.87,-124.05,7.9011574,33,168.3120859,181.4365668,-55.02227402,3483.814912,3625.978408,-538
49.87,-124.05,7.9011574,33,168.3120859,181.4365668,-55.02227402,3483.814912,3625.978408,-538
49.87,-124.05,7.9011574,33,168.3120859,181.4365668,-55.02227402,3483.814912,3625.978408,-538
49.87,-124.05,7.9011574,33,168.3120859,181.4365668,-55.02227402,3483.814912,3625.978408,-538
49.87,-124.05,7.9011574,33,168.3120859,181.4365668,-55.02227402,3483.814912,3625.978408,-538
49.87,-124.05,7.9011574,33,168.3120859,181.4365668,-55.02227402,3483.814912,3625.978408,-538
49.87,-124.05,7.9011574,33,168.3120859,181.4365668,-55.02227402,3483.814912,3625.978408,-538
49.42,-123.4,8.9942894,38,157.7528559,170.0539591,-49.98095322,3549.666829,3694.65255,-236
49.42,-123.4,8.9942894,38,157.7528559,170.0539591,-49.98095322,3549.666829,3694.65255,-236
49.42,-123.4,8.9942894,38,157.7528559,170.0539591,-49.98095322,3549.666829,3694.65255,-236
49.42,-123.4,8.9942894,38,157.7528559,170.0539591,-49.98095322,3549.666829,3694.65255,-236
49.42,-123.4,8.9942894,38,157.7528559,170.0539591,-49.98095322,3549.666829,3694.65255,-236
49.42,-123.4,8.9942894,38,157.7528559,170.0539591,-49.98095322,3549.666829,3694.65255,-236
49.42,-123.4,8.9942894,38,157.7528559,170.0539591,-49.98095322,3549.666829,3694.65255,-236
49.41,-122.87,8.9942894,63,157.7528559,170.0539591,-17.42521095,3549.666829,3694.65255,-188
49.41,-122.87,8.9942894,63,157.7528559,170.0539591,-17.42521095,3549.666829,3694.65255,-188
49.41,-122.87,8.9942894,63,157.7528559,170.0539591,-17.42521095,3549.666829,3694.65255,-188
49.41,-122.87,8.9942894,63,157.7528559,170.0539591,-17.42521095,3549.666829,3694.65255,-188
49.41,-122.87,8.9942894,63,157.7528559,170.0539591,-17.42521095,3549.666829,3694.65255,-188
49.41,-122.87,8.9942894,63,157.7528559,170.0539591,-17.42521095,3549.666829,3694.65255,-188
49.41,-122.87,8.9942894,63,157.7528559,170.0539591,-17.42521095,3549.666829,3694.65255,-188
49.39,-122.88,8.9942894,42,157.7528559,170.0539591,-17.42521095,3549.666829,3694.65255,-80
49.39,-122.88,8.9942894,42,157.7528559,170.0539591,-17.42521095,3549.666829,3694.65255,-80
49.39,-122.88,8.9942894,42,157.7528559,170.0539591,-17.42521095,3549.666829,3694.65255,-80
49.39,-122.88,8.9942894,42,157.7528559,170.0539591,-17.42521095,3549.666829,3694.65255,-80
49.39,-122.88,8.9942894,42,157.7528559,170.0539591,-17.42521095,3549.666829,3694.65255,-80
49.39,-122.88,8.9942894,42,157.7528559,170.0539591,-17.42521095,3549.666829,3694.65255,-80
49.39,-122.88,8.9942894,42,157.7528559,170.0539591,-17.42521095,3549.666829,3694.65255,-80
49.99,-123.99,7.9011574,42,168.3120859,181.4365668,-15.79265022,3483.814912,3625.978408,-500
49.99,-123.99,7.9011574,42,168.3120859,181.4365668,-15.79265022,3483.814912,3625.978408,-500
49.99,-123.99,7.9011574,42,168.3120859,181.4365668,-15.79265022,3483.814912,3625.978408,-500
49.99,-123.99,7.9011574,42,168.3120859,181.4365668,-15.79265022,3483.814912,3625.978408,-500
49.99,-123.99,7.9011574,42,168.3120859,181.4365668,-15.79265022,3483.814912,3625.978408,-500
49.99,-123.99,7.9011574,42,168.3120859,181.4365668,-15.79265022,3483.814912,3625.978408,-500
49.99,-123.99,7.9011574,42,168.3120859,181.4365668,-15.79265022,3483.814912,3625.978408,-500
49.99,-123.99,7.9011574,42,168.3120859,181.4365668,-15.79265022,3483.814912,3625.978408,-500
50.01,-123.94,7.9011574,38,168.3120859,181.4365668,-35.22808456,3483.814912,3625.978408,-483
50.01,-123.94,7.9011574,38,168.3120859,181.4365668,-35.22808456,3483.814912,3625.978408,-483
50.01,-123.94,7.9011574,38,168.3120859,181.4365668,-35.22808456,3483.814912,3625.978408,-483
50.01,-123.94,7.9011574,38,168.3120859,181.4365668,-35.22808456,3483.814912,3625.978408,-483
50.01,-123.94,7.9011574,38,168.3120859,181.4365668,-35.22808456,3483.814912,3625.978408,-483
50.01,-123.94,7.9011574,38,168.3120859,181.4365668,-35.22808456,3483.814912,3625.978408,-483
50.01,-123.94,7.9011574,38,168.3120859,181.4365668,-35.22808456,3483.814912,3625.978408,-483
50.01,-123.94,7.9011574,38,168.3120859,181.4365668,-35.22808456,3483.814912,3625.978408,-483
50.07,-123.8,7.9011574,42,168.3120859,181.4365668,-116.0660172,3483.814912,3625.978408,-525
50.07,-123.8,7.9011574,42,168.3120859,181.4365668,-116.0660172,3483.814912,3625.978408,-525
50.07,-123.8,7.9011574,42,168.3120859,181.4365668,-116.0660172,3483.814912,3625.978408,-525
50.07,-123.8,7.9011574,42,168.3120859,181.4365668,-116.0660172,3483.814912,3625.978408,-525
50.07,-123.8,7.9011574,42,168.3120859,181.4365668,-116.0660172,3483.814912,3625.978408,-525
50.07,-123.8,7.9011574,42,168.3120859,181.4365668,-116.0660172,3483.814912,3625.978408,-525
50.07,-123.8,7.9011574,42,168.3120859,181.4365668,-116.0660172,3483.814912,3625.978408,-525
50.07,-123.8,7.9011574,42,168.3120859,181.4365668,-116.0660172,3483.814912,3625.978408,-525
50.15,-123.85,7.9011574,63,168.3120859,181.4365668,-33.16109467,3483.814912,3625.978408,-333
50.15,-123.85,7.9011574,63,168.3120859,181.4365668,-33.16109467,3483.814912,3625.978408,-333
50.15,-123.85,7.9011574,63,168.3120859,181.4365668,-33.16109467,3483.814912,3625.978408,-333
50.15,-123.85,7.9011574,63,168.3120859,181.4365668,-33.16109467,3483.814912,3625.978408,-333
50.15,-123.85,7.9011574,63,168.3120859,181.4365668,-33.16109467,3483.814912,3625.978408,-333
50.15,-123.85,7.9011574,63,168.3120859,181.4365668,-33.16109467,3483.814912,3625.978408,-333
50.15,-123.85,7.9011574,63,168.3120859,181.4365668,-33.16109467,3483.814912,3625.978408,-333
50.15,-123.85,7.9011574,63,168.3120859,181.4365668,-33.16109467,3483.814912,3625.978408,-333
49.8,-124.04,7.9011574,46,168.3120859,181.4365668,-58.60387802,3483.814912,3625.978408,-673
49.8,-124.04,7.9011574,46,168.3120859,181.4365668,-58.60387802,3483.814912,3625.978408,-673
49.8,-124.04,7.9011574,46,168.3120859,181.4365668,-58.60387802,3483.814912,3625.978408,-673
49.8,-124.04,7.9011574,46,168.3120859,181.4365668,-58.60387802,3483.814912,3625.978408,-673
49.8,-124.04,7.9011574,46,168.3120859,181.4365668,-58.60387802,3483.814912,3625.978408,-673
49.8,-124.04,7.9011574,46,168.3120859,181.4365668,-58.60387802,3483.814912,3625.978408,-673
49.8,-124.04,7.9011574,46,168.3120859,181.4365668,-58.60387802,3483.814912,3625.978408,-673
49.8,-124.04,7.9011574,46,168.3120859,181.4365668,-58.60387802,3483.814912,3625.978408,-673
49.94,-124.53,7.1700683,29,176.6847282,190.462083,-14.91578484,3437.194412,3577.359887,55
49.94,-124.53,7.1700683,29,176.6847282,190.462083,-14.91578484,3437.194412,3577.359887,55
49.94,-124.53,7.1700683,29,176.6847282,190.462083,-14.91578484,3437.194412,3577.359887,55
49.94,-124.53,7.1700683,29,176.6847282,190.462083,-14.91578484,3437.194412,3577.359887,55
49.94,-124.53,7.1700683,29,176.6847282,190.462083,-14.91578484,3437.194412,3577.359887,55
49.94,-124.53,7.1700683,29,176.6847282,190.462083,-14.91578484,3437.194412,3577.359887,55
49.94,-124.53,7.1700683,29,176.6847282,190.462083,-14.91578484,3437.194412,3577.359887,55
49.94,-124.53,7.1700683,29,176.6847282,190.462083,-14.91578484,3437.194412,3577.359887,55
49.94,-124.53,7.1700683,25,176.6847282,190.462083,-14.91578484,3437.194412,3577.359887,55
49.94,-124.53,7.1700683,25,176.6847282,190.462083,-14.91578484,3437.194412,3577.359887,55
49.94,-124.53,7.1700683,25,176.6847282,190.462083,-14.91578484,3437.194412,3577.359887,55
49.94,-124.53,7.1700683,25,176.6847282,190.462083,-14.91578484,3437.194412,3577.359887,55
49.94,-124.53,7.1700683,25,176.6847282,190.462083,-14.91578484,3437.194412,3577.359887,55
49.94,-124.53,7.1700683,25,176.6847282,190.462083,-14.91578484,3437.194412,3577.359887,55
49.94,-124.53,7.1700683,25,176.6847282,190.462083,-14.91578484,3437.194412,3577.359887,55
49.94,-124.53,7.1700683,25,176.6847282,190.462083,-14.91578484,3437.194412,3577.359887,55
48.59,-123.5,8.9942894,21,157.7528559,170.0539591,24.44232368,3549.666829,3694.65255,-222
48.59,-123.5,8.9942894,21,157.7528559,170.0539591,24.44232368,3549.666829,3694.65255,-222
48.59,-123.5,8.9942894,21,157.7528559,170.0539591,24.44232368,3549.666829,3694.65255,-222
48.59,-123.5,8.9942894,21,157.7528559,170.0539591,24.44232368,3549.666829,3694.65255,-222
48.59,-123.5,8.9942894,21,157.7528559,170.0539591,24.44232368,3549.666829,3694.65255,-222
48.59,-123.5,8.9942894,21,157.7528559,170.0539591,24.44232368,3549.666829,3694.65255,-222
48.59,-123.5,8.9942894,21,157.7528559,170.0539591,24.44232368,3549.666829,3694.65255,-222
48.59,-123.5,8.9942894,21,157.7528559,170.0539591,24.44232368,3549.666829,3694.65255,-222
49.67,-130.11,0.59459901,96.37,613.548033,661.390702,-2.230593443,2769.885862,2881.452399,-2459
49.64,-130.04,0.81696123,326.82,523.4315972,564.2472519,-2.230593443,2816.350677,2929.908563,-2389
49.64,-130.04,0.81696123,342.74,523.4315972,564.2472519,-2.230593443,2816.350677,2929.908563,-2389
49.64,-130.03,0.81696123,392.6,523.4315972,564.2472519,-2.230593443,2816.350677,2929.908563,-2382
49.63,-130.02,0.81696123,274.03,523.4315972,564.2472519,2.02973175,2816.350677,2929.908563,-2407
49.63,-130.02,0.81696123,291.62,523.4315972,564.2472519,2.02973175,2816.350677,2929.908563,-2407
49.63,-130.01,0.81696123,343.58,523.4315972,564.2472519,2.02973175,2816.350677,2929.908563,-2395
49.63,-130.01,0.81696123,320.54,523.4315972,564.2472519,2.02973175,2816.350677,2929.908563,-2395
49.62,-129.99,0.81696123,267.74,523.4315972,564.2472519,2.02973175,2816.350677,2929.908563,-2410
49.62,-129.99,0.81696123,188.13,523.4315972,564.2472519,2.02973175,2816.350677,2929.908563,-2410
49.67,-130.1,0.59459901,49.44,613.548033,661.390702,-2.230593443,2769.885862,2881.452399,-2446
49.62,-129.98,0.81696123,81.29,523.4315972,564.2472519,2.02973175,2816.350677,2929.908563,-2408
49.61,-129.98,0.81696123,236.32,523.4315972,564.2472519,2.02973175,2816.350677,2929.908563,-2429
49.61,-129.98,0.81696123,366.63,523.4315972,564.2472519,2.02973175,2816.350677,2929.908563,-2429
49.61,-129.97,0.81696123,193.58,523.4315972,564.2472519,2.02973175,2816.350677,2929.908563,-2428
49.61,-129.97,0.81696123,100.14,523.4315972,564.2472519,2.02973175,2816.350677,2929.908563,-2428
49.61,-129.96,0.81696123,124.02,523.4315972,564.2472519,2.02973175,2816.350677,2929.908563,-2429
49.6,-129.96,0.81696123,272.35,523.4315972,564.2472519,2.02973175,2816.350677,2929.908563,-2450
49.6,-129.95,1.0505846,382.55,461.5780454,497.5705423,2.02973175,2858.743102,2974.117807,-2449
49.6,-129.95,1.0505846,389.67,461.5780454,497.5705423,2.02973175,2858.743102,2974.117807,-2449
49.67,-130.09,0.59459901,151.68,613.548033,661.390702,-2.230593443,2769.885862,2881.452399,-2442
49.66,-130.08,0.59459901,160.06,613.548033,661.390702,-2.230593443,2769.885862,2881.452399,-2434
49.66,-130.07,0.59459901,105.59,613.548033,661.390702,-2.230593443,2769.885862,2881.452399,-2402
49.65,-130.06,0.68830746,533.39,570.2554187,614.7222571,-2.230593443,2790.37504,2902.819685,-2408
49.65,-130.05,0.68830746,280.73,570.2554187,614.7222571,-2.230593443,2790.37504,2902.819685,-2398
49.89,-128.3,3.5512867,71.23,251.0543736,270.6308544,-103.8832474,3159.570027,3287.837314,-2048
50.26,-128.82,2.7159307,58.66,287.0789287,309.4644983,-120.0017242,3076.802835,3201.522957,-2021
50.48,-129.53,1.2588239,79.61,421.6753063,454.5563051,-63.82077408,2892.690626,3009.520224,-2000
50.18,-129.38,1.5338509,87.99,382.0050342,411.792662,-24.13278008,2933.47057,3052.04788,-2135
50.45,-129.81,1.0826941,104.75,454.6820128,490.1367774,-21.10007858,2864.184057,2979.791945,-2197
50.9,-130.87,0.62095869,129.89,600.3842688,647.2004663,-33.55132294,2775.803262,2887.623402,-2537
48.46,-128.68,0.59159386,347.77,615.1043949,663.0684244,-10.74924183,2769.202986,2880.740257,-2472
48.46,-128.62,0.8665905,457.55,508.2222764,547.851953,8.065933228,2825.81795,2939.781576,-2400
48.46,-128.61,0.8665905,1358.82,508.2222764,547.851953,8.065933228,2825.81795,2939.781576,-2345
48.46,-128.58,0.8665905,395.96,508.2222764,547.851953,8.065933228,2825.81795,2939.781576,-2411
48.46,-128.58,0.8665905,155.03,508.2222764,547.851953,8.065933228,2825.81795,2939.781576,-2411
48.46,-128.57,0.8665905,333.11,508.2222764,547.851953,8.065933228,2825.81795,2939.781576,-2388
48.46,-128.55,0.8665905,145.39,508.2222764,547.851953,8.065933228,2825.81795,2939.781576,-2429
48.46,-128.55,0.8665905,155.03,508.2222764,547.851953,8.065933228,2825.81795,2939.781576,-2429
48.46,-128.54,1.1157724,133.66,447.8915322,482.8167951,8.065933228,2869.705449,2985.549968,-2473
48.46,-128.53,1.1157724,232.96,447.8915322,482.8167951,8.065933228,2869.705449,2985.549968,-2436
48.46,-128.67,0.59159386,169.7,615.1043949,663.0684244,-10.74924183,2769.202986,2880.740257,-2474
48.46,-128.51,1.1157724,173.47,447.8915322,482.8167951,8.065933228,2869.705449,2985.549968,-2450
48.46,-128.5,1.1157724,334.36,447.8915322,482.8167951,-4.410299301,2869.705449,2985.549968,-2476
48.46,-128.49,1.1157724,389.25,447.8915322,482.8167951,-4.410299301,2869.705449,2985.549968,-2505
48.46,-128.49,1.1157724,136.59,447.8915322,482.8167951,-4.410299301,2869.705449,2985.549968,-2505
48.46,-128.48,1.1157724,144.56,447.8915322,482.8167951,-4.410299301,2869.705449,2985.549968,-2532
48.46,-128.48,1.1157724,154.19,447.8915322,482.8167951,-4.410299301,2869.705449,2985.549968,-2532
48.46,-128.47,1.1157724,183.94,447.8915322,482.8167951,-4.410299301,2869.705449,2985.549968,-2555
48.47,-128.47,1.1157724,183.94,447.8915322,482.8167951,-4.410299301,2869.705449,2985.549968,-2539
48.46,-128.66,0.59159386,185.2,615.1043949,663.0684244,-10.74924183,2769.202986,2880.740257,-2475
48.47,-128.46,1.1157724,338.13,447.8915322,482.8167951,-4.410299301,2869.705449,2985.549968,-2556
48.46,-128.66,0.59159386,376.68,615.1043949,663.0684244,-10.74924183,2769.202986,2880.740257,-2475
48.46,-128.65,0.59159386,229.19,615.1043949,663.0684244,-10.74924183,2769.202986,2880.740257,-2478
48.46,-128.65,0.59159386,526.26,615.1043949,663.0684244,-10.74924183,2769.202986,2880.740257,-2478
48.46,-128.64,0.8665905,511.6,508.2222764,547.851953,-10.74924183,2825.81795,2939.781576,-2459
48.46,-128.63,0.8665905,209.08,508.2222764,547.851953,-10.74924183,2825.81795,2939.781576,-2346
48.46,-128.63,0.8665905,303.36,508.2222764,547.851953,-10.74924183,2825.81795,2939.781576,-2346
50.68,-131.01,1.8958869,16.34,343.6010214,370.3940173,-2.894367218,2981.919231,3102.572912,-2602
50.73,-131.12,2.265857,24.72,314.3000211,338.8082113,-5.360367775,3026.846735,3149.425881,-2606
50.73,-131.11,2.265857,23.46,314.3000211,338.8082113,-5.360367775,3026.846735,3149.425881,-2601
50.73,-131.09,2.265857,40.64,314.3000211,338.8082113,-5.360367775,3026.846735,3149.425881,-2597
50.73,-131.08,2.265857,64.95,314.3000211,338.8082113,-5.360367775,3026.846735,3149.425881,-2596
50.47,-130.28,0.06584172,243.44,1843.784141,1987.557,-19.9920826,2589.808745,2693.657691,-2594
50.47,-130.27,0.06584172,146.65,1843.784141,1987.557,-19.9920826,2589.808745,2693.657691,-2495
50.48,-130.26,0.06584172,152.94,1843.784141,1987.557,-19.9920826,2589.808745,2693.657691,-2232
50.14,-130.45,0.64635819,440.37,588.4695981,634.3567246,-2.300307989,2781.387417,2893.446877,-2443
50.11,-130.4,0.64635819,269.42,588.4695981,634.3567246,-2.300307989,2781.387417,2893.446877,-2420
50.13,-130.45,0.64635819,724.03,588.4695981,634.3567246,-2.300307989,2781.387417,2893.446877,-2425
50.13,-130.44,0.64635819,386.32,588.4695981,634.3567246,-2.300307989,2781.387417,2893.446877,-2431
50.13,-130.44,0.64635819,739.95,588.4695981,634.3567246,-2.300307989,2781.387417,2893.446877,-2431
50.13,-130.44,0.64635819,704.34,588.4695981,634.3567246,-2.300307989,2781.387417,2893.446877,-2431
50.12,-130.42,0.64635819,381.71,588.4695981,634.3567246,-2.300307989,2781.387417,2893.446877,-2421
50.12,-130.42,0.64635819,258.1,588.4695981,634.3567246,-2.300307989,2781.387417,2893.446877,-2421
50.11,-130.41,0.64635819,217.88,588.4695981,634.3567246,-2.300307989,2781.387417,2893.446877,-2421
51.27,-131.01,0.12469516,196.93,1339.787312,1444.259981,-7.108880043,2623.592707,2728.889537,-2402
51.61,-130.85,0.98918939,171.79,475.6866182,512.7792601,-37.29896164,2848.103002,2963.021702,-1973
51.38,-130.76,0.051265415,205.31,2089.529083,2252.464409,-16.25857162,2579.246535,2682.642815,-2087
51.5,-130.61,0.3799772,159.22,767.5061955,827.3540688,-15.9166851,2715.748017,2824.994361,-1607
51.23,-130.54,0.91700733,347.77,494.053813,532.5786746,-23.77970505,2835.161749,2949.525824,-2025
53.5,-130.61,4.3941827,159,225.6948265,243.2938445,14.39130878,3233.680708,3365.124167,37
52.34,-130.61,2.2681541,50,314.1408252,338.6366018,-8.846396446,3027.113723,3149.704311,-164
51.92,-129.97,0.54942942,45,638.270399,688.0408454,-17.85256767,2759.432272,2870.550798,-137
52.41,-130.79,2.2681541,59,314.1408252,338.6366018,-8.533452988,3027.113723,3149.704311,-110
51.59,-129.35,1.3081136,47,413.654667,445.9102399,-17.68419456,2900.304779,3017.460698,-58
51.58,-130.29,0.54942942,84,638.270399,688.0408454,-12.11418056,2759.432272,2870.550798,-843
51.51,-130.34,0.54942942,95,638.270399,688.0408454,-39.28820038,2759.432272,2870.550798,-1124
51.58,-130.35,0.54942942,75,638.270399,688.0408454,-12.11418056,2759.432272,2870.550798,-853
51.54,-130.29,0.54942942,91,638.270399,688.0408454,-39.28820038,2759.432272,2870.550798,-914
51.53,-130.27,0.54942942,85,638.270399,688.0408454,-39.28820038,2759.432272,2870.550798,-1019
51.55,-130.19,0.89558804,84,499.9269121,538.9097407,-26.02069092,2831.224297,2945.419624,-797
51.44,-130.43,0.54942942,71,638.270399,688.0408454,-29.86124611,2759.432272,2870.550798,-1238
51.42,-130.22,0.89558804,108,499.9269121,538.9097407,-25.76680946,2831.224297,2945.419624,-1240
51.38,-130.12,1.238132,83,425.1842658,458.338883,-10.51989841,2889.44983,3006.140537,-901
53.56,-131.43,7.0473046,60,178.2170036,192.1138408,1.417098403,3429.136596,3568.956736,-22
52.79,-130.97,4.3941827,78,225.6948265,243.2938445,11.67023277,3233.680708,3365.124167,-36
52.76,-132.05,7.0473046,47,178.2170036,192.1138408,119.8523636,3429.136596,3568.956736,108
52.76,-132.05,7.0473046,43,178.2170036,192.1138408,119.8523636,3429.136596,3568.956736,108
53.32,-131.34,5.7069907,69,198.0418965,213.4846205,-5.327207565,3336.125804,3471.959767,-29
44.44,-122.12,9.8749847,113,150.5540502,162.2938117,23.42186356,3599.857093,3746.993826,1006
44.44,-122.12,9.8749847,113,150.5540502,162.2938117,23.42186356,3599.857093,3746.993826,1006
45.12,-122.16,9.68153,95,152.0507831,163.9072555,-2.369260788,3589.030498,3735.703233,458
44.55,-122.03,9.8749847,82,150.5540502,162.2938117,5.320100784,3599.857093,3746.993826,1173
44.56,-122.03,9.8749847,109,150.5540502,162.2938117,5.320100784,3599.857093,3746.993826,1164
44.9,-122.01,9.8163719,109,151.0028545,162.7776125,36.33436203,3596.588144,3743.584779,864
49.33,-119.63,9.2849312,77.93,155.2641943,167.371239,-70.81789398,3566.491478,3712.198255,1579
49.33,-119.63,9.2849312,77.93,155.2641943,167.371239,-70.81789398,3566.491478,3712.198255,1579
49.33,-119.63,9.2849312,77.93,155.2641943,167.371239,-70.81789398,3566.491478,3712.198255,1579
48.02,-129.2,0.28132188,25,891.9877775,961.542358,2.136907578,2685.639248,2793.595215,-2451
48.02,-129.2,0.28132188,204,891.9877775,961.542358,2.136907578,2685.639248,2793.595215,-2451
48.02,-129.2,0.28132188,202,891.9877775,961.542358,2.136907578,2685.639248,2793.595215,-2451
48.02,-129.2,0.28132188,348,891.9877775,961.542358,2.136907578,2685.639248,2793.595215,-2451
48.02,-129.2,0.28132188,355,891.9877775,961.542358,2.136907578,2685.639248,2793.595215,-2451
48.01,-129.16,0.28132188,335,891.9877775,961.542358,2.136907578,2685.639248,2793.595215,-2267
48.01,-129.16,0.28132188,383,891.9877775,961.542358,2.136907578,2685.639248,2793.595215,-2267
48.01,-129.16,0.28132188,1675,891.9877775,961.542358,2.136907578,2685.639248,2793.595215,-2267
48,-129.15,0.28132188,302,891.9877775,961.542358,2.136907578,2685.639248,2793.595215,-2330
48,-129.15,0.28132188,354,891.9877775,961.542358,2.136907578,2685.639248,2793.595215,-2330
48,-129.15,0.28132188,314,891.9877775,961.542358,2.136907578,2685.639248,2793.595215,-2330
48,-129.15,0.28132188,177,891.9877775,961.542358,2.136907578,2685.639248,2793.595215,-2330
48,-129.15,0.28132188,115,891.9877775,961.542358,2.136907578,2685.639248,2793.595215,-2330
48,-129.15,0.28132188,225,891.9877775,961.542358,2.136907578,2685.639248,2793.595215,-2330
47.99,-129.26,0.55420947,252,635.5119009,685.0672477,-1.18818295,2760.558362,2871.725149,-2407
47.99,-129.26,0.55420947,797,635.5119009,685.0672477,-1.18818295,2760.558362,2871.725149,-2407
47.99,-129.26,0.55420947,363,635.5119009,685.0672477,-1.18818295,2760.558362,2871.725149,-2407
47.99,-129.26,0.55420947,239,635.5119009,685.0672477,-1.18818295,2760.558362,2871.725149,-2407
48,-129.3,0.55420947,270,635.5119009,685.0672477,-1.18818295,2760.558362,2871.725149,-2430
48,-129.3,0.55420947,442,635.5119009,685.0672477,-1.18818295,2760.558362,2871.725149,-2430
48,-129.3,0.55420947,516,635.5119009,685.0672477,-1.18818295,2760.558362,2871.725149,-2430
48.05,-129.38,0.81750041,179,523.2589548,564.0611474,-4.333324432,2816.455052,2930.017412,-2521
48.05,-129.38,0.81750041,337,523.2589548,564.0611474,-4.333324432,2816.455052,2930.017412,-2521
48.01,-129.16,0.28132188,705,891.9877775,961.542358,2.136907578,2685.639248,2793.595215,-2267
47.95,-129.1,0.02951305,1789.8,2753.934535,2968.678241,4.241880417,2560.127769,2662.704674,-2190
47.95,-129.1,0.02951305,42.4,2753.934535,2968.678241,4.241880417,2560.127769,2662.704674,-2190
47.95,-129.1,0.02951305,53,2753.934535,2968.678241,4.241880417,2560.127769,2662.704674,-2190
47.95,-129.1,0.02951305,95.3,2753.934535,2968.678241,4.241880417,2560.127769,2662.704674,-2190
47.95,-129.1,0.02951305,275.4,2753.934535,2968.678241,4.241880417,2560.127769,2662.704674,-2190
47.95,-129.1,0.02951305,16244.8,2753.934535,2968.678241,4.241880417,2560.127769,2662.704674,-2190
47.95,-129.1,0.02951305,262.1,2753.934535,2968.678241,4.241880417,2560.127769,2662.704674,-2190
47.95,-129.1,0.02951305,217.1,2753.934535,2968.678241,4.241880417,2560.127769,2662.704674,-2190
47.95,-129.09,0.02951305,264.8,2753.934535,2968.678241,-1.580559015,2560.127769,2662.704674,-2131
47.95,-129.1,0.02951305,211.8,2753.934535,2968.678241,4.241880417,2560.127769,2662.704674,-2190
47.95,-129.09,0.02951305,206.5,2753.934535,2968.678241,-1.580559015,2560.127769,2662.704674,-2131
47.95,-129.1,0.02951305,502,2753.934535,2968.678241,4.241880417,2560.127769,2662.704674,-2190
47.95,-129.1,0.02951305,95.3,2753.934535,2968.678241,4.241880417,2560.127769,2662.704674,-2190
47.95,-129.09,0.02951305,57.2,2753.934535,2968.678241,-1.580559015,2560.127769,2662.704674,-2131
47.95,-129.09,0.02951305,-38.1,2753.934535,2968.678241,-1.580559015,2560.127769,2662.704674,-2131
47.95,-129.1,0.02951305,-6.4,2753.934535,2968.678241,4.241880417,2560.127769,2662.704674,-2190
47.95,-129.08,0.02951305,688.4,2753.934535,2968.678241,-1.580559015,2560.127769,2662.704674,-2267
47.95,-129.1,0.02951305,-31.8,2753.934535,2968.678241,4.241880417,2560.127769,2662.704674,-2190
47.95,-129.1,0.02951305,1563.2,2753.934535,2968.678241,4.241880417,2560.127769,2662.704674,-2190
47.95,-129.1,0.02951305,-42.4,2753.934535,2968.678241,4.241880417,2560.127769,2662.704674,-2190
47.95,-129.1,0.02951305,180,2753.934535,2968.678241,4.241880417,2560.127769,2662.704674,-2190
47.95,-129.1,0.02951305,145.1,2753.934535,2968.678241,4.241880417,2560.127769,2662.704674,-2190
47.95,-129.1,0.02951305,116.5,2753.934535,2968.678241,4.241880417,2560.127769,2662.704674,-2190
47.95,-129.09,0.02951305,116.5,2753.934535,2968.678241,-1.580559015,2560.127769,2662.704674,-2131
47.95,-129.09,0.02951305,-63.5,2753.934535,2968.678241,-1.580559015,2560.127769,2662.704674,-2131
47.95,-129.1,0.02951305,195.9,2753.934535,2968.678241,4.241880417,2560.127769,2662.704674,-2190
47.95,-129.1,0.02951305,95.3,2753.934535,2968.678241,4.241880417,2560.127769,2662.704674,-2190
47.95,-129.1,0.02951305,995.5,2753.934535,2968.678241,4.241880417,2560.127769,2662.704674,-2190
47.95,-129.1,0.02951305,243.6,2753.934535,2968.678241,4.241880417,2560.127769,2662.704674,-2190
47.95,-129.1,0.02951305,6576.7,2753.934535,2968.678241,4.241880417,2560.127769,2662.704674,-2190
47.95,-129.1,0.02951305,95.3,2753.934535,2968.678241,4.241880417,2560.127769,2662.704674,-2190
47.95,-129.09,0.02951305,-169.4,2753.934535,2968.678241,-1.580559015,2560.127769,2662.704674,-2131
47.95,-129.09,0.02951305,201.2,2753.934535,2968.678241,-1.580559015,2560.127769,2662.704674,-2131
47.95,-129.1,0.02951305,699,2753.934535,2968.678241,4.241880417,2560.127769,2662.704674,-2190
47.95,-129.1,0.02951305,243.6,2753.934535,2968.678241,4.241880417,2560.127769,2662.704674,-2190
47.95,-129.1,0.02951305,148.3,2753.934535,2968.678241,4.241880417,2560.127769,2662.704674,-2190
47.95,-129.1,0.02951305,5422.4,2753.934535,2968.678241,4.241880417,2560.127769,2662.704674,-2190
47.95,-129.1,0.02951305,116.5,2753.934535,2968.678241,4.241880417,2560.127769,2662.704674,-2190
47.95,-129.09,0.02951305,-10.6,2753.934535,2968.678241,-1.580559015,2560.127769,2662.704674,-2131
47.95,-129.09,0.02951305,-182.2,2753.934535,2968.678241,-1.580559015,2560.127769,2662.704674,-2131
47.95,-129.1,0.02951305,10.6,2753.934535,2968.678241,4.241880417,2560.127769,2662.704674,-2190
47.95,-129.1,0.02951305,-53,2753.934535,2968.678241,4.241880417,2560.127769,2662.704674,-2190
46.52,-129.58,0.30251956,2250,860.1692816,927.2427495,4.870002747,2692.506224,2800.75649,-2499
46.52,-129.58,0.30251956,245,860.1692816,927.2427495,4.870002747,2692.506224,2800.75649,-2499
46.53,-129.58,0.30251956,3,860.1692816,927.2427495,4.870002747,2692.506224,2800.75649,-2468
46.53,-129.58,0.30251956,16,860.1692816,927.2427495,4.870002747,2692.506224,2800.75649,-2468
46.53,-129.57,0.30251956,8,860.1692816,927.2427495,4.870002747,2692.506224,2800.75649,-2538
46.53,-129.57,0.30251956,18,860.1692816,927.2427495,4.870002747,2692.506224,2800.75649,-2538
46.31,-129.72,0.39045012,14,757.1429427,816.18272,10.67819881,2718.701028,2828.073929,-2250
46.31,-129.71,0.39045012,14,757.1429427,816.18272,10.67819881,2718.701028,2828.073929,-2255
46.31,-129.71,0.39045012,30,757.1429427,816.18272,10.67819881,2718.701028,2828.073929,-2255
46.31,-129.72,0.39045012,22,757.1429427,816.18272,10.67819881,2718.701028,2828.073929,-2250
42.68,-126.78,0.10922085,4511,1431.554488,1543.182892,-12.2990694,2615.670023,2720.627309,-3094
42.68,-126.78,0.10922085,6950,1431.554488,1543.182892,-12.2990694,2615.670023,2720.627309,-3094
37.86,-119.08,16.19442,91,117.5649761,126.7323467,-18.77026176,3908.480192,4068.843628,43
37.63,-119.08,16.19442,156,117.5649761,126.7323467,-18.77026176,3908.480192,4068.843628,43
37.49,-119.3,16.19442,56,117.5649761,126.7323467,135.9580841,3908.480192,4068.843628,43
44.64,-125.07,9.5422888,140,153.1561289,165.0987929,-16.33102798,3581.170837,3727.50673,-1043
44.65,-125.14,9.5422888,121,153.1561289,165.0987929,-24.02614021,3581.170837,3727.50673,-836
44.62,-125.06,9.5422888,116,153.1561289,165.0987929,-16.33102798,3581.170837,3727.50673,-1178
44.66,-125.14,9.5507097,142,153.0885948,165.0259927,-24.02614021,3581.647788,3728.004122,-783
44.62,-125.06,9.5422888,62,153.1561289,165.0987929,-16.33102798,3581.170837,3727.50673,-1178
44.66,-125.57,8.5858335,93,161.4616655,174.0519707,-65.29970551,3525.555754,3669.508143,-2854
44.65,-125.57,8.6269598,103,161.076347,173.6366063,-65.29970551,3528.009035,3672.066565,-2860
44.64,-125.58,8.6269598,103,161.076347,173.6366063,-65.29970551,3528.009035,3672.066565,-2864
44.65,-125.58,8.6269598,106,161.076347,173.6366063,-65.29970551,3528.009035,3672.066565,-2864
44.65,-125.59,8.6269598,83,161.076347,173.6366063,-65.29970551,3528.009035,3672.066565,-2864
44.66,-125.6,8.5858335,117,161.4616655,174.0519707,-54.59931946,3525.555754,3669.508143,-2859
44.66,-125.69,8.4469986,116,162.7831499,175.4765006,-54.59931946,3517.230224,3660.825805,-2861
44.65,-125.72,8.4459772,106,162.7929925,175.4871108,-40.18680954,3517.168721,3660.761666,-2868
44.65,-125.73,8.4459772,88,162.7929925,175.4871108,-40.18680954,3517.168721,3660.761666,-2866
44.68,-125.66,8.4469986,55,162.7831499,175.4765006,-54.59931946,3517.230224,3660.825805,-2855
44.51,-126.67,6.5422888,73,184.9676604,199.3908939,-5.058589935,3395.22644,3533.593287,-2914
44.33,-127.43,5.4407101,155,202.8303154,218.6464262,-4.021282196,3316.386543,3451.374537,-2888
45.33,-129.32,1.3617047,99,405.4330894,437.047568,-5.422812462,2908.422362,3025.926177,-2753
45.35,-129.18,1.5062964,103,385.4831861,415.54203,-5.915492058,2929.559436,3047.969126,-2764
45.36,-129.19,1.5062964,167,385.4831861,415.54203,-5.915492058,2929.559436,3047.969126,-2764
45.37,-129.19,1.5062964,164,385.4831861,415.54203,-5.915492058,2929.559436,3047.969126,-2765
45.37,-129.2,1.5062964,151,385.4831861,415.54203,-5.915492058,2929.559436,3047.969126,-2763
45.38,-129.15,1.5062964,106,385.4831861,415.54203,-5.915492058,2929.559436,3047.969126,-2773
45.38,-129.19,1.5062964,155,385.4831861,415.54203,-5.915492058,2929.559436,3047.969126,-2770
45.38,-129.19,1.5062964,159,385.4831861,415.54203,-5.915492058,2929.559436,3047.969126,-2770
45.38,-129.19,1.5062964,185,385.4831861,415.54203,-5.915492058,2929.559436,3047.969126,-2770
46.16,-129.2,0.92084652,302,493.0228336,531.4673024,-8.602049828,2835.862619,2950.256731,-2704
44.67,-125.58,8.5858335,93.37,161.4616655,174.0519707,-65.29970551,3525.555754,3669.508143,-2851
44.58,-127.3,5.4504809,151.99,202.6484321,218.4503602,-9.559578896,3317.119275,3452.138673,-2922
44.81,-127.97,4.1015091,140.26,233.608596,251.8247065,-9.246604919,3208.8264,3339.204674,-2873
44.95,-128.39,3.2205846,118.91,263.6290733,284.1860922,-9.324359894,3128.109555,3255.028536,-2833
45.1,-128.85,2.4179773,181.3,304.2527759,327.9775115,-8.75272274,3044.244632,3167.569402,-2820
44.67,-125.58,8.5858335,110.12,161.4616655,174.0519707,-65.29970551,3525.555754,3669.508143,-2851
44.84,-125.6,8.5421562,148.64,161.8739278,174.49638,-53.43785477,3522.943857,3666.784308,-2784
44.91,-124.61,9.8163719,45.22,151.0028545,162.7776125,-32.40454865,3596.588144,3743.584779,-444
44.97,-125.1,9.5523081,72.44,153.075786,165.0121851,-29.23491096,3581.738297,3728.098509,-1358
45.01,-125.15,9.2965679,65.32,155.1669902,167.2664552,-23.75463867,3567.159579,3712.89499,-1554
44.86,-125.13,9.5314922,82.07,153.2428465,165.1922725,-38.47733688,3580.559019,3726.868692,-1835
44.87,-125.28,9.1318445,87.09,156.5602136,168.7683181,-44.97027588,3557.662967,3702.99138,-2065
44.82,-125.59,8.5421562,130.63,161.8739278,174.49638,-61.41485214,3522.943857,3666.784308,-2794
44.65,-125.58,8.6269598,123.52,161.076347,173.6366063,-65.29970551,3528.009035,3672.066565,-2864
39.06,-123.15,18.00329,74,111.5025297,120.1971686,19.79611778,3985.05994,4148.705366,228
37.24,-122.07,16.352819,89,116.9942032,126.1170667,-8.995250702,3915.351662,4076.009591,6
38.1,-122.89,17.370102,79,113.5166261,122.3683183,26.03423882,3958.710902,4121.227083,243
37.51,-122.21,16.524179,77,116.3859923,125.4614292,-8.681152344,3922.74802,4083.722935,101
40.02,-124.07,16.881744,58,115.1468347,124.1256458,21.90467262,3938.058983,4099.690083,-17
41.21,-119.06,16.815744,107,115.3725829,124.3689972,-5.834591866,3935.24515,4096.755656,1284
40.88,-119.1,16.676729,69,115.8524502,124.8862831,-48.21202087,3929.300284,4090.556011,1384
40.87,-119.17,16.676729,85,115.8524502,124.8862831,-48.21202087,3929.300284,4090.556011,1374
41.08,-119.02,16.815744,94,115.3725829,124.3689972,-4.249658585,3935.24515,4096.755656,1531
41.05,-119.02,16.676729,422,115.8524502,124.8862831,2.503382206,3929.300284,4090.556011,1503
41.02,-119.06,16.676729,80,115.8524502,124.8862831,-31.2743721,3929.300284,4090.556011,1554
40.94,-119.1,16.676729,56,115.8524502,124.8862831,-48.21202087,3929.300284,4090.556011,1733
40.91,-119.14,16.676729,89,115.8524502,124.8862831,-48.21202087,3929.300284,4090.556011,1424
40.39,-121.54,18.00329,131,111.5025297,120.1971686,111.5407791,3985.05994,4148.705366,1924
40.36,-121.5,18.00329,230,111.5025297,120.1971686,34.33236694,3985.05994,4148.705366,1544
40.41,-121.45,18.00329,84,111.5025297,120.1971686,78.76473999,3985.05994,4148.705366,1948
40.75,-119.02,16.524179,188,116.3859923,125.4614292,0.526715934,3922.74802,4083.722935,2002
40.68,-119.36,16.676729,370,115.8524502,124.8862831,-27.88883018,3929.300284,4090.556011,1699
40.65,-119.39,16.676729,560,115.8524502,124.8862831,-27.88883018,3929.300284,4090.556011,1753
40.65,-119.35,16.676729,58,115.8524502,124.8862831,-27.88883018,3929.300284,4090.556011,1753
40.66,-119.38,16.676729,220,115.8524502,124.8862831,-27.88883018,3929.300284,4090.556011,1719
40.69,-119.35,16.676729,42,115.8524502,124.8862831,-27.88883018,3929.300284,4090.556011,1725
40.78,-119.34,16.815744,500,115.3725829,124.3689972,31.69000244,3935.24515,4096.755656,1761
40.65,-119.37,16.676729,334,115.8524502,124.8862831,-27.88883018,3929.300284,4090.556011,1753
40.66,-119.37,16.676729,1842,115.8524502,124.8862831,-27.88883018,3929.300284,4090.556011,1719
40.66,-119.37,16.676729,9999,115.8524502,124.8862831,-27.88883018,3929.300284,4090.556011,1719
38.72,-123.35,17.939177,90,111.7016019,120.411764,32.73448944,3982.413297,4145.945295,242
38.72,-123.35,17.939177,90,111.7016019,120.411764,32.73448944,3982.413297,4145.945295,242
37.12,-122.15,16.845156,67,115.2718174,124.2603743,-1.091421843,3936.499777,4098.064053,113
40.88,-123.98,8.9923286,49,157.7700542,170.0724985,-13.20193481,3549.552406,3694.533224,45
38.99,-123.35,18.00329,53,111.5025297,120.1971686,38.61075211,3985.05994,4148.705366,170
38.99,-123.35,18.00329,53,111.5025297,120.1971686,38.61075211,3985.05994,4148.705366,170
38.77,-122.97,17.834578,146,112.0286855,120.7643525,9.416354179,3978.085182,4141.43169,107
38.77,-122.97,17.834578,146,112.0286855,120.7643525,9.416354179,3978.085182,4141.43169,107
38.88,-121.9,17.217102,33,114.019894,122.9108296,-23.10098839,3952.272356,4114.512599,5
39.84,-123.17,18.287436,58,110.632888,119.2597148,-12.01821518,3996.733413,4160.879131,485
37.8,-121.94,16.524179,53,116.3859923,125.4614292,11.69815731,3922.74802,4083.722935,192
37.8,-121.94,16.524179,53,116.3859923,125.4614292,11.69815731,3922.74802,4083.722935,192
37.51,-122.13,16.364212,84,116.9534696,126.0731568,-1.091421843,3915.844614,4076.523669,25
37.51,-122.13,16.364212,84,116.9534696,126.0731568,-1.091421843,3915.844614,4076.523669,25
40.73,-124.21,8.9923286,34,157.7700542,170.0724985,-41.26629639,3549.552406,3694.533224,34
40.73,-124.21,8.9923286,34,157.7700542,170.0724985,-41.26629639,3549.552406,3694.533224,34
40.14,-124,15.872827,43,118.7499725,128.0097457,31.53661919,3894.425081,4054.186156,245
38.58,-122.65,17.50819,53,113.0680842,121.8848004,18.20681,3964.497619,4127.261802,231
38.58,-122.65,17.50819,53,113.0680842,121.8848004,18.20681,3964.497619,4127.261802,231
40.22,-123.64,17.755274,60,112.278595,121.0337493,-38.96492767,3974.795262,4138.000773,109
40.09,-123.8,17.755274,43,112.278595,121.0337493,-28.72209358,3974.795262,4138.000773,105
38.8,-122.83,17.725136,418,112.374008,121.1366023,37.64468002,3973.543064,4136.694909,612
38.8,-122.83,17.725136,418,112.374008,121.1366023,37.64468002,3973.543064,4136.694909,612
40.55,-124.18,9.0263643,54,157.4723216,169.7515496,-46.74324799,3551.536793,3696.602655,67
40.55,-124.18,9.0263643,54,157.4723216,169.7515496,-46.74324799,3551.536793,3696.602655,67
38.84,-122.2,17.370102,37,113.5166261,122.3683183,-19.4192791,3958.710902,4121.227083,115
40.24,-124.13,15.872827,75,118.7499725,128.0097457,34.86732101,3894.425081,4054.186156,118
40.24,-124.13,15.872827,75,118.7499725,128.0097457,34.86732101,3894.425081,4054.186156,118
40.14,-123.41,17.755274,50,112.278595,121.0337493,-3.436744213,3974.795262,4138.000773,824
40.74,-124.21,8.9923286,38,157.7700542,170.0724985,-41.26629639,3549.552406,3694.533224,2
39.73,-123.5,18.371571,59,110.3792684,118.9863187,36.99104309,4000.172473,4164.465579,486
39.73,-123.5,18.371571,59,110.3792684,118.9863187,36.99104309,4000.172473,4164.465579,486
39.95,-123.35,18.371571,27,110.3792684,118.9863187,-19.33532715,4000.172473,4164.465579,574
39.95,-123.35,18.371571,27,110.3792684,118.9863187,-19.33532715,4000.172473,4164.465579,574
37.74,-121.75,16.215477,63,117.4886178,126.6500343,-34.53704453,3909.395591,4069.798259,13
37.74,-121.75,16.215477,63,117.4886178,126.6500343,-34.53704453,3909.395591,4069.798259,13
40.56,-124.35,9.0263643,34,157.4723216,169.7515496,-14.88657665,3551.536793,3696.602655,59
38.09,-122.75,17.217102,76,114.019894,122.9108296,35.35039139,3952.272356,4114.512599,55
38.09,-122.75,17.217102,76,114.019894,122.9108296,35.35039139,3952.272356,4114.512599,55
39.41,-123.75,18.287436,75,110.632888,119.2597148,27.30547905,3996.733413,4160.879131,138
37.05,-121.24,16.347124,79,117.0145806,126.1390331,-31.15964508,3915.105187,4075.752552,12
37.06,-121.18,16.19442,68,117.5649761,126.7323467,-31.15964508,3908.480192,4068.843628,17
37.03,-121.31,16.347124,84,117.0145806,126.1390331,-31.35291862,3915.105187,4075.752552,6
37.03,-121.31,16.347124,84,117.0145806,126.1390331,-31.35291862,3915.105187,4075.752552,6
37.03,-121.31,16.347124,88,117.0145806,126.1390331,-31.35291862,3915.105187,4075.752552,6
37.03,-121.31,16.347124,88,117.0145806,126.1390331,-31.35291862,3915.105187,4075.752552,6
37.05,-121.21,16.347124,87,117.0145806,126.1390331,-31.15964508,3915.105187,4075.752552,14
37.05,-121.21,16.347124,87,117.0145806,126.1390331,-31.15964508,3915.105187,4075.752552,14
37.05,-121.19,16.347124,66,117.0145806,126.1390331,-31.15964508,3915.105187,4075.752552,16
37.05,-121.19,16.347124,66,117.0145806,126.1390331,-31.15964508,3915.105187,4075.752552,16
37.04,-121.25,16.347124,89,117.0145806,126.1390331,-31.15964508,3915.105187,4075.752552,10
37.04,-121.25,16.347124,89,117.0145806,126.1390331,-31.15964508,3915.105187,4075.752552,10
37.25,-122.4,17.13776,105,114.2835259,123.1950187,-3.76199007,3948.92222,4111.018887,-10
40.32,-124.28,15.739372,76,119.2523535,128.5513009,14.31523895,3888.550708,4048.060025,34
39.34,-123.1,18.00329,75,111.5025297,120.1971686,27.27560234,3985.05994,4148.705366,308
38.93,-123.71,18.242743,60,110.7683251,119.405713,31.5734539,3994.903347,4158.970634,50
38.1,-122.89,17.370102,79,113.5166261,122.3683183,26.03423882,3958.710902,4121.227083,243
37.51,-122.21,16.524179,77,116.3859923,125.4614292,-8.681152344,3922.74802,4083.722935,101
38.7,-123.42,18.027369,92,111.4280383,120.1168686,37.25107193,3986.052725,4149.740699,56
40.02,-124.07,16.881744,58,115.1468347,124.1256458,21.90467262,3938.058983,4099.690083,-17
39.06,-123.15,18.00329,74,111.5025297,120.1971686,19.79611778,3985.05994,4148.705366,228
37.24,-122.07,16.352819,89,116.9942032,126.1170667,-8.995250702,3915.351662,4076.009591,6
44.68,-125.29,9.1196241,79,156.6650747,168.881356,-66.54668427,3556.955038,3702.253111,-2114
44.66,-125.27,9.1196241,81,156.6650747,168.881356,-66.54668427,3556.955038,3702.253111,-2269
44.66,-125.27,9.1196241,93,156.6650747,168.881356,-66.54668427,3556.955038,3702.253111,-2269
44.66,-125.26,9.1196241,77,156.6650747,168.881356,-66.54668427,3556.955038,3702.253111,-2280
44.66,-125.25,9.1196241,81,156.6650747,168.881356,-66.54668427,3556.955038,3702.253111,-2281
44.66,-125.36,8.9653473,70,158.0072811,170.3282236,-77.86420441,3547.976643,3692.889928,-2846
44.66,-125.35,9.1196241,30,156.6650747,168.881356,-66.54668427,3556.955038,3702.253111,-2810
44.66,-125.35,9.1196241,32,156.6650747,168.881356,-66.54668427,3556.955038,3702.253111,-2810
44.66,-125.35,9.1196241,33,156.6650747,168.881356,-66.54668427,3556.955038,3702.253111,-2810
44.65,-125.35,9.1559649,42,156.3538571,168.5458705,-66.54668427,3559.058875,3704.447112,-2839
45,-125.3,9.0883245,60,156.934615,169.1719142,-38.20376205,3555.139683,3700.359955,-2050
45.01,-125.3,9.0883245,60,156.934615,169.1719142,-38.20376205,3555.139683,3700.359955,-1966
45,-125.31,9.0883245,102,156.934615,169.1719142,-38.20376205,3555.139683,3700.359955,-2038
45,-125.32,9.0883245,84,156.934615,169.1719142,-38.20376205,3555.139683,3700.359955,-1887
44.99,-125.32,9.0883245,85,156.934615,169.1719142,-38.20376205,3555.139683,3700.359955,-1933
44.99,-125.33,9.0883245,88,156.934615,169.1719142,-38.20376205,3555.139683,3700.359955,-1979
44.94,-125.37,8.987608,72,157.8114819,170.1171566,-63.85134125,3549.276884,3694.245894,-2463
44.94,-125.36,8.987608,124,157.8114819,170.1171566,-63.85134125,3549.276884,3694.245894,-2424
44.93,-125.35,9.1318445,72,156.5602136,168.7683181,-38.20376205,3557.662967,3702.99138,-2430
47.06,-125.89,7.6291208,100,171.2866096,184.6430351,-4.992900848,3466.73021,3608.161504,-2075
47.06,-125.89,7.6291208,99,171.2866096,184.6430351,-4.992900848,3466.73021,3608.161504,-2075
47.07,-125.9,7.6291208,93,171.2866096,184.6430351,-4.992900848,3466.73021,3608.161504,-2103
47.07,-125.9,7.6291208,88,171.2866096,184.6430351,-4.992900848,3466.73021,3608.161504,-2103
47.07,-125.91,7.6291208,88,171.2866096,184.6430351,-4.992900848,3466.73021,3608.161504,-2098
47.08,-125.9,7.6291208,89,171.2866096,184.6430351,-4.992900848,3466.73021,3608.161504,-2100
47.07,-125.91,7.6291208,83,171.2866096,184.6430351,-4.992900848,3466.73021,3608.161504,-2098
47.08,-125.91,7.6291208,75,171.2866096,184.6430351,-4.992900848,3466.73021,3608.161504,-2111
47.08,-125.92,7.6291208,83,171.2866096,184.6430351,-4.992900848,3466.73021,3608.161504,-2105
47.08,-125.94,7.6291208,109,171.2866096,184.6430351,-4.992900848,3466.73021,3608.161504,-1936
47.08,-125.94,7.6291208,67,171.2866096,184.6430351,-4.992900848,3466.73021,3608.161504,-1936
46.97,-125.93,7.6286254,104,171.2921712,184.6490303,-14.90505123,3466.698822,3608.128771,-2314
46.98,-125.94,7.6286254,90,171.2921712,184.6490303,-14.90505123,3466.698822,3608.128771,-2330
46.97,-125.99,7.3567901,100,174.4281105,188.029501,-35.51718903,3449.319118,3590.004223,-2523
46.97,-125.98,7.3567901,111,174.4281105,188.029501,-35.51718903,3449.319118,3590.004223,-2473
46.97,-125.98,7.3567901,96,174.4281105,188.029501,-35.51718903,3449.319118,3590.004223,-2473
46.98,-125.97,7.3567901,89,174.4281105,188.029501,-35.51718903,3449.319118,3590.004223,-2389
46.98,-125.96,7.3567901,75,174.4281105,188.029501,-35.51718903,3449.319118,3590.004223,-2339
46.98,-125.95,7.3567901,81,174.4281105,188.029501,-35.51718903,3449.319118,3590.004223,-2281
46.98,-125.94,7.6286254,78,171.2921712,184.6490303,-14.90505123,3466.698822,3608.128771,-2330
46.98,-125.94,7.6286254,82,171.2921712,184.6490303,-14.90505123,3466.698822,3608.128771,-2330
46.99,-125.97,7.3567901,87,174.4281105,188.029501,-35.51718903,3449.319118,3590.004223,-2405
47,-125.96,7.3567901,89,174.4281105,188.029501,-35.51718903,3449.319118,3590.004223,-2390
46.99,-125.96,7.3567901,82,174.4281105,188.029501,-35.51718903,3449.319118,3590.004223,-2366
46.99,-125.94,7.6286254,83,171.2921712,184.6490303,-14.90505123,3466.698822,3608.128771,-2347
46.99,-125.95,7.3567901,97,174.4281105,188.029501,-35.51718903,3449.319118,3590.004223,-2315
50.55,-131.62,4.6901741,91,218.4571064,235.4917484,-6.861600876,3257.988342,3390.473557,-2851
47.9,-127.2,4.359262,161,226.597009,244.2663766,-11.43339062,3230.759601,3362.07787,-2587
47.15,-130.12,2.7302463,189,286.3253138,308.6521187,-3.51950264,3078.320994,3203.106179,-2708
47.9,-127.65,3.1907601,304,264.8582972,285.5111674,3.032176971,3125.19446,3251.988508,-2652
44.65,-125.14,9.5422888,94,153.1561289,165.0987929,-24.02614021,3581.170837,3727.50673,-836
44.65,-125.07,9.5422888,41,153.1561289,165.0987929,-16.33102798,3581.170837,3727.50673,-982
44.65,-125.06,9.5422888,42,153.1561289,165.0987929,-16.33102798,3581.170837,3727.50673,-1046
44.65,-125.02,9.8048306,79,151.0917014,162.8733874,-16.33102798,3595.943314,3742.912314,-1002
44.65,-124.97,9.8048306,77,151.0917014,162.8733874,-22.01154518,3595.943314,3742.912314,-781
47.23,-126.15,6.8040028,26,181.3754142,195.5185349,-25.05021858,3412.956923,3552.083648,-2420
47.23,-126.15,6.8040028,27,181.3754142,195.5185349,-25.05021858,3412.956923,3552.083648,-2420
47.24,-126.14,7.0875106,21,177.7107903,191.5681545,-25.05021858,3431.783263,3571.716831,-2438
47.29,-126.08,7.1277666,99,177.2082447,191.0264219,-14.81813812,3434.425711,3574.472527,-2077
47.3,-126.09,7.1277666,101,177.2082447,191.0264219,-14.81813812,3434.425711,3574.472527,-2074
47.3,-126.09,7.1277666,108,177.2082447,191.0264219,-14.81813812,3434.425711,3574.472527,-2074
47.3,-126.09,7.1277666,77,177.2082447,191.0264219,-14.81813812,3434.425711,3574.472527,-2074
47.29,-126.11,7.1277666,93,177.2082447,191.0264219,-14.81813812,3434.425711,3574.472527,-2020
47.28,-126.12,7.1277666,96,177.2082447,191.0264219,-14.81813812,3434.425711,3574.472527,-2197
47.28,-126.12,7.1277666,99,177.2082447,191.0264219,-14.81813812,3434.425711,3574.472527,-2197
47.28,-126.13,7.1277666,104,177.2082447,191.0264219,-14.81813812,3434.425711,3574.472527,-2316
47.27,-126.14,7.1277666,159,177.2082447,191.0264219,-14.81813812,3434.425711,3574.472527,-2421
47.27,-126.14,7.1277666,142,177.2082447,191.0264219,-14.81813812,3434.425711,3574.472527,-2421
47.27,-126.15,6.8401093,141,180.8960727,195.0018158,-14.81813812,3415.376092,3554.606496,-2462
47.27,-126.15,6.8401093,156,180.8960727,195.0018158,-14.81813812,3415.376092,3554.606496,-2462
47.25,-126.17,6.8040028,138,181.3754142,195.5185349,-25.05021858,3412.956923,3552.083648,-2462
47.44,-126.38,6.4628758,106,186.1005917,200.6121679,-26.69879341,3389.776537,3527.909817,-2386
47.44,-126.38,6.4628758,108,186.1005917,200.6121679,-26.69879341,3389.776537,3527.909817,-2386
47.44,-126.38,6.4628758,112,186.1005917,200.6121679,-26.69879341,3389.776537,3527.909817,-2386
47.45,-126.36,6.5422029,109,184.9688747,199.3922029,-26.69879341,3395.220562,3533.587158,-2377
47.45,-126.36,6.5422029,118,184.9688747,199.3922029,-26.69879341,3395.220562,3533.587158,-2377
47.46,-126.33,6.8071642,102,181.3332919,195.473128,-26.69879341,3413.168996,3552.30481,-2413
47.46,-126.29,6.8071642,124,181.3332919,195.473128,-24.73423767,3413.168996,3552.30481,-2349
47.46,-126.29,6.8071642,108,181.3332919,195.473128,-24.73423767,3413.168996,3552.30481,-2349
47.46,-126.26,6.8071642,114,181.3332919,195.473128,-24.73423767,3413.168996,3552.30481,-2260
47.46,-126.22,7.0861001,122,177.7284762,191.5872195,-24.73423767,3431.69054,3571.620135,-2359
47.46,-126.22,7.0861001,117,177.7284762,191.5872195,-24.73423767,3431.69054,3571.620135,-2359
47.46,-126.22,7.0861001,89,177.7284762,191.5872195,-24.73423767,3431.69054,3571.620135,-2359
47.46,-126.19,7.0861001,118,177.7284762,191.5872195,-24.73423767,3431.69054,3571.620135,-2294
47.46,-126.18,7.0861001,139,177.7284762,191.5872195,-24.73423767,3431.69054,3571.620135,-2275
47.46,-126.16,7.0861001,57,177.7284762,191.5872195,-6.165018082,3431.69054,3571.620135,-2005
44.95,-125.2,9.2965679,71,155.1669902,167.2664552,-23.75463867,3567.159579,3712.89499,-1334
44.95,-125.22,9.2965679,61,155.1669902,167.2664552,-23.75463867,3567.159579,3712.89499,-1205
44.95,-125.23,9.2965679,55,155.1669902,167.2664552,-23.75463867,3567.159579,3712.89499,-1250
44.95,-125.25,9.0883245,28,156.934615,169.1719142,-38.20376205,3555.139683,3700.359955,-1218
44.95,-125.41,8.9141588,89,158.4603007,170.8165684,-63.85134125,3544.980599,3689.765482,-2663
44.95,-125.37,8.9141588,95,158.4603007,170.8165684,-63.85134125,3544.980599,3689.765482,-2471
44.95,-125.37,8.9141588,99,158.4603007,170.8165684,-63.85134125,3544.980599,3689.765482,-2471
44.95,-125.37,8.9141588,102,158.4603007,170.8165684,-63.85134125,3544.980599,3689.765482,-2471
44.95,-125.37,8.9141588,104,158.4603007,170.8165684,-63.85134125,3544.980599,3689.765482,-2471
44.95,-125.38,8.9141588,113,158.4603007,170.8165684,-63.85134125,3544.980599,3689.765482,-2475
44.95,-125.4,8.9141588,110,158.4603007,170.8165684,-63.85134125,3544.980599,3689.765482,-2600
44.95,-125.42,8.9141588,125,158.4603007,170.8165684,-63.85134125,3544.980599,3689.765482,-2726
44.93,-125.27,9.1318445,125,156.5602136,168.7683181,-38.20376205,3557.662967,3702.99138,-1550
44.93,-125.27,9.1318445,202,156.5602136,168.7683181,-38.20376205,3557.662967,3702.99138,-1550
44.95,-125.47,8.6826057,122,160.5593567,173.0793026,-63.85134125,3531.319154,3675.518547,-2772
44.95,-125.52,8.6826057,152,160.5593567,173.0793026,-59.42253876,3531.319154,3675.518547,-2753
44.95,-125.52,8.6826057,139,160.5593567,173.0793026,-59.42253876,3531.319154,3675.518547,-2753
44.95,-125.58,8.4492979,165,162.7609993,175.4526228,-59.42253876,3517.368661,3660.970175,-2747
44.95,-125.64,8.4492979,113,162.7609993,175.4526228,-50.7746315,3517.368661,3660.970175,-2777
44.65,-125.27,9.1559649,65,156.3538571,168.5458705,-66.54668427,3559.058875,3704.447112,-2251
44.65,-125.3,9.1559649,70,156.3538571,168.5458705,-66.54668427,3559.058875,3704.447112,-2041
44.65,-125.3,9.1559649,73,156.3538571,168.5458705,-66.54668427,3559.058875,3704.447112,-2041
44.65,-125.32,9.1559649,62,156.3538571,168.5458705,-66.54668427,3559.058875,3704.447112,-2387
44.65,-125.32,9.1559649,52,156.3538571,168.5458705,-66.54668427,3559.058875,3704.447112,-2387
44.65,-125.34,9.1559649,105,156.3538571,168.5458705,-66.54668427,3559.058875,3704.447112,-2697
44.65,-125.37,8.9884195,32,157.8043579,170.1094771,-77.86420441,3549.324253,3694.295293,-2864
44.65,-125.4,8.9884195,101,157.8043579,170.1094771,-77.86420441,3549.324253,3694.295293,-2873
44.65,-125.47,8.7853642,94,159.6175991,172.0641095,-77.86420441,3537.404027,3681.864199,-2860
49.33,-119.63,9.2849312,67,155.2641943,167.371239,-70.81789398,3566.491478,3712.198255,1579
49.36,-119.69,9.2849312,74,155.2641943,167.371239,-46.83720779,3566.491478,3712.198255,1515
49.37,-119.77,9.2849312,109,155.2641943,167.371239,26.92463875,3566.491478,3712.198255,1702
49.37,-119.76,9.2849312,76,155.2641943,167.371239,26.92463875,3566.491478,3712.198255,1702
49.37,-119.65,9.2849312,69,155.2641943,167.371239,-46.83720779,3566.491478,3712.198255,1702
50.58,-123.46,7.6288118,120,171.2900785,184.6467745,-53.69920349,3466.710632,3608.141087,608
50.57,-123.47,7.6288118,100,171.2900785,184.6467745,-53.69920349,3466.710632,3608.141087,670
50.57,-123.49,7.6288118,290,171.2900785,184.6467745,-53.69920349,3466.710632,3608.141087,823
50.57,-123.5,7.6288118,930,171.2900785,184.6467745,-3.67984128,3466.710632,3608.141087,799
50.57,-123.51,7.6288118,450,171.2900785,184.6467745,-3.67984128,3466.710632,3608.141087,808
50.66,-120.51,8.9942894,84,157.7528559,170.0539591,-64.65904236,3549.666829,3694.65255,1456
50.77,-122.8,8.4487114,80,162.7666486,175.4587126,-45.89832306,3517.333351,3660.933351,1096
49.61,-123.15,8.9942894,84,157.7528559,170.0539591,-85.60023499,3549.666829,3694.65255,1381
49.61,-123.16,8.9942894,56,157.7528559,170.0539591,-85.60023499,3549.666829,3694.65255,1261
49.61,-123.17,8.9942894,73,157.7528559,170.0539591,-85.60023499,3549.666829,3694.65255,1136
49.61,-123.17,8.9942894,74,157.7528559,170.0539591,-85.60023499,3549.666829,3694.65255,1136
49.61,-123.16,8.9942894,68,157.7528559,170.0539591,-85.60023499,3549.666829,3694.65255,1261
49.61,-123.16,8.9942894,71,157.7528559,170.0539591,-85.60023499,3549.666829,3694.65255,1261
50.47,-120.97,8.9942894,72,157.7528559,170.0539591,12.44054413,3549.666829,3694.65255,1291
50.48,-120.97,8.9942894,72,157.7528559,170.0539591,12.44054413,3549.666829,3694.65255,1214
50.48,-120.97,8.9942894,72,157.7528559,170.0539591,12.44054413,3549.666829,3694.65255,1214
50.48,-120.97,8.9942894,72,157.7528559,170.0539591,12.44054413,3549.666829,3694.65255,1214
51.52,-119.81,8.9942894,101,157.7528559,170.0539591,-12.22644329,3549.666829,3694.65255,1180
51.52,-119.81,8.9942894,119,157.7528559,170.0539591,-12.22644329,3549.666829,3694.65255,1180
51.52,-119.81,8.9942894,110,157.7528559,170.0539591,-12.22644329,3549.666829,3694.65255,1180
49.51,-121.29,9.2849312,63,155.2641943,167.371239,-22.32683182,3566.491478,3712.198255,1110
49.51,-123.37,8.9942894,31,157.7528559,170.0539591,-84.17111969,3549.666829,3694.65255,232
50.65,-120.48,8.9942894,85,157.7528559,170.0539591,-64.65904236,3549.666829,3694.65255,1333
50.61,-127.48,4.6360407,65,219.7288279,236.8626349,-7.656474113,3253.601344,3385.898545,91
50.69,-123.51,7.6288118,680,171.2900785,184.6467745,-64.40859985,3466.710632,3608.141087,698
50.67,-123.54,7.3612161,262,174.3756644,187.9729653,-64.40859985,3449.60464,3590.301982,1179
50.68,-123.52,7.6288118,322,171.2900785,184.6467745,-64.40859985,3466.710632,3608.141087,888
50.66,-123.53,7.6288118,307,171.2900785,184.6467745,-64.40859985,3466.710632,3608.141087,1638
50.68,-123.48,7.6288118,272,171.2900785,184.6467745,-10.23201275,3466.710632,3608.141087,692
50.63,-123.42,7.6288118,284,171.2900785,184.6467745,-53.69920349,3466.710632,3608.141087,463
50.65,-123.56,7.3612161,227,174.3756644,187.9729653,-64.40859985,3449.60464,3590.301982,1823
50.68,-123.56,7.3612161,176,174.3756644,187.9729653,-64.40859985,3449.60464,3590.301982,784
50.64,-120.46,8.9942894,55,157.7528559,170.0539591,22.53708649,3549.666829,3694.65255,1323
50.57,-123.48,7.6288118,185,171.2900785,184.6467745,-53.69920349,3466.710632,3608.141087,750
50.54,-123.48,7.6288118,148,171.2900785,184.6467745,-53.69920349,3466.710632,3608.141087,869
50.56,-123.46,7.6288118,146,171.2900785,184.6467745,-53.69920349,3466.710632,3608.141087,869
50.57,-123.5,7.6288118,1660,171.2900785,184.6467745,-3.67984128,3466.710632,3608.141087,799
50.57,-123.52,7.6288118,2530,171.2900785,184.6467745,-3.67984128,3466.710632,3608.141087,878
50.57,-123.54,7.6288118,309,171.2900785,184.6467745,-3.67984128,3466.710632,3608.141087,871
50.52,-123.5,7.6288118,120,171.2900785,184.6467745,-18.72964096,3466.710632,3608.141087,1197
50.9,-121.41,8.9942894,67,157.7528559,170.0539591,-42.7322197,3549.666829,3694.65255,526
50.91,-121.41,8.9942894,81,157.7528559,170.0539591,-42.7322197,3549.666829,3694.65255,517
50.91,-121.41,8.9942894,74,157.7528559,170.0539591,-42.7322197,3549.666829,3694.65255,517
52.64,-121.56,7.6288118,62,171.2900785,184.6467745,-3.594347715,3466.710632,3608.141087,971
52.63,-121.56,7.6288118,70,171.2900785,184.6467745,-3.594347715,3466.710632,3608.141087,990
52.63,-121.56,7.6288118,66,171.2900785,184.6467745,-3.594347715,3466.710632,3608.141087,990
49.58,-125.61,7.2806315,36,175.3380345,189.0103781,103.4508743,3444.392587,3584.866555,654
49.57,-125.59,7.2806315,41,175.3380345,189.0103781,80.48721313,3444.392587,3584.866555,521
49.58,-125.61,7.2806315,38,175.3380345,189.0103781,103.4508743,3444.392587,3584.866555,654
50.43,-122.84,8.725028,41,160.1685501,172.6580221,0.965943575,3533.835543,3678.142781,1215
49.32,-121.93,9.2849312,50,155.2641943,167.371239,-39.17293549,3566.491478,3712.198255,625
50.08,-123.21,8.725028,114,160.1685501,172.6580221,74.86077118,3533.835543,3678.142781,1114
49.81,-125.15,7.2320395,38,175.9260956,189.6442945,41.30764008,3441.235804,3581.574481,85
50.09,-124.81,7.2320395,32,175.9260956,189.6442945,-39.92813492,3441.235804,3581.574481,-509
50.16,-123.4,8.4487114,77,162.7666486,175.4587126,-26.86304855,3517.333351,3660.933351,302
50.13,-123.45,8.4487114,102,162.7666486,175.4587126,-26.86304855,3517.333351,3660.933351,483
50.2,-123.54,8.1750021,107,165.4690306,178.3718184,0.306185842,3500.71862,3643.606561,300
50.19,-123.53,8.1750021,96,165.4690306,178.3718184,0.306185842,3500.71862,3643.606561,322
50.18,-123.53,8.1750021,66,165.4690306,178.3718184,0.306185842,3500.71862,3643.606561,291
50.29,-124.66,7.2320395,26,175.9260956,189.6442945,-57.69926453,3441.235804,3581.574481,-708
50.27,-124.64,7.2320395,27,175.9260956,189.6442945,-10.7139225,3441.235804,3581.574481,-723
50.2,-124.64,7.2320395,43,175.9260956,189.6442945,-10.7139225,3441.235804,3581.574481,-711
50.24,-124.63,7.2320395,32,175.9260956,189.6442945,-10.7139225,3441.235804,3581.574481,-726
50.02,-123.9,7.9011574,43,168.3120859,181.4365668,-35.22808456,3483.814912,3625.978408,-401
50.08,-123.78,7.9011574,54,168.3120859,181.4365668,-116.0660172,3483.814912,3625.978408,-404
50.18,-123.94,7.6288118,68,171.2900785,184.6467745,-63.33239365,3466.710632,3608.141087,-285
50.16,-123.89,7.6288118,77,171.2900785,184.6467745,-33.16109467,3466.710632,3608.141087,-325
50.14,-123.84,7.9011574,72,168.3120859,181.4365668,-116.0660172,3483.814912,3625.978408,-354
49.85,-123.9,8.1750021,29,165.4690306,178.3718184,-49.93183899,3500.71862,3643.606561,-668
49.85,-123.9,8.1750021,33,165.4690306,178.3718184,-49.93183899,3500.71862,3643.606561,-668
49.81,-123.93,8.1750021,40,165.4690306,178.3718184,-13.69559383,3500.71862,3643.606561,-644
49.79,-124.04,7.9011574,27,168.3120859,181.4365668,-58.60387802,3483.814912,3625.978408,-671
49.79,-124.04,7.9011574,24,168.3120859,181.4365668,-58.60387802,3483.814912,3625.978408,-671
50.06,-123.82,7.9011574,75,168.3120859,181.4365668,-116.0660172,3483.814912,3625.978408,-528
50.04,-123.85,7.9011574,53,168.3120859,181.4365668,-35.22808456,3483.814912,3625.978408,-531
50.04,-123.86,7.9011574,40,168.3120859,181.4365668,-35.22808456,3483.814912,3625.978408,-525
50.01,-123.94,7.9011574,38,168.3120859,181.4365668,-35.22808456,3483.814912,3625.978408,-483
49.97,-123.99,7.9011574,44,168.3120859,181.4365668,-15.79265022,3483.814912,3625.978408,-555
50,-123.98,7.9011574,24,168.3120859,181.4365668,-15.79265022,3483.814912,3625.978408,-546
50.63,-123.4,7.6288118,180,171.2900785,184.6467745,-53.69920349,3466.710632,3608.141087,503
50.58,-123.28,7.9011574,139,168.3120859,181.4365668,-51.02378845,3483.814912,3625.978408,349
50.09,-123.32,8.4487114,182,162.7666486,175.4587126,24.27928352,3517.333351,3660.933351,656
50.07,-123.33,8.4487114,148,162.7666486,175.4587126,24.27928352,3517.333351,3660.933351,195
48.87,-123.79,8.9942894,31,157.7528559,170.0539591,31.76561356,3549.666829,3694.65255,478
48.88,-123.79,8.9942894,29,157.7528559,170.0539591,31.76561356,3549.666829,3694.65255,232
48.88,-123.78,8.9942894,41,157.7528559,170.0539591,31.76561356,3549.666829,3694.65255,336
48.88,-123.78,8.9942894,32,157.7528559,170.0539591,31.76561356,3549.666829,3694.65255,336
48.88,-123.79,8.9942894,42,157.7528559,170.0539591,31.76561356,3549.666829,3694.65255,232
49.1,-123.86,8.9942894,38,157.7528559,170.0539591,10.13718033,3549.666829,3694.65255,20
49.1,-123.86,8.9942894,52,157.7528559,170.0539591,10.13718033,3549.666829,3694.65255,20
49.39,-124.95,7.3612161,43,174.3756644,187.9729653,89.43635559,3449.60464,3590.301982,135
50.46,-123.13,8.4487114,79,162.7666486,175.4587126,-41.64958572,3517.333351,3660.933351,731
50.46,-123.17,8.1750021,77,165.4690306,178.3718184,-13.4604969,3500.71862,3643.606561,742
50.45,-123.2,8.1750021,97,165.4690306,178.3718184,-13.4604969,3500.71862,3643.606561,963
48.65,-123.45,8.9942894,34,157.7528559,170.0539591,2.161957502,3549.666829,3694.65255,22
48.64,-123.5,8.9942894,19,157.7528559,170.0539591,24.44232368,3549.666829,3694.65255,-194
50.11,-123.27,8.725028,329,160.1685501,172.6580221,24.27928352,3533.835543,3678.142781,1628
50.72,-123.67,7.3612161,159,174.3756644,187.9729653,-5.683274269,3449.60464,3590.301982,801
50.12,-123.39,8.4487114,112,162.7666486,175.4587126,-26.86304855,3517.333351,3660.933351,214
50.11,-123.37,8.4487114,148,162.7666486,175.4587126,24.27928352,3517.333351,3660.933351,303
49.15,-124.66,7.9011574,48,168.3120859,181.4365668,37.62468338,3483.814912,3625.978408,920
49.16,-124.67,7.9011574,54,168.3120859,181.4365668,37.62468338,3483.814912,3625.978408,454
49.17,-124.67,7.9011574,48,168.3120859,181.4365668,37.62468338,3483.814912,3625.978408,521
49.78,-125.3,7.2806315,39,175.3380345,189.0103781,90.75709534,3444.392587,3584.866555,1088
49.76,-124.54,7.3612161,42,174.3756644,187.9729653,-25.49456787,3449.60464,3590.301982,-175
49.71,-124.53,7.3612161,18,174.3756644,187.9729653,-25.49456787,3449.60464,3590.301982,176
49.75,-124.55,7.3612161,36,174.3756644,187.9729653,-7.694890022,3449.60464,3590.301982,62
49.76,-124.55,7.3612161,35,174.3756644,187.9729653,-7.694890022,3449.60464,3590.301982,-60
49.71,-124.54,7.3612161,27,174.3756644,187.9729653,-25.49456787,3449.60464,3590.301982,233
49.71,-124.54,7.3612161,23,174.3756644,187.9729653,-25.49456787,3449.60464,3590.301982,233
49.71,-124.53,7.3612161,35,174.3756644,187.9729653,-25.49456787,3449.60464,3590.301982,176
50.58,-123.28,7.9011574,80,168.3120859,181.4365668,-51.02378845,3483.814912,3625.978408,349
50.63,-123.37,7.6288118,132,171.2900785,184.6467745,-51.02378845,3466.710632,3608.141087,1138
50.12,-123.39,8.4487114,69,162.7666486,175.4587126,-26.86304855,3517.333351,3660.933351,214
50.11,-123.37,8.4487114,89,162.7666486,175.4587126,24.27928352,3517.333351,3660.933351,303
51.97,-121.17,8.9942894,63,157.7528559,170.0539591,-4.029141426,3549.666829,3694.65255,992
51.96,-121.16,8.9942894,64,157.7528559,170.0539591,-4.029141426,3549.666829,3694.65255,989
51.83,-121.15,8.9942894,71,157.7528559,170.0539591,-22.07441711,3549.666829,3694.65255,957
51.82,-121.15,8.9942894,58,157.7528559,170.0539591,-22.07441711,3549.666829,3694.65255,877
51.82,-121.14,8.9942894,60,157.7528559,170.0539591,-22.07441711,3549.666829,3694.65255,871
52,-120.95,8.9942894,62,157.7528559,170.0539591,2.014045954,3549.666829,3694.65255,1234
52,-120.96,8.9942894,49,157.7528559,170.0539591,2.014045954,3549.666829,3694.65255,1234
52,-120.8,8.9942894,63,157.7528559,170.0539591,17.03552437,3549.666829,3694.65255,1234
52,-120.81,8.9942894,65,157.7528559,170.0539591,36.96744537,3549.666829,3694.65255,1234
52.01,-120.83,8.9942894,57,157.7528559,170.0539591,36.96744537,3549.666829,3694.65255,1316
49.76,-124.55,7.3612161,33,174.3756644,187.9729653,-7.694890022,3449.60464,3590.301982,-60
49.76,-124.55,7.3612161,33,174.3756644,187.9729653,-7.694890022,3449.60464,3590.301982,-60
49.75,-124.54,7.3612161,21,174.3756644,187.9729653,-25.49456787,3449.60464,3590.301982,76
49.71,-124.53,7.3612161,8,174.3756644,187.9729653,-25.49456787,3449.60464,3590.301982,176
49.75,-124.54,7.3612161,33,174.3756644,187.9729653,-25.49456787,3449.60464,3590.301982,76
47.14,-132.33,8.9937639,8,157.7574645,170.0589271,0.678800166,3549.636164,3694.620572,-3178
46.99,-131.81,7.3728185,25,174.2384053,187.8250031,-17.21598434,3450.352706,3591.082108,-3320
46.97,-131.96,8.1711226,33,165.5083068,178.4141572,-12.95730209,3500.481144,3643.358907,-2829
46.93,-131.95,7.766191,31,169.76831,183.0063429,-12.95730209,3475.376029,3617.177859,-3147
47.08,-131.89,7.8322406,28,169.0509629,182.2330593,-16.91009521,3479.514917,3621.494128,-3054
47.15,-131.2,5.7230005,37,197.7646965,213.1858052,-19.13101387,3337.297773,3473.181964,-3029
47.05,-131.5,6.5393829,24,185.0087527,199.4351905,1.229543805,3395.0276,3533.385926,-3096
46.92,-129.35,0.17201395,169,1140.719392,1229.669332,-0.414426655,2645.160976,2751.38216,-2589
47.99,-129.45,0.81750041,89,523.2589548,564.0611474,-10.64793491,2816.455052,2930.017412,-2611
46.97,-129.77,1.6545141,36,367.8116007,396.4924663,-9.399166107,2950.197709,3069.491897,-2793
47,-130.1,2.691802,456,288.3627133,310.8483886,-1.554810882,3074.234921,3198.84499,-2663
47.03,-131.17,5.7240138,10,197.7471909,213.1669346,-18.84595871,3337.371895,3473.259262,-2933
47.17,-131.73,7.114819,22,177.3694139,191.2001585,-20.49625397,3433.576632,3573.587059,-3296
47.08,-131.88,7.8322406,31,169.0509629,182.2330593,-16.91009521,3479.514917,3621.494128,-3062
47.99,-129.45,0.81750041,89,523.2589548,564.0611474,-10.64793491,2816.455052,2930.017412,-2611
47.08,-131.88,7.8322406,31,169.0509629,182.2330593,-16.91009521,3479.514917,3621.494128,-3062
50.25,-130.3,0.28004923,63,894.0122456,963.7246882,-6.314971924,2685.218872,2793.156824,-2433
50.35,-130.11,0.14511749,704,1241.940472,1338.783333,4.217946053,2633.330014,2739.044157,-2558
50.77,-130.61,0.047441658,201,2172.104572,2341.478891,-5.617687225,2576.233871,2679.501037,-2417
50.66,-130.55,0.28813139,168,881.384425,950.1121873,-25.96837997,2687.872551,2795.924231,-2455
49.98,-129.54,1.449568,159,392.9536819,423.595053,41.83436966,2921.393023,3039.452724,-2081
50.03,-129.72,1.1147752,352,448.0918136,483.0326939,7.617980957,2869.540203,2985.377641,-2389
50.07,-129.77,0.81750208,54,523.2584204,564.0605713,-15.00038338,2816.455376,2930.017749,-3272
50.13,-129.83,0.81750208,80,523.2584204,564.0605713,-12.51722431,2816.455376,2930.017749,-2820
50.13,-130.03,0.43329665,276,718.7336748,774.7784105,26.73298454,2730.388454,2840.262245,-2096
50.22,-130.15,0.035759509,197,2501.870841,2696.959362,0.071237326,2566.185647,2669.022175,-2347
47.14,-132.33,8.9937639,8,157.7574645,170.0589271,0.678800166,3549.636164,3694.620572,-3178
46.99,-131.81,7.3728185,25,174.2384053,187.8250031,-17.21598434,3450.352706,3591.082108,-3320
46.97,-131.96,8.1711226,33,165.5083068,178.4141572,-12.95730209,3500.481144,3643.358907,-2829
46.93,-131.95,7.766191,31,169.76831,183.0063429,-12.95730209,3475.376029,3617.177859,-3147
47.08,-131.89,7.8322406,28,169.0509629,182.2330593,-16.91009521,3479.514917,3621.494128,-3054
47.15,-131.2,5.7230005,37,197.7646965,213.1858052,-19.13101387,3337.297773,3473.181964,-3029
47.05,-131.5,6.5393829,24,185.0087527,199.4351905,1.229543805,3395.0276,3533.385926,-3096
46.92,-129.35,0.17201395,169,1140.719392,1229.669332,-0.414426655,2645.160976,2751.38216,-2589
47.99,-129.45,0.81750041,89,523.2589548,564.0611474,-10.64793491,2816.455052,2930.017412,-2611
46.97,-129.77,1.6545141,36,367.8116007,396.4924663,-9.399166107,2950.197709,3069.491897,-2793
47,-130.1,2.691802,456,288.3627133,310.8483886,-1.554810882,3074.234921,3198.84499,-2663
47.03,-131.17,5.7240138,10,197.7471909,213.1669346,-18.84595871,3337.371895,3473.259262,-2933
47.17,-131.73,7.114819,22,177.3694139,191.2001585,-20.49625397,3433.576632,3573.587059,-3296
47.08,-131.88,7.8322406,31,169.0509629,182.2330593,-16.91009521,3479.514917,3621.494128,-3062
47.03,-130.78,4.5752077,396,221.1847863,238.4321247,-12.17156219,3248.64073,3380.725333,-2886
47.03,-130.36,3.4780302,142,253.6845302,273.466103,-9.699836731,3152.731721,3280.705938,-2884
47.02,-130.29,3.2211773,142,263.6048182,284.1599457,-9.683075905,3128.16735,3255.088808,-2764
47.02,-130.08,2.691802,251,288.3627133,310.8483886,-1.554810882,3074.234921,3198.84499,-2633
47.02,-129.75,1.6545141,109,367.8116007,396.4924663,-9.399166107,2950.197709,3069.491897,-2765
47.05,-129.92,1.9294288,209,340.6012838,367.160369,-0.326377809,2986.163582,3106.999164,-2679
46.98,-129.1,0.10327651,440,1472.176504,1586.972494,-2.68644762,2612.47832,2717.298819,-2620
46.98,-129.01,0.27250028,188,906.3108569,976.982309,-1.394784212,2682.705458,2790.535692,-2668
46.98,-128.91,0.52644795,301,652.0530633,702.8982413,-5.478029251,2753.948565,2864.832075,-2657
47.02,-128.77,0.80191773,281,528.318418,569.5151327,-7.069133759,2813.424508,2926.856986,-2682
47,-128.62,1.2944659,394,415.8295534,448.2547176,-10.06052589,2898.211091,3015.27728,-2727
47,-128.5,1.4704922,188,390.1479204,420.5705065,-5.500654221,2924.423485,3042.613063,-2724
54.94,-121.54,7.2214351,45,176.0552185,189.7834861,-20.68574715,3440.54548,3580.854572,1141
54.94,-121.1,7.2214351,48,176.0552185,189.7834861,4.522824287,3440.54548,3580.854572,1416
54.67,-121.1,7.2214351,50,176.0552185,189.7834861,4.522824287,3440.54548,3580.854572,1416
54.94,-120.66,7.2214351,44,176.0552185,189.7834861,-52.16368484,3440.54548,3580.854572,758
54.94,-120.22,7.2806315,49,175.3380345,189.0103781,24.78108978,3444.392587,3584.866555,758
54.9,-119.9,7.1962852,68,176.362593,190.1148288,69.16680145,3438.906245,3579.145084,758
54.63,-119.88,7.1700683,60,176.6847282,190.462083,69.16680145,3437.194412,3577.359887,758
54.37,-119.87,7.3612161,63,174.3756644,187.9729653,48.42362595,3449.60464,3590.301982,758
54.9,-119.6,7.1700683,64,176.6847282,190.462083,82.13694,3437.194412,3577.359887,758
54.63,-119.58,7.3612161,59,174.3756644,187.9729653,82.13694,3449.60464,3590.301982,758
54.37,-119.57,7.9011574,56,168.3120859,181.4365668,82.13694,3483.814912,3625.978408,758
54.9,-119.14,7.6288118,65,171.2900785,184.6467745,-10.1144495,3466.710632,3608.141087,758
54.63,-119.13,8.1750021,60,165.4690306,178.3718184,-10.1144495,3500.71862,3643.606561,758
54.37,-119.12,8.4487114,55,162.7666486,175.4587126,-10.1144495,3517.333351,3660.933351,758
40.92,-119.08,16.676729,64,115.8524502,124.8862831,-48.21202087,3929.300284,4090.556011,1479
40.79,-119.34,16.815744,900,115.3725829,124.3689972,31.69000244,3935.24515,4096.755656,1758
40.85,-119.33,16.815744,250,115.3725829,124.3689972,-26.55411148,3935.24515,4096.755656,1481
40.87,-119.31,16.815744,128,115.3725829,124.3689972,-26.55411148,3935.24515,4096.755656,1374
41.74,-121.87,8.7112598,7,160.2950739,172.7944117,-2.013237953,3533.019518,3677.291784,1329
41.73,-121.67,8.7112598,14,160.2950739,172.7944117,2.515234709,3533.019518,3677.291784,1423
41,-120.89,18.00329,97,111.5025297,120.1971686,35.25090027,3985.05994,4148.705366,1678
40.21,-120.25,16.951086,112,114.9110771,123.8715045,-74.49780273,3941.009381,4102.766925,1626
41.2,-121.14,18.00329,20,111.5025297,120.1971686,-1.299612403,3985.05994,4148.705366,1264
41.27,-122.61,15.872827,36,118.7499725,128.0097457,44.55010605,3894.425081,4054.186156,1219
41.81,-122.01,8.7181835,17,160.2314106,172.7257842,-35.57040024,3533.429958,3677.719814,1297
41.83,-121.25,8.7181835,66,160.2314106,172.7257842,15.57495403,3533.429958,3677.719814,1460
40.73,-120.31,17.370102,107,113.5166261,122.3683183,16.4484024,3958.710902,4121.227083,1942
41.58,-122.88,8.7299252,38,160.1236192,172.6095875,-27.20770073,3534.125639,3678.445309,1029
41.57,-122.89,8.7299252,14,160.1236192,172.6095875,-27.20770073,3534.125639,3678.445309,919
41.57,-122.88,8.7299252,17,160.1236192,172.6095875,-27.20770073,3534.125639,3678.445309,858
41.61,-122.53,8.7299252,76,160.1236192,172.6095875,-10.83724976,3534.125639,3678.445309,799
41.56,-122.53,8.7299252,28,160.1236192,172.6095875,-10.83724976,3534.125639,3678.445309,827
41.43,-122.5,8.7199984,38,160.2147352,172.7078085,11.80708408,3533.537519,3677.831985,1118
41.89,-122.4,8.7200031,10,160.214692,172.707762,-15.8863039,3533.537798,3677.832275,792
41.9,-122.48,8.7200031,23,160.214692,172.707762,-18.12549019,3533.537798,3677.832275,663
41.73,-120.38,18.00329,7,111.5025297,120.1971686,-2.09282589,3985.05994,4148.705366,1438
41.64,-120.4,18.00329,97,111.5025297,120.1971686,25.06893158,3985.05994,4148.705366,1554
40.75,-119.02,16.524179,188,116.3859923,125.4614292,0.526715934,3922.74802,4083.722935,2002
41.55,-122.26,8.7135773,59,160.2737561,172.7714316,5.899012566,3533.156919,3677.435073,1211
40.7,-119.35,16.676729,25,115.8524502,124.8862831,-27.88883018,3929.300284,4090.556011,1749
40.68,-119.36,16.676729,370,115.8524502,124.8862831,-27.88883018,3929.300284,4090.556011,1699
40.88,-119.34,16.815744,328,115.3725829,124.3689972,-26.55411148,3935.24515,4096.755656,1384
40.87,-119.33,16.815744,500,115.3725829,124.3689972,-26.55411148,3935.24515,4096.755656,1374
40.65,-119.39,16.676729,560,115.8524502,124.8862831,-27.88883018,3929.300284,4090.556011,1753
40.65,-119.35,16.676729,58,115.8524502,124.8862831,-27.88883018,3929.300284,4090.556011,1753
40.65,-119.37,16.676729,320,115.8524502,124.8862831,-27.88883018,3929.300284,4090.556011,1753
40.66,-119.38,16.676729,220,115.8524502,124.8862831,-27.88883018,3929.300284,4090.556011,1719
40.65,-119.39,16.676729,424,115.8524502,124.8862831,-27.88883018,3929.300284,4090.556011,1753
40.64,-119.41,16.676729,77,115.8524502,124.8862831,-46.11700821,3929.300284,4090.556011,1838
40.69,-119.35,16.676729,42,115.8524502,124.8862831,-27.88883018,3929.300284,4090.556011,1725
40.78,-119.34,16.815744,500,115.3725829,124.3689972,31.69000244,3935.24515,4096.755656,1761
40.65,-119.37,16.676729,334,115.8524502,124.8862831,-27.88883018,3929.300284,4090.556011,1753
40.67,-119.37,16.676729,1272,115.8524502,124.8862831,-27.88883018,3929.300284,4090.556011,1698
40.66,-119.37,16.676729,1842,115.8524502,124.8862831,-27.88883018,3929.300284,4090.556011,1719
40.66,-119.36,16.676729,150,115.8524502,124.8862831,-27.88883018,3929.300284,4090.556011,1719
40.66,-119.37,16.676729,9999,115.8524502,124.8862831,-27.88883018,3929.300284,4090.556011,1719
41.21,-119.06,16.815744,107,115.3725829,124.3689972,-5.834591866,3935.24515,4096.755656,1284
40.88,-119.1,16.676729,69,115.8524502,124.8862831,-48.21202087,3929.300284,4090.556011,1384
40.87,-119.17,16.676729,85,115.8524502,124.8862831,-48.21202087,3929.300284,4090.556011,1374
41.13,-119,16.815744,516,115.3725829,124.3689972,-4.249658585,3935.24515,4096.755656,1293
41.08,-119.02,16.815744,94,115.3725829,124.3689972,-4.249658585,3935.24515,4096.755656,1531
41.05,-119.02,16.676729,422,115.8524502,124.8862831,2.503382206,3929.300284,4090.556011,1503
41.05,-119.02,16.676729,317,115.8524502,124.8862831,2.503382206,3929.300284,4090.556011,1503
41.05,-119.02,16.676729,330,115.8524502,124.8862831,2.503382206,3929.300284,4090.556011,1503
41.05,-119.02,16.676729,249,115.8524502,124.8862831,2.503382206,3929.300284,4090.556011,1503
40.99,-119.1,16.676729,85,115.8524502,124.8862831,-31.2743721,3929.300284,4090.556011,1686
41.02,-119.06,16.676729,80,115.8524502,124.8862831,-31.2743721,3929.300284,4090.556011,1554
40.94,-119.1,16.676729,56,115.8524502,124.8862831,-48.21202087,3929.300284,4090.556011,1733
40.91,-119.14,16.676729,89,115.8524502,124.8862831,-48.21202087,3929.300284,4090.556011,1424
40.39,-121.54,18.00329,131,111.5025297,120.1971686,111.5407791,3985.05994,4148.705366,1924
40.35,-121.55,18.00329,71,111.5025297,120.1971686,61.5279808,3985.05994,4148.705366,1691
40.34,-121.45,18.00329,64,111.5025297,120.1971686,34.33236694,3985.05994,4148.705366,1649
40.36,-121.5,18.00329,230,111.5025297,120.1971686,34.33236694,3985.05994,4148.705366,1544
40.41,-121.45,18.00329,84,111.5025297,120.1971686,78.76473999,3985.05994,4148.705366,1948
40.17,-121.51,18.00329,46,111.5025297,120.1971686,51.88563538,3985.05994,4148.705366,1678
40.37,-120.95,17.580811,92,112.8343175,121.6328054,54.99201965,3967.531719,4130.425936,1628
42.02,-123.84,8.7200031,46,160.214692,172.707762,26.96927261,3533.537798,3677.832275,1078
39.85,-120.47,16.951086,63,114.9110771,123.8715045,45.99776077,3941.009381,4102.766925,1463
42.49,-123.38,8.1746902,35,165.4721872,178.3752212,-10.87535667,3500.69953,3643.586653,358
41.86,-123.37,8.7200031,41,160.214692,172.707762,-49.16899872,3533.537798,3677.832275,896
40.51,-122.61,17.755274,38,112.278595,121.0337493,-12.46913433,3974.795262,4138.000773,518
40.51,-122.61,17.755274,41,112.278595,121.0337493,-12.46913433,3974.795262,4138.000773,518
40.51,-122.61,17.755274,40,112.278595,121.0337493,-12.46913433,3974.795262,4138.000773,518
41.47,-121.42,17.755274,40,112.278595,121.0337493,11.82780933,3974.795262,4138.000773,1342
41.68,-121.12,17.755274,55,112.278595,121.0337493,3.587082863,3974.795262,4138.000773,1436
41.65,-121.12,18.100437,82,111.202904,119.8741791,-2.16358757,3989.061292,4152.878205,1416
41.65,-121.18,17.755274,77,112.278595,121.0337493,-4.762607574,3974.795262,4138.000773,1341
41.61,-121.21,17.755274,32,112.278595,121.0337493,-4.762607574,3974.795262,4138.000773,1350
41.7,-121.34,17.755274,302,112.278595,121.0337493,2.494198561,3974.795262,4138.000773,1279
41.57,-121.35,17.755274,81,112.278595,121.0337493,-8.07553196,3974.795262,4138.000773,1341
41.65,-121.06,18.100437,64,111.202904,119.8741791,-2.16358757,3989.061292,4152.878205,1488
41.56,-121.12,18.100437,146,111.202904,119.8741791,-2.16358757,3989.061292,4152.878205,1445
41.81,-122.01,8.7181835,15,160.2314106,172.7257842,-35.57040024,3533.429958,3677.719814,1297
41.69,-121.88,8.7112598,25,160.2950739,172.7944117,-2.013237953,3533.019518,3677.291784,1399
41.74,-121.87,8.7112598,7,160.2950739,172.7944117,-2.013237953,3533.019518,3677.291784,1329
41.73,-121.67,8.7112598,14,160.2950739,172.7944117,2.515234709,3533.019518,3677.291784,1423
41.59,-121.96,8.7299252,12,160.1236192,172.6095875,-1.570258617,3534.125639,3678.445309,1483
41,-120.89,18.00329,97,111.5025297,120.1971686,35.25090027,3985.05994,4148.705366,1678
40.21,-120.25,16.951086,112,114.9110771,123.8715045,-74.49780273,3941.009381,4102.766925,1626
41.47,-120.18,18.00329,89,111.5025297,120.1971686,-0.576235414,3985.05994,4148.705366,1464
41.2,-121.14,18.00329,20,111.5025297,120.1971686,-1.299612403,3985.05994,4148.705366,1264
41.15,-121.06,18.00329,184,111.5025297,120.1971686,-36.883564,3985.05994,4148.705366,1266
41.27,-122.61,15.872827,36,118.7499725,128.0097457,44.55010605,3894.425081,4054.186156,1219
41.81,-122.01,8.7181835,17,160.2314106,172.7257842,-35.57040024,3533.429958,3677.719814,1297
41.83,-121.25,8.7181835,66,160.2314106,172.7257842,15.57495403,3533.429958,3677.719814,1460
40.73,-120.31,17.370102,107,113.5166261,122.3683183,16.4484024,3958.710902,4121.227083,1942
41.58,-122.88,8.7299252,38,160.1236192,172.6095875,-27.20770073,3534.125639,3678.445309,1029
41.57,-122.89,8.7299252,14,160.1236192,172.6095875,-27.20770073,3534.125639,3678.445309,919
41.57,-122.88,8.7299252,17,160.1236192,172.6095875,-27.20770073,3534.125639,3678.445309,858
41.61,-122.53,8.7299252,76,160.1236192,172.6095875,-10.83724976,3534.125639,3678.445309,799
41.56,-122.53,8.7299252,28,160.1236192,172.6095875,-10.83724976,3534.125639,3678.445309,827
41.43,-122.5,8.7199984,38,160.2147352,172.7078085,11.80708408,3533.537519,3677.831985,1118
41.82,-122.44,8.7181835,41,160.2314106,172.7257842,-15.8863039,3533.429958,3677.719814,801
41.67,-122.43,8.7112598,53,160.2950739,172.7944117,-35.26681519,3533.019518,3677.291784,849
41.89,-122.4,8.7200031,10,160.214692,172.707762,-15.8863039,3533.537798,3677.832275,792
41.96,-122.33,8.7200031,74,160.214692,172.707762,-33.93069077,3533.537798,3677.832275,975
41.98,-122.32,8.7200031,71,160.214692,172.707762,10.44643593,3533.537798,3677.832275,798
41.9,-122.48,8.7200031,23,160.214692,172.707762,-18.12549019,3533.537798,3677.832275,663
41.9,-122.53,8.7200031,10,160.214692,172.707762,-18.12549019,3533.537798,3677.832275,653
41.95,-122,8.7200031,141,160.214692,172.707762,2.259691238,3533.537798,3677.832275,1294
41.73,-120.38,18.00329,7,111.5025297,120.1971686,-2.09282589,3985.05994,4148.705366,1438
41.64,-120.4,18.00329,97,111.5025297,120.1971686,25.06893158,3985.05994,4148.705366,1554
40.52,-120.68,17.50819,46,113.0680842,121.8848004,37.74178696,3964.497619,4127.261802,1782
41.55,-122.26,8.7135773,59,160.2737561,172.7714316,5.899012566,3533.156919,3677.435073,1211
42.14,-122.73,8.7200031,41,160.214692,172.707762,0.741040707,3533.537798,3677.832275,1174
44.67,-125.58,8.5858335,93.37,161.4616655,174.0519707,-65.29970551,3525.555754,3669.508143,-2851
44.58,-127.3,5.4504809,151.99,202.6484321,218.4503602,-9.559578896,3317.119275,3452.138673,-2922
44.81,-127.97,4.1015091,140.26,233.608596,251.8247065,-9.246604919,3208.8264,3339.204674,-2873
44.95,-128.39,3.2205846,118.91,263.6290733,284.1860922,-9.324359894,3128.109555,3255.028536,-2833
45.1,-128.85,2.4179773,181.3,304.2527759,327.9775115,-8.75272274,3044.244632,3167.569402,-2820
44.67,-125.58,8.5858335,110.12,161.4616655,174.0519707,-65.29970551,3525.555754,3669.508143,-2851
44.84,-125.6,8.5421562,148.64,161.8739278,174.49638,-53.43785477,3522.943857,3666.784308,-2784
44.91,-124.61,9.8163719,45.22,151.0028545,162.7776125,-32.40454865,3596.588144,3743.584779,-444
44.84,-124.72,9.8749847,0,150.5540502,162.2938117,-30.90057182,3599.857093,3746.993826,-478
44.97,-125.1,9.5523081,72.44,153.075786,165.0121851,-29.23491096,3581.738297,3728.098509,-1358
45.01,-125.15,9.2965679,65.32,155.1669902,167.2664552,-23.75463867,3567.159579,3712.89499,-1554
44.86,-125.13,9.5314922,82.07,153.2428465,165.1922725,-38.47733688,3580.559019,3726.868692,-1835
44.87,-125.28,9.1318445,87.09,156.5602136,168.7683181,-44.97027588,3557.662967,3702.99138,-2065
44.82,-125.59,8.5421562,130.63,161.8739278,174.49638,-61.41485214,3522.943857,3666.784308,-2794
44.65,-125.58,8.6269598,123.52,161.076347,173.6366063,-65.29970551,3528.009035,3672.066565,-2864
38.97,-119.27,16.215477,65,117.4886178,126.6500343,13.50798988,3909.395591,4069.798259,535
46.77,-128.36,1.8929226,68,343.8699542,370.6839207,-9.52539444,2981.542333,3102.179862,-2716
46.77,-128.3,2.0580494,113,329.7864149,355.5021885,-9.52539444,3002.106614,3123.625469,-2758
46.76,-128.29,2.0580494,88,329.7864149,355.5021885,-9.52539444,3002.106614,3123.625469,-2754
46.76,-128.28,2.0580494,97,329.7864149,355.5021885,-9.52539444,3002.106614,3123.625469,-2754
46.76,-128.26,2.0580494,50,329.7864149,355.5021885,-11.29348087,3002.106614,3123.625469,-2752
46.75,-128.26,2.1742797,47,320.8506721,345.8696628,-11.29348087,3016.090363,3138.208522,-2753
46.75,-128.25,2.1742797,91,320.8506721,345.8696628,-11.29348087,3016.090363,3138.208522,-2752
46.73,-128.23,2.4284899,68,303.5935274,327.2668568,-11.29348087,3045.42645,3168.80187,-2747
46.77,-128.35,2.0580494,55,329.7864149,355.5021885,-9.52539444,3002.106614,3123.625469,-2723
46.77,-128.35,2.0580494,43,329.7864149,355.5021885,-9.52539444,3002.106614,3123.625469,-2723
46.77,-128.34,2.0580494,62,329.7864149,355.5021885,-9.52539444,3002.106614,3123.625469,-2730
46.62,-127.83,3.3197627,104,259.661247,279.9088665,-8.589700699,3137.707559,3265.037883,-2743
46.62,-127.83,3.3197627,127,259.661247,279.9088665,-8.589700699,3137.707559,3265.037883,-2743
46.62,-127.83,3.3197627,123,259.661247,279.9088665,-8.589700699,3137.707559,3265.037883,-2743
46.62,-127.78,3.3197627,124,259.661247,279.9088665,-4.522679329,3137.707559,3265.037883,-2729
46.62,-127.78,3.3197627,117,259.661247,279.9088665,-4.522679329,3137.707559,3265.037883,-2729
46.62,-127.78,3.3197627,134,259.661247,279.9088665,-4.522679329,3137.707559,3265.037883,-2729
46.62,-127.78,3.3197627,165,259.661247,279.9088665,-4.522679329,3137.707559,3265.037883,-2729
46.62,-127.78,3.3197627,171,259.661247,279.9088665,-4.522679329,3137.707559,3265.037883,-2729
46.48,-127.25,4.6397758,159,219.6403673,236.7672764,-3.599548578,3253.904858,3386.215067,-2779
46.46,-127.2,4.6397758,131,219.6403673,236.7672764,-3.048153639,3253.904858,3386.215067,-2771
46.46,-127.19,4.6397758,141,219.6403673,236.7672764,-3.048153639,3253.904858,3386.215067,-2769
46.46,-127.19,4.6397758,167,219.6403673,236.7672764,-3.048153639,3253.904858,3386.215067,-2769
46.45,-127.18,4.6397758,161,219.6403673,236.7672764,-3.048153639,3253.904858,3386.215067,-2761
46.46,-127.18,4.6397758,131,219.6403673,236.7672764,-3.048153639,3253.904858,3386.215067,-2766
46.46,-127.16,4.6397758,165,219.6403673,236.7672764,-3.048153639,3253.904858,3386.215067,-2759
46.45,-127.16,4.6397758,161,219.6403673,236.7672764,-3.048153639,3253.904858,3386.215067,-2754
46.45,-127.14,4.9049993,164,213.6196426,230.2770733,-3.048153639,3275.153155,3408.374005,-2744
46.48,-127.25,4.6397758,174,219.6403673,236.7672764,-3.599548578,3253.904858,3386.215067,-2779
46.45,-127.13,4.9049993,187,213.6196426,230.2770733,-3.048153639,3275.153155,3408.374005,-2737
46.45,-127.13,4.9049993,170,213.6196426,230.2770733,-3.048153639,3275.153155,3408.374005,-2737
46.45,-127.12,4.9049993,189,213.6196426,230.2770733,-3.048153639,3275.153155,3408.374005,-2724
46.44,-127.1,4.9191098,174,213.3130379,229.9465605,-6.245225906,3276.267319,3409.535918,-2699
46.47,-127.24,4.6397758,143,219.6403673,236.7672764,-3.599548578,3253.904858,3386.215067,-2784
46.47,-127.23,4.6397758,142,219.6403673,236.7672764,-3.599548578,3253.904858,3386.215067,-2781
46.47,-127.23,4.6397758,153,219.6403673,236.7672764,-3.599548578,3253.904858,3386.215067,-2781
46.46,-127.22,4.6397758,158,219.6403673,236.7672764,-3.048153639,3253.904858,3386.215067,-2774
46.46,-127.21,4.6397758,167,219.6403673,236.7672764,-3.048153639,3253.904858,3386.215067,-2773
46.32,-126.62,5.9918666,119,193.2767397,208.3478908,-16.66739845,3356.740135,3493.457569,-2706
46.32,-126.62,5.9918666,106,193.2767397,208.3478908,-16.66739845,3356.740135,3493.457569,-2706
46.32,-126.62,5.9918666,130,193.2767397,208.3478908,-16.66739845,3356.740135,3493.457569,-2706
46.32,-126.62,5.9918666,143,193.2767397,208.3478908,-16.66739845,3356.740135,3493.457569,-2706
46.32,-126.62,5.9918666,119,193.2767397,208.3478908,-16.66739845,3356.740135,3493.457569,-2706
46.32,-126.62,5.9918666,117,193.2767397,208.3478908,-16.66739845,3356.740135,3493.457569,-2706
46.32,-126.62,5.9918666,126,193.2767397,208.3478908,-16.66739845,3356.740135,3493.457569,-2706
46.32,-126.62,5.9918666,139,193.2767397,208.3478908,-16.66739845,3356.740135,3493.457569,-2706
46.32,-126.62,5.9918666,130,193.2767397,208.3478908,-16.66739845,3356.740135,3493.457569,-2706
46.32,-126.62,5.9918666,133,193.2767397,208.3478908,-16.66739845,3356.740135,3493.457569,-2706
46.32,-126.62,5.9918666,124,193.2767397,208.3478908,-16.66739845,3356.740135,3493.457569,-2706
46.32,-126.62,5.9918666,144,193.2767397,208.3478908,-16.66739845,3356.740135,3493.457569,-2706
46.32,-126.62,5.9918666,149,193.2767397,208.3478908,-16.66739845,3356.740135,3493.457569,-2706
46.32,-126.62,5.9918666,146,193.2767397,208.3478908,-16.66739845,3356.740135,3493.457569,-2706
46.32,-126.62,5.9918666,139,193.2767397,208.3478908,-16.66739845,3356.740135,3493.457569,-2706
46.32,-126.62,5.9918666,156,193.2767397,208.3478908,-16.66739845,3356.740135,3493.457569,-2706
46.32,-126.62,5.9918666,165,193.2767397,208.3478908,-16.66739845,3356.740135,3493.457569,-2706
46.32,-126.62,5.9918666,144,193.2767397,208.3478908,-16.66739845,3356.740135,3493.457569,-2706
46.32,-126.62,5.9918666,158,193.2767397,208.3478908,-16.66739845,3356.740135,3493.457569,-2706
46.32,-126.62,5.9918666,135,193.2767397,208.3478908,-16.66739845,3356.740135,3493.457569,-2706
46.32,-126.62,5.9918666,129,193.2767397,208.3478908,-16.66739845,3356.740135,3493.457569,-2706
46.32,-126.62,5.9918666,167,193.2767397,208.3478908,-16.66739845,3356.740135,3493.457569,-2706
46.32,-126.62,5.9918666,162,193.2767397,208.3478908,-16.66739845,3356.740135,3493.457569,-2706
46.32,-126.62,5.9918666,144,193.2767397,208.3478908,-16.66739845,3356.740135,3493.457569,-2706
46.32,-126.62,5.9918666,143,193.2767397,208.3478908,-16.66739845,3356.740135,3493.457569,-2706
46.32,-126.62,5.9918666,146,193.2767397,208.3478908,-16.66739845,3356.740135,3493.457569,-2706
46.32,-126.62,5.9918666,137,193.2767397,208.3478908,-16.66739845,3356.740135,3493.457569,-2706
46.32,-126.62,5.9918666,116,193.2767397,208.3478908,-16.66739845,3356.740135,3493.457569,-2706
46.32,-126.62,5.9918666,126,193.2767397,208.3478908,-16.66739845,3356.740135,3493.457569,-2706
46.32,-126.62,5.9918666,113,193.2767397,208.3478908,-16.66739845,3356.740135,3493.457569,-2706
46.32,-126.62,5.9918666,119,193.2767397,208.3478908,-16.66739845,3356.740135,3493.457569,-2706
46.32,-126.62,5.9918666,124,193.2767397,208.3478908,-16.66739845,3356.740135,3493.457569,-2706
46.32,-126.62,5.9918666,149,193.2767397,208.3478908,-16.66739845,3356.740135,3493.457569,-2706
46.32,-126.62,5.9918666,128,193.2767397,208.3478908,-16.66739845,3356.740135,3493.457569,-2706
46.32,-126.62,5.9918666,125,193.2767397,208.3478908,-16.66739845,3356.740135,3493.457569,-2706
46.32,-126.62,5.9918666,145,193.2767397,208.3478908,-16.66739845,3356.740135,3493.457569,-2706
46.32,-126.62,5.9918666,126,193.2767397,208.3478908,-16.66739845,3356.740135,3493.457569,-2706
46.32,-126.62,5.9918666,130,193.2767397,208.3478908,-16.66739845,3356.740135,3493.457569,-2706
46.17,-125.95,7.3550162,121,174.4491438,188.0521743,-27.16911697,3449.204659,3589.884859,-2607
46.17,-125.95,7.3550162,122,174.4491438,188.0521743,-27.16911697,3449.204659,3589.884859,-2607
46.17,-125.95,7.3550162,131,174.4491438,188.0521743,-27.16911697,3449.204659,3589.884859,-2607
46.18,-125.9,7.4997277,123,172.757898,186.2290503,-31.11706734,3458.497075,3599.575521,-2601
46.18,-125.9,7.4997277,110,172.757898,186.2290503,-31.11706734,3458.497075,3599.575521,-2601
46.08,-125.6,8.179697,56,165.4215366,178.320621,-26.44523621,3501.005935,3643.90619,-2305
46.08,-125.6,8.179697,81,165.4215366,178.320621,-26.44523621,3501.005935,3643.90619,-2305
46.08,-125.6,8.179697,79,165.4215366,178.320621,-26.44523621,3501.005935,3643.90619,-2305
46.08,-125.6,8.179697,83,165.4215366,178.320621,-26.44523621,3501.005935,3643.90619,-2305
46.08,-125.6,8.179697,82,165.4215366,178.320621,-26.44523621,3501.005935,3643.90619,-2305
46.08,-125.6,8.179697,79,165.4215366,178.320621,-26.44523621,3501.005935,3643.90619,-2305
46.08,-125.6,8.179697,85,165.4215366,178.320621,-26.44523621,3501.005935,3643.90619,-2305
46.08,-125.6,8.179697,74,165.4215366,178.320621,-26.44523621,3501.005935,3643.90619,-2305
46.08,-125.6,8.179697,77,165.4215366,178.320621,-26.44523621,3501.005935,3643.90619,-2305
46.08,-125.6,8.179697,71,165.4215366,178.320621,-26.44523621,3501.005935,3643.90619,-2305
46.08,-125.6,8.179697,74,165.4215366,178.320621,-26.44523621,3501.005935,3643.90619,-2305
46.08,-125.6,8.179697,84,165.4215366,178.320621,-26.44523621,3501.005935,3643.90619,-2305
46.08,-125.6,8.179697,79,165.4215366,178.320621,-26.44523621,3501.005935,3643.90619,-2305
46.08,-125.6,8.179697,78,165.4215366,178.320621,-26.44523621,3501.005935,3643.90619,-2305
46.08,-125.6,8.179697,79,165.4215366,178.320621,-26.44523621,3501.005935,3643.90619,-2305
46.08,-125.6,8.179697,80,165.4215366,178.320621,-26.44523621,3501.005935,3643.90619,-2305
46.08,-125.6,8.179697,79,165.4215366,178.320621,-26.44523621,3501.005935,3643.90619,-2305
46.87,-128.7,1.0900005,214,453.1555573,488.4912934,-12.24872017,2865.410812,2981.071275,-2749
46.87,-128.7,1.0900005,118,453.1555573,488.4912934,-12.24872017,2865.410812,2981.071275,-2749
46.87,-128.7,1.0900005,284,453.1555573,488.4912934,-12.24872017,2865.410812,2981.071275,-2749
46.87,-128.7,1.0900005,243,453.1555573,488.4912934,-12.24872017,2865.410812,2981.071275,-2749
46.87,-128.7,1.0900005,252,453.1555573,488.4912934,-12.24872017,2865.410812,2981.071275,-2749
46.87,-128.7,1.0900005,267,453.1555573,488.4912934,-12.24872017,2865.410812,2981.071275,-2749
46.87,-128.7,1.0900005,156,453.1555573,488.4912934,-12.24872017,2865.410812,2981.071275,-2749
47.15,-129.73,1.6300219,149,370.5646089,399.460146,-8.214505196,2946.853089,3066.003935,-2760
47.15,-129.73,1.6300219,213,370.5646089,399.460146,-8.214505196,2946.853089,3066.003935,-2760
47.15,-129.73,1.6300219,99,370.5646089,399.460146,-8.214505196,2946.853089,3066.003935,-2760
47.15,-129.73,1.6300219,65,370.5646089,399.460146,-8.214505196,2946.853089,3066.003935,-2760
47.15,-129.73,1.6300219,78,370.5646089,399.460146,-8.214505196,2946.853089,3066.003935,-2760
47.15,-129.73,1.6300219,189,370.5646089,399.460146,-8.214505196,2946.853089,3066.003935,-2760
47.15,-129.73,1.6300219,178,370.5646089,399.460146,-8.214505196,2946.853089,3066.003935,-2760
47.15,-129.73,1.6300219,131,370.5646089,399.460146,-8.214505196,2946.853089,3066.003935,-2760
47.15,-129.73,1.6300219,88,370.5646089,399.460146,-8.214505196,2946.853089,3066.003935,-2760
47.15,-129.73,1.6300219,181,370.5646089,399.460146,-8.214505196,2946.853089,3066.003935,-2760
47.15,-129.73,1.6300219,180,370.5646089,399.460146,-8.214505196,2946.853089,3066.003935,-2760
47.15,-129.73,1.6300219,125,370.5646089,399.460146,-8.214505196,2946.853089,3066.003935,-2760
47.15,-129.73,1.6300219,139,370.5646089,399.460146,-8.214505196,2946.853089,3066.003935,-2760
47.15,-129.73,1.6300219,79,370.5646089,399.460146,-8.214505196,2946.853089,3066.003935,-2760
47.15,-129.73,1.6300219,113,370.5646089,399.460146,-8.214505196,2946.853089,3066.003935,-2760
46.82,-128.5,1.7001911,213,362.8371857,391.1301611,-2.88475275,2956.369817,3075.928523,-2741
46.82,-128.5,1.7001911,199,362.8371857,391.1301611,-2.88475275,2956.369817,3075.928523,-2741
46.82,-128.5,1.7001911,224,362.8371857,391.1301611,-2.88475275,2956.369817,3075.928523,-2741
46.82,-128.5,1.7001911,173,362.8371857,391.1301611,-2.88475275,2956.369817,3075.928523,-2741
46.82,-128.5,1.7001911,170,362.8371857,391.1301611,-2.88475275,2956.369817,3075.928523,-2741
46.8,-128.4,1.8929226,95,343.8699542,370.6839207,-2.88475275,2981.542333,3102.179862,-2711
46.8,-128.4,1.8929226,112,343.8699542,370.6839207,-2.88475275,2981.542333,3102.179862,-2711
46.8,-128.4,1.8929226,88,343.8699542,370.6839207,-2.88475275,2981.542333,3102.179862,-2711
46.8,-128.4,1.8929226,90,343.8699542,370.6839207,-2.88475275,2981.542333,3102.179862,-2711
43.89,-122.21,9.5827484,115,152.8324644,164.74989,10.67171383,3583.460511,3729.894533,1037
43.88,-122.37,9.5827484,91,152.8324644,164.74989,3.500515223,3583.460511,3729.894533,632
43.88,-122.07,9.5827484,91,152.8324644,164.74989,15.65432167,3583.460511,3729.894533,989
43.59,-122.23,9.5827484,100,152.8324644,164.74989,29.22591782,3583.460511,3729.894533,1330
44.08,-122.23,9.8749847,159,150.5540502,162.2938117,-0.133904234,3599.857093,3746.993826,535
43.8,-122.31,9.5827484,68,152.8324644,164.74989,-14.94464779,3583.460511,3729.894533,601
44.11,-122.23,9.8749847,83,150.5540502,162.2938117,-44.25658798,3599.857093,3746.993826,498
46.77,-125.92,7.4773855,125,173.0158032,186.5070661,-32.29166031,3457.068296,3598.085509,-2500
46.77,-125.92,7.4773855,125,173.0158032,186.5070661,-32.29166031,3457.068296,3598.085509,-2500
46.76,-126.04,7.2581306,119,175.6096065,189.3031265,-37.34703827,3442.932128,3583.343505,-2601
46.76,-126.04,7.2581306,119,175.6096065,189.3031265,-37.34703827,3442.932128,3583.343505,-2601
46.76,-126.05,7.0691643,115,177.9412435,191.8165777,-37.34703827,3430.576502,3570.458352,-2602
46.76,-126.05,7.0691643,115,177.9412435,191.8165777,-37.34703827,3430.576502,3570.458352,-2602
46.77,-125.94,7.4773855,125,173.0158032,186.5070661,-32.29166031,3457.068296,3598.085509,-2551
46.77,-125.94,7.4773855,125,173.0158032,186.5070661,-32.29166031,3457.068296,3598.085509,-2551
46.77,-125.95,7.2581306,122,175.6096065,189.3031265,-37.34703827,3442.932128,3583.343505,-2555
46.77,-125.95,7.2581306,122,175.6096065,189.3031265,-37.34703827,3442.932128,3583.343505,-2555
46.76,-125.96,7.2581306,115,175.6096065,189.3031265,-37.34703827,3442.932128,3583.343505,-2571
46.76,-125.96,7.2581306,115,175.6096065,189.3031265,-37.34703827,3442.932128,3583.343505,-2571
46.76,-125.98,7.2581306,116,175.6096065,189.3031265,-37.34703827,3442.932128,3583.343505,-2576
46.76,-125.98,7.2581306,116,175.6096065,189.3031265,-37.34703827,3442.932128,3583.343505,-2576
46.76,-125.98,7.2581306,115,175.6096065,189.3031265,-37.34703827,3442.932128,3583.343505,-2576
46.76,-125.98,7.2581306,115,175.6096065,189.3031265,-37.34703827,3442.932128,3583.343505,-2576
46.76,-125.98,7.2581306,111,175.6096065,189.3031265,-37.34703827,3442.932128,3583.343505,-2576
46.76,-125.98,7.2581306,111,175.6096065,189.3031265,-37.34703827,3442.932128,3583.343505,-2576
46.76,-126.04,7.2581306,122,175.6096065,189.3031265,-37.34703827,3442.932128,3583.343505,-2601
46.76,-126.04,7.2581306,122,175.6096065,189.3031265,-37.34703827,3442.932128,3583.343505,-2601
46.74,-126.23,6.8100848,327,181.294404,195.4312079,-26.99987602,3413.364871,3552.50908,-2616
46.74,-126.23,6.8100848,327,181.294404,195.4312079,-26.99987602,3413.364871,3552.50908,-2616
46.74,-126.22,6.8100848,189,181.294404,195.4312079,-26.99987602,3413.364871,3552.50908,-2617
46.74,-126.22,6.8100848,189,181.294404,195.4312079,-26.99987602,3413.364871,3552.50908,-2617
46.74,-126.2,6.8100848,112,181.294404,195.4312079,-26.99987602,3413.364871,3552.50908,-2614
46.74,-126.2,6.8100848,112,181.294404,195.4312079,-26.99987602,3413.364871,3552.50908,-2614
46.74,-126.19,6.8100848,132,181.294404,195.4312079,-26.99987602,3413.364871,3552.50908,-2613
46.74,-126.19,6.8100848,132,181.294404,195.4312079,-26.99987602,3413.364871,3552.50908,-2613
46.74,-126.18,6.8100848,122,181.294404,195.4312079,-26.99987602,3413.364871,3552.50908,-2615
46.74,-126.18,6.8100848,122,181.294404,195.4312079,-26.99987602,3413.364871,3552.50908,-2615
46.75,-126.16,6.8100848,134,181.294404,195.4312079,-36.80311203,3413.364871,3552.50908,-2607
46.75,-126.16,6.8100848,134,181.294404,195.4312079,-36.80311203,3413.364871,3552.50908,-2607
46.74,-126.18,6.8100848,125,181.294404,195.4312079,-26.99987602,3413.364871,3552.50908,-2615
46.74,-126.18,6.8100848,125,181.294404,195.4312079,-26.99987602,3413.364871,3552.50908,-2615
46.74,-126.2,6.8100848,141,181.294404,195.4312079,-26.99987602,3413.364871,3552.50908,-2614
46.74,-126.2,6.8100848,141,181.294404,195.4312079,-26.99987602,3413.364871,3552.50908,-2614
46.74,-126.21,6.8100848,159,181.294404,195.4312079,-26.99987602,3413.364871,3552.50908,-2615
46.74,-126.21,6.8100848,159,181.294404,195.4312079,-26.99987602,3413.364871,3552.50908,-2615
46.74,-126.21,6.8100848,166,181.294404,195.4312079,-26.99987602,3413.364871,3552.50908,-2615
46.74,-126.21,6.8100848,166,181.294404,195.4312079,-26.99987602,3413.364871,3552.50908,-2615
46.74,-126.22,6.8100848,265,181.294404,195.4312079,-26.99987602,3413.364871,3552.50908,-2617
46.74,-126.22,6.8100848,265,181.294404,195.4312079,-26.99987602,3413.364871,3552.50908,-2617
46.74,-126.24,6.8100848,443,181.294404,195.4312079,-26.99987602,3413.364871,3552.50908,-2617
46.74,-126.24,6.8100848,443,181.294404,195.4312079,-26.99987602,3413.364871,3552.50908,-2617
46.74,-126.24,6.8100848,457,181.294404,195.4312079,-26.99987602,3413.364871,3552.50908,-2617
46.74,-126.24,6.8100848,457,181.294404,195.4312079,-26.99987602,3413.364871,3552.50908,-2617
46.74,-126.25,6.8100848,418,181.294404,195.4312079,-26.99987602,3413.364871,3552.50908,-2621
46.74,-126.25,6.8100848,418,181.294404,195.4312079,-26.99987602,3413.364871,3552.50908,-2621
45.43,-125.73,8.0344667,622,166.9099133,179.9250568,-33.81261826,3492.07972,3634.597422,-2561
45.43,-125.73,8.0344667,622,166.9099133,179.9250568,-33.81261826,3492.07972,3634.597422,-2561
45.43,-125.75,7.8805914,961,168.531565,181.6731602,-33.81261826,3482.533687,3624.642274,-2552
45.43,-125.75,7.8805914,961,168.531565,181.6731602,-33.81261826,3482.533687,3624.642274,-2552
45.43,-125.76,7.8805914,815,168.531565,181.6731602,-33.81261826,3482.533687,3624.642274,-2546
45.43,-125.76,7.8805914,815,168.531565,181.6731602,-33.81261826,3482.533687,3624.642274,-2546
45.43,-125.77,7.8805914,335,168.531565,181.6731602,-33.81261826,3482.533687,3624.642274,-2545
45.43,-125.77,7.8805914,335,168.531565,181.6731602,-33.81261826,3482.533687,3624.642274,-2545
45.43,-125.79,7.8805914,316,168.531565,181.6731602,-33.81261826,3482.533687,3624.642274,-2552
45.43,-125.79,7.8805914,316,168.531565,181.6731602,-33.81261826,3482.533687,3624.642274,-2552
45.42,-125.8,7.8805914,244,168.531565,181.6731602,-33.81261826,3482.533687,3624.642274,-2557
45.42,-125.8,7.8805914,244,168.531565,181.6731602,-33.81261826,3482.533687,3624.642274,-2557
45.42,-125.82,7.8805914,161,168.531565,181.6731602,-33.81261826,3482.533687,3624.642274,-2551
45.42,-125.82,7.8805914,161,168.531565,181.6731602,-33.81261826,3482.533687,3624.642274,-2551
45.43,-125.64,8.1844883,107,165.3731096,178.2684178,-43.49087906,3501.299065,3644.211882,-2546
45.43,-125.64,8.1844883,107,165.3731096,178.2684178,-43.49087906,3501.299065,3644.211882,-2546
45.43,-125.67,8.0344667,161,166.9099133,179.9250568,-43.49087906,3492.07972,3634.597422,-2559
45.43,-125.67,8.0344667,161,166.9099133,179.9250568,-43.49087906,3492.07972,3634.597422,-2559
45.43,-125.7,8.0344667,190,166.9099133,179.9250568,-43.49087906,3492.07972,3634.597422,-2562
45.43,-125.7,8.0344667,190,166.9099133,179.9250568,-43.49087906,3492.07972,3634.597422,-2562
45.43,-125.71,8.0344667,104,166.9099133,179.9250568,-33.81261826,3492.07972,3634.597422,-2560
45.43,-125.71,8.0344667,104,166.9099133,179.9250568,-33.81261826,3492.07972,3634.597422,-2560
45.43,-125.72,8.0344667,332,166.9099133,179.9250568,-33.81261826,3492.07972,3634.597422,-2555
45.43,-125.72,8.0344667,332,166.9099133,179.9250568,-33.81261826,3492.07972,3634.597422,-2555
45.36,-125.67,8.0344667,149,166.9099133,179.9250568,-44.40666962,3492.07972,3634.597422,-2618
45.36,-125.67,8.0344667,149,166.9099133,179.9250568,-44.40666962,3492.07972,3634.597422,-2618
45.48,-125.71,8.0390244,132,166.862592,179.8740456,-33.81261826,3492.361068,3634.890828,-2494
45.48,-125.71,8.0390244,132,166.862592,179.8740456,-33.81261826,3492.361068,3634.890828,-2494
45.5,-125.72,8.0390244,119,166.862592,179.8740456,-33.81261826,3492.361068,3634.890828,-2456
45.5,-125.72,8.0390244,119,166.862592,179.8740456,-33.81261826,3492.361068,3634.890828,-2456
45.37,-125.68,8.0344667,122,166.9099133,179.9250568,-44.40666962,3492.07972,3634.597422,-2613
45.37,-125.68,8.0344667,122,166.9099133,179.9250568,-44.40666962,3492.07972,3634.597422,-2613
45.45,-125.7,8.0390244,206,166.862592,179.8740456,-43.49087906,3492.361068,3634.890828,-2538
45.45,-125.7,8.0390244,206,166.862592,179.8740456,-43.49087906,3492.361068,3634.890828,-2538
45.47,-125.71,8.0390244,165,166.862592,179.8740456,-33.81261826,3492.361068,3634.890828,-2515
45.47,-125.71,8.0390244,165,166.862592,179.8740456,-33.81261826,3492.361068,3634.890828,-2515
46.68,-126.14,7.0371647,119,178.3453544,192.2522,-36.80311203,3428.467919,3568.259401,-2611
46.68,-126.14,7.0371647,119,178.3453544,192.2522,-36.80311203,3428.467919,3568.259401,-2611
46.68,-126.15,6.8100848,121,181.294404,195.4312079,-36.80311203,3413.364871,3552.50908,-2610
46.68,-126.15,6.8100848,121,181.294404,195.4312079,-36.80311203,3413.364871,3552.50908,-2610
46.68,-126.16,6.8100848,133,181.294404,195.4312079,-36.80311203,3413.364871,3552.50908,-2610
46.68,-126.16,6.8100848,133,181.294404,195.4312079,-36.80311203,3413.364871,3552.50908,-2610
46.67,-126.18,6.8100848,124,181.294404,195.4312079,-29.47881699,3413.364871,3552.50908,-2613
46.67,-126.18,6.8100848,124,181.294404,195.4312079,-29.47881699,3413.364871,3552.50908,-2613
46.67,-126.19,6.8100848,133,181.294404,195.4312079,-29.47881699,3413.364871,3552.50908,-2614
46.67,-126.19,6.8100848,133,181.294404,195.4312079,-29.47881699,3413.364871,3552.50908,-2614
46.67,-126.2,6.8100848,135,181.294404,195.4312079,-29.47881699,3413.364871,3552.50908,-2615
46.67,-126.2,6.8100848,135,181.294404,195.4312079,-29.47881699,3413.364871,3552.50908,-2615
41.68,-124.93,8.7112598,56,160.2950739,172.7944117,-2.632040501,3533.019518,3677.291784,-956
41,-126.43,3.5363894,167,251.5826103,271.2002815,-3.302544832,3158.185157,3286.393093,-3040
39.09,-127.78,26.078346,46,92.64471239,99.86887428,-9.006035805,4287.343667,4463.94411,-4229
40.08,-125.34,16.723663,82,115.6897694,124.7109169,-30.17288971,3931.31014,4092.652003,-1912
47.92,-128.8,0.66285837,75,581.0992123,626.4116178,-10.49689579,2784.956401,2897.168818,-2595
47.91,-128.75,0.66285837,129,581.0992123,626.4116178,-10.49689579,2784.956401,2897.168818,-2624
47.89,-128.65,0.91232389,434,495.3203091,533.9439284,-8.577288628,2834.304766,2948.632113,-2617
47.77,-127.77,3.1612465,298,266.091792,286.8408464,-0.975069642,3122.296309,3248.966151,-2660
47.77,-127.77,3.1612465,382,266.091792,286.8408464,-0.975069642,3122.296309,3248.966151,-2660
47.76,-127.74,3.3711357,109,257.6751524,277.7679021,-0.975069642,3142.622847,3270.163826,-2663
47.86,-128.51,1.414219,464,397.8343928,428.8563473,-5.80466938,2916.22329,3034.061431,-2666
47.84,-128.38,1.6586365,350,367.3542341,395.9994356,-5.461304665,2950.758218,3070.076428,-2660
47.89,-128.58,1.1679138,889,437.7793418,471.9160858,-5.80466938,2878.245212,2994.455721,-2616
47.79,-128.13,2.4378891,296,303.0077149,326.6353643,-1.540216565,3046.480937,3169.901549,-2650
48.43,-128.68,0.79336768,1160,531.1576085,572.5757148,-10.74924183,2811.749163,2925.109842,-2481
48.43,-128.68,0.79336768,1968,531.1576085,572.5757148,-10.74924183,2811.749163,2925.109842,-2481
48.46,-128.71,0.59159386,4268,615.1043949,663.0684244,-10.74924183,2769.202986,2880.740257,-2447
40.95,-127.52,0.021391379,180,3234.754069,3486.990666,-44.38734818,2551.190272,2653.384141,-3322
41,-127.49,0.021391379,2726,3234.754069,3486.990666,-37.00662231,2551.190272,2653.384141,-3276
48.44,-128.6,1.033847,418,465.2994327,501.5821124,8.065933228,2855.873935,2971.125675,-2365
48.44,-128.7,0.79336768,748,531.1576085,572.5757148,-10.74924183,2811.749163,2925.109842,-2465
48.44,-128.7,0.79336768,2061,531.1576085,572.5757148,-10.74924183,2811.749163,2925.109842,-2465
48.44,-128.7,0.79336768,746,531.1576085,572.5757148,-10.74924183,2811.749163,2925.109842,-2465
48.44,-128.7,0.79336768,879,531.1576085,572.5757148,-10.74924183,2811.749163,2925.109842,-2465
48.46,-128.7,0.59159386,1866,615.1043949,663.0684244,-10.74924183,2769.202986,2880.740257,-2455
48.46,-128.7,0.59159386,13161,615.1043949,663.0684244,-10.74924183,2769.202986,2880.740257,-2455
48.46,-128.7,0.59159386,4104,615.1043949,663.0684244,-10.74924183,2769.202986,2880.740257,-2455
48.17,-126.7,5.5965943,120,199.9856095,215.5798985,-42.68918228,3327.999276,3463.48496,-2530
48.7,-126.9,5.5437579,75,200.9363601,216.6047859,-27.44796753,3324.081515,3459.399294,-1322
48.66,-126.9,5.5437579,26,200.9363601,216.6047859,-27.44796753,3324.081515,3459.399294,-1272
44.67,-125.1,9.5507097,78,153.0885948,165.0259927,-16.33102798,3581.647788,3728.004122,-603
38.83,-121.17,16.676729,25,115.8524502,124.8862831,-82.50362396,3929.300284,4090.556011,129
45.68,-120.12,9.5560369,50,153.0459177,164.9799878,-41.06179047,3581.949407,3728.318668,508
38.98,-120.32,16.215477,52,117.4886178,126.6500343,70.58906555,3909.395591,4069.798259,588
38.55,-120.57,16.215477,30,117.4886178,126.6500343,46.32852554,3909.395591,4069.798259,174
39.7,-122.88,18.00329,66,111.5025297,120.1971686,69.20287323,3985.05994,4148.705366,1503
46.58,-119.52,9.7773581,63,151.3038218,163.1020483,-38.76895523,3594.406856,3741.310007,1366
46.35,-119.27,9.5389538,52,153.1828997,165.1276512,-41.72725677,3580.981887,3727.309682,1208
39.43,-123.73,18.287436,83,110.632888,119.2597148,27.30547905,3996.733413,4160.879131,91
39.38,-119.63,16.215477,115,117.4886178,126.6500343,42.94220352,3909.395591,4069.798259,847
37.32,-122.12,16.215477,92,117.4886178,126.6500343,-1.091421843,3909.395591,4069.798259,45
46.43,-119.78,9.543684,59,153.1449335,165.0867244,24.76720619,3581.249874,3727.589154,1139
46.43,-119.78,9.543684,57,153.1449335,165.0867244,24.76720619,3581.249874,3727.589154,1139
37.1,-119.73,16.19442,25,117.5649761,126.7323467,27.38141632,3908.480192,4068.843628,43
37.17,-120.07,16.19442,18,117.5649761,126.7323467,55.00428009,3908.480192,4068.843628,43
37.45,-122.03,16.215477,84,117.4886178,126.6500343,-8.995250702,3909.395591,4069.798259,22
37.8,-121.58,16.215477,40,117.4886178,126.6500343,-50.0063324,3909.395591,4069.798259,-3
42.1,-119.92,18.00329,104,111.5025297,120.1971686,8.631074905,3985.05994,4148.705366,1660
42.17,-119.86,18.00329,75,111.5025297,120.1971686,-22.93094254,3985.05994,4148.705366,1564
39.47,-119.63,16.215477,87,117.4886178,126.6500343,-7.161396027,3909.395591,4069.798259,1233
39.57,-123.12,18.100437,75,111.202904,119.8741791,-2.564104795,3989.061292,4152.878205,925
38.93,-119.07,16.215477,77,117.4886178,126.6500343,-32.75069046,3909.395591,4069.798259,404
38.92,-119.07,16.215477,75,117.4886178,126.6500343,-32.75069046,3909.395591,4069.798259,222
42.23,-121.76,8.7200031,53,160.214692,172.707762,-2.806406498,3533.537798,3677.832275,1293
42.15,-121.68,8.7200031,58,160.214692,172.707762,3.540222883,3533.537798,3677.832275,1249
42.03,-121.59,8.7200031,54,160.214692,172.707762,24.7969265,3533.537798,3677.832275,1241
42.06,-121.62,8.7200031,41,160.214692,172.707762,24.7969265,3533.537798,3677.832275,1245
42.23,-121.76,8.7200031,715,160.214692,172.707762,-2.806406498,3533.537798,3677.832275,1293
38.87,-120.65,16.364212,44,116.9534696,126.0731568,32.97882843,3915.844614,4076.523669,428
42.09,-121.7,8.7200031,58,160.214692,172.707762,3.120653868,3533.537798,3677.832275,1245
42.17,-121.65,8.7200031,33,160.214692,172.707762,3.540222883,3533.537798,3677.832275,1253
42.2,-121.74,8.7200031,129,160.214692,172.707762,3.540222883,3533.537798,3677.832275,1253
42.15,-121.7,8.7200031,66,160.214692,172.707762,3.540222883,3533.537798,3677.832275,1246
42.09,-121.9,8.7200031,12,160.214692,172.707762,19.13749313,3533.537798,3677.832275,1270
42.15,-121.68,8.7200031,62,160.214692,172.707762,3.540222883,3533.537798,3677.832275,1249
42,-121.7,8.7200031,66,160.214692,172.707762,-29.57883453,3533.537798,3677.832275,1244
42.19,-121.8,8.7200031,167,160.214692,172.707762,-2.806406498,3533.537798,3677.832275,1278
38.85,-119.75,16.215477,47,117.4886178,126.6500343,-20.63304329,3909.395591,4069.798259,377
42.19,-121.71,8.7200031,104,160.214692,172.707762,3.540222883,3533.537798,3677.832275,1262
42.18,-121.7,8.7200031,37,160.214692,172.707762,3.540222883,3533.537798,3677.832275,1263
42.13,-121.74,8.7200031,62,160.214692,172.707762,3.540222883,3533.537798,3677.832275,1248
42.19,-121.77,8.7200031,8,160.214692,172.707762,-2.806406498,3533.537798,3677.832275,1259
42.19,-121.78,8.7200031,121,160.214692,172.707762,-2.806406498,3533.537798,3677.832275,1243
42.17,-121.68,8.7200031,20,160.214692,172.707762,3.540222883,3533.537798,3677.832275,1266
42.06,-121.76,8.7200031,54,160.214692,172.707762,-10.34061337,3533.537798,3677.832275,1244
42.06,-121.6,8.7200031,92,160.214692,172.707762,24.7969265,3533.537798,3677.832275,1286
42.01,-121.82,8.7200031,12,160.214692,172.707762,-10.34061337,3533.537798,3677.832275,1242
38.83,-121.17,16.676729,25,115.8524502,124.8862831,-82.50362396,3929.300284,4090.556011,129
38.98,-120.32,16.215477,52,117.4886178,126.6500343,70.58906555,3909.395591,4069.798259,588
42.17,-121.62,8.7200031,301,160.214692,172.707762,10.27960873,3533.537798,3677.832275,1325
42.03,-121.75,8.7200031,60,160.214692,172.707762,-10.34061337,3533.537798,3677.832275,1239
42.02,-121.69,8.7200031,96,160.214692,172.707762,3.120653868,3533.537798,3677.832275,1257
38.55,-120.57,16.215477,30,117.4886178,126.6500343,46.32852554,3909.395591,4069.798259,174
42.24,-121.78,8.7200031,97,160.214692,172.707762,-2.806406498,3533.537798,3677.832275,1280
42.25,-121.78,8.7200031,121,160.214692,172.707762,6.123045921,3533.537798,3677.832275,1320
42.13,-121.8,8.7200031,37,160.214692,172.707762,-2.806406498,3533.537798,3677.832275,1245
42.01,-121.63,8.7200031,83,160.214692,172.707762,3.120653868,3533.537798,3677.832275,1249
38.97,-119.27,16.215477,65,117.4886178,126.6500343,13.50798988,3909.395591,4069.798259,535
46.54,-122.82,9.6252508,37,152.4946585,164.385743,-35.00421906,3585.860591,3732.397473,162
46.54,-122.84,9.6252508,35,152.4946585,164.385743,-35.00421906,3585.860591,3732.397473,157
42.07,-121.8,8.7200031,33,160.214692,172.707762,-10.34061337,3533.537798,3677.832275,1243
42.11,-121.69,8.7200031,138,160.214692,172.707762,3.120653868,3533.537798,3677.832275,1243
42.11,-121.87,8.7200031,108,160.214692,172.707762,19.13749313,3533.537798,3677.832275,1243
42.2,-121.73,8.7200031,125,160.214692,172.707762,3.540222883,3533.537798,3677.832275,1262
38.83,-120.25,16.215477,34,117.4886178,126.6500343,42.25470734,3909.395591,4069.798259,344
47.95,-129.1,0.02951305,26,2753.934535,2968.678241,4.241880417,2560.127769,2662.704674,-2190
47.95,-129.08,0.02951305,438,2753.934535,2968.678241,-1.580559015,2560.127769,2662.704674,-2267
47.95,-129.1,0.02951305,1986,2753.934535,2968.678241,4.241880417,2560.127769,2662.704674,-2190
47.95,-129.1,0.02951305,198,2753.934535,2968.678241,4.241880417,2560.127769,2662.704674,-2190
47.95,-129.1,0.02951305,17,2753.934535,2968.678241,4.241880417,2560.127769,2662.704674,-2190
47.95,-129.09,0.02951305,66,2753.934535,2968.678241,-1.580559015,2560.127769,2662.704674,-2131
47.95,-129.1,0.02951305,6102,2753.934535,2968.678241,4.241880417,2560.127769,2662.704674,-2190
47.95,-129.1,0.02951305,646,2753.934535,2968.678241,4.241880417,2560.127769,2662.704674,-2190
47.95,-129.1,0.02951305,28,2753.934535,2968.678241,4.241880417,2560.127769,2662.704674,-2190
47.95,-129.1,0.02951305,235,2753.934535,2968.678241,4.241880417,2560.127769,2662.704674,-2190
47.95,-129.1,0.02951305,2431,2753.934535,2968.678241,4.241880417,2560.127769,2662.704674,-2190
47.95,-129.1,0.02951305,174,2753.934535,2968.678241,4.241880417,2560.127769,2662.704674,-2190
47.95,-129.1,0.02951305,13216,2753.934535,2968.678241,4.241880417,2560.127769,2662.704674,-2190
47.95,-129.1,0.02951305,11398,2753.934535,2968.678241,4.241880417,2560.127769,2662.704674,-2190
47.95,-129.1,0.02951305,39,2753.934535,2968.678241,4.241880417,2560.127769,2662.704674,-2190
47.95,-129.09,0.02951305,101,2753.934535,2968.678241,-1.580559015,2560.127769,2662.704674,-2131
47.95,-129.09,0.02951305,167,2753.934535,2968.678241,-1.580559015,2560.127769,2662.704674,-2131
47.95,-129.1,0.02951305,155,2753.934535,2968.678241,4.241880417,2560.127769,2662.704674,-2190
47.96,-129.1,0.02951305,1471,2753.934535,2968.678241,2.136907578,2560.127769,2662.704674,-2174
47.96,-129.1,0.02951305,131,2753.934535,2968.678241,2.136907578,2560.127769,2662.704674,-2174
47.96,-129.1,0.02951305,77,2753.934535,2968.678241,2.136907578,2560.127769,2662.704674,-2174
47.96,-129.09,0.02951305,39,2753.934535,2968.678241,6.714704514,2560.127769,2662.704674,-2117
47.96,-129.09,0.02951305,33,2753.934535,2968.678241,6.714704514,2560.127769,2662.704674,-2117
47.95,-129.09,0.02951305,198,2753.934535,2968.678241,-1.580559015,2560.127769,2662.704674,-2131
47.95,-129.1,0.02951305,1703,2753.934535,2968.678241,4.241880417,2560.127769,2662.704674,-2190
47.96,-129.09,0.02951305,10061,2753.934535,2968.678241,6.714704514,2560.127769,2662.704674,-2117
47.96,-129.1,0.02951305,72,2753.934535,2968.678241,2.136907578,2560.127769,2662.704674,-2174
47.96,-129.1,0.02951305,137,2753.934535,2968.678241,2.136907578,2560.127769,2662.704674,-2174
47.96,-129.1,0.02951305,12967,2753.934535,2968.678241,2.136907578,2560.127769,2662.704674,-2174
47.96,-129.09,0.02951305,3894,2753.934535,2968.678241,6.714704514,2560.127769,2662.704674,-2117
47.96,-129.09,0.02951305,66,2753.934535,2968.678241,6.714704514,2560.127769,2662.704674,-2117
47.96,-129.09,0.02951305,22,2753.934535,2968.678241,6.714704514,2560.127769,2662.704674,-2117
47.95,-129.09,0.02951305,904,2753.934535,2968.678241,-1.580559015,2560.127769,2662.704674,-2131
47.95,-129.09,0.02951305,2083,2753.934535,2968.678241,-1.580559015,2560.127769,2662.704674,-2131
47.96,-129.1,0.02951305,217,2753.934535,2968.678241,2.136907578,2560.127769,2662.704674,-2174
47.96,-129.1,0.02951305,14417,2753.934535,2968.678241,2.136907578,2560.127769,2662.704674,-2174
47.96,-129.1,0.02951305,55,2753.934535,2968.678241,2.136907578,2560.127769,2662.704674,-2174
47.96,-129.09,0.02951305,6,2753.934535,2968.678241,6.714704514,2560.127769,2662.704674,-2117
47.95,-129.1,0.02951305,28,2753.934535,2968.678241,4.241880417,2560.127769,2662.704674,-2190
47.95,-129.1,0.02951305,89,2753.934535,2968.678241,4.241880417,2560.127769,2662.704674,-2190
47.95,-129.09,0.02951305,490,2753.934535,2968.678241,-1.580559015,2560.127769,2662.704674,-2131
47.95,-129.09,0.02951305,5629,2753.934535,2968.678241,-1.580559015,2560.127769,2662.704674,-2131
47.95,-129.09,0.02951305,149,2753.934535,2968.678241,-1.580559015,2560.127769,2662.704674,-2131
47.95,-129.09,0.02951305,66,2753.934535,2968.678241,-1.580559015,2560.127769,2662.704674,-2131
47.96,-129.1,0.02951305,7765,2753.934535,2968.678241,2.136907578,2560.127769,2662.704674,-2174
47.95,-129.1,0.02951305,242,2753.934535,2968.678241,4.241880417,2560.127769,2662.704674,-2190
47.95,-129.09,0.02951305,-6,2753.934535,2968.678241,-1.580559015,2560.127769,2662.704674,-2131
47.95,-129.09,0.02951305,4841,2753.934535,2968.678241,-1.580559015,2560.127769,2662.704674,-2131
47.96,-129.09,0.02951305,137,2753.934535,2968.678241,6.714704514,2560.127769,2662.704674,-2117
47.96,-129.1,0.02951305,4797,2753.934535,2968.678241,2.136907578,2560.127769,2662.704674,-2174
47.96,-129.09,0.02951305,6,2753.934535,2968.678241,6.714704514,2560.127769,2662.704674,-2117
47.95,-129.09,0.02951305,10882,2753.934535,2968.678241,-1.580559015,2560.127769,2662.704674,-2131
47.95,-129.09,0.02951305,137,2753.934535,2968.678241,-1.580559015,2560.127769,2662.704674,-2131
47.95,-129.09,0.02951305,17,2753.934535,2968.678241,-1.580559015,2560.127769,2662.704674,-2131
47.95,-129.1,0.02951305,161,2753.934535,2968.678241,4.241880417,2560.127769,2662.704674,-2190
47.95,-129.09,0.02951305,425,2753.934535,2968.678241,-1.580559015,2560.127769,2662.704674,-2131
47.95,-129.09,0.02951305,745,2753.934535,2968.678241,-1.580559015,2560.127769,2662.704674,-2131
47.95,-129.09,0.02951305,2718,2753.934535,2968.678241,-1.580559015,2560.127769,2662.704674,-2131
47.95,-129.1,0.02951305,125,2753.934535,2968.678241,4.241880417,2560.127769,2662.704674,-2190
47.95,-129.1,0.02951305,61,2753.934535,2968.678241,4.241880417,2560.127769,2662.704674,-2190
47.95,-129.1,0.02951305,61,2753.934535,2968.678241,4.241880417,2560.127769,2662.704674,-2190
47.95,-129.09,0.02951305,432,2753.934535,2968.678241,-1.580559015,2560.127769,2662.704674,-2131
47.95,-129.09,0.02951305,542,2753.934535,2968.678241,-1.580559015,2560.127769,2662.704674,-2131
47.95,-129.09,0.02951305,2000,2753.934535,2968.678241,-1.580559015,2560.127769,2662.704674,-2131
47.95,-129.09,0.02951305,33,2753.934535,2968.678241,-1.580559015,2560.127769,2662.704674,-2131
47.96,-129.09,0.02951305,393,2753.934535,2968.678241,6.714704514,2560.127769,2662.704674,-2117
47.95,-129.09,0.02951305,2543,2753.934535,2968.678241,-1.580559015,2560.127769,2662.704674,-2131
47.95,-129.1,0.02951305,66,2753.934535,2968.678241,4.241880417,2560.127769,2662.704674,-2190
47.95,-129.09,0.02951305,167,2753.934535,2968.678241,-1.580559015,2560.127769,2662.704674,-2131
47.96,-129.1,0.02951305,101,2753.934535,2968.678241,2.136907578,2560.127769,2662.704674,-2174
47.96,-129.1,0.02951305,1944,2753.934535,2968.678241,2.136907578,2560.127769,2662.704674,-2174
47.96,-129.1,0.02951305,745,2753.934535,2968.678241,2.136907578,2560.127769,2662.704674,-2174
47.96,-129.09,0.02951305,712,2753.934535,2968.678241,6.714704514,2560.127769,2662.704674,-2117
47.96,-129.09,0.02951305,39,2753.934535,2968.678241,6.714704514,2560.127769,2662.704674,-2117
47.96,-129.09,0.02951305,33,2753.934535,2968.678241,6.714704514,2560.127769,2662.704674,-2117
47.95,-129.1,0.02951305,304,2753.934535,2968.678241,4.241880417,2560.127769,2662.704674,-2190
47.95,-129.1,0.02951305,666,2753.934535,2968.678241,4.241880417,2560.127769,2662.704674,-2190
47.95,-129.09,0.02951305,1745,2753.934535,2968.678241,-1.580559015,2560.127769,2662.704674,-2131
47.95,-129.09,0.02951305,4173,2753.934535,2968.678241,-1.580559015,2560.127769,2662.704674,-2131
47.95,-129.09,0.02951305,33,2753.934535,2968.678241,-1.580559015,2560.127769,2662.704674,-2131
47.95,-129.09,0.02951305,17,2753.934535,2968.678241,-1.580559015,2560.127769,2662.704674,-2131
47.96,-129.1,0.02951305,904,2753.934535,2968.678241,2.136907578,2560.127769,2662.704674,-2174
47.95,-129.1,0.02951305,77,2753.934535,2968.678241,4.241880417,2560.127769,2662.704674,-2190
47.96,-129.1,0.02951305,2922,2753.934535,2968.678241,2.136907578,2560.127769,2662.704674,-2174
47.96,-129.1,0.02951305,12726,2753.934535,2968.678241,2.136907578,2560.127769,2662.704674,-2174
47.95,-129.1,0.02951305,438,2753.934535,2968.678241,4.241880417,2560.127769,2662.704674,-2190
47.95,-129.09,0.02951305,167,2753.934535,2968.678241,-1.580559015,2560.127769,2662.704674,-2131
47.96,-129.09,0.02951305,22,2753.934535,2968.678241,6.714704514,2560.127769,2662.704674,-2117
47.95,-129.1,0.02951305,1334,2753.934535,2968.678241,4.241880417,2560.127769,2662.704674,-2190
47.95,-129.1,0.02951305,180,2753.934535,2968.678241,4.241880417,2560.127769,2662.704674,-2190
47.95,-129.09,0.02951305,1498,2753.934535,2968.678241,-1.580559015,2560.127769,2662.704674,-2131
47.96,-129.1,0.02951305,4223,2753.934535,2968.678241,2.136907578,2560.127769,2662.704674,-2174
47.96,-129.09,0.02951305,61,2753.934535,2968.678241,6.714704514,2560.127769,2662.704674,-2117
47.95,-129.09,0.02951305,438,2753.934535,2968.678241,-1.580559015,2560.127769,2662.704674,-2131
47.96,-129.1,0.02951305,101,2753.934535,2968.678241,2.136907578,2560.127769,2662.704674,-2174
47.96,-129.1,0.02951305,50,2753.934535,2968.678241,2.136907578,2560.127769,2662.704674,-2174
47.96,-129.09,0.02951305,125,2753.934535,2968.678241,6.714704514,2560.127769,2662.704674,-2117
47.96,-129.09,0.02951305,490,2753.934535,2968.678241,6.714704514,2560.127769,2662.704674,-2117
47.96,-129.1,0.02951305,3758,2753.934535,2968.678241,2.136907578,2560.127769,2662.704674,-2174
47.96,-129.1,0.02951305,11,2753.934535,2968.678241,2.136907578,2560.127769,2662.704674,-2174
47.96,-129.1,0.02951305,613,2753.934535,2968.678241,2.136907578,2560.127769,2662.704674,-2174
47.95,-129.1,0.02951305,3965,2753.934535,2968.678241,4.241880417,2560.127769,2662.704674,-2190
47.95,-129.09,0.02951305,11,2753.934535,2968.678241,-1.580559015,2560.127769,2662.704674,-2131
47.95,-129.09,0.02951305,39,2753.934535,2968.678241,-1.580559015,2560.127769,2662.704674,-2131
47.95,-129.09,0.02951305,1827,2753.934535,2968.678241,-1.580559015,2560.127769,2662.704674,-2131
47.95,-129.1,0.02951305,13789,2753.934535,2968.678241,4.241880417,2560.127769,2662.704674,-2190
47.95,-129.1,0.02951305,22,2753.934535,2968.678241,4.241880417,2560.127769,2662.704674,-2190
47.95,-129.1,0.02951305,1145,2753.934535,2968.678241,4.241880417,2560.127769,2662.704674,-2190
47.95,-129.09,0.02951305,12283,2753.934535,2968.678241,-1.580559015,2560.127769,2662.704674,-2131
47.95,-129.09,0.02951305,2034,2753.934535,2968.678241,-1.580559015,2560.127769,2662.704674,-2131
47.96,-129.09,0.02951305,11,2753.934535,2968.678241,6.714704514,2560.127769,2662.704674,-2117
47.95,-129.1,0.02951305,336,2753.934535,2968.678241,4.241880417,2560.127769,2662.704674,-2190
47.96,-129.1,0.02951305,66,2753.934535,2968.678241,2.136907578,2560.127769,2662.704674,-2174
47.96,-129.1,0.02951305,406,2753.934535,2968.678241,2.136907578,2560.127769,2662.704674,-2174
47.96,-129.1,0.02951305,72,2753.934535,2968.678241,2.136907578,2560.127769,2662.704674,-2174
47.96,-129.09,0.02951305,39,2753.934535,2968.678241,6.714704514,2560.127769,2662.704674,-2117
47.96,-129.09,0.02951305,77,2753.934535,2968.678241,6.714704514,2560.127769,2662.704674,-2117
47.96,-129.1,0.02951305,10083,2753.934535,2968.678241,2.136907578,2560.127769,2662.704674,-2174
47.96,-129.1,0.02951305,217,2753.934535,2968.678241,2.136907578,2560.127769,2662.704674,-2174
47.96,-129.1,0.02951305,804,2753.934535,2968.678241,2.136907578,2560.127769,2662.704674,-2174
47.96,-129.09,0.02951305,180,2753.934535,2968.678241,6.714704514,2560.127769,2662.704674,-2117
42.2,-119.85,18.00329,75,111.5025297,120.1971686,-22.93094254,3985.05994,4148.705366,1575
42.1,-119.92,18.00329,104,111.5025297,120.1971686,8.631074905,3985.05994,4148.705366,1660
42.17,-119.86,18.00329,75,111.5025297,120.1971686,-22.93094254,3985.05994,4148.705366,1564
38.88,-121.05,16.676729,29,115.8524502,124.8862831,-19.45288849,3929.300284,4090.556011,342
37.87,-122.25,16.815744,83,115.3725829,124.3689972,-8.681152344,3935.24515,4096.755656,80
39.7,-122.88,18.00329,66,111.5025297,120.1971686,69.20287323,3985.05994,4148.705366,1503
46.58,-119.52,9.7773581,63,151.3038218,163.1020483,-38.76895523,3594.406856,3741.310007,1366
46.35,-119.27,9.5389538,52,153.1828997,165.1276512,-41.72725677,3580.981887,3727.309682,1208
46.35,-119.27,9.5389538,41,153.1828997,165.1276512,-41.72725677,3580.981887,3727.309682,1208
46.35,-119.27,9.5389538,47,153.1828997,165.1276512,-41.72725677,3580.981887,3727.309682,1208
39.7,-122.8,18.00329,48,111.5025297,120.1971686,69.20287323,3985.05994,4148.705366,1520
39.43,-123.73,18.287436,83,110.632888,119.2597148,27.30547905,3996.733413,4160.879131,91
37.1,-119.38,16.19442,32,117.5649761,126.7323467,135.9580841,3908.480192,4068.843628,43
39.38,-119.63,16.215477,115,117.4886178,126.6500343,42.94220352,3909.395591,4069.798259,847
37.45,-122.17,16.364212,91,116.9534696,126.0731568,-1.091421843,3915.844614,4076.523669,158
40.23,-120.8,17.370102,79,113.5166261,122.3683183,47.54650497,3958.710902,4121.227083,2091
37.32,-122.12,16.215477,92,117.4886178,126.6500343,-1.091421843,3909.395591,4069.798259,45
38.88,-119.58,16.215477,96,117.4886178,126.6500343,20.78467941,3909.395591,4069.798259,467
46.54,-122.84,9.6252508,35,152.4946585,164.385743,-35.00421906,3585.860591,3732.397473,157
46.43,-119.78,9.543684,59,153.1449335,165.0867244,24.76720619,3581.249874,3727.589154,1139
46.43,-119.78,9.543684,57,153.1449335,165.0867244,24.76720619,3581.249874,3727.589154,1139
37.1,-119.73,16.19442,25,117.5649761,126.7323467,27.38141632,3908.480192,4068.843628,43
39.4,-120.88,16.815744,28,115.3725829,124.3689972,26.55622482,3935.24515,4096.755656,873
37.48,-122.13,16.364212,94,116.9534696,126.0731568,-1.091421843,3915.844614,4076.523669,25
37.17,-120.07,16.19442,18,117.5649761,126.7323467,55.00428009,3908.480192,4068.843628,43
39.25,-119.67,16.215477,82,117.4886178,126.6500343,25.26992607,3909.395591,4069.798259,857
46.53,-122.81,9.6252508,32,152.4946585,164.385743,-35.00421906,3585.860591,3732.397473,181
46.54,-122.82,9.6252508,37,152.4946585,164.385743,-35.00421906,3585.860591,3732.397473,162
46.53,-122.81,9.6252508,35,152.4946585,164.385743,-35.00421906,3585.860591,3732.397473,181
37.45,-122.03,16.215477,84,117.4886178,126.6500343,-8.995250702,3909.395591,4069.798259,22
37.8,-121.58,16.215477,40,117.4886178,126.6500343,-50.0063324,3909.395591,4069.798259,-3
39.3,-119.65,16.215477,292,117.4886178,126.6500343,25.26992607,3909.395591,4069.798259,858
46.42,-119.59,9.543684,56,153.1449335,165.0867244,15.14950943,3581.249874,3727.589154,1177
39.47,-119.63,16.215477,87,117.4886178,126.6500343,-7.161396027,3909.395591,4069.798259,1233
39.57,-123.12,18.100437,75,111.202904,119.8741791,-2.564104795,3989.061292,4152.878205,925
38.93,-119.07,16.215477,77,117.4886178,126.6500343,-32.75069046,3909.395591,4069.798259,404
38.93,-119.07,16.215477,77,117.4886178,126.6500343,-32.75069046,3909.395591,4069.798259,404
45.98,-121.62,9.5455904,74,153.12964,165.0702385,10.58870697,3581.357861,3727.70177,907
46.1,-121.7,9.5399418,66,153.1749673,165.1191003,25.17150688,3581.037867,3727.368062,998
46,-121.89,9.5455904,61,153.12964,165.0702385,18.4821701,3581.357861,3727.70177,922
45.41,-121.82,9.5483627,100,153.1074083,165.0462732,22.76212502,3581.514878,3727.865515,971
45.37,-121.82,9.5483627,98,153.1074083,165.0462732,41.99193954,3581.514878,3727.865515,870
45.39,-121.81,9.5483627,133,153.1074083,165.0462732,41.99193954,3581.514878,3727.865515,902
45.39,-121.86,9.5483627,87,153.1074083,165.0462732,-11.65816784,3581.514878,3727.865515,660
45.34,-121.92,9.5414743,65,153.1626658,165.1058395,-11.65816784,3581.124693,3727.458608,503
45.5,-121.56,9.5407829,91,153.1682153,165.1118218,27.73752022,3581.085522,3727.417758,610
45.28,-121.84,9.5414743,66,153.1626658,165.1058395,41.99193954,3581.124693,3727.458608,1095
45.33,-121.71,9.5414743,371,153.1626658,165.1058395,91.14661407,3581.124693,3727.458608,1804
45.3,-121.77,9.5414743,92,153.1626658,165.1058395,41.99193954,3581.124693,3727.458608,1176
38.84,-121.84,17.088528,26,114.4480327,123.3723533,-18.61419868,3946.839549,4108.846958,6
39.46,-121.99,17.580811,32,112.8343175,121.6328054,-0.248731673,3967.531719,4130.425936,27
45.46,-121.65,9.5407829,56,153.1682153,165.1118218,40.6076355,3581.085522,3727.417758,900
45.42,-121.77,9.5483627,134,153.1074083,165.0462732,22.76212502,3581.514878,3727.865515,952
45.33,-121.66,9.5414743,153,153.1626658,165.1058395,91.14661407,3581.124693,3727.458608,1640
42.97,-119.25,8.5979795,71,161.3475801,173.9289894,19.99212456,3526.280901,3670.264369,1772
42.56,-119.04,18.00329,62,111.5025297,120.1971686,-24.32952118,3985.05994,4148.705366,1688
42.56,-119.07,18.00329,53,111.5025297,120.1971686,-4.324602127,3985.05994,4148.705366,1688
42.64,-119.09,8.7200031,44,160.214692,172.707762,-15.3409605,3533.537798,3677.832275,1796
42.7,-119.06,8.7200031,52,160.214692,172.707762,-15.3409605,3533.537798,3677.832275,1658
42.7,-119.12,8.7200031,46,160.214692,172.707762,-15.3409605,3533.537798,3677.832275,1658
43.38,-119,9.5350513,71,153.2142438,165.1614394,-12.42782593,3580.760743,3727.079061,1322
40.65,-119.36,16.676729,125,115.8524502,124.8862831,-27.88883018,3929.300284,4090.556011,1753
40.85,-119.3,16.815744,125,115.3725829,124.3689972,-26.55411148,3935.24515,4096.755656,1481
40.43,-119.23,16.364212,89,116.9534696,126.0731568,59.04402542,3915.844614,4076.523669,1735
39.82,-119.81,16.364212,104,116.9534696,126.0731568,4.499360085,3915.844614,4076.523669,1288
39.08,-119.63,16.215477,85,117.4886178,126.6500343,25.65934181,3909.395591,4069.798259,639
39.84,-119.48,16.215477,90,117.4886178,126.6500343,14.75334167,3909.395591,4069.798259,1459
39.82,-119.91,16.524179,23,116.3859923,125.4614292,14.08341789,3922.74802,4083.722935,1288
41.58,-119.83,18.00329,79,111.5025297,120.1971686,9.021509171,3985.05994,4148.705366,1526
41.58,-119.75,17.580811,71,112.8343175,121.6328054,11.7555666,3967.531719,4130.425936,1526
41.66,-119.81,18.00329,66,111.5025297,120.1971686,-2.914054632,3985.05994,4148.705366,1521
39.3,-119.77,16.215477,104,117.4886178,126.6500343,-21.98574066,3909.395591,4069.798259,858
40.93,-119.01,16.676729,79,115.8524502,124.8862831,-21.24578857,3929.300284,4090.556011,1637
40.91,-119.09,16.676729,62,115.8524502,124.8862831,-48.21202087,3929.300284,4090.556011,1424
40.73,-119.27,16.676729,42,115.8524502,124.8862831,-20.22464371,3929.300284,4090.556011,1942
40.75,-119.24,16.676729,42,115.8524502,124.8862831,-20.22464371,3929.300284,4090.556011,2002
40.83,-119.2,16.676729,117,115.8524502,124.8862831,-20.22464371,3929.300284,4090.556011,1591
40.79,-119.19,16.676729,75,115.8524502,124.8862831,-20.22464371,3929.300284,4090.556011,1758
40.85,-119.05,16.524179,209,116.3859923,125.4614292,-21.24578857,3922.74802,4083.722935,1481
40.65,-119.35,16.676729,650,115.8524502,124.8862831,-27.88883018,3929.300284,4090.556011,1753
40.71,-119.29,16.676729,70,115.8524502,124.8862831,-1.788173914,3929.300284,4090.556011,1765
40.77,-119.25,16.676729,65,115.8524502,124.8862831,-20.22464371,3929.300284,4090.556011,1842
40.77,-119.22,16.676729,60,115.8524502,124.8862831,-20.22464371,3929.300284,4090.556011,1842
40.77,-119.18,16.676729,89,115.8524502,124.8862831,-20.22464371,3929.300284,4090.556011,1842
40.82,-119.17,16.676729,93,115.8524502,124.8862831,-13.53714085,3929.300284,4090.556011,1638
40.84,-119.14,16.676729,107,115.8524502,124.8862831,-13.53714085,3929.300284,4090.556011,1556
40.8,-119.13,16.676729,66,115.8524502,124.8862831,-13.53714085,3929.300284,4090.556011,1683
54.91,-132.13,9.9456406,76,150.0183133,161.7162997,7.125473976,3603.78484,3751.089905,65
54.91,-132.13,9.9456406,69,150.0183133,161.7162997,7.125473976,3603.78484,3751.089905,65
54.91,-132.13,9.9456406,82,150.0183133,161.7162997,7.125473976,3603.78484,3751.089905,65
54.78,-132.05,9.9456406,46,150.0183133,161.7162997,9.265666962,3603.78484,3751.089905,87
37.74,-122.1,16.524179,83,116.3859923,125.4614292,-1.091421843,3922.74802,4083.722935,31
37.54,-122.1,16.364212,96,116.9534696,126.0731568,-1.091421843,3915.844614,4076.523669,31
37.61,-121.97,16.364212,80,116.9534696,126.0731568,11.69815731,3915.844614,4076.523669,204
37.62,-121.98,16.364212,80,116.9534696,126.0731568,-8.995250702,3915.844614,4076.523669,113
42.02,-123.84,8.7200031,46,160.214692,172.707762,26.96927261,3533.537798,3677.832275,1078
42.49,-123.38,8.1746902,35,165.4721872,178.3752212,-10.87535667,3500.69953,3643.586653,358
40.51,-122.61,17.755274,41,112.278595,121.0337493,-12.46913433,3974.795262,4138.000773,518
41.68,-121.12,17.755274,55,112.278595,121.0337493,3.587082863,3974.795262,4138.000773,1436
41.65,-121.12,18.100437,82,111.202904,119.8741791,-2.16358757,3989.061292,4152.878205,1416
41.7,-121.34,17.755274,302,112.278595,121.0337493,2.494198561,3974.795262,4138.000773,1279
41.65,-121.06,18.100437,64,111.202904,119.8741791,-2.16358757,3989.061292,4152.878205,1488
41.56,-121.12,18.100437,146,111.202904,119.8741791,-2.16358757,3989.061292,4152.878205,1445
37.17,-127.6,33.400661,56,81.86214652,88.24551567,-24.45638275,4522.765674,4709.455632,-4658
39.42,-127.55,25.494421,57,93.69967453,101.0060993,-17.75083542,4267.220012,4442.958013,-4269
41.05,-130.12,5.4735184,41,202.2215188,217.9901574,-11.58354759,3318.84431,3453.937638,-3314
45.36,-121.94,9.5483627,77,153.1074083,165.0462732,-11.65816784,3581.514878,3727.865515,575
45.4,-121.81,9.5483627,113,153.1074083,165.0462732,22.76212502,3581.514878,3727.865515,941
45.4,-121.81,9.5483627,118,153.1074083,165.0462732,22.76212502,3581.514878,3727.865515,941
45.4,-121.81,9.5483627,128,153.1074083,165.0462732,22.76212502,3581.514878,3727.865515,941
45.32,-121.8,9.5414743,36,153.1626658,165.1058395,41.99193954,3581.124693,3727.458608,1046
45.41,-121.82,9.5483627,100,153.1074083,165.0462732,22.76212502,3581.514878,3727.865515,971
45.37,-121.82,9.5483627,98,153.1074083,165.0462732,41.99193954,3581.514878,3727.865515,870
45.39,-121.81,9.5483627,100,153.1074083,165.0462732,41.99193954,3581.514878,3727.865515,902
45.39,-121.81,9.5483627,96,153.1074083,165.0462732,41.99193954,3581.514878,3727.865515,902
45.39,-121.81,9.5483627,96,153.1074083,165.0462732,41.99193954,3581.514878,3727.865515,902
45.39,-121.81,9.5483627,133,153.1074083,165.0462732,41.99193954,3581.514878,3727.865515,902
45.39,-121.86,9.5483627,87,153.1074083,165.0462732,-11.65816784,3581.514878,3727.865515,660
45.28,-121.74,9.5414743,94,153.1626658,165.1058395,91.14661407,3581.124693,3727.458608,1144
45.31,-121.83,9.5414743,61,153.1626658,165.1058395,41.99193954,3581.124693,3727.458608,831
45.34,-121.92,9.5414743,65,153.1626658,165.1058395,-11.65816784,3581.124693,3727.458608,503
45.5,-121.56,9.5407829,91,153.1682153,165.1118218,27.73752022,3581.085522,3727.417758,610
45.28,-121.84,9.5414743,66,153.1626658,165.1058395,41.99193954,3581.124693,3727.458608,1095
45.33,-121.71,9.5414743,371,153.1626658,165.1058395,91.14661407,3581.124693,3727.458608,1804
45.39,-122.32,9.5483627,50,153.1074083,165.0462732,-41.43912506,3581.514878,3727.865515,226
45.3,-121.77,9.5414743,92,153.1626658,165.1058395,41.99193954,3581.124693,3727.458608,1176
45.3,-121.77,9.5414743,51,153.1626658,165.1058395,41.99193954,3581.124693,3727.458608,1176
45.44,-121.72,9.5483627,41,153.1074083,165.0462732,40.6076355,3581.514878,3727.865515,1333
45.44,-121.72,9.5483627,46,153.1074083,165.0462732,40.6076355,3581.514878,3727.865515,1333
45.46,-121.65,9.5407829,38,153.1682153,165.1118218,40.6076355,3581.085522,3727.417758,900
45.46,-121.65,9.5407829,56,153.1682153,165.1118218,40.6076355,3581.085522,3727.417758,900
45.29,-121.71,9.5414743,72,153.1626658,165.1058395,91.14661407,3581.124693,3727.458608,1189
45.42,-121.77,9.5483627,105,153.1074083,165.0462732,22.76212502,3581.514878,3727.865515,952
45.42,-121.77,9.5483627,133,153.1074083,165.0462732,22.76212502,3581.514878,3727.865515,952
45.42,-121.77,9.5483627,134,153.1074083,165.0462732,22.76212502,3581.514878,3727.865515,952
45.33,-121.66,9.5414743,153,153.1626658,165.1058395,91.14661407,3581.124693,3727.458608,1640
45.33,-121.66,9.5414743,91,153.1626658,165.1058395,91.14661407,3581.124693,3727.458608,1640
45.33,-121.66,9.5414743,138,153.1626658,165.1058395,91.14661407,3581.124693,3727.458608,1640
45.32,-121.72,9.5414743,111,153.1626658,165.1058395,91.14661407,3581.124693,3727.458608,1577
45.32,-121.72,9.5414743,120,153.1626658,165.1058395,91.14661407,3581.124693,3727.458608,1577
45.31,-121.68,9.5414743,24,153.1626658,165.1058395,91.14661407,3581.124693,3727.458608,1390
45.31,-121.68,9.5414743,114,153.1626658,165.1058395,91.14661407,3581.124693,3727.458608,1390
48.46,-128.71,0.59159386,8210,615.1043949,663.0684244,-10.74924183,2769.202986,2880.740257,-2447
48.46,-128.71,0.59159386,7660,615.1043949,663.0684244,-10.74924183,2769.202986,2880.740257,-2447
48.46,-128.71,0.59159386,6040,615.1043949,663.0684244,-10.74924183,2769.202986,2880.740257,-2447
48.46,-128.71,0.59159386,8840,615.1043949,663.0684244,-10.74924183,2769.202986,2880.740257,-2447
48.46,-128.71,0.59159386,2770,615.1043949,663.0684244,-10.74924183,2769.202986,2880.740257,-2447
48.46,-128.71,0.59159386,8020,615.1043949,663.0684244,-10.74924183,2769.202986,2880.740257,-2447
48.46,-128.71,0.59159386,14070,615.1043949,663.0684244,-10.74924183,2769.202986,2880.740257,-2447
48.46,-128.71,0.59159386,13540,615.1043949,663.0684244,-10.74924183,2769.202986,2880.740257,-2447
48.46,-128.71,0.59159386,1500,615.1043949,663.0684244,-10.74924183,2769.202986,2880.740257,-2447
48.46,-128.71,0.59159386,6170,615.1043949,663.0684244,-10.74924183,2769.202986,2880.740257,-2447
48.45,-128.71,0.59159386,7000,615.1043949,663.0684244,-10.74924183,2769.202986,2880.740257,-2455
48.46,-128.71,0.59159386,11780,615.1043949,663.0684244,-10.74924183,2769.202986,2880.740257,-2447
48.43,-128.68,0.79336768,2090,531.1576085,572.5757148,-10.74924183,2811.749163,2925.109842,-2481
48.43,-128.68,0.79336768,4080,531.1576085,572.5757148,-10.74924183,2811.749163,2925.109842,-2481
48.43,-128.68,0.79336768,290,531.1576085,572.5757148,-10.74924183,2811.749163,2925.109842,-2481
48.43,-128.68,0.79336768,2490,531.1576085,572.5757148,-10.74924183,2811.749163,2925.109842,-2481
48.43,-128.68,0.79336768,2390,531.1576085,572.5757148,-10.74924183,2811.749163,2925.109842,-2481
48.46,-128.71,0.59159386,6980,615.1043949,663.0684244,-10.74924183,2769.202986,2880.740257,-2447
48.46,-128.71,0.59159386,14660,615.1043949,663.0684244,-10.74924183,2769.202986,2880.740257,-2447
48.46,-128.71,0.59159386,8000,615.1043949,663.0684244,-10.74924183,2769.202986,2880.740257,-2447
48.46,-128.71,0.59159386,9410,615.1043949,663.0684244,-10.74924183,2769.202986,2880.740257,-2447
48.49,-128.71,0.59159386,10450,615.1043949,663.0684244,-10.74924183,2769.202986,2880.740257,-2463
48.46,-128.71,0.59159386,5580,615.1043949,663.0684244,-10.74924183,2769.202986,2880.740257,-2447
48.43,-128.68,0.79336768,3180,531.1576085,572.5757148,-10.74924183,2811.749163,2925.109842,-2481
48.43,-128.68,0.79336768,1520,531.1576085,572.5757148,-10.74924183,2811.749163,2925.109842,-2481
48.43,-128.68,0.79336768,2390,531.1576085,572.5757148,-10.74924183,2811.749163,2925.109842,-2481
48.46,-128.7,0.59159386,1050,615.1043949,663.0684244,-10.74924183,2769.202986,2880.740257,-2455
48.46,-128.71,0.59159386,920,615.1043949,663.0684244,-10.74924183,2769.202986,2880.740257,-2447
48.46,-128.71,0.59159386,1090,615.1043949,663.0684244,-10.74924183,2769.202986,2880.740257,-2447
48.46,-128.71,0.59159386,1370,615.1043949,663.0684244,-10.74924183,2769.202986,2880.740257,-2447
48.46,-128.71,0.59159386,1570,615.1043949,663.0684244,-10.74924183,2769.202986,2880.740257,-2447
48.46,-128.71,0.59159386,2260,615.1043949,663.0684244,-10.74924183,2769.202986,2880.740257,-2447
48.46,-128.71,0.59159386,2910,615.1043949,663.0684244,-10.74924183,2769.202986,2880.740257,-2447
48.46,-128.71,0.59159386,9310,615.1043949,663.0684244,-10.74924183,2769.202986,2880.740257,-2447
48.46,-128.71,0.59159386,7750,615.1043949,663.0684244,-10.74924183,2769.202986,2880.740257,-2447
48.46,-128.71,0.59159386,8320,615.1043949,663.0684244,-10.74924183,2769.202986,2880.740257,-2447
48.46,-128.71,0.59159386,530,615.1043949,663.0684244,-10.74924183,2769.202986,2880.740257,-2447
48.45,-128.71,0.59159386,4100,615.1043949,663.0684244,-10.74924183,2769.202986,2880.740257,-2455
48.45,-128.71,0.59159386,1420,615.1043949,663.0684244,-10.74924183,2769.202986,2880.740257,-2455
48.45,-128.71,0.59159386,1010,615.1043949,663.0684244,-10.74924183,2769.202986,2880.740257,-2455
48.45,-128.71,0.59159386,890,615.1043949,663.0684244,-10.74924183,2769.202986,2880.740257,-2455
48.45,-128.71,0.59159386,830,615.1043949,663.0684244,-10.74924183,2769.202986,2880.740257,-2455
48.45,-128.71,0.59159386,940,615.1043949,663.0684244,-10.74924183,2769.202986,2880.740257,-2455
48.45,-128.71,0.59159386,1150,615.1043949,663.0684244,-10.74924183,2769.202986,2880.740257,-2455
48.45,-128.71,0.59159386,1310,615.1043949,663.0684244,-10.74924183,2769.202986,2880.740257,-2455
48.45,-128.71,0.59159386,1910,615.1043949,663.0684244,-10.74924183,2769.202986,2880.740257,-2455
48.45,-128.71,0.59159386,3130,615.1043949,663.0684244,-10.74924183,2769.202986,2880.740257,-2455
48.46,-128.71,0.59159386,7530,615.1043949,663.0684244,-10.74924183,2769.202986,2880.740257,-2447
48.46,-128.71,0.59159386,10310,615.1043949,663.0684244,-10.74924183,2769.202986,2880.740257,-2447
48.45,-128.71,0.59159386,890,615.1043949,663.0684244,-10.74924183,2769.202986,2880.740257,-2455
48.45,-128.71,0.59159386,950,615.1043949,663.0684244,-10.74924183,2769.202986,2880.740257,-2455
48.45,-128.71,0.59159386,1050,615.1043949,663.0684244,-10.74924183,2769.202986,2880.740257,-2455
48.45,-128.71,0.59159386,1320,615.1043949,663.0684244,-10.74924183,2769.202986,2880.740257,-2455
48.45,-128.71,0.59159386,4310,615.1043949,663.0684244,-10.74924183,2769.202986,2880.740257,-2455
48.46,-128.71,0.59159386,12950,615.1043949,663.0684244,-10.74924183,2769.202986,2880.740257,-2447
48.46,-128.71,0.59159386,8750,615.1043949,663.0684244,-10.74924183,2769.202986,2880.740257,-2447
48.46,-128.71,0.59159386,3800,615.1043949,663.0684244,-10.74924183,2769.202986,2880.740257,-2447
48.46,-128.71,0.59159386,4240,615.1043949,663.0684244,-10.74924183,2769.202986,2880.740257,-2447
48.46,-128.71,0.59159386,2770,615.1043949,663.0684244,-10.74924183,2769.202986,2880.740257,-2447
48.46,-128.71,0.59159386,1630,615.1043949,663.0684244,-10.74924183,2769.202986,2880.740257,-2447
48.46,-128.71,0.59159386,1620,615.1043949,663.0684244,-10.74924183,2769.202986,2880.740257,-2447
48.46,-128.7,0.59159386,1080,615.1043949,663.0684244,-10.74924183,2769.202986,2880.740257,-2455
48.46,-128.7,0.59159386,1030,615.1043949,663.0684244,-10.74924183,2769.202986,2880.740257,-2455
48.46,-128.7,0.59159386,1020,615.1043949,663.0684244,-10.74924183,2769.202986,2880.740257,-2455
48.45,-128.72,0.59159386,840,615.1043949,663.0684244,-10.74924183,2769.202986,2880.740257,-2447
48.45,-128.71,0.59159386,930,615.1043949,663.0684244,-10.74924183,2769.202986,2880.740257,-2455
48.46,-128.71,0.59159386,1530,615.1043949,663.0684244,-10.74924183,2769.202986,2880.740257,-2447
48.46,-128.71,0.59159386,1230,615.1043949,663.0684244,-10.74924183,2769.202986,2880.740257,-2447
48.45,-128.71,0.59159386,1390,615.1043949,663.0684244,-10.74924183,2769.202986,2880.740257,-2455
48.46,-128.71,0.59159386,1310,615.1043949,663.0684244,-10.74924183,2769.202986,2880.740257,-2447
48.45,-128.71,0.59159386,2520,615.1043949,663.0684244,-10.74924183,2769.202986,2880.740257,-2455
48.46,-128.71,0.59159386,2060,615.1043949,663.0684244,-10.74924183,2769.202986,2880.740257,-2447
48.46,-128.71,0.59159386,2060,615.1043949,663.0684244,-10.74924183,2769.202986,2880.740257,-2447
48.45,-128.7,0.59159386,1420,615.1043949,663.0684244,-10.74924183,2769.202986,2880.740257,-2461
48.46,-128.71,0.59159386,3210,615.1043949,663.0684244,-10.74924183,2769.202986,2880.740257,-2447
48.45,-128.7,0.59159386,1540,615.1043949,663.0684244,-10.74924183,2769.202986,2880.740257,-2461
48.46,-128.71,0.59159386,3240,615.1043949,663.0684244,-10.74924183,2769.202986,2880.740257,-2447
48.46,-128.71,0.59159386,2330,615.1043949,663.0684244,-10.74924183,2769.202986,2880.740257,-2447
48.46,-128.71,0.59159386,7400,615.1043949,663.0684244,-10.74924183,2769.202986,2880.740257,-2447
48.46,-128.71,0.59159386,3070,615.1043949,663.0684244,-10.74924183,2769.202986,2880.740257,-2447
48.46,-128.71,0.59159386,3480,615.1043949,663.0684244,-10.74924183,2769.202986,2880.740257,-2447
48.46,-128.71,0.59159386,3070,615.1043949,663.0684244,-10.74924183,2769.202986,2880.740257,-2447
48.46,-128.71,0.59159386,2640,615.1043949,663.0684244,-10.74924183,2769.202986,2880.740257,-2447
48.46,-128.71,0.59159386,1710,615.1043949,663.0684244,-10.74924183,2769.202986,2880.740257,-2447
48.46,-128.71,0.59159386,1980,615.1043949,663.0684244,-10.74924183,2769.202986,2880.740257,-2447
48.46,-128.71,0.59159386,1570,615.1043949,663.0684244,-10.74924183,2769.202986,2880.740257,-2447
48.46,-128.71,0.59159386,3600,615.1043949,663.0684244,-10.74924183,2769.202986,2880.740257,-2447
48.46,-128.71,0.59159386,1930,615.1043949,663.0684244,-10.74924183,2769.202986,2880.740257,-2447
48.46,-128.71,0.59159386,2150,615.1043949,663.0684244,-10.74924183,2769.202986,2880.740257,-2447
48.46,-128.71,0.59159386,2210,615.1043949,663.0684244,-10.74924183,2769.202986,2880.740257,-2447
48.45,-128.71,0.59159386,2850,615.1043949,663.0684244,-10.74924183,2769.202986,2880.740257,-2455
48.45,-128.71,0.59159386,2390,615.1043949,663.0684244,-10.74924183,2769.202986,2880.740257,-2455
48.45,-128.71,0.59159386,1100,615.1043949,663.0684244,-10.74924183,2769.202986,2880.740257,-2455
48.45,-128.71,0.59159386,910,615.1043949,663.0684244,-10.74924183,2769.202986,2880.740257,-2455
48.45,-128.71,0.59159386,940,615.1043949,663.0684244,-10.74924183,2769.202986,2880.740257,-2455
48.45,-128.71,0.59159386,1140,615.1043949,663.0684244,-10.74924183,2769.202986,2880.740257,-2455
48.45,-128.71,0.59159386,1230,615.1043949,663.0684244,-10.74924183,2769.202986,2880.740257,-2455
48.45,-128.71,0.59159386,2750,615.1043949,663.0684244,-10.74924183,2769.202986,2880.740257,-2455
48.45,-128.71,0.59159386,2660,615.1043949,663.0684244,-10.74924183,2769.202986,2880.740257,-2455
48.45,-128.71,0.59159386,2460,615.1043949,663.0684244,-10.74924183,2769.202986,2880.740257,-2455
48.45,-128.71,0.59159386,1510,615.1043949,663.0684244,-10.74924183,2769.202986,2880.740257,-2455
48.45,-128.7,0.59159386,1140,615.1043949,663.0684244,-10.74924183,2769.202986,2880.740257,-2461
48.45,-128.71,0.59159386,3090,615.1043949,663.0684244,-10.74924183,2769.202986,2880.740257,-2455
48.46,-128.71,0.59159386,7560,615.1043949,663.0684244,-10.74924183,2769.202986,2880.740257,-2447
48.46,-128.71,0.59159386,6870,615.1043949,663.0684244,-10.74924183,2769.202986,2880.740257,-2447
48.46,-128.71,0.59159386,1420,615.1043949,663.0684244,-10.74924183,2769.202986,2880.740257,-2447
48.46,-128.71,0.59159386,7150,615.1043949,663.0684244,-10.74924183,2769.202986,2880.740257,-2447
48.46,-128.71,0.59159386,8780,615.1043949,663.0684244,-10.74924183,2769.202986,2880.740257,-2447
48.46,-128.71,0.59159386,3260,615.1043949,663.0684244,-10.74924183,2769.202986,2880.740257,-2447
48.46,-128.71,0.59159386,3130,615.1043949,663.0684244,-10.74924183,2769.202986,2880.740257,-2447
48.46,-128.71,0.59159386,1390,615.1043949,663.0684244,-10.74924183,2769.202986,2880.740257,-2447
48.46,-128.71,0.59159386,980,615.1043949,663.0684244,-10.74924183,2769.202986,2880.740257,-2447
48.46,-128.71,0.59159386,1710,615.1043949,663.0684244,-10.74924183,2769.202986,2880.740257,-2447
48.46,-128.7,0.59159386,1450,615.1043949,663.0684244,-10.74924183,2769.202986,2880.740257,-2455
48.46,-128.71,0.59159386,1700,615.1043949,663.0684244,-10.74924183,2769.202986,2880.740257,-2447
48.46,-128.7,0.59159386,1380,615.1043949,663.0684244,-10.74924183,2769.202986,2880.740257,-2455
48.46,-128.71,0.59159386,3450,615.1043949,663.0684244,-10.74924183,2769.202986,2880.740257,-2447
48.46,-128.71,0.59159386,1380,615.1043949,663.0684244,-10.74924183,2769.202986,2880.740257,-2447
48.46,-128.71,0.59159386,4180,615.1043949,663.0684244,-10.74924183,2769.202986,2880.740257,-2447
48.46,-128.71,0.59159386,9590,615.1043949,663.0684244,-10.74924183,2769.202986,2880.740257,-2447
48.46,-128.71,0.59159386,1500,615.1043949,663.0684244,-10.74924183,2769.202986,2880.740257,-2447
48.46,-128.71,0.59159386,7570,615.1043949,663.0684244,-10.74924183,2769.202986,2880.740257,-2447
48.46,-128.71,0.59159386,2050,615.1043949,663.0684244,-10.74924183,2769.202986,2880.740257,-2447
48.46,-128.71,0.59159386,2030,615.1043949,663.0684244,-10.74924183,2769.202986,2880.740257,-2447
48.46,-128.71,0.59159386,5150,615.1043949,663.0684244,-10.74924183,2769.202986,2880.740257,-2447
48.46,-128.71,0.59159386,1400,615.1043949,663.0684244,-10.74924183,2769.202986,2880.740257,-2447
48.46,-128.71,0.59159386,6070,615.1043949,663.0684244,-10.74924183,2769.202986,2880.740257,-2447
48.46,-128.72,0.59159386,1030,615.1043949,663.0684244,-10.74924183,2769.202986,2880.740257,-2447
48.46,-128.71,0.59159386,3390,615.1043949,663.0684244,-10.74924183,2769.202986,2880.740257,-2447
48.46,-128.72,0.59159386,710,615.1043949,663.0684244,-10.74924183,2769.202986,2880.740257,-2447
48.46,-128.71,0.59159386,2300,615.1043949,663.0684244,-10.74924183,2769.202986,2880.740257,-2447
48.46,-128.71,0.59159386,860,615.1043949,663.0684244,-10.74924183,2769.202986,2880.740257,-2447
48.46,-128.71,0.59159386,2080,615.1043949,663.0684244,-10.74924183,2769.202986,2880.740257,-2447
48.46,-128.72,0.59159386,960,615.1043949,663.0684244,-10.74924183,2769.202986,2880.740257,-2447
48.46,-128.71,0.59159386,10360,615.1043949,663.0684244,-10.74924183,2769.202986,2880.740257,-2447
48.46,-128.71,0.59159386,1240,615.1043949,663.0684244,-10.74924183,2769.202986,2880.740257,-2447
48.46,-128.71,0.59159386,11540,615.1043949,663.0684244,-10.74924183,2769.202986,2880.740257,-2447
48.46,-128.71,0.59159386,2240,615.1043949,663.0684244,-10.74924183,2769.202986,2880.740257,-2447
48.46,-128.71,0.59159386,3660,615.1043949,663.0684244,-10.74924183,2769.202986,2880.740257,-2447
48.46,-128.71,0.59159386,13340,615.1043949,663.0684244,-10.74924183,2769.202986,2880.740257,-2447
48.46,-128.71,0.59159386,4920,615.1043949,663.0684244,-10.74924183,2769.202986,2880.740257,-2447
48.45,-128.71,0.59159386,6690,615.1043949,663.0684244,-10.74924183,2769.202986,2880.740257,-2455
48.46,-128.71,0.59159386,1690,615.1043949,663.0684244,-10.74924183,2769.202986,2880.740257,-2447
48.45,-128.71,0.59159386,1800,615.1043949,663.0684244,-10.74924183,2769.202986,2880.740257,-2455
48.46,-128.7,0.59159386,1160,615.1043949,663.0684244,-10.74924183,2769.202986,2880.740257,-2455
48.45,-128.71,0.59159386,1280,615.1043949,663.0684244,-10.74924183,2769.202986,2880.740257,-2455
48.46,-128.7,0.59159386,890,615.1043949,663.0684244,-10.74924183,2769.202986,2880.740257,-2455
48.45,-128.71,0.59159386,1060,615.1043949,663.0684244,-10.74924183,2769.202986,2880.740257,-2455
48.46,-128.7,0.59159386,740,615.1043949,663.0684244,-10.74924183,2769.202986,2880.740257,-2455
48.45,-128.71,0.59159386,1310,615.1043949,663.0684244,-10.74924183,2769.202986,2880.740257,-2455
48.46,-128.7,0.59159386,790,615.1043949,663.0684244,-10.74924183,2769.202986,2880.740257,-2455
48.45,-128.71,0.59159386,3940,615.1043949,663.0684244,-10.74924183,2769.202986,2880.740257,-2455
48.46,-128.7,0.59159386,840,615.1043949,663.0684244,-10.74924183,2769.202986,2880.740257,-2455
48.46,-128.71,0.59159386,6920,615.1043949,663.0684244,-10.74924183,2769.202986,2880.740257,-2447
48.46,-128.7,0.59159386,890,615.1043949,663.0684244,-10.74924183,2769.202986,2880.740257,-2455
48.46,-128.71,0.59159386,9510,615.1043949,663.0684244,-10.74924183,2769.202986,2880.740257,-2447
48.46,-128.7,0.59159386,1140,615.1043949,663.0684244,-10.74924183,2769.202986,2880.740257,-2455
48.46,-128.71,0.59159386,8430,615.1043949,663.0684244,-10.74924183,2769.202986,2880.740257,-2447
48.46,-128.71,0.59159386,1370,615.1043949,663.0684244,-10.74924183,2769.202986,2880.740257,-2447
48.46,-128.71,0.59159386,12380,615.1043949,663.0684244,-10.74924183,2769.202986,2880.740257,-2447
48.46,-128.71,0.59159386,2500,615.1043949,663.0684244,-10.74924183,2769.202986,2880.740257,-2447
48.46,-128.7,0.59159386,1380,615.1043949,663.0684244,-10.74924183,2769.202986,2880.740257,-2455
48.46,-128.71,0.59159386,2360,615.1043949,663.0684244,-10.74924183,2769.202986,2880.740257,-2447
48.46,-128.7,0.59159386,1080,615.1043949,663.0684244,-10.74924183,2769.202986,2880.740257,-2455
48.46,-128.71,0.59159386,3310,615.1043949,663.0684244,-10.74924183,2769.202986,2880.740257,-2447
48.46,-128.7,0.59159386,1040,615.1043949,663.0684244,-10.74924183,2769.202986,2880.740257,-2455
48.46,-128.7,0.59159386,1150,615.1043949,663.0684244,-10.74924183,2769.202986,2880.740257,-2455
48.46,-128.71,0.59159386,1690,615.1043949,663.0684244,-10.74924183,2769.202986,2880.740257,-2447
48.45,-128.71,0.59159386,1480,615.1043949,663.0684244,-10.74924183,2769.202986,2880.740257,-2455
48.45,-128.71,0.59159386,1880,615.1043949,663.0684244,-10.74924183,2769.202986,2880.740257,-2455
48.46,-128.71,0.59159386,13190,615.1043949,663.0684244,-10.74924183,2769.202986,2880.740257,-2447
48.46,-128.71,0.59159386,14240,615.1043949,663.0684244,-10.74924183,2769.202986,2880.740257,-2447
48.46,-128.71,0.59159386,1740,615.1043949,663.0684244,-10.74924183,2769.202986,2880.740257,-2447
48.46,-128.71,0.59159386,1300,615.1043949,663.0684244,-10.74924183,2769.202986,2880.740257,-2447
48.46,-128.71,0.59159386,1970,615.1043949,663.0684244,-10.74924183,2769.202986,2880.740257,-2447
48.46,-128.71,0.59159386,2950,615.1043949,663.0684244,-10.74924183,2769.202986,2880.740257,-2447
48.46,-128.71,0.59159386,2480,615.1043949,663.0684244,-10.74924183,2769.202986,2880.740257,-2447
48.45,-128.71,0.59159386,2630,615.1043949,663.0684244,-10.74924183,2769.202986,2880.740257,-2455
48.46,-128.71,0.59159386,9940,615.1043949,663.0684244,-10.74924183,2769.202986,2880.740257,-2447
48.45,-128.71,0.59159386,1250,615.1043949,663.0684244,-10.74924183,2769.202986,2880.740257,-2455
48.46,-128.71,0.59159386,3750,615.1043949,663.0684244,-10.74924183,2769.202986,2880.740257,-2447
48.45,-128.71,0.59159386,990,615.1043949,663.0684244,-10.74924183,2769.202986,2880.740257,-2455
48.46,-128.71,0.59159386,1930,615.1043949,663.0684244,-10.74924183,2769.202986,2880.740257,-2447
48.45,-128.71,0.59159386,1050,615.1043949,663.0684244,-10.74924183,2769.202986,2880.740257,-2455
48.46,-128.71,0.59159386,2210,615.1043949,663.0684244,-10.74924183,2769.202986,2880.740257,-2447
48.46,-128.71,0.59159386,1340,615.1043949,663.0684244,-10.74924183,2769.202986,2880.740257,-2447
48.46,-128.71,0.59159386,4550,615.1043949,663.0684244,-10.74924183,2769.202986,2880.740257,-2447
48.46,-128.71,0.59159386,7590,615.1043949,663.0684244,-10.74924183,2769.202986,2880.740257,-2447
48.46,-128.71,0.59159386,9960,615.1043949,663.0684244,-10.74924183,2769.202986,2880.740257,-2447
48.46,-128.71,0.59159386,2510,615.1043949,663.0684244,-10.74924183,2769.202986,2880.740257,-2447
48.45,-128.71,0.59159386,1780,615.1043949,663.0684244,-10.74924183,2769.202986,2880.740257,-2455
48.45,-128.71,0.59159386,1300,615.1043949,663.0684244,-10.74924183,2769.202986,2880.740257,-2455
48.45,-128.71,0.59159386,1190,615.1043949,663.0684244,-10.74924183,2769.202986,2880.740257,-2455
48.45,-128.71,0.59159386,1600,615.1043949,663.0684244,-10.74924183,2769.202986,2880.740257,-2455
48.45,-128.71,0.59159386,3540,615.1043949,663.0684244,-10.74924183,2769.202986,2880.740257,-2455
48.46,-128.71,0.59159386,9950,615.1043949,663.0684244,-10.74924183,2769.202986,2880.740257,-2447
48.46,-128.71,0.59159386,9130,615.1043949,663.0684244,-10.74924183,2769.202986,2880.740257,-2447
48.45,-128.71,0.59159386,7750,615.1043949,663.0684244,-10.74924183,2769.202986,2880.740257,-2455
48.45,-128.71,0.59159386,2070,615.1043949,663.0684244,-10.74924183,2769.202986,2880.740257,-2455
48.45,-128.71,0.59159386,1400,615.1043949,663.0684244,-10.74924183,2769.202986,2880.740257,-2455
48.45,-128.71,0.59159386,1300,615.1043949,663.0684244,-10.74924183,2769.202986,2880.740257,-2455
48.45,-128.71,0.59159386,1150,615.1043949,663.0684244,-10.74924183,2769.202986,2880.740257,-2455
48.45,-128.71,0.59159386,2500,615.1043949,663.0684244,-10.74924183,2769.202986,2880.740257,-2455
48.46,-128.71,0.59159386,1680,615.1043949,663.0684244,-10.74924183,2769.202986,2880.740257,-2447
48.45,-128.71,0.59159386,3040,615.1043949,663.0684244,-10.74924183,2769.202986,2880.740257,-2455
48.46,-128.71,0.59159386,2050,615.1043949,663.0684244,-10.74924183,2769.202986,2880.740257,-2447
48.46,-128.71,0.59159386,6980,615.1043949,663.0684244,-10.74924183,2769.202986,2880.740257,-2447
48.44,-128.68,0.79336768,470,531.1576085,572.5757148,-10.74924183,2811.749163,2925.109842,-2473
48.43,-128.68,0.79336768,2170,531.1576085,572.5757148,-10.74924183,2811.749163,2925.109842,-2481
48.44,-128.69,0.79336768,460,531.1576085,572.5757148,-10.74924183,2811.749163,2925.109842,-2476
48.43,-128.68,0.79336768,1730,531.1576085,572.5757148,-10.74924183,2811.749163,2925.109842,-2481
48.44,-128.69,0.79336768,530,531.1576085,572.5757148,-10.74924183,2811.749163,2925.109842,-2476
48.43,-128.68,0.79336768,1620,531.1576085,572.5757148,-10.74924183,2811.749163,2925.109842,-2481
48.44,-128.69,0.79336768,60,531.1576085,572.5757148,-10.74924183,2811.749163,2925.109842,-2476
48.43,-128.68,0.79336768,3580,531.1576085,572.5757148,-10.74924183,2811.749163,2925.109842,-2481
48.44,-128.69,0.79336768,680,531.1576085,572.5757148,-10.74924183,2811.749163,2925.109842,-2476
48.43,-128.68,0.79336768,2560,531.1576085,572.5757148,-10.74924183,2811.749163,2925.109842,-2481
48.43,-128.69,0.79336768,840,531.1576085,572.5757148,-10.74924183,2811.749163,2925.109842,-2484
48.43,-128.68,0.79336768,1680,531.1576085,572.5757148,-10.74924183,2811.749163,2925.109842,-2481
48.43,-128.69,0.79336768,1050,531.1576085,572.5757148,-10.74924183,2811.749163,2925.109842,-2484
48.43,-128.68,0.79336768,1610,531.1576085,572.5757148,-10.74924183,2811.749163,2925.109842,-2481
48.43,-128.69,0.79336768,1300,531.1576085,572.5757148,-10.74924183,2811.749163,2925.109842,-2484
48.44,-128.68,0.79336768,780,531.1576085,572.5757148,-10.74924183,2811.749163,2925.109842,-2473
48.43,-128.69,0.79336768,1260,531.1576085,572.5757148,-10.74924183,2811.749163,2925.109842,-2484
48.43,-128.68,0.79336768,1400,531.1576085,572.5757148,-10.74924183,2811.749163,2925.109842,-2481
48.44,-128.68,0.79336768,550,531.1576085,572.5757148,-10.74924183,2811.749163,2925.109842,-2473
48.43,-128.68,0.79336768,1670,531.1576085,572.5757148,-10.74924183,2811.749163,2925.109842,-2481
48.44,-128.68,0.79336768,180,531.1576085,572.5757148,-10.74924183,2811.749163,2925.109842,-2473
48.43,-128.69,0.79336768,1370,531.1576085,572.5757148,-10.74924183,2811.749163,2925.109842,-2484
48.44,-128.68,0.79336768,530,531.1576085,572.5757148,-10.74924183,2811.749163,2925.109842,-2473
48.43,-128.68,0.79336768,1100,531.1576085,572.5757148,-10.74924183,2811.749163,2925.109842,-2481
48.44,-128.68,0.79336768,480,531.1576085,572.5757148,-10.74924183,2811.749163,2925.109842,-2473
48.43,-128.69,0.79336768,820,531.1576085,572.5757148,-10.74924183,2811.749163,2925.109842,-2484
48.44,-128.68,0.79336768,480,531.1576085,572.5757148,-10.74924183,2811.749163,2925.109842,-2473
48.44,-128.69,0.79336768,690,531.1576085,572.5757148,-10.74924183,2811.749163,2925.109842,-2476
48.44,-128.68,0.79336768,550,531.1576085,572.5757148,-10.74924183,2811.749163,2925.109842,-2473
48.44,-128.68,0.79336768,590,531.1576085,572.5757148,-10.74924183,2811.749163,2925.109842,-2473
48.44,-128.68,0.79336768,520,531.1576085,572.5757148,-10.74924183,2811.749163,2925.109842,-2473
48.44,-128.68,0.79336768,740,531.1576085,572.5757148,-10.74924183,2811.749163,2925.109842,-2473
48.44,-128.68,0.79336768,460,531.1576085,572.5757148,-10.74924183,2811.749163,2925.109842,-2473
48.43,-128.68,0.79336768,1470,531.1576085,572.5757148,-10.74924183,2811.749163,2925.109842,-2481
48.44,-128.68,0.79336768,470,531.1576085,572.5757148,-10.74924183,2811.749163,2925.109842,-2473
48.43,-128.68,0.79336768,1840,531.1576085,572.5757148,-10.74924183,2811.749163,2925.109842,-2481
48.44,-128.68,0.79336768,640,531.1576085,572.5757148,-10.74924183,2811.749163,2925.109842,-2473
48.43,-128.68,0.79336768,2150,531.1576085,572.5757148,-10.74924183,2811.749163,2925.109842,-2481
48.44,-128.68,0.79336768,910,531.1576085,572.5757148,-10.74924183,2811.749163,2925.109842,-2473
48.43,-128.68,0.79336768,1630,531.1576085,572.5757148,-10.74924183,2811.749163,2925.109842,-2481
48.44,-128.68,0.79336768,1070,531.1576085,572.5757148,-10.74924183,2811.749163,2925.109842,-2473
48.43,-128.68,0.79336768,1410,531.1576085,572.5757148,-10.74924183,2811.749163,2925.109842,-2481
48.44,-128.68,0.79336768,970,531.1576085,572.5757148,-10.74924183,2811.749163,2925.109842,-2473
48.43,-128.68,0.79336768,1220,531.1576085,572.5757148,-10.74924183,2811.749163,2925.109842,-2481
48.43,-128.68,0.79336768,1890,531.1576085,572.5757148,-10.74924183,2811.749163,2925.109842,-2481
48.43,-128.68,0.79336768,2600,531.1576085,572.5757148,-10.74924183,2811.749163,2925.109842,-2481
48.43,-128.68,0.79336768,1140,531.1576085,572.5757148,-10.74924183,2811.749163,2925.109842,-2481
48.43,-128.68,0.79336768,10530,531.1576085,572.5757148,-10.74924183,2811.749163,2925.109842,-2481
48.43,-128.68,0.79336768,1260,531.1576085,572.5757148,-10.74924183,2811.749163,2925.109842,-2481
48.43,-128.68,0.79336768,25680,531.1576085,572.5757148,-10.74924183,2811.749163,2925.109842,-2481
48.43,-128.68,0.79336768,1530,531.1576085,572.5757148,-10.74924183,2811.749163,2925.109842,-2481
48.43,-128.68,0.79336768,1750,531.1576085,572.5757148,-10.74924183,2811.749163,2925.109842,-2481
48.43,-128.68,0.79336768,4230,531.1576085,572.5757148,-10.74924183,2811.749163,2925.109842,-2481
48.43,-128.68,0.79336768,1560,531.1576085,572.5757148,-10.74924183,2811.749163,2925.109842,-2481
48.43,-128.68,0.79336768,3510,531.1576085,572.5757148,-10.74924183,2811.749163,2925.109842,-2481
48.44,-128.68,0.79336768,790,531.1576085,572.5757148,-10.74924183,2811.749163,2925.109842,-2473
48.43,-128.68,0.79336768,3920,531.1576085,572.5757148,-10.74924183,2811.749163,2925.109842,-2481
48.44,-128.68,0.79336768,780,531.1576085,572.5757148,-10.74924183,2811.749163,2925.109842,-2473
48.43,-128.68,0.79336768,7890,531.1576085,572.5757148,-10.74924183,2811.749163,2925.109842,-2481
48.44,-128.68,0.79336768,560,531.1576085,572.5757148,-10.74924183,2811.749163,2925.109842,-2473
48.44,-128.68,0.79336768,470,531.1576085,572.5757148,-10.74924183,2811.749163,2925.109842,-2473
48.43,-128.68,0.79336768,900,531.1576085,572.5757148,-10.74924183,2811.749163,2925.109842,-2481
48.43,-128.68,0.79336768,960,531.1576085,572.5757148,-10.74924183,2811.749163,2925.109842,-2481
48.43,-128.68,0.79336768,1010,531.1576085,572.5757148,-10.74924183,2811.749163,2925.109842,-2481
48.43,-128.68,0.79336768,1040,531.1576085,572.5757148,-10.74924183,2811.749163,2925.109842,-2481
48.43,-128.68,0.79336768,1150,531.1576085,572.5757148,-10.74924183,2811.749163,2925.109842,-2481
48.44,-128.68,0.79336768,2140,531.1576085,572.5757148,-10.74924183,2811.749163,2925.109842,-2473
48.44,-128.68,0.79336768,560,531.1576085,572.5757148,-10.74924183,2811.749163,2925.109842,-2473
48.44,-128.68,0.79336768,530,531.1576085,572.5757148,-10.74924183,2811.749163,2925.109842,-2473
48.44,-128.68,0.79336768,460,531.1576085,572.5757148,-10.74924183,2811.749163,2925.109842,-2473
48.43,-128.68,0.79336768,1590,531.1576085,572.5757148,-10.74924183,2811.749163,2925.109842,-2481
48.43,-128.68,0.79336768,2540,531.1576085,572.5757148,-10.74924183,2811.749163,2925.109842,-2481
48.43,-128.68,0.79336768,4910,531.1576085,572.5757148,-10.74924183,2811.749163,2925.109842,-2481
48.43,-128.68,0.79336768,3000,531.1576085,572.5757148,-10.74924183,2811.749163,2925.109842,-2481
48.43,-128.68,0.79336768,3850,531.1576085,572.5757148,-10.74924183,2811.749163,2925.109842,-2481
48.43,-128.68,0.79336768,3400,531.1576085,572.5757148,-10.74924183,2811.749163,2925.109842,-2481
48.43,-128.68,0.79336768,17550,531.1576085,572.5757148,-10.74924183,2811.749163,2925.109842,-2481
48.43,-128.68,0.79336768,3550,531.1576085,572.5757148,-10.74924183,2811.749163,2925.109842,-2481
48.42,-128.68,0.79336768,920,531.1576085,572.5757148,0.947541118,2811.749163,2925.109842,-2473
48.44,-128.68,0.79336768,920,531.1576085,572.5757148,-10.74924183,2811.749163,2925.109842,-2473
48.42,-128.68,0.79336768,660,531.1576085,572.5757148,0.947541118,2811.749163,2925.109842,-2473
48.44,-128.68,0.79336768,270,531.1576085,572.5757148,-10.74924183,2811.749163,2925.109842,-2473
48.42,-128.68,0.79336768,480,531.1576085,572.5757148,0.947541118,2811.749163,2925.109842,-2473
48.44,-128.68,0.79336768,800,531.1576085,572.5757148,-10.74924183,2811.749163,2925.109842,-2473
48.42,-128.68,0.79336768,920,531.1576085,572.5757148,0.947541118,2811.749163,2925.109842,-2473
48.44,-128.68,0.79336768,310,531.1576085,572.5757148,-10.74924183,2811.749163,2925.109842,-2473
48.43,-128.68,0.79336768,1160,531.1576085,572.5757148,-10.74924183,2811.749163,2925.109842,-2481
48.44,-128.68,0.79336768,650,531.1576085,572.5757148,-10.74924183,2811.749163,2925.109842,-2473
48.43,-128.68,0.79336768,2030,531.1576085,572.5757148,-10.74924183,2811.749163,2925.109842,-2481
48.44,-128.69,0.79336768,560,531.1576085,572.5757148,-10.74924183,2811.749163,2925.109842,-2476
48.43,-128.68,0.79336768,2030,531.1576085,572.5757148,-10.74924183,2811.749163,2925.109842,-2481
48.44,-128.68,0.79336768,800,531.1576085,572.5757148,-10.74924183,2811.749163,2925.109842,-2473
48.43,-128.68,0.79336768,1830,531.1576085,572.5757148,-10.74924183,2811.749163,2925.109842,-2481
48.44,-128.68,0.79336768,970,531.1576085,572.5757148,-10.74924183,2811.749163,2925.109842,-2473
48.43,-128.68,0.79336768,1690,531.1576085,572.5757148,-10.74924183,2811.749163,2925.109842,-2481
48.44,-128.68,0.79336768,790,531.1576085,572.5757148,-10.74924183,2811.749163,2925.109842,-2473
48.43,-128.68,0.79336768,1730,531.1576085,572.5757148,-10.74924183,2811.749163,2925.109842,-2481
48.44,-128.68,0.79336768,790,531.1576085,572.5757148,-10.74924183,2811.749163,2925.109842,-2473
48.43,-128.68,0.79336768,2950,531.1576085,572.5757148,-10.74924183,2811.749163,2925.109842,-2481
48.44,-128.68,0.79336768,1920,531.1576085,572.5757148,-10.74924183,2811.749163,2925.109842,-2473
48.43,-128.68,0.79336768,4340,531.1576085,572.5757148,-10.74924183,2811.749163,2925.109842,-2481
48.43,-128.68,0.79336768,1340,531.1576085,572.5757148,-10.74924183,2811.749163,2925.109842,-2481
48.43,-128.68,0.79336768,2210,531.1576085,572.5757148,-10.74924183,2811.749163,2925.109842,-2481
48.43,-128.68,0.79336768,1830,531.1576085,572.5757148,-10.74924183,2811.749163,2925.109842,-2481
48.44,-128.68,0.79336768,2190,531.1576085,572.5757148,-10.74924183,2811.749163,2925.109842,-2473
48.43,-128.68,0.79336768,2130,531.1576085,572.5757148,-10.74924183,2811.749163,2925.109842,-2481
48.43,-128.68,0.79336768,1740,531.1576085,572.5757148,-10.74924183,2811.749163,2925.109842,-2481
48.43,-128.68,0.79336768,1830,531.1576085,572.5757148,-10.74924183,2811.749163,2925.109842,-2481
48.43,-128.68,0.79336768,900,531.1576085,572.5757148,-10.74924183,2811.749163,2925.109842,-2481
48.43,-128.68,0.79336768,1970,531.1576085,572.5757148,-10.74924183,2811.749163,2925.109842,-2481
48.44,-128.68,0.79336768,750,531.1576085,572.5757148,-10.74924183,2811.749163,2925.109842,-2473
48.44,-128.68,0.79336768,770,531.1576085,572.5757148,-10.74924183,2811.749163,2925.109842,-2473
48.44,-128.68,0.79336768,810,531.1576085,572.5757148,-10.74924183,2811.749163,2925.109842,-2473
48.43,-128.68,0.79336768,1070,531.1576085,572.5757148,-10.74924183,2811.749163,2925.109842,-2481
48.43,-128.68,0.79336768,2810,531.1576085,572.5757148,-10.74924183,2811.749163,2925.109842,-2481
48.43,-128.68,0.79336768,190,531.1576085,572.5757148,-10.74924183,2811.749163,2925.109842,-2481
48.43,-128.68,0.79336768,1980,531.1576085,572.5757148,-10.74924183,2811.749163,2925.109842,-2481
48.43,-128.68,0.79336768,2110,531.1576085,572.5757148,-10.74924183,2811.749163,2925.109842,-2481
48.43,-128.68,0.79336768,800,531.1576085,572.5757148,-10.74924183,2811.749163,2925.109842,-2481
48.44,-128.68,0.79336768,1160,531.1576085,572.5757148,-10.74924183,2811.749163,2925.109842,-2473
48.45,-128.71,0.59159386,1130,615.1043949,663.0684244,-10.74924183,2769.202986,2880.740257,-2455
48.45,-128.71,0.59159386,1460,615.1043949,663.0684244,-10.74924183,2769.202986,2880.740257,-2455
48.45,-128.71,0.59159386,2160,615.1043949,663.0684244,-10.74924183,2769.202986,2880.740257,-2455
48.45,-128.71,0.59159386,2190,615.1043949,663.0684244,-10.74924183,2769.202986,2880.740257,-2455
48.45,-128.71,0.59159386,3080,615.1043949,663.0684244,-10.74924183,2769.202986,2880.740257,-2455
48.45,-128.71,0.59159386,3210,615.1043949,663.0684244,-10.74924183,2769.202986,2880.740257,-2455
48.45,-128.71,0.59159386,4930,615.1043949,663.0684244,-10.74924183,2769.202986,2880.740257,-2455
48.45,-128.71,0.59159386,6290,615.1043949,663.0684244,-10.74924183,2769.202986,2880.740257,-2455
48.45,-128.71,0.59159386,7580,615.1043949,663.0684244,-10.74924183,2769.202986,2880.740257,-2455
48.46,-128.71,0.59159386,1460,615.1043949,663.0684244,-10.74924183,2769.202986,2880.740257,-2447
48.45,-128.71,0.59159386,1320,615.1043949,663.0684244,-10.74924183,2769.202986,2880.740257,-2455
48.45,-128.71,0.59159386,1310,615.1043949,663.0684244,-10.74924183,2769.202986,2880.740257,-2455
48.45,-128.71,0.59159386,1370,615.1043949,663.0684244,-10.74924183,2769.202986,2880.740257,-2455
48.43,-128.73,0.79336768,1400,531.1576085,572.5757148,-10.74924183,2811.749163,2925.109842,-2446
48.45,-128.71,0.59159386,1310,615.1043949,663.0684244,-10.74924183,2769.202986,2880.740257,-2455
48.45,-128.71,0.59159386,1740,615.1043949,663.0684244,-10.74924183,2769.202986,2880.740257,-2455
48.46,-128.71,0.59159386,1390,615.1043949,663.0684244,-10.74924183,2769.202986,2880.740257,-2447
48.46,-128.71,0.59159386,3340,615.1043949,663.0684244,-10.74924183,2769.202986,2880.740257,-2447
48.46,-128.71,0.59159386,5780,615.1043949,663.0684244,-10.74924183,2769.202986,2880.740257,-2447
48.46,-128.71,0.59159386,2780,615.1043949,663.0684244,-10.74924183,2769.202986,2880.740257,-2447
48.46,-128.71,0.59159386,3540,615.1043949,663.0684244,-10.74924183,2769.202986,2880.740257,-2447
48.46,-128.71,0.59159386,3280,615.1043949,663.0684244,-10.74924183,2769.202986,2880.740257,-2447
48.46,-128.71,0.59159386,2290,615.1043949,663.0684244,-10.74924183,2769.202986,2880.740257,-2447
48.46,-128.71,0.59159386,1970,615.1043949,663.0684244,-10.74924183,2769.202986,2880.740257,-2447
48.46,-128.71,0.59159386,4600,615.1043949,663.0684244,-10.74924183,2769.202986,2880.740257,-2447
48.46,-128.71,0.59159386,12080,615.1043949,663.0684244,-10.74924183,2769.202986,2880.740257,-2447
48.46,-128.71,0.59159386,12150,615.1043949,663.0684244,-10.74924183,2769.202986,2880.740257,-2447
48.46,-128.71,0.59159386,7980,615.1043949,663.0684244,-10.74924183,2769.202986,2880.740257,-2447
48.46,-128.71,0.59159386,6660,615.1043949,663.0684244,-10.74924183,2769.202986,2880.740257,-2447
48.46,-128.71,0.59159386,9300,615.1043949,663.0684244,-10.74924183,2769.202986,2880.740257,-2447
48.46,-128.71,0.59159386,2140,615.1043949,663.0684244,-10.74924183,2769.202986,2880.740257,-2447
48.46,-128.71,0.59159386,9090,615.1043949,663.0684244,-10.74924183,2769.202986,2880.740257,-2447
48.46,-128.71,0.59159386,6770,615.1043949,663.0684244,-10.74924183,2769.202986,2880.740257,-2447
48.46,-128.71,0.59159386,9050,615.1043949,663.0684244,-10.74924183,2769.202986,2880.740257,-2447
48.46,-128.71,0.59159386,10260,615.1043949,663.0684244,-10.74924183,2769.202986,2880.740257,-2447
48.46,-128.71,0.59159386,12670,615.1043949,663.0684244,-10.74924183,2769.202986,2880.740257,-2447
48.45,-128.71,0.59159386,1590,615.1043949,663.0684244,-10.74924183,2769.202986,2880.740257,-2455
48.46,-128.71,0.59159386,3150,615.1043949,663.0684244,-10.74924183,2769.202986,2880.740257,-2447
48.46,-128.71,0.59159386,14740,615.1043949,663.0684244,-10.74924183,2769.202986,2880.740257,-2447
48.45,-128.71,0.59159386,7920,615.1043949,663.0684244,-10.74924183,2769.202986,2880.740257,-2455
48.46,-128.71,0.59159386,11680,615.1043949,663.0684244,-10.74924183,2769.202986,2880.740257,-2447
48.45,-128.71,0.59159386,15570,615.1043949,663.0684244,-10.74924183,2769.202986,2880.740257,-2455
48.46,-128.71,0.59159386,3750,615.1043949,663.0684244,-10.74924183,2769.202986,2880.740257,-2447
48.46,-128.71,0.59159386,14170,615.1043949,663.0684244,-10.74924183,2769.202986,2880.740257,-2447
48.46,-128.71,0.59159386,3310,615.1043949,663.0684244,-10.74924183,2769.202986,2880.740257,-2447
48.46,-128.71,0.59159386,10680,615.1043949,663.0684244,-10.74924183,2769.202986,2880.740257,-2447
48.45,-128.71,0.59159386,3480,615.1043949,663.0684244,-10.74924183,2769.202986,2880.740257,-2455
48.45,-128.71,0.59159386,1980,615.1043949,663.0684244,-10.74924183,2769.202986,2880.740257,-2455
48.45,-128.71,0.59159386,3770,615.1043949,663.0684244,-10.74924183,2769.202986,2880.740257,-2455
48.45,-128.71,0.59159386,640,615.1043949,663.0684244,-10.74924183,2769.202986,2880.740257,-2455
48.46,-128.71,0.59159386,12310,615.1043949,663.0684244,-10.74924183,2769.202986,2880.740257,-2447
48.46,-128.71,0.59159386,1740,615.1043949,663.0684244,-10.74924183,2769.202986,2880.740257,-2447
48.46,-128.71,0.59159386,10570,615.1043949,663.0684244,-10.74924183,2769.202986,2880.740257,-2447
48.46,-128.71,0.59159386,13560,615.1043949,663.0684244,-10.74924183,2769.202986,2880.740257,-2447
48.46,-128.71,0.59159386,9550,615.1043949,663.0684244,-10.74924183,2769.202986,2880.740257,-2447
48.46,-128.71,0.59159386,7330,615.1043949,663.0684244,-10.74924183,2769.202986,2880.740257,-2447
48.46,-128.71,0.59159386,10290,615.1043949,663.0684244,-10.74924183,2769.202986,2880.740257,-2447
48.46,-128.71,0.59159386,9070,615.1043949,663.0684244,-10.74924183,2769.202986,2880.740257,-2447
48.46,-128.71,0.59159386,9810,615.1043949,663.0684244,-10.74924183,2769.202986,2880.740257,-2447
48.46,-128.71,0.59159386,10230,615.1043949,663.0684244,-10.74924183,2769.202986,2880.740257,-2447
48.46,-128.71,0.59159386,14150,615.1043949,663.0684244,-10.74924183,2769.202986,2880.740257,-2447
48.46,-128.7,0.59159386,1750,615.1043949,663.0684244,-10.74924183,2769.202986,2880.740257,-2455
48.46,-128.71,0.59159386,1140,615.1043949,663.0684244,-10.74924183,2769.202986,2880.740257,-2447
48.45,-128.71,0.59159386,4430,615.1043949,663.0684244,-10.74924183,2769.202986,2880.740257,-2455
48.46,-128.71,0.59159386,8830,615.1043949,663.0684244,-10.74924183,2769.202986,2880.740257,-2447
48.45,-128.71,0.59159386,4200,615.1043949,663.0684244,-10.74924183,2769.202986,2880.740257,-2455
48.46,-128.71,0.59159386,9410,615.1043949,663.0684244,-10.74924183,2769.202986,2880.740257,-2447
41.5,-126.53,2.9937565,242,273.4339411,294.7555147,-6.356840134,3105.586634,3231.540347,-2892
40.6,-127.42,0.174211,233,1133.503517,1221.890784,-30.74068832,2646.085069,2752.345858,-3256
40.12,-128.17,26.052788,79,92.69014387,99.91784836,-69.77036285,4286.467612,4463.03051,-4485
40.67,-129.22,3.8123386,173,242.3064226,261.200764,16.69703293,3183.382381,3312.670197,-3238
40,-131,29.489016,48,87.12253798,93.91609697,-50.10230637,4400.632647,4582.088332,-4528
39.5,-131.78,33.939312,19,81.20993106,87.54244237,-27.57850266,4539.010966,4726.39715,-4506
40.73,-131.75,9.1340437,40,156.541365,168.7479997,-3.75631094,3557.790316,3703.124187,-3678
39.6,-129.52,28.932394,47,87.9566082,94.81520552,-25.30717087,4382.60943,4563.292691,-4513
38.02,-128.77,35.199921,70,79.74249404,85.96057893,-24.72591972,4576.533246,4765.527528,-4764
38.42,-126.15,27.678125,144,89.92745976,96.93973829,-27.55595016,4341.350133,4520.265139,-4271
39.78,-126.35,22.17004,82,100.4794897,108.3145844,-24.76330757,4147.977518,4318.605126,-4120
40.52,-126.52,3.8898129,163,239.8812498,258.5864833,-4.398191452,3190.291301,3319.875214,-3126
40.93,-126.52,3.269613,193,261.6450261,282.0473349,-4.922991753,3132.872493,3259.9956,-3123
43.8,-122.42,9.5827484,42,152.8324644,164.74989,-18.92689514,3583.460511,3729.894533,720
38.84,-121.84,17.088528,26,114.4480327,123.3723533,-18.61419868,3946.839549,4108.846958,6
39.46,-121.99,17.580811,32,112.8343175,121.6328054,-0.248731673,3967.531719,4130.425936,27
38.92,-121.61,17.088528,28,114.4480327,123.3723533,-40.74996567,3946.839549,4108.846958,8
38.69,-121.76,16.951086,31,114.9110771,123.8715045,-27.50870514,3941.009381,4102.766925,14
47.71,-127.79,3.251128,1020,262.3877919,282.8480193,1.003651619,3131.080962,3258.127288,-2666
47.71,-127.79,3.251128,3800,262.3877919,282.8480193,1.003651619,3131.080962,3258.127288,-2666
47.71,-127.79,3.251128,8900,262.3877919,282.8480193,1.003651619,3131.080962,3258.127288,-2666
47.71,-127.79,3.251128,2490,262.3877919,282.8480193,1.003651619,3131.080962,3258.127288,-2666
47.71,-127.78,3.251128,1290,262.3877919,282.8480193,1.003651619,3131.080962,3258.127288,-2671
47.71,-127.79,3.251128,800,262.3877919,282.8480193,1.003651619,3131.080962,3258.127288,-2666
47.71,-127.79,3.251128,1230,262.3877919,282.8480193,1.003651619,3131.080962,3258.127288,-2666
47.71,-127.79,3.251128,4890,262.3877919,282.8480193,1.003651619,3131.080962,3258.127288,-2666
47.71,-127.79,3.251128,2160,262.3877919,282.8480193,1.003651619,3131.080962,3258.127288,-2666
47.71,-127.79,3.251128,2270,262.3877919,282.8480193,1.003651619,3131.080962,3258.127288,-2666
47.71,-127.79,3.251128,2990,262.3877919,282.8480193,1.003651619,3131.080962,3258.127288,-2666
47.71,-127.79,3.251128,17900,262.3877919,282.8480193,1.003651619,3131.080962,3258.127288,-2666
47.71,-127.78,3.251128,2260,262.3877919,282.8480193,1.003651619,3131.080962,3258.127288,-2671
47.71,-127.79,3.251128,4180,262.3877919,282.8480193,1.003651619,3131.080962,3258.127288,-2666
47.71,-127.79,3.251128,9210,262.3877919,282.8480193,1.003651619,3131.080962,3258.127288,-2666
47.71,-127.79,3.251128,14400,262.3877919,282.8480193,1.003651619,3131.080962,3258.127288,-2666
47.71,-127.79,3.251128,18900,262.3877919,282.8480193,1.003651619,3131.080962,3258.127288,-2666
47.71,-127.79,3.251128,1370,262.3877919,282.8480193,1.003651619,3131.080962,3258.127288,-2666
47.71,-127.79,3.251128,4570,262.3877919,282.8480193,1.003651619,3131.080962,3258.127288,-2666
47.71,-127.79,3.251128,550,262.3877919,282.8480193,1.003651619,3131.080962,3258.127288,-2666
47.71,-127.79,3.251128,390,262.3877919,282.8480193,1.003651619,3131.080962,3258.127288,-2666
47.71,-127.79,3.251128,1770,262.3877919,282.8480193,1.003651619,3131.080962,3258.127288,-2666
47.71,-127.79,3.251128,12200,262.3877919,282.8480193,1.003651619,3131.080962,3258.127288,-2666
47.71,-127.79,3.251128,3370,262.3877919,282.8480193,1.003651619,3131.080962,3258.127288,-2666
47.71,-127.79,3.251128,11200,262.3877919,282.8480193,1.003651619,3131.080962,3258.127288,-2666
47.71,-127.79,3.251128,14300,262.3877919,282.8480193,1.003651619,3131.080962,3258.127288,-2666
47.71,-127.79,3.251128,2670,262.3877919,282.8480193,1.003651619,3131.080962,3258.127288,-2666
47.71,-127.79,3.251128,1210,262.3877919,282.8480193,1.003651619,3131.080962,3258.127288,-2666
47.71,-127.79,3.251128,1080,262.3877919,282.8480193,1.003651619,3131.080962,3258.127288,-2666
47.71,-127.79,3.251128,6240,262.3877919,282.8480193,1.003651619,3131.080962,3258.127288,-2666
47.71,-127.79,3.251128,2000,262.3877919,282.8480193,1.003651619,3131.080962,3258.127288,-2666
47.71,-127.79,3.251128,650,262.3877919,282.8480193,1.003651619,3131.080962,3258.127288,-2666
47.71,-127.79,3.251128,1340,262.3877919,282.8480193,1.003651619,3131.080962,3258.127288,-2666
47.71,-127.79,3.251128,9400,262.3877919,282.8480193,1.003651619,3131.080962,3258.127288,-2666
47.71,-127.79,3.251128,26000,262.3877919,282.8480193,1.003651619,3131.080962,3258.127288,-2666
47.71,-127.79,3.251128,25400,262.3877919,282.8480193,1.003651619,3131.080962,3258.127288,-2666
47.71,-127.79,3.251128,3260,262.3877919,282.8480193,1.003651619,3131.080962,3258.127288,-2666
47.71,-127.78,3.251128,2400,262.3877919,282.8480193,1.003651619,3131.080962,3258.127288,-2671
47.71,-127.78,3.251128,2490,262.3877919,282.8480193,1.003651619,3131.080962,3258.127288,-2671
47.71,-127.79,3.251128,5330,262.3877919,282.8480193,1.003651619,3131.080962,3258.127288,-2666
47.71,-127.79,3.251128,13100,262.3877919,282.8480193,1.003651619,3131.080962,3258.127288,-2666
47.71,-127.79,3.251128,4980,262.3877919,282.8480193,1.003651619,3131.080962,3258.127288,-2666
47.71,-127.78,3.251128,4670,262.3877919,282.8480193,1.003651619,3131.080962,3258.127288,-2671
47.71,-127.78,3.251128,1940,262.3877919,282.8480193,1.003651619,3131.080962,3258.127288,-2671
47.71,-127.79,3.251128,5670,262.3877919,282.8480193,1.003651619,3131.080962,3258.127288,-2666
47.71,-127.79,3.251128,13500,262.3877919,282.8480193,1.003651619,3131.080962,3258.127288,-2666
47.71,-127.79,3.251128,4220,262.3877919,282.8480193,1.003651619,3131.080962,3258.127288,-2666
47.71,-127.79,3.251128,19800,262.3877919,282.8480193,1.003651619,3131.080962,3258.127288,-2666
47.71,-127.79,3.251128,21300,262.3877919,282.8480193,1.003651619,3131.080962,3258.127288,-2666
47.71,-127.79,3.251128,22100,262.3877919,282.8480193,1.003651619,3131.080962,3258.127288,-2666
47.71,-127.79,3.251128,7980,262.3877919,282.8480193,1.003651619,3131.080962,3258.127288,-2666
47.71,-127.79,3.251128,12200,262.3877919,282.8480193,1.003651619,3131.080962,3258.127288,-2666
47.71,-127.79,3.251128,7160,262.3877919,282.8480193,1.003651619,3131.080962,3258.127288,-2666
47.71,-127.79,3.251128,18300,262.3877919,282.8480193,1.003651619,3131.080962,3258.127288,-2666
47.71,-127.79,3.251128,6210,262.3877919,282.8480193,1.003651619,3131.080962,3258.127288,-2666
47.71,-127.79,3.251128,9600,262.3877919,282.8480193,1.003651619,3131.080962,3258.127288,-2666
47.71,-127.79,3.251128,780,262.3877919,282.8480193,1.003651619,3131.080962,3258.127288,-2666
47.71,-127.79,3.251128,1550,262.3877919,282.8480193,1.003651619,3131.080962,3258.127288,-2666
47.71,-127.79,3.251128,3460,262.3877919,282.8480193,1.003651619,3131.080962,3258.127288,-2666
47.71,-127.79,3.251128,2560,262.3877919,282.8480193,1.003651619,3131.080962,3258.127288,-2666
47.71,-127.79,3.251128,540,262.3877919,282.8480193,1.003651619,3131.080962,3258.127288,-2666
47.71,-127.79,3.251128,7760,262.3877919,282.8480193,1.003651619,3131.080962,3258.127288,-2666
47.71,-127.79,3.251128,11500,262.3877919,282.8480193,1.003651619,3131.080962,3258.127288,-2666
47.71,-127.79,3.251128,1660,262.3877919,282.8480193,1.003651619,3131.080962,3258.127288,-2666
47.71,-127.79,3.251128,2220,262.3877919,282.8480193,1.003651619,3131.080962,3258.127288,-2666
47.71,-127.79,3.251128,1360,262.3877919,282.8480193,1.003651619,3131.080962,3258.127288,-2666
47.71,-127.79,3.251128,2600,262.3877919,282.8480193,1.003651619,3131.080962,3258.127288,-2666
47.71,-127.79,3.251128,6720,262.3877919,282.8480193,1.003651619,3131.080962,3258.127288,-2666
47.71,-127.79,3.251128,8110,262.3877919,282.8480193,1.003651619,3131.080962,3258.127288,-2666
47.71,-127.79,3.251128,5790,262.3877919,282.8480193,1.003651619,3131.080962,3258.127288,-2666
47.71,-127.79,3.251128,580,262.3877919,282.8480193,1.003651619,3131.080962,3258.127288,-2666
47.71,-127.79,3.251128,750,262.3877919,282.8480193,1.003651619,3131.080962,3258.127288,-2666
47.71,-127.79,3.251128,2290,262.3877919,282.8480193,1.003651619,3131.080962,3258.127288,-2666
47.71,-127.79,3.251128,590,262.3877919,282.8480193,1.003651619,3131.080962,3258.127288,-2666
47.71,-127.79,3.251128,1300,262.3877919,282.8480193,1.003651619,3131.080962,3258.127288,-2666
47.71,-127.79,3.251128,1800,262.3877919,282.8480193,1.003651619,3131.080962,3258.127288,-2666
47.71,-127.79,3.251128,1190,262.3877919,282.8480193,1.003651619,3131.080962,3258.127288,-2666
47.71,-127.79,3.251128,910,262.3877919,282.8480193,1.003651619,3131.080962,3258.127288,-2666
47.71,-127.79,3.251128,1830,262.3877919,282.8480193,1.003651619,3131.080962,3258.127288,-2666
47.71,-127.79,3.251128,1330,262.3877919,282.8480193,1.003651619,3131.080962,3258.127288,-2666
47.71,-127.79,3.251128,18000,262.3877919,282.8480193,1.003651619,3131.080962,3258.127288,-2666
47.71,-127.79,3.251128,18700,262.3877919,282.8480193,1.003651619,3131.080962,3258.127288,-2666
48.96,-122.13,9.2849312,96,155.2641943,167.371239,-39.89882278,3566.491478,3712.198255,179
48.96,-122.1,9.2849312,8,155.2641943,167.371239,-39.89882278,3566.491478,3712.198255,577
48.95,-122.1,9.2849312,46,155.2641943,167.371239,-39.89882278,3566.491478,3712.198255,632
48.95,-122.11,9.2849312,46,155.2641943,167.371239,-39.89882278,3566.491478,3712.198255,597
48.95,-122.11,9.2849312,63,155.2641943,167.371239,-39.89882278,3566.491478,3712.198255,597
48.95,-122.11,9.2849312,126,155.2641943,167.371239,-39.89882278,3566.491478,3712.198255,597
48.94,-122.12,9.2849312,138,155.2641943,167.371239,-39.89882278,3566.491478,3712.198255,616
48.95,-122.1,9.2849312,121,155.2641943,167.371239,-39.89882278,3566.491478,3712.198255,632
48.95,-122.1,9.2849312,67,155.2641943,167.371239,-39.89882278,3566.491478,3712.198255,632
48.95,-122.12,9.2849312,67,155.2641943,167.371239,-39.89882278,3566.491478,3712.198255,571
48.95,-122.09,9.2849312,151,155.2641943,167.371239,-9.939455032,3566.491478,3712.198255,513
48.95,-122.09,9.2849312,247,155.2641943,167.371239,-9.939455032,3566.491478,3712.198255,513
48.96,-122.09,9.2849312,477,155.2641943,167.371239,-9.939455032,3566.491478,3712.198255,519
48.96,-122.08,9.2849312,167,155.2641943,167.371239,-9.939455032,3566.491478,3712.198255,335
48.96,-122.07,9.2849312,272,155.2641943,167.371239,-9.939455032,3566.491478,3712.198255,248
48.95,-122.08,9.2849312,117,155.2641943,167.371239,-9.939455032,3566.491478,3712.198255,358
48.95,-122.08,9.2849312,67,155.2641943,167.371239,-9.939455032,3566.491478,3712.198255,358
48.95,-122.08,9.2849312,50,155.2641943,167.371239,-9.939455032,3566.491478,3712.198255,358
48.94,-122.09,9.2849312,59,155.2641943,167.371239,-9.939455032,3566.491478,3712.198255,346
48.94,-122.08,9.2849312,88,155.2641943,167.371239,-9.939455032,3566.491478,3712.198255,373
48.96,-122.12,9.2849312,54,155.2641943,167.371239,-39.89882278,3566.491478,3712.198255,529
48.94,-122.09,9.2849312,105,155.2641943,167.371239,-9.939455032,3566.491478,3712.198255,346
48.94,-122.09,9.2849312,163,155.2641943,167.371239,-9.939455032,3566.491478,3712.198255,346
48.93,-122.1,9.2849312,142,155.2641943,167.371239,-39.89882278,3566.491478,3712.198255,427
48.94,-122.1,9.2849312,100,155.2641943,167.371239,-39.89882278,3566.491478,3712.198255,519
48.94,-122.08,9.2849312,38,155.2641943,167.371239,-9.939455032,3566.491478,3712.198255,373
48.93,-122.08,9.2849312,180,155.2641943,167.371239,-9.939455032,3566.491478,3712.198255,270
48.93,-122.09,9.2849312,197,155.2641943,167.371239,-9.939455032,3566.491478,3712.198255,283
48.93,-122.09,9.2849312,142,155.2641943,167.371239,-9.939455032,3566.491478,3712.198255,283
48.93,-122.09,9.2849312,92,155.2641943,167.371239,-9.939455032,3566.491478,3712.198255,283
48.93,-122.1,9.2849312,184,155.2641943,167.371239,-39.89882278,3566.491478,3712.198255,427
48.96,-122.11,9.2849312,59,155.2641943,167.371239,-39.89882278,3566.491478,3712.198255,564
48.93,-122.1,9.2849312,142,155.2641943,167.371239,-39.89882278,3566.491478,3712.198255,427
48.92,-122.11,9.2849312,167,155.2641943,167.371239,-39.89882278,3566.491478,3712.198255,183
48.92,-122.12,9.2849312,79,155.2641943,167.371239,-39.89882278,3566.491478,3712.198255,181
48.93,-122.12,9.2849312,71,155.2641943,167.371239,-39.89882278,3566.491478,3712.198255,573
48.93,-122.13,9.2849312,67,155.2641943,167.371239,-39.89882278,3566.491478,3712.198255,305
48.92,-122.13,9.2849312,84,155.2641943,167.371239,-39.89882278,3566.491478,3712.198255,143
48.93,-122.11,9.2849312,226,155.2641943,167.371239,-39.89882278,3566.491478,3712.198255,554
48.96,-122.11,9.2849312,63,155.2641943,167.371239,-39.89882278,3566.491478,3712.198255,564
48.93,-122.11,9.2849312,485,155.2641943,167.371239,-39.89882278,3566.491478,3712.198255,554
48.93,-122.11,9.2849312,887,155.2641943,167.371239,-39.89882278,3566.491478,3712.198255,554
48.93,-122.11,9.2849312,1883,155.2641943,167.371239,-39.89882278,3566.491478,3712.198255,554
48.93,-122.11,9.2849312,5146,155.2641943,167.371239,-39.89882278,3566.491478,3712.198255,554
48.93,-122.11,9.2849312,1117,155.2641943,167.371239,-39.89882278,3566.491478,3712.198255,554
48.93,-122.11,9.2849312,502,155.2641943,167.371239,-39.89882278,3566.491478,3712.198255,554
48.93,-122.11,9.2849312,364,155.2641943,167.371239,-39.89882278,3566.491478,3712.198255,554
48.93,-122.11,9.2849312,431,155.2641943,167.371239,-39.89882278,3566.491478,3712.198255,554
48.93,-122.11,9.2849312,1092,155.2641943,167.371239,-39.89882278,3566.491478,3712.198255,554
48.93,-122.11,9.2849312,155,155.2641943,167.371239,-39.89882278,3566.491478,3712.198255,554
48.96,-122.1,9.2849312,54,155.2641943,167.371239,-39.89882278,3566.491478,3712.198255,577
48.97,-122.1,9.2849312,100,155.2641943,167.371239,-39.89882278,3566.491478,3712.198255,586
48.97,-122.1,9.2849312,54,155.2641943,167.371239,-39.89882278,3566.491478,3712.198255,586
48.96,-122.09,9.2849312,113,155.2641943,167.371239,-9.939455032,3566.491478,3712.198255,519
51.92,-129.97,0.54942942,45,638.270399,688.0408454,-17.85256767,2759.432272,2870.550798,-137
53.56,-131.43,7.0473046,60,178.2170036,192.1138408,1.417098403,3429.136596,3568.956736,-22
