long,lat,FA,age,q_ihfc,q_ps,q_stein,ps_z,stein_z,bathy
-125.88333625099956,42.066667507999895,-3.56969690322876,4.490517786174099,2897.3758686060914,223.26078557325576,240.67000425771434,3241.6794650024544,9960.133745600264,-2783.983634034429
-125.88333625099956,42.18333417699989,4.88284969329834,4.298233177180973,3542.3500149768465,228.20001726699385,245.99438269573494,3225.6263254628166,9343.305082578023,-2729.9988171841756
-125.88333625099956,42.30000084599989,9.889602661132812,4.229515852686541,3683.0341549822656,230.04634123808538,247.9846775737305,3219.802536779429,9129.413587066267,-2690.4994538720744
-125.88333625099956,42.41666751499989,19.295108795166016,4.174942736128738,3765.9944181595006,231.54499478326468,249.60019170969056,3215.143681490489,8962.00360023325,-2433.494693456724
-125.88333625099956,42.53333418399989,19.219554901123047,4.120369619570933,3848.95468133674,233.073324456749,251.24769603106174,3210.454276077947,8796.767717687337,-2453.9920290892046
-125.88333625099956,42.65000085299988,7.713208198547363,4.065796503013135,3931.914944513969,234.63232277250663,252.9282604451292,3205.7337115506875,8633.70593942855,-2834.003059647542
-125.88333625099956,42.76666752199988,4.340287208557129,4.011223386455333,4014.875207691204,236.2230293472881,254.6430056348966,3200.9813584117474,8472.818265456859,-2881.5096172465205
-125.88333625099956,42.88333419099988,-10.336356163024902,3.9566502698975268,4097.835470868444,237.84653381424926,256.39310619990493,3196.1965656784346,8314.104695772261,-2974.476395763636
-125.88333625099956,43.00000085999987,-22.066518783569336,4.128480698264273,3948.923790159444,232.84425646961319,251.0007659967625,3211.1532082029676,8821.18879971834,-3075.5013267837985
-125.88333625099956,43.11666752899987,-29.169397354125977,4.393964548552757,3704.0966457600325,225.70042905544608,243.29988395529963,3233.6624954280496,9647.02742568753,-3056.9996529920527
-125.88333625099956,43.233334197999866,-27.4497184753418,4.659448398841242,3459.2695013606217,219.17620641798098,236.26692164664647,3255.501441996011,10524.317674234439,-3055.501452639774
-125.88333625099956,43.35000086699986,-33.50782012939453,4.924932249129728,3214.44235696121,213.18690702582538,229.8105943229309,3276.726593157716,11453.059545359069,-3074.9979712963104
-125.88333625099956,43.46666753599986,-34.68131637573242,5.190416099418212,2969.6152125617987,207.6632140211431,223.85618000184095,3297.386965142227,12433.253039061416,-3068.5017520317356
-125.88333625099956,43.58333420499986,-26.352924346923828,5.455899949706696,2724.788068162388,202.54776724442755,218.34184574752433,3317.525378100931,13464.898155341478,-3046.4993689120943
-125.88333625099956,43.700000873999855,-29.53240776062012,5.721383799995182,2479.960923762976,197.79263582902203,213.2159231854713,3337.1795001667265,14547.99489419927,-3052.9961508646047
-125.88333625099956,43.81666754299985,-29.007518768310547,5.986867650283667,2235.1337793635653,193.3574145151955,208.43485637276717,3356.382675653676,15682.543255634773,-3033.0027306875877
-125.88333625099956,43.93333421199985,-26.49077796936035,6.252351500572152,1990.3066349641538,189.20776957304903,203.9616343363487,3375.1645895602087,16868.543239647996,-3008.498176144294
-125.88333625099956,44.050000880999846,-27.19021415710449,6.517835350860636,1745.4794905647423,185.31431399825263,199.76457855981593,3393.5518062655506,18105.994846238937,-2993.4998599520213
-125.88333625099956,44.16666754999984,-27.74599266052246,6.783319201149122,1500.6523461653308,181.65172733966077,195.81639417779726,3411.568210361006,19394.898075407604,-3008.501052287834
-125.88333625099956,44.28333421899984,-30.48251724243164,7.0488030514376065,1255.8252017659195,178.19805966885477,192.09341967108583,3429.235370506906,20735.252927153982,-2952.4997874400387
-125.88333625099956,44.40000088799984,-33.83877182006836,7.35757954057437,947.1410149807067,174.41875254753856,188.0194133083341,3449.3700509918986,22358.901493995672,-2931.5008463838567
-125.88333625099956,44.51666755699984,-32.33694076538086,7.757076528102491,504.6432546838402,169.86801856433638,183.11382648841482,3474.8035056833533,24562.866235936086,-2907.499373392091
-125.88333625099956,44.63333422599983,-33.74296188354492,8.131587115227678,86.06056739011413,165.91016661344463,178.84735289598908,3498.0578247854132,26734.788789575927,-2884.4992255681263
-125.88333625099956,44.75000089499983,-36.38679885864258,8.058741686525035,95.65287146713678,166.65833603154167,179.6538623623809,3493.5773027798678,26304.310913099776,-2877.5020259677
-125.88333625099956,44.86666756399983,-37.82583618164063,7.989893483100065,105.62309768732369,167.37483588775967,180.42623276770698,3489.3239872153904,25901.015223018985,-2850.499504544083
-125.88333625099956,44.98333423299982,-34.85226821899414,7.9396673622363805,117.35396957115015,167.90340561725543,180.99601880837514,3486.209537509122,25608.986005380986,-2819.4983602082984
-125.88333625099956,45.10000090199982,-31.440629959106445,7.889441241372692,129.08484145497732,168.43701485430645,181.57123732255926,3483.085221162517,25318.798331891383,-2759.497746416364
-125.88333625099956,45.21666757099982,-31.518281936645508,7.839215120509005,140.81571333880447,168.975744191047,182.1519751867309,3479.9509438040013,25030.452202550212,-2653.9970171845216
-125.88333625099956,45.33333423999981,-30.06754493713379,7.78898899964532,152.54658522263094,169.5196760355995,182.73832123495535,3476.8066095479453,24743.94761735747,-2613.007855470663
-125.88333625099956,45.45000090899981,-24.975011825561523,7.7458365512126734,157.3285956608024,169.9912215548709,183.2466364853893,3474.09700621835,24499.26411550732,-2515.4999514720785
-125.88333625099956,45.56666757799981,-25.7144775390625,7.703748008993402,155.4276592310398,170.4549527869969,183.74652811357484,3471.4469265490998,24261.922685915477,-2510.4991770081
-125.88333625099956,45.683334246999806,-23.231523513793945,7.66149536660246,150.60398763698194,170.92433044962806,184.25250646429083,3468.779222737978,24024.9566071519,-2486.5046215832963
-125.88333625099956,45.8000009159998,-25.168710708618164,7.619066249059151,144.93767160104215,171.39959210260062,184.76482762159011,3466.092964217081,23788.312235256584,-2387.008000622656
-125.88333625099956,45.9166675849998,-25.80068016052246,7.575403365672238,133.38029432071374,171.89283630898305,185.2965335588659,3463.3207733122176,23546.15869571297,-2428.005043999129
-125.76666958199957,42.066667507999895,-7.024168968200684,4.92905109531551,2811.253776868131,213.0978160855852,229.71455633349237,3277.051323386139,11467.873815584324,-2872.193596768888
-125.76666958199957,42.18333417699989,1.6170417070388794,4.797060922945389,3210.1605118543566,216.00959465189297,232.85338681888842,3266.576782234376,10999.304626934127,-2827.9936848809098
-125.76666958199957,42.30000084599989,3.2073800563812256,4.742487806387586,3293.1207750315916,217.2488806703926,234.18930871212643,3262.2038810465865,10809.284566713251,-2675.3764194594733
-125.76666958199957,42.41666751499989,2.87823486328125,4.687914689829784,3376.0810382088266,218.50974442179475,235.5484909063447,3257.805746549964,10621.438610779485,-2840.8873679378967
-125.76666958199957,42.53333418399989,3.236276626586914,4.633341573271979,3459.0413013860657,219.792819428434,236.9316163240841,3253.3819368194445,10435.766759132817,-2749.1739489318916
-125.76666958199957,42.65000085299988,-2.837810754776001,4.5787684567141795,3542.0015645632952,221.0987655625573,238.3393962924865,3248.9319968778786,10252.269011773275,-2978.301046911863
-125.76666958199957,42.76666752199988,-8.06038761138916,4.5241953401563775,3624.9618277405298,222.4282704723769,239.77257208054687,3244.4554581498855,10070.945368700828,-2828.179383171091
-125.76666958199957,42.88333419099988,-31.76142883300781,4.469622223598572,3707.92209091777,223.78205110359877,241.2319165392865,3239.9518378859702,9891.795829915478,-3057.199802288025
-125.76666958199957,43.00000085999987,-37.42255783081055,4.556688706407854,3645.821687101214,221.63379289861126,238.9161434848583,3247.1240636835105,10178.645367993282,-3061.7997865920315
-125.76666958199957,43.11666752899987,-42.310508728027344,4.822172556696339,3400.994542701803,215.4464217158587,232.24629931552244,3268.5805996740364,11087.472080792686,-3061.599653104053
-125.76666958199957,43.233334197999866,-47.28938674926758,5.0876564069848245,3156.167398302392,209.7499046731991,226.10558464684104,3289.4541847730247,12047.750416169813,-3058.5060180790642
-125.76666958199957,43.35000086699986,-48.94430541992188,5.353140257273308,2911.3402539029803,204.48259490398732,220.42754557102242,3309.789899613462,13059.480374124652,-3061.100276223955
-125.76666958199957,43.46666753599986,-43.97340393066406,5.618624107561793,2666.513109503569,199.59316725541828,215.15685475096896,3329.6272977526232,14122.661954657213,-3060.4007658558776
-125.76666958199957,43.58333420499986,-39.275089263916016,5.8841079578502775,2421.685965104158,195.03849758222833,210.24702534754496,3349.001310267928,15237.295157767492,-3050.8996494560497
-125.76666958199957,43.700000873999855,-37.55083084106445,6.149591808138764,2176.8588207047464,190.7820513760732,205.65867399901865,3367.9429684587567,16403.3799834555,-3050.0998600640205
-125.76666958199957,43.81666754299985,-40.434532165527344,6.415075658427247,1932.0316763053354,186.7926431994025,201.3581835192427,3386.479987454504,17620.916431721205,-3026.8002798719585
-125.76666958199957,43.93333421199985,-37.70502471923828,6.680559508715733,1687.204531905924,183.0434701242711,197.31666096686985,3404.637242112924,18889.904502564656,-3035.1969214084575
-125.76666958199957,44.050000880999846,-40.14990234375,6.946043359004218,1442.3773875065126,179.51135040990863,193.5091169572415,3422.4371585522867,20210.344195985806,-3024.99944640006
-125.76666958199957,44.16666754999984,-43.18524932861328,7.211527209292703,1197.550243107101,176.17611782681595,189.91381275766005,3439.900038907519,21582.235511984687,-2980.0
-125.76666958199957,44.28333421899984,-39.434364318847656,7.477011059581188,952.7230987076897,173.02013536690836,186.51173607808119,3457.044332723775,23005.578450561283,-2953.6995075680807
-125.76666958199957,44.40000088799984,-40.87074661254883,7.742494909869672,707.8959543082783,170.02790148953827,183.28617661336074,3473.886865328327,24480.37301171559,-2928.59964694406
-125.76666958199957,44.51666755699984,-44.71881484985352,8.007978760158174,463.0688099088522,167.18572878820197,180.22237965333736,3490.443031233688,26006.619195447725,-2897.000485999933
-125.76666958199957,44.63333422599983,-40.18680953979492,8.333347352000777,129.91111829825942,163.8894194069058,176.66903377222206,3510.363820918037,27947.3075025209,-2869.300065631999
-125.76666958199957,44.75000089499983,-43.06563949584961,8.305864393397702,96.08593259928227,164.16033921437327,176.96107910857293,3508.6963805780306,27780.394912351796,-2840.900139935979
-125.76666958199957,44.86666756399983,-44.27531814575195,8.233018964695056,105.6782366763055,164.88498196125852,177.74222736320436,3504.2633236234133,27340.649464655384,-2828.000484319936
-125.76666958199957,44.98333423299982,-38.69536590576172,8.177127452168131,116.87346775669954,165.44752529700762,178.34863617190874,3500.848696302591,27005.87587968561,-2795.8011954718113
-125.76666958199957,45.10000090199982,-41.40961456298828,8.126901331304444,128.60433964052672,165.95798970932887,178.89890509607883,3497.7702205842756,26706.981715796646,-2759.400839615875
-125.76666958199957,45.21666757099982,-41.08465576171875,8.076675210440758,140.33521152435387,166.4732083586239,179.45429897862348,3494.6822172327165,26409.929096056116,-2708.4008396158747
-125.76666958199957,45.33333423999981,-41.81546401977539,7.9983442689933835,151.21796676579285,167.28639116301937,180.33089138375027,3489.8470452305696,25950.331531548843,-2641.7000314880634
-125.76666958199957,45.45000090899981,-33.812618255615234,7.925860028793817,262.8747610796952,168.04959098535218,181.15360328104424,3485.3516395314123,25529.028876551507,-2525.9968553605686
-125.76666958199957,45.56666757799981,-32.188594818115234,7.926160826239286,128.29832700596043,168.04640221790348,181.150165862899,3485.370337088707,25530.769286844738,-2408.504460319363
-125.76666958199957,45.683334246999806,-30.06731414794922,7.89770970709894,116.36730937952989,168.34881964005723,181.476164905187,3483.600243554067,25366.443795425763,-2368.2053594072445
-125.76666958199957,45.8000009159998,-23.97460174560547,7.872999872196143,111.39956734469129,168.61279860129366,181.7607281685545,3482.0603262244267,25224.206350474175,-2289.005117599224
-125.76666958199957,45.9166675849998,-24.92400550842285,7.848290037293344,106.43182530985271,168.87802326440527,182.04663426996154,3480.5179904358893,25082.414625959453,-2303.708221246622
-125.65000291299955,42.066667507999895,-12.322906494140623,5.367584404456974,2725.1316851301613,204.2072786566543,220.13076097337034,3310.8816741954274,13116.001253723949,-2707.293241985008
-125.65000291299955,42.18333417699989,-10.50108528137207,5.310032876646496,2820.2471319036345,205.31092232018696,221.32046352018975,3306.522800290975,12891.703940139334,-2932.191398177353
-125.65000291299955,42.30000084599989,-10.652390480041504,5.255459760088693,2903.207395080869,206.37415184310962,222.46660055071075,3302.3676343241077,12681.2479108177,-2973.657010822516
-125.65000291299955,42.41666751499989,-17.697078704833984,5.200886643530892,2986.167658258104,207.45407253659482,223.63073028012892,3298.190837978321,12472.965985783181,-3005.814006941862
-125.65000291299955,42.53333418399989,-16.18364143371582,5.146313526973087,3069.1279214353435,208.55112573372818,224.81332845538435,3293.9920698937763,12266.858165035752,-3066.095324048648
-125.65000291299955,42.65000085299988,-9.05941104888916,5.091740410415288,3152.0881846125726,209.6657692793802,226.01488862274246,3289.7709796364215,12062.924448575457,-2865.7085894546744
-125.65000291299955,42.76666752199988,-31.67023277282715,5.037167293857486,3235.0484477898076,210.79847833305934,227.2359229932511,3285.527207356653,11861.164836402255,-3073.6998601760215
-125.65000291299955,42.88333419099988,-45.60616683959961,4.9825941772996805,3318.008710967047,211.9497462199969,228.4769633601906,3281.260383431293,11661.579328516149,-3065.4993824800868
-125.65000291299955,43.00000085999987,-48.14201736450195,4.984896714551487,3342.7195840429486,211.900790486123,228.42419020233572,3281.4408791025444,11669.956267982368,-3062.8003462239485
-125.65000291299955,43.11666752899987,-55.93290710449219,5.250380564839972,3097.8924396435373,206.47395043975854,222.57418114807695,3301.9798122103175,12661.771067611997,-3064.9008333918737
-125.65000291299955,43.233334197999866,-63.53712844848633,5.515864415128457,2853.0652952441255,201.44378262440355,217.15177565743033,3322.0057121779846,13705.037489819342,-3092.795584464666
-125.65000291299955,43.35000086699986,-63.63770294189453,5.781348265416942,2608.2381508447143,196.764204036006,212.1072973093757,3341.5552046738085,14799.755534604414,-3061.8986050722147
-125.65000291299955,43.46666753599986,-59.99065399169922,6.046832115705427,2363.411006445303,192.39629453578573,207.39879108730838,3360.660754405541,15945.925201967197,-3066.998674960208
-125.65000291299955,43.58333420499986,-54.46257400512695,6.312315965993911,2118.5838620458912,188.30692616113555,202.99054580763968,3379.351298307027,17143.5464919077,-3059.4993724001015
-125.65000291299955,43.700000873999855,-50.06107711791992,6.577799816282397,1873.7567176464802,184.46769996475612,198.85194805677855,3397.6527599771493,18392.619404425925,-3056.6998601760215
-125.65000291299955,43.81666754299985,-50.52614974975586,6.843283666570882,1628.929573247069,180.85411203093247,194.95658317581245,3415.588471506131,19693.14393952187,-3048.0013300797873
-125.65000291299955,43.93333421199985,-52.69596481323242,7.108767516859366,1384.1024288476578,177.44489248353105,191.2815227262945,3433.179522286721,21045.12009719553,-3039.59888140817
-125.65000291299955,44.050000880999846,-54.35418319702149,7.374251367147851,1139.2752844482463,174.22147661711915,187.8067543817247,3450.4450496875725,22448.547877446912,-3027.100068207995
-125.65000291299955,44.16666754999984,-52.97312545776367,7.639735217436336,894.448140048835,171.1675780328838,184.5147217778647,3467.4024830110534,23903.427280276013,-2989.199648176059
-125.65000291299955,44.28333421899984,-52.05753707885742,7.905219067724821,649.6209956494234,168.26884131490417,181.38995010572864,3484.0677495966884,25409.75830568283,-2961.299228144124
-125.65000291299955,44.40000088799984,-50.47618865966797,8.170702918013307,404.79385125001215,165.51255730396213,178.41873918328372,3500.455450010959,26967.540953667372,-2928.7999267040186
-125.65000291299955,44.51666755699984,-54.066654205322266,8.436186768301807,159.966706850586,162.88742805831023,175.58891008855096,3516.5790078085283,28576.77522422973,-2896.7999261440154
-125.65000291299955,44.63333422599983,-54.59931945800781,8.539441944027212,94.63013304034268,161.89965147193138,174.52410959239992,3522.781324694254,29216.55508112511,-2867.999571520082
-125.65000291299955,44.75000089499983,-56.408111572265625,8.49328403261071,109.95480877452565,162.33898824949858,174.99770455828784,3520.0133793214736,28929.59388538901,-2834.200559295915
-125.65000291299955,44.86666756399983,-53.4378547668457,8.467702054659744,115.26052644629995,162.58402642362793,175.2618500877394,3518.4760682980327,28771.22200156843,-2794.4002041119766
-125.65000291299955,44.98333423299982,-50.77463150024414,8.41073116948009,116.27659253262752,163.13373627724607,175.85442469716347,3515.0441213372505,28420.245563921337,-2778.4011185918307
-125.65000291299955,45.10000090199982,-50.8401985168457,8.297529475176422,127.01387196296162,164.24276854300592,177.0499360335454,3508.190141148539,27729.88331786885,-2727.7007757758715
-125.65000291299955,45.21666757099982,-46.762577056884766,8.179488074441611,144.6561487385711,165.42364927365972,178.32289836656133,3500.9931513847123,27019.969183375375,-2687.2001252160035
-125.65000291299955,45.33333423999981,-44.40666961669922,8.096049385593714,145.58898972144206,166.2739004732156,179.23944965115805,3495.8745150545974,26524.29571369991,-2626.9995648000922
-125.65000291299955,45.45000090899981,-43.49087905883789,8.165027009323449,108.17201767620452,165.57007523723402,178.48074219563497,3500.107898500018,26933.69811298822,-2542.3992393921035
-125.65000291299955,45.56666757799981,-39.1709213256836,8.151823535823368,104.76569157401502,165.7041075554707,178.6252259593997,3499.2989458307075,26855.062840109385,-2394.901380271816
-125.65000291299955,45.683334246999806,-32.767860412597656,8.138620062323287,101.35936547182553,165.83846590720637,178.77006117979568,3498.4893377671106,26776.554829380657,-2328.897101872386
-125.65000291299955,45.8000009159998,-25.8291015625,8.125416588823207,97.95303936963603,165.97315161638178,178.91524928400068,3497.679072713687,26698.174080802022,-2207.10953068623
-125.65000291299955,45.9166675849998,-21.127376556396484,8.104485936503298,93.49813329490567,166.18733461999776,179.14613364759293,3496.393259321667,26574.182687667606,-2066.2084320946615
-125.53333624399956,42.066667507999895,-18.559499740600582,5.877577946905344,2347.3734887757255,195.1468117540866,210.3637855396018,3348.530081078982,15209.261720511033,-3056.093526336956
-125.53333624399956,42.18333417699989,-26.943359375,5.823004830347541,2430.33375195296,196.0591357077677,211.3472498289219,3344.5816074942513,14976.19561780154,-3088.7996578080465
-125.53333624399956,42.30000084599989,-29.10553550720215,5.768431713789739,2513.294015130195,196.9843759986543,212.34463763339159,3340.6145876317178,14745.303619379156,-3079.999504480078
-125.53333624399956,42.41666751499989,-32.44687271118164,5.713858597231937,2596.254278307429,197.92284030626112,213.35628062446824,3336.6287576702775,14516.585725243882,-3088.301489087801
-125.53333624399956,42.53333418399989,-25.48580551147461,5.659285480674131,2679.214541484669,198.87484666976218,214.38252164108417,3332.623847474105,14290.041935395697,-3076.899580864063
-125.53333624399956,42.65000085299988,-28.32644844055176,5.604712364116333,2762.174804661899,199.8407239408218,215.42371517778824,3328.5995803789974,14065.67224983465,-3076.900074703987
-125.53333624399956,42.76666752199988,-45.39056015014648,5.550139247558532,2845.1350678391336,200.82081226085666,216.48022789922328,3324.5556729693394,13843.476668560697,-3073.599720576042
-125.53333624399956,42.88333419099988,-58.20490646362305,5.495566131000727,2928.0953310163727,201.81546356429945,217.55243918263278,3320.491834845167,13623.45519157384,-3073.5997205760423
-125.53333624399956,43.00000085999987,-62.81538009643555,5.440993014442926,3011.055594193603,202.82504210955662,218.64074169022123,3316.4077683788037,13405.607818874101,-3076.298463168231
-125.53333624399956,43.11666752899987,-71.33460998535156,5.678588572983553,2794.7903365853076,198.53654363893557,214.01783873602145,3334.0426249242214,14369.924386145074,-3071.3993739040943
-125.53333624399956,43.233334197999866,-78.46330261230469,5.944072423272038,2549.9631921858963,194.0522187983982,209.18383944817523,3353.3163960986712,15496.178895182638,-3070.1999321920116
-125.53333624399956,43.35000086699986,-80.41761016845703,6.209556273560523,2305.1360477864846,189.85864427676188,204.66326233300563,3372.1643443246026,16673.885026797918,-3064.0
-125.53333624399956,43.46666753599986,-82.35466766357422,6.475040123849008,2060.3089033870733,185.92570074737435,200.42363944745202,3390.6135049343816,17903.042780990923,-3060.400279423958
-125.53333624399956,43.58333420499986,-73.81327819824219,6.740523974137493,1815.481758987662,182.22746351759466,196.43702456767465,3408.688168092797,19183.65215776164,-3056.700139711979
-125.53333624399956,43.700000873999855,-66.03964233398438,7.0060078244259785,1570.6546145882503,178.7414801451722,192.67921447608583,3426.4102538790157,20515.713157110084,-3056.2989519681605
-125.53333624399956,43.81666754299985,-64.048583984375,7.271491674714463,1325.8274701888395,175.44819451022173,189.12912812415308,3443.7996239417143,21899.22577903624,-3049.598811696182
-125.53333624399956,43.93333421199985,-66.53675842285156,7.536975525002948,1081.000325789428,172.3304834976273,185.76830718666147,3460.874342363694,23334.19002354011,-3039.099931456006
-125.53333624399956,44.050000880999846,-68.06366729736328,7.802459375291432,836.1731813900168,169.3732811600456,182.5805109180544,3477.6508955006384,24820.605890621708,-3020.2985274082366
-125.53333624399956,44.16666754999984,-67.44905853271484,8.067943225579917,591.3460369906052,166.5632714878433,179.55138496547528,3494.144378414695,26358.47338028102,-2992.5997205760423
-125.53333624399956,44.28333421899984,-66.62547302246094,8.333427075868402,346.5188925911938,163.88863545994684,176.66818869538753,3510.3686539050386,27947.792492518052,-2963.7996477280594
-125.53333624399956,44.40000088799984,-66.18716430664062,8.598910926156886,101.69174819178241,161.33884139396713,173.91956919581904,3526.3364889032346,29588.5632273328,-2939.3017428477456
-125.53333624399956,44.51666755699984,-64.36337280273438,8.650844785761441,93.13732056333684,160.85382737340177,173.39673521001717,3529.4311469232784,29915.547160177608,-2903.099506896079
-125.53333624399956,44.63333422599983,-65.2997055053711,8.687397443282741,99.54137649408837,160.5150704176444,173.03156298429414,3531.603696582237,30146.869133207758,-2865.0000558400184
-125.53333624399956,44.75000089499983,-62.88173294067383,8.657759290423506,114.61516737134853,160.78958172624607,173.32747987646275,3529.842470029703,29959.230514783805,-2823.399366064104
-125.53333624399956,44.86666756399983,-61.414852142333984,8.65549256840118,128.34715198989338,160.81063433673205,173.35017410752658,3529.7076476501206,29944.906334601535,-2791.3988823041677
-125.53333624399956,44.98333423299982,-59.42253875732422,8.625474118770196,140.30737366406115,161.0902185753812,173.6515595018909,3527.9205122719113,29755.563377354687,-2732.8001270080013
-125.53333624399956,45.10000090199982,-57.96725082397461,8.47281882576312,129.54936236102304,162.53492641918444,175.20892140952066,3518.7837386589863,28802.860481785166,-2686.997638720333
-125.53333624399956,45.21666757099982,-51.37889862060547,8.446585811252444,123.75682145263175,162.78712747094673,175.48078835671237,3517.205368585137,28640.856331400653,-2559.000725839739
-125.53333624399956,45.33333423999981,-53.46409225463867,8.43195416517622,97.19026764631259,162.9283053760551,175.63297489917343,3516.3239568336894,28550.715630925904,-2557.3017383677525
-125.53333624399956,45.45000090899981,-48.081539154052734,8.336378901555872,100.25855808752667,163.8596172542077,176.63690773540677,3510.547581977511,27965.752814461644,-2517.6011176958323
-125.53333624399956,45.56666757799981,-47.62841033935547,8.296241539816819,98.32638709481569,164.25551683745826,177.06367840246276,3508.1118929104846,27722.082645748484,-2422.1986086723
-125.53333624399956,45.683334246999806,-43.537715911865234,8.287142018139216,93.89405276457059,164.3456707509937,177.16086225272426,3507.5588802755174,27667.003832515104,-2282.589063617697
-125.53333624399956,45.8000009159998,-31.81541633605957,8.278042496461616,89.46171843432549,164.4359732743389,177.25820630095095,3507.005563945179,27611.98546422693,-2202.198161152406
-125.53333624399956,45.9166675849998,-23.469470977783203,8.268942974784014,85.0293841040804,164.52642481622405,177.35571098774457,3506.4519434185827,27557.027540883915,-2131.100419135937
-125.41666957499956,42.066667507999895,-39.277381896972656,6.390549900606388,1957.460108825051,187.15073789659291,201.74420138653713,3384.7837943951517,17506.281731731215,-3093.1005434399294
-125.41666957499956,42.18333417699989,-42.79078674316406,6.3359767840485866,2040.420372002286,187.954994370534,202.6111714122436,3380.9978184115735,17252.779659920976,-3093.499797520026
-125.41666957499956,42.30000084599989,-52.51121139526367,6.281403667490784,2123.38063517952,188.76970933447478,203.48941545020577,3377.195502306995,17001.45169239783,-3088.2995177600687
-125.41666957499956,42.41666751499989,-50.15486907958984,6.2268305509329815,2206.3408983567556,189.5951114404,204.37917998201678,3373.3766326673103,16752.297829161806,-3091.201093599848
-125.41666957499956,42.53333418399989,-47.52090072631836,6.172257434375177,2289.3011615339947,190.43143640062556,205.28071910014498,3369.5409913919866,16505.318070212867,-3083.800622959911
-125.41666957499956,42.65000085299988,-54.183780670166016,6.117684317817378,2372.2614247112247,191.27892727059202,206.19429481277848,3365.6883555487093,16260.51241555107,-3081.0
-125.41666957499956,42.76666752199988,-64.64435577392578,6.063111201259576,2455.221687888459,192.13783474562706,207.12017736372846,3361.8184972221807,16017.88086517636,-3077.0
-125.41666957499956,42.88333419099988,-78.75874328613281,6.0085380847017715,2538.181951065699,193.0084174724982,208.05864556827584,3357.9311833567813,15777.423419088747,-3077.3004187999372
-125.41666957499956,43.00000085999987,-86.45050048828125,5.95396496814397,2621.1422142429283,193.89094237663687,209.00998716591124,3354.0261755927836,15539.140077288253,-3062.700072799989
-125.41666957499956,43.11666752899987,-90.67445373535156,6.106796581127136,2491.688233527078,191.44936582499628,206.3780236638117,3364.9176730695667,16211.932036392118,-3070.900351439948
-125.41666957499956,43.233334197999866,-93.18792724609376,6.372280431415619,2246.8610891276667,187.4188285348467,202.0331969433893,3383.51816780891,17421.174632259885,-3061.599932080011
-125.41666957499956,43.35000086699986,-92.55719757080078,6.637764281704104,2002.0339447282554,183.63258425526521,197.95171248319676,3401.7350633688106,18681.868850705385,-3065.0
-125.41666957499956,43.46666753599986,-92.21576690673828,6.90324813199259,1757.206800328844,180.06691204691137,194.10799965488837,3419.5911570742146,19994.0146917286,-3052.6008375998745
-125.41666957499956,43.58333420499986,-84.61935424804688,7.1687319822810736,1512.3796559294324,176.70119522474099,190.47983414502445,3437.107073833845,21357.612155329527,-2922.9080251987766
-125.41666957499956,43.700000873999855,-75.82984924316406,7.434215832569559,1267.5525115300213,173.51741784754816,187.0477951823505,3454.3015453669614,22772.661241508184,-3023.505869679063
-125.41666957499956,43.81666754299985,-75.07161712646484,7.699699682858044,1022.72536713061,170.49975755786087,183.79482662854653,3471.191644913665,24239.161950264555,-3022.8188139170215
-125.41666957499956,43.93333421199985,-83.20720672607422,7.965183533146528,777.8982227311986,167.63425371424285,180.7058792324631,3487.7929858074767,25757.114281598642,-3043.1997920800263
-125.41666957499956,44.050000880999846,-82.50699615478516,8.230667383435012,533.0710783317874,164.90853489592584,177.7676168863672,3504.1198904865837,27326.518235510448,-3011.500634319889
-125.41666957499956,44.16666754999984,-82.84540557861328,8.496151233723499,288.2439339323758,162.31159362155353,174.96817377791706,3520.1855351509003,28947.373811999983,-3002.6995812000623
-125.41666957499956,44.28333421899984,-83.03570556640625,8.730788978718348,77.54506589668031,160.1156981006299,172.60104878992055,3534.1767981795947,30422.736809682065,-2972.4997874400387
-125.41666957499956,44.40000088799984,-79.23663330078125,8.762247627495665,91.64450808632931,159.82801205815727,172.29092983692573,3536.0382880802326,30623.59897222699,-2941.498875760183
-125.41666957499956,44.51666755699984,-78.24858093261719,8.785692347047783,93.42195675955169,159.6146181717048,172.06089612352991,3537.423400793212,30773.762356195504,-2910.8989487201625
-125.41666957499956,44.63333422599983,-77.86420440673828,8.894596453741238,95.7400146139066,158.6344599654712,171.00430806637613,3543.833351442318,31476.553817340766,-2872.499785760041
-125.41666957499956,44.75000089499983,-71.13876342773438,8.934649548406428,107.99978673336287,158.27848976937616,170.620580362517,3546.180944999376,31737.206331786307,-2839.2990764001647
-125.41666957499956,44.86666756399983,-67.52686309814453,8.928332087168965,118.11089804669635,158.33447678898077,170.6809330850608,3545.8110157567658,31696.016558451385,-2762.198577520713
-125.41666957499956,44.98333423299982,-63.851341247558594,8.823355251421852,107.7171940922131,159.2735926319077,171.6932784162634,3539.644659630961,31015.83323086965,-2627.714224238007
-125.41666957499956,45.10000090199982,-52.180702209472656,8.79612875533171,101.57513528478755,159.51990049688857,171.95879264332055,3538.0393887170826,30840.73659433628,-2307.330414635916
-125.41666957499956,45.21666757099982,-45.624507904052734,8.713870655999722,84.9228599935584,160.27105819150555,172.7685234032366,3533.174310249711,30315.012760464953,-2380.441195193601
-125.41666957499956,45.33333423999981,-51.09897994995117,8.614649636455693,89.98601359866194,161.19139336977733,173.76062360885248,3527.275318727079,29687.448750993466,-2541.3955904007935
-125.41666957499956,45.45000090899981,-43.098575592041016,8.520220529226258,92.42715696471525,162.08216947175978,174.7208598084445,3521.629587879196,29096.867621326728,-1917.5432743141216
-125.41666957499956,45.56666757799981,-45.87814331054688,8.43013414179833,94.51848511130079,162.9458921259474,175.65193301203945,3516.2142649905554,28539.51400178056,-2175.625113516755
-125.41666957499956,45.683334246999806,-37.30124282836914,8.421034620120729,90.0861507810557,163.03390561908208,175.74680953821965,3515.665663968606,28483.54578674423,-1921.2416804737506
-125.41666957499956,45.8000009159998,-24.858154296875,8.411935098443127,85.65381645081061,163.12206188511902,175.8418399703127,3515.116766465456,28427.638016653073,-1958.171325924173
-125.41666957499956,45.9166675849998,-21.2191104888916,8.402835576765526,81.22148212056551,163.21036131047956,175.93702472487183,3514.567571999902,28371.790691507093,-1871.306517199086
-125.30000290599958,42.066667507999895,-52.008056640625,6.903521854307371,1567.5467288744242,180.06334221533865,194.10415145836072,3419.609388356085,19995.394107408312,-3061.0085858227326
-125.30000290599958,42.18333417699989,-54.6196174621582,6.84894873774957,1650.5069920516587,180.77930030379233,194.8759378504674,3415.967368618731,19721.45606649732,-2999.024765788474
-125.30000290599958,42.30000084599989,-70.68461608886719,6.794375621191767,1733.4672552288937,181.5038671354248,195.6570042701982,3412.310809755092,19449.692129873427,-3107.998071936271
-125.30000290599958,42.41666751499989,-73.62723541259766,6.739802504633965,1816.427518406128,182.23721662529712,196.4475381939985,3408.6395362395697,19180.102297536647,-3081.4999246240136
-125.30000290599958,42.53333418399989,-72.56218719482422,6.685229388076159,1899.387781583368,182.97952764739603,197.24773244392188,3404.9533689861205,18912.686569486956,-3078.4995815360617
-125.30000290599958,42.65000085299988,-77.05557250976562,6.63065627151836,1982.3480447605978,183.7309842179228,198.0577853852111,3401.252125246315,18647.4449457244,-3078.00034420795
-125.30000290599958,42.76666752199988,-87.37617492675781,6.576083154960557,2065.308307937832,184.49177568693102,198.87790113287954,3397.5356185036158,18384.37742624894,-3073.000278975959
-125.30000290599958,42.88333419099988,-97.67150115966795,6.521510038402754,2148.268571115072,185.2620969387662,199.70828976777997,3393.803658363702,18123.48401106058,-3070.4995815360617
-125.30000290599958,43.00000085999987,-100.56076049804688,6.466936921844953,2231.2288342923016,186.04214860178837,200.5491675626813,3390.056050440649,17864.764700159336,-3066.4992356481125
-125.30000290599958,43.11666752899987,-97.75061798095705,6.535004589270663,2188.5861304688856,185.0707182864141,199.50198797161747,3394.7279263472537,18187.794018352848,-3055.5022363516737
-125.30000290599958,43.233334197999866,-90.73013305664062,6.800488439559149,1943.7589860694738,181.4222737600778,195.56904848368714,3412.7211150433604,19480.024701050836,-2782.034504890977
-125.30000290599958,43.35000086699986,-78.63204956054688,7.065972289847634,1698.9318416700626,177.98143089848605,191.8598988270508,3430.366382403371,20823.707006326535,-2209.5109509583917
-125.30000290599958,43.46666753599986,-65.4059829711914,7.33145614013612,1454.104697270651,174.72922015457925,188.3540902652234,3447.683162859125,22218.84093417996,-1881.5052827831266
-125.30000290599958,43.58333420499986,-61.52505874633789,7.596939990424603,1209.2775528712395,171.6490132075339,185.03369784988448,3464.6891462160306,23665.426484611085,-1981.0065565110908
-125.30000290599958,43.700000873999855,-54.45162963867188,7.862423840713088,964.4504084718284,168.7261640866425,181.88293356065478,3481.400489345381,25163.463657619945,-1895.5147165098315
-125.30000290599958,43.81666754299985,-56.54497146606445,8.127907691001573,719.6232640724173,165.94771531838862,178.88782953838526,3497.8319959530727,26712.95245320652,-1905.5432204894387
-125.30000290599958,43.93333421199985,-72.3622817993164,8.393391541290057,474.7961196730059,163.30215561687618,176.0359768809999,3513.997270118629,28313.892871370816,-2106.5454313532277
-125.30000290599958,44.050000880999846,-81.00807189941406,8.658875391578542,229.96897527359454,160.77921876263872,173.31630883946625,3529.908848135781,29966.284912112824,-2281.518318381371
-125.30000290599958,44.16666754999984,-84.53971862792969,8.842191820452559,76.05225341967201,159.10385148593045,171.51030135551287,3540.753812390538,31137.29000923252,-2630.5377176584852
-125.30000290599958,44.28333421899984,-81.3176040649414,8.871067247326422,86.17980583448777,158.84469798531944,171.23093982798216,3542.451791593974,31323.979448904473,-2628.0362467628684
-125.30000290599958,44.40000088799984,-67.98107147216797,8.893565229022858,86.5015768505114,158.64365667288226,171.01422190595207,3543.7728395370805,31469.858406252806,-2297.023077244768
-125.30000290599958,44.51666755699984,-66.64583587646484,8.93795842481013,84.99235659526593,158.24918931756204,170.58899514774336,3546.3746494632032,31758.79179332655,-2268.063680358114
-125.30000290599958,44.63333422599983,-66.54668426513672,9.167218246391142,62.05576022923973,156.2578604837382,168.44238835477552,3559.7095050922753,33273.829987592835,-2087.4943010248
-125.30000290599958,44.75000089499983,-40.68529510498047,9.093755342190878,80.36297154350223,156.88774691128918,169.12139147129383,3555.454892176062,32784.18097162318,-1803.5962376332664
-125.30000290599958,44.86666756399983,-44.97027587890625,9.119605291852716,82.78939153427567,156.6652362753791,168.88153011116128,3556.9539480279914,32956.02824790365,-1911.4700544361506
-125.30000290599958,44.98333423299982,-38.20376205444336,9.0968566287682,95.1947426532345,156.86100166513597,169.09256070959495,3555.6348502318897,32804.77219139283,-1941.0277982358452
-125.30000290599958,45.10000090199982,-31.707801818847656,8.99578714682321,72.65545234080273,157.7397228931758,170.03980203166896,3549.754221466074,32137.328032696623,-1649.5536158962527
-125.30000290599958,45.21666757099982,-36.20761489868164,8.892920371355482,79.71346910979848,158.64940847991522,171.02042222196172,3543.7349977322056,31465.671946913302,-1959.0009306237148
-125.30000290599958,45.33333423999981,-30.6335391998291,8.798491264126056,82.15461247585148,159.49848247996334,171.93570451249926,3538.178780295302,30855.908711589425,-1804.4609712698107
-125.30000290599958,45.45000090899981,-35.23250961303711,8.704062156896622,84.59575584190479,160.3613364937243,172.86584134164474,3532.5926661660133,30252.65478135876,-1608.0213025891255
-125.30000290599958,45.56666757799981,-40.15624237060547,8.609633049667194,87.03689920795794,161.2383473370695,173.81123890826169,3526.976167485999,29655.91015622139,-2130.0032305275927
-125.30000290599958,45.683334246999806,-37.11935806274414,8.554927222102226,86.27824879754127,161.75305778420767,174.36608496054163,3523.7082517531653,29313.174618044985,-1975.0080075513406
-125.30000290599958,45.8000009159998,-30.41460227966309,8.545827700424624,81.84591446729615,161.839151484302,174.4588919938729,3523.163668873175,29256.377446150862,-1820.000950687996
-125.30000290599958,45.9166675849998,-15.687040328979492,8.53672817874702,77.41358013705106,161.9253828020276,174.55184737585313,3522.6187959824083,29199.6407192019,-1515.9938431526361
-125.18333623699958,42.066667507999895,-34.86071014404297,7.416493808008417,1177.63334892375,173.72460774102657,187.27114113366733,3453.1634127897646,22676.598847542922,-2073.105760783006
-125.18333623699958,42.18333417699989,-47.79359436035156,7.361920691450615,1260.5936121009843,174.36731965335008,187.96396982849706,3449.650085401302,22382.224837531172,-2238.6967734884033
-125.18333623699958,42.30000084599989,-76.69737243652344,7.307347574892812,1343.553875278219,175.01721809165775,188.66454543344705,3446.1237117440664,22090.02493180653,-2896.3099525104353
-125.18333623699958,42.41666751499989,-91.56063079833984,7.2527744583350096,1426.5141384554538,175.67443798980923,189.373013404122,3442.584145392887,21799.999130368993,-3077.6080824628298
-125.18333623699958,42.53333418399989,-76.55766296386719,7.198201341777205,1509.4744016326936,176.33911785542912,190.08952304856317,3439.031237162911,21512.14743321855,-2805.8373194665037
-125.18333623699958,42.65000085299988,-80.53374481201172,7.143628225219405,1592.434664809923,177.01139989253082,190.8142276594343,3435.4648350362386,21226.469840355243,-2614.4394437701517
-125.18333623699958,42.76666752199988,-87.26010131835938,7.089055108661605,1675.3949279871579,177.6914301293229,191.54728465179366,3431.884784086019,20942.96635177904,-2777.030311755288
-125.18333623699958,42.88333419099988,-86.33435821533203,7.034481992103799,1758.3551911643976,178.37935855145764,192.28885570673316,3428.2909263979236,20661.636967489907,-2296.320681708803
-125.18333623699958,43.00000085999987,-85.2848129272461,6.979908875545999,1841.3154543416272,179.07533924099894,193.03910692118222,3424.6831009888656,20382.48168748792,-1957.4058431351273
-125.18333623699958,43.11666752899987,-73.93739318847656,6.963212597414245,1885.484027410656,179.28990266957504,193.27040137415287,3423.5764955775157,20297.510332027778,-1715.8134224299865
-125.18333623699958,43.233334197999866,-60.13182830810547,7.228696447702729,1640.6568830112446,175.96677109179802,189.68814178065108,3441.018233002732,21672.72910155597,-1737.5103171184035
-125.18333623699958,43.35000086699986,-51.9339485168457,7.494180297991215,1395.8297386118331,172.821826331137,186.29796348760632,3458.142518889504,23099.399493661887,-1586.1933729291177
-125.18333623699958,43.46666753599986,-44.59842300415039,7.759664148279699,1151.0025942124216,169.83969320420536,183.08329240010264,3474.9660805198628,24577.521508345515,-1612.61986574106
-125.18333623699958,43.58333420499986,-44.26906967163086,8.025147998568183,906.1754498130106,167.0067919908013,180.0294898913413,3491.504225822867,26107.09514560686,-1690.006062719096
-125.18333623699958,43.700000873999855,-48.904727935791016,8.29063184885667,661.3483054135992,164.31107755296728,177.1235715789728,3507.7710064716794,27688.120405445945,-1583.3141417899092
-125.18333623699958,43.81666754299985,-41.77584457397461,8.556115699145154,416.52116101418795,161.7418233363149,174.35397448348112,3523.779357647575,29320.597287862733,-1560.8105875504334
-125.18333623699958,43.93333421199985,-52.760284423828125,8.821599549433639,171.69401661477656,159.28944140454345,171.71036302952376,3539.541218425523,31004.52579285724,-1582.9951036807793
-125.18333623699958,44.050000880999846,-56.1167106628418,8.953594662186783,74.55944094266538,158.11094857532194,170.43997479946285,3547.289523540592,31860.902941779972,-1724.2276590038819
-125.18333623699958,44.16666754999984,-50.05899429321289,8.978940129301513,79.2594259254467,157.88763559095418,170.1992485261023,3548.77078803685,32026.798533637095,-1569.3003102720343
-125.18333623699958,44.28333421899984,-52.15315246582031,9.001438110997949,79.58119694147037,157.69020183582714,169.98641946807928,3550.083886457291,32174.44914413611,-1583.719069805336
-125.18333623699958,44.40000088799984,-33.87549591064453,9.027087686966626,79.63941531173684,157.46601192069122,169.74474788347135,3551.5789279238206,32343.233919487328,-1305.7040006073485
-125.18333623699958,44.51666755699984,-21.56380271911621,9.245995892034482,90.72442801370735,155.5907631318225,167.72327271557526,3564.2530229105405,33803.280612964256,-1129.803345471574
-125.18333623699958,44.63333422599983,-24.02614021301269,9.309052059904635,84.62167597784406,155.06290982855265,167.15425896594067,3567.8758716903,34230.334342715374,-1269.8267156284514
-125.18333623699958,44.75000089499983,-26.90394401550293,9.354593264276396,88.5038392067191,154.68500096718387,166.74688188428647,3570.4847849800844,34540.57152611654,-1659.603512223323
-125.18333623699958,44.86666756399983,-38.47733688354492,9.387621717491704,83.36587197664049,154.4126472152932,166.45329078874846,3572.3729110681293,34766.516151413496,-1591.1680954927533
-125.18333623699958,44.98333423299982,-23.754638671875,9.2965679,62.064359476365624,155.16699021188782,167.26645523111145,3567.159579327291,34145.55377254829,-1471.2778609153825
-125.18333623699958,45.10000090199982,-37.47042465209961,9.171191106255298,69.44092462093393,156.22401221802917,168.40590070097014,3559.9391069850544,33300.42240222154,-1652.6179587811375
-125.18333623699958,45.21666757099982,-38.12571716308594,9.076761999025868,71.88206798698707,157.03453938297318,169.2796303877004,3554.4682759005454,32671.477061240425,-1608.7962347526695
-125.18333623699958,45.33333423999981,-27.730417251586918,8.982332891796444,74.32321135304008,157.85781450507324,170.1671020797503,3548.968912430232,32049.04102535262,-1430.7001151681302
-125.18333623699958,45.45000090899981,-35.24721908569336,8.887903784567008,76.76435471909338,158.69417529295725,171.06867981927226,3543.4405654417787,31433.114294558,-1507.0080233585022
-125.18333623699958,45.56666757799981,-17.22002601623535,8.793474677337581,79.20549808514653,159.5439721142812,171.9847412945604,3537.882771787765,30823.696868856707,-1074.4205734540428
-125.18333623699958,45.683334246999806,-34.9605827331543,8.69904557010815,81.64664145119966,160.40756861244063,172.91567850485154,3532.2950558528546,30220.78874824866,-1600.3580117827173
-125.18333623699958,45.8000009159998,-34.06114196777344,8.679720302406135,78.03801248378126,160.5860418543293,173.10806856464168,3531.1477765309646,30098.20375272046,-1694.6990990882223
-125.18333623699958,45.9166675849998,-29.13737297058105,8.670620780728534,73.60567815353618,160.67028455287965,173.19888026077874,3530.607124776093,30040.57762396854,-1439.7930475532999
-125.06666956799958,42.066667507999895,-12.18345832824707,7.929465761709461,787.7199689730754,168.011378395758,181.11241098622762,3485.575748387413,25549.89595213475,-1413.395947392607
-125.06666956799958,42.18333417699989,-33.80934143066406,7.874892645151659,870.6802321503102,168.5925338853836,181.73888326976572,3482.1783692543213,25235.085973022247,-1717.2196096131681
-125.06666956799958,42.30000084599989,-52.104148864746094,7.820319528593858,953.640495327545,169.1797620919491,182.37190180283002,3478.7691976419915,24922.45009819686,-1801.1116500463863
-125.06666956799958,42.41666751499989,-74.9083023071289,7.765746412036054,1036.6007585047796,169.77316951784752,183.01158139255656,3475.348109894317,24611.98832765856,-2251.0050982392077
-125.06666956799958,42.53333418399989,-44.80270385742188,7.71117329547825,1119.5610216820194,170.3728652989031,183.6580396848599,3471.9149801788662,24303.70066140737,-1613.794302464728
-125.06666956799958,42.65000085299988,-44.91685104370117,7.656600178920451,1202.521284859249,170.9789612886874,184.31139725532367,3468.469680432875,23997.58709944331,-1441.3227487806507
-125.06666956799958,42.76666752199988,-52.40830612182617,7.60202706236265,1285.4815480364837,171.5915721461582,184.97177770367358,3465.0120803075083,23693.647641766347,-1500.112454206209
-125.06666956799958,42.88333419099988,-52.936222076416016,7.547453945804843,1368.4418112137232,172.21081542677746,185.63930775200035,3461.542047110314,23391.88228837646,-1485.9043416313489
-125.06666956799958,43.00000085999987,-57.74141311645508,7.492880829247044,1451.402074390953,172.83681167727238,186.31411734691017,3458.059445745807,23092.29103927372,-1515.0322348752525
-125.06666956799958,43.11666752899987,-53.99922561645508,7.438307712689242,1534.3623375681875,173.46968453421465,186.9963397657904,3454.5641386540938,22794.873894458073,-1354.1208857249183
-125.06666956799958,43.233334197999866,-49.094268798828125,7.656904455846312,1337.554779953015,170.97556399740006,184.30773505326482,3468.488923964117,23999.287833775074,-1229.9113651503424
-125.06666956799958,43.35000086699986,-36.9696159362793,7.9223883061347955,1092.7276355536035,168.08640801880574,181.19329119836155,3485.1358117039053,25508.946312711196,-1048.9202751490461
-125.06666956799958,43.46666753599986,-36.91827774047852,8.18787215642328,847.9004911541924,165.33893369476144,178.2315769162592,3501.506035509448,27070.056414225037,-1164.6019425276259
-125.06666956799958,43.58333420499986,-34.64963912963867,8.453356006711765,603.0733467547811,162.72192724610665,175.4105040103164,3517.61294745212,28682.618138316604,-1023.2981038244387
-125.06666956799958,43.700000873999855,-43.861175537109375,8.718839857000251,358.2462023553696,160.22537937267316,172.7192826846095,3533.4688589805355,30346.631484985897,-1364.102367487651
-125.06666956799958,43.81666754299985,-44.20569610595703,8.984323707288736,113.4190579559584,157.84032386224794,170.1482475680974,3549.0851510448856,32062.096454232902,-1319.3098223825382
-125.06666956799958,43.93333421199985,-28.34171867370605,9.064315029580172,72.01727500038201,157.14232102780454,169.3958165278408,3553.745031363646,32589.059538747642,-1230.7103890544317
-125.06666956799958,44.050000880999846,-31.91827774047852,9.086813011276604,72.33904601640566,156.94766663795943,169.18598356182073,3555.051938949635,32738.11230619561,-1245.4264073879053
-125.06666956799958,44.16666754999984,-23.39713859558105,9.109310992973038,72.66081703242932,156.7537338239878,168.97692843803614,3556.3572296525435,32887.53456984529,-1223.6045770873648
-125.06666956799958,44.28333421899984,-21.637155532836918,9.131808974669473,72.98258804845298,156.56051813879154,168.7686463626173,3557.660909458703,33037.32632969669,-909.6014806078846
-125.06666956799958,44.40000088799984,-21.13992118835449,9.228221699067177,43.151048015760104,155.74053033414376,167.8847183233553,3563.229588628782,33683.427640404014,-896.2127784941802
-125.06666956799958,44.51666755699984,-23.78878402709961,9.375662243098198,79.69574995340236,154.5110992244962,166.5594197957446,3571.6896121450136,34684.610511279854,-1183.7090160146329
-125.06666956799958,44.63333422599983,-16.33102798461914,9.5422888,131.99990035380216,153.15612888215145,165.0987928557118,3581.1708366396124,35835.17557305098,-1085.4683979247648
-125.06666956799958,44.75000089499983,-34.98044204711914,9.67466829220085,80.23344371831786,152.10469415275537,163.96537034198764,3588.644508457469,36763.71039590253,-1172.0179343175148
-125.06666956799958,44.86666756399983,-40.06532669067383,9.58417164046264,69.07580052976012,152.82111625537846,164.73765693072247,3583.5409664413587,36127.566302354644,-1354.8101171832054
-125.06666956799958,44.98333423299982,-29.23491096496582,9.452652933690768,65.50040372800089,153.88057580637832,165.87973001801055,3576.0808447217705,35213.71633195663,-1277.7206532128894
-125.06666956799958,45.10000090199982,-40.9416618347168,9.338065148672298,62.36062666133914,154.82183452087247,166.89438531559566,3569.5386765855437,34427.80316310959,-1451.0024460797317
-125.06666956799958,45.21666757099982,-45.28960037231445,9.260603626696255,64.05066686417565,155.46799977446173,167.59093663307493,3565.093396970562,33901.95452873464,-1432.3157567815415
-125.06666956799958,45.33333423999981,-47.93882369995117,9.166174519466832,66.49181023022867,156.2667565555604,168.45197811608458,3559.649177150007,33266.8456922829,-1624.399286272133
-125.06666956799958,45.45000090899981,-47.65533828735352,9.071745412237396,68.93295359628196,157.07795266683456,169.32642891161012,3554.176841426087,32638.24616092434,-1620.700775215873
-125.06666956799958,45.56666757799981,-44.29311752319336,8.977316305007967,71.3740969623351,157.90191436742953,170.2146407195244,3548.6759496448253,32016.155934659095,-1610.2960015046306
-125.06666956799958,45.683334246999806,-48.21504211425781,8.882887197778537,73.81524032838826,158.73898002355395,171.11697829083673,3543.146050046623,31400.57501348711,-1605.6026252476418
-125.06666956799958,45.8000009159998,-38.16472244262695,8.813612904387648,74.23011050026636,159.36159683995857,171.78814493333635,3539.0705369644,30953.116936361792,-1327.2062380152156
-125.06666956799958,45.9166675849998,-36.38147735595703,8.804513382710047,69.79777617002127,159.44392619536194,171.8768940894615,3538.5340097377557,30894.601405806916,-1538.103319327542
-124.9500028989996,42.066667507999895,-14.656232833862305,8.442437715410446,397.80658902244846,162.82711436245887,175.52389330828623,3516.955564485381,28615.285421183435,-1092.606903135064
-124.9500028989996,42.18333417699989,-27.10116577148437,8.387864598852643,480.76685219968306,163.3559483893433,176.0939642554752,3513.663362936359,28280.039472970173,-1052.3991517440975
-124.9500028989996,42.30000084599989,-29.62458038330078,8.33329148229484,563.7271153769178,163.88996879596417,176.66962600102158,3510.360433994284,27946.96762904402,-1170.1143650540503
-124.9500028989996,42.41666751499989,-51.81836700439453,8.278718365737038,646.6873785541526,164.42926091346453,177.25097052993968,3507.046672107498,27616.069889404986,-1774.210250270638
-124.9500028989996,42.53333418399989,-36.381290435791016,8.224145249179232,729.6476417313922,164.97391205153855,177.8380919600765,3503.7219699819548,27287.346254053027,-1470.4050600631667
-124.9500028989996,42.65000085299988,-25.297348022460938,8.169572132621434,812.6079049086219,165.5240115578083,178.43108660611864,3500.3862185406824,26960.796722988227,-1007.0144878379878
-124.9500028989996,42.76666752199988,-15.870795249938965,8.114999016063631,895.5681680858565,166.07965087939382,179.03005304596334,3497.039306882028,26636.4212962105,-951.1157821737925
-124.9500028989996,42.88333419099988,-15.699357986450195,8.060425899505827,978.5284312630963,166.64092362677138,179.63509218955613,3493.6811222366377,26314.219973719875,-683.5206669571261
-124.9500028989996,43.00000085999987,-23.130523681640625,8.005852782948027,1061.488694440326,167.20792564002193,180.2463073503053,3490.3115499231208,25994.19275551639,-749.5564465520495
-124.9500028989996,43.11666752899987,-32.25863265991211,7.951279666390226,1144.4489576175606,167.78075505757673,180.86380431918798,3486.930473302351,25676.339641599992,-881.5263067963523
-124.9500028989996,43.233334197999866,-33.47712707519531,8.08511246398984,1034.4526768948224,166.38632377268752,179.36063938850086,3495.2016262239304,26459.700897707815,-827.9214318210262
-124.9500028989996,43.35000086699986,-27.58505249023437,8.350596314278325,789.625532495411,163.72006720518988,176.4864759844611,3511.4089422677134,28052.347463474147,-801.8147449259162
-124.9500028989996,43.46666753599986,-40.9332275390625,8.616080164566808,544.7983880959998,161.17801150777956,173.74619826865802,3527.360608627484,29696.445651818187,-866.1185770534312
-124.9500028989996,43.58333420499986,-37.8834342956543,8.881564014855295,299.9712436965884,158.75080411697044,171.12972439224268,3543.0683543372284,31391.995462739964,-816.801802367816
-124.9500028989996,43.700000873999855,-40.2933349609375,9.144941696877902,57.47437379900149,156.44806228326217,168.64742153059152,3558.4211628021912,33124.93490334308,-1106.8083280465842
-124.9500028989996,43.81666754299985,-22.562732696533203,9.172187911555245,65.09689509134176,156.21552301370755,168.39674953349135,3559.9967071484316,33307.09634598126,-956.1299963320644
-124.9500028989996,43.93333421199985,7.040463447570801,9.19468589325168,65.41866610736542,156.02428828674093,168.1906028855921,3561.295916285053,33457.92076657993,-371.20956275079504
-124.9500028989996,44.050000880999846,15.206759452819824,9.217183874948114,65.74043712338907,155.83375415745078,167.98521146591327,3562.593536909172,33609.11468338029,-337.3209794051744
-124.9500028989996,44.16666754999984,36.40166473388672,9.239681856644548,66.06220813941275,155.64391635846934,167.78057067433036,3563.8895748332893,33760.678096382355,-187.40681190306947
-124.9500028989996,44.28333421899984,6.763865470886231,9.293417012565016,66.94905358610754,155.19329228599017,167.29480826350783,3566.9787177067847,34124.17391584299,-448.61638041348465
-124.9500028989996,44.40000088799984,-8.594521522521973,9.442272426291712,74.76982392895178,153.96513806028517,165.97088618748987,3575.4898289713087,35142.1256288927,-573.407179502972
-124.9500028989996,44.51666755699984,-13.759875297546388,9.625243375656902,90.5333382271446,152.49471731537963,164.38580636243958,3585.860172175944,36415.53816482888,-603.6108538544905
-124.9500028989996,44.63333422599983,-22.01154518127441,9.805143490175508,75.53022453809267,151.08929063328563,162.87078864584876,3595.960801099428,37691.40618496987,-717.1087135347542
-124.9500028989996,44.75000089499983,-25.70171546936035,9.752021123039782,59.53466559040129,151.50024750007742,163.31379071908145,3592.987917395418,37312.19933423814,-577.91274126234
-124.9500028989996,44.86666756399983,-19.901477813720703,9.68169295933501,45.5374703726365,152.04950345760727,163.90587603893675,3589.0396629684974,36813.340173975535,-664.2215750692037
-124.9500028989996,44.98333423299982,-30.841976165771484,9.48527679672479,57.88966756186651,153.61571780575144,165.5942191703492,3577.936179742932,35439.22370732728,-796.2206998686913
-124.9500028989996,45.10000090199982,-31.90776634216309,9.44243477687143,58.047208168265584,153.96381443785847,165.96945935288363,3575.499074926032,35143.24469814692,-858.4115031024804
-124.9500028989996,45.21666757099982,-41.49691009521485,9.39959275701807,58.20474877466464,154.31428822952628,166.34726205888205,3573.056435018547,34848.605559192096,-932.9144105419817
-124.9500028989996,45.33333423999981,-48.63183975219727,9.350016147137197,58.660409107418204,154.72285783988298,166.78769072445195,3570.2228637177896,34509.322712380104,-1077.629814011791
-124.9500028989996,45.45000090899981,-52.67674255371094,9.25558703990776,61.10155247347151,155.5101263872173,167.63634815505458,3564.80487056958,33868.0503804576,-1294.0249235164017
-124.9500028989996,45.56666757799981,-62.66740417480469,9.16115793267833,63.542695839524654,156.30953599804303,168.4980933735312,3559.3591679657548,33233.28735362841,-1480.404134223595
-124.9500028989996,45.683334246999806,-62.004173278808594,9.066728825448902,65.9838392055778,157.12140197632286,169.37326627031914,3553.8853263602687,32605.033631892496,-1513.0286316758566
-124.9500028989996,45.8000009159998,-55.796817779541016,8.972299718219473,68.42498257163095,157.94605121025057,170.26221922339104,3548.3829049931546,31983.28921524985,-1523.7084882708195
-124.9500028989996,45.9166675849998,-31.46072578430176,8.938405984691542,65.98987418650682,158.24522737652134,170.58472426620594,3546.400847249616,31761.712064716896,-727.4021191043926
-124.8333362299996,42.066667507999895,-13.9600830078125,8.88124394299653,52.79602239436515,158.75366470764257,171.13280804335264,3543.049559233441,31389.92030087958,-748.4065215991175
-124.8333362299996,42.18333417699989,-20.44172477722168,8.900836552553688,90.85347224900875,158.57884338065273,170.94435466403237,3544.1994434435537,31517.085337375676,-753.9073934389872
-124.8333362299996,42.30000084599989,-13.14370059967041,8.846263435995885,173.81373542624345,159.06723239373332,171.47082681432835,3540.993405795395,31163.57752434877,-622.7974332803483
-124.8333362299996,42.41666751499989,-11.331192016601562,8.791690319438082,256.77399860347816,159.5601617827788,172.0021933857382,3537.7774636843706,30812.243815608967,-832.7996819200332
-124.8333362299996,42.53333418399989,-21.9339656829834,8.737117202880277,339.73426178071793,160.05770233702572,172.53853068743464,3534.551524745304,30463.084211156267,-544.2168801577068
-124.8333362299996,42.65000085299988,-28.27933692932129,8.68254408632248,422.69452495794746,160.55992640055985,173.0799167046823,3531.31549516843,30116.098710990715,-712.815259437935
-124.8333362299996,42.76666752199988,-5.024545669555664,8.627970969764679,505.65478813518223,161.06690791650277,173.6264311464696,3528.069279667559,29771.28731511225,-433.6921272010756
-124.8333362299996,42.88333419099988,-1.1430906057357788,8.573397853206872,588.615051312422,161.57872247274278,174.17815549480588,3524.812781447344,29428.650023520855,-277.0001553599849
-124.8333362299996,43.00000085999987,-0.0658677518367767,8.518824736649073,671.5753144896516,162.09544734927428,174.73517305575186,3521.5459021696047,29088.186836216613,-123.79724512040589
-124.8333362299996,43.11666752899987,-14.316557884216309,8.46425162009127,754.5355776668862,162.6171615672137,175.29756901225807,3518.2685419186732,28749.897753199457,-264.20569103920576
-124.8333362299996,43.233334197999866,-24.52705192565918,8.51332047213342,731.3505738365928,162.14784007039373,174.7916512069978,3521.215823338213,29053.968293354792,-362.19791232027603
-124.8333362299996,43.35000086699986,-41.46190643310547,8.778804322421905,486.52342943718145,159.67722429699575,172.12838409013202,3537.016648611141,30729.602945951334,-629.004658319371
-124.8333362299996,43.46666753599986,-48.82322311401367,9.044288172710392,241.69628503777022,157.31620572122793,169.58326023766696,3552.580306274549,32456.689221125613,-543.0003479999251
-124.8333362299996,43.58333420499986,-54.998046875,9.256344538612128,55.981561321994775,155.50376312313966,167.6294887023803,3564.848442727877,33873.16868938552,-618.4017857599401
-124.8333362299996,43.700000873999855,-56.20669174194336,9.280060793530335,58.176515182300726,155.3049321973599,167.4151535264509,3566.2117271946818,34033.62784104089,-701.005693439262
-124.8333362299996,43.81666754299985,-39.22932815551758,9.302558775226771,58.49828619832438,155.11701816589533,167.21258651211141,3567.50337234375,34186.223914790244,-449.094834400785
-124.8333362299996,43.93333421199985,-9.505252838134766,9.325056756923205,58.82005721434804,154.92978459793318,167.01075302181468,3568.793456530818,34339.18948474128,-162.49810208032642
-124.8333362299996,44.050000880999846,4.305820465087891,9.347554738619639,59.14182823037169,154.74322739660374,166.80964863922918,3570.0819854015417,34492.52455089401,-88.19937144009384
-124.8333362299996,44.16666754999984,26.391382217407227,9.370052720316075,59.46359924639534,154.55734249948682,166.60926898515916,3571.3689645676313,34646.229113248475,-81.10013903998109
-124.8333362299996,44.28333421899984,13.024293899536133,9.508882609485264,69.84389790450771,153.4249237164395,165.3885475197315,3579.276665022433,35602.87969555452,-148.40140639976957
-124.8333362299996,44.40000088799984,-9.509427070617676,9.699450754323895,64.98445738214575,151.91025326016685,163.75576752111164,3590.03794310321,36938.960901477345,-413.30870367878424
-124.8333362299996,44.51666755699984,-15.178633689880373,9.79350475895805,66.63587630547508,151.1790422362346,162.96753881452887,3595.3101537794496,37608.1484442629,-325.61060935817346
-124.8333362299996,44.63333422599983,-12.308832168579102,9.825316560386193,64.00033312576562,150.9341047447967,162.7035018187086,3597.0876348985566,37835.9486118067,-374.50936111863064
-124.8333362299996,44.75000089499983,-26.95210838317871,9.842608064253149,35.840121294956994,150.80146586972836,162.56052015470758,3598.0525888458214,37960.080729872905,-492.00710439913985
-124.8333362299996,44.86666756399983,-13.681036949157717,9.779214278207387,21.999140215510025,151.2894617671639,163.08656853535805,3594.5107350229164,37506.05664316976,-350.6000710400989
-124.8333362299996,44.98333423299982,-30.642396926879883,9.589646424923934,53.576249068792414,152.77748679900753,164.69062537780735,3583.850398834259,36165.88127259559,-673.9014459995772
-124.8333362299996,45.10000090199982,-27.01433753967285,9.546804405070574,53.73378967519149,153.11990344155438,165.05974266192,3581.426622393376,35866.638137266345,-661.5039089594401
-124.8333362299996,45.21666757099982,-36.60736083984375,9.503962385217216,53.891330281590555,153.4646328044089,165.43135300546032,3578.997401382,35568.734872162655,-776.1073928788318
-124.8333362299996,45.33333423999981,-33.75849151611328,9.461120365363858,54.04887088798962,153.81170103930046,165.80548459939249,3576.5626989437596,35272.1714772845,-754.4067225592487
-124.8333362299996,45.45000090899981,-47.09869003295898,9.418278345510497,54.206411494388696,154.1611347138452,166.18216608299713,3574.1224778045735,34976.94795263186,-889.3133263181101
-124.8333362299996,45.56666757799981,-60.47099685668945,9.344999560348718,55.711294716713226,154.76438146436496,166.83245223890788,3569.935720565828,34475.09112576497,-1010.5181377573228
-124.8333362299996,45.683334246999806,-47.88052368164063,9.25057045311929,58.15243808276638,155.5522872632383,167.68179661204815,3564.516265966431,33834.16460346512,-741.4154217585746
-124.8333362299996,45.8000009159998,-47.35766220092773,9.156141345889859,60.593581448819535,156.35235059355443,168.5442465251362,3559.0690793671147,33199.747386258525,-735.1346964742961
-124.8333362299996,45.9166675849998,-35.5606689453125,9.072298586673053,62.181972202991936,157.0731637574109,169.3212665771302,3554.2089815911495,32641.909600698706,-708.6992100802538
-124.7166695609996,42.066667507999895,-33.23847579956055,8.737419494198484,51.51229122539121,160.05493352912097,172.53554597604204,3534.569421565955,30465.012287423888,-594.0031194075824
-124.7166695609996,42.18333417699989,-34.63666534423828,8.835014449788986,51.364511111715665,159.16846459401108,171.5799528035132,3540.3313270776534,31090.980319712762,-561.501956815734
-124.7166695609996,42.30000084599989,-32.14826965332031,8.918807165746724,50.55272117050668,158.41900160172455,170.7720488938254,3545.2530209494607,31633.969259817917,-470.00555711925244
-124.7166695609996,42.41666751499989,14.57908058166504,9.002599881704462,49.7409312292977,157.68002667696214,169.975450880286,3550.151648814968,32182.083689973795,-148.00448403139762
-124.7166695609996,42.53333418399989,-13.248370170593262,9.086392597662206,48.92914128808866,156.95129746129655,169.189897506071,3555.027531969484,32735.323610180443,-308.0161589898602
-124.7166695609996,42.65000085299988,-19.044301986694336,9.17018531361994,48.11735134687973,156.23257936511033,168.41513588895535,3559.880984317788,33293.689020437756,-284.5211243971614
-124.7166695609996,42.76666752199988,4.343812942504883,9.140942923465722,115.7414081845078,156.4822782254064,168.68430553115786,3558.189731628762,33098.2456984712,-201.5115973744393
-124.7166695609996,42.88333419099988,-1.5126373767852783,9.086369806907916,198.70167136174754,156.9514942965723,169.19010968998197,3555.026208843278,32735.17243777905,-135.00346809553082
-124.7166695609996,43.00000085999987,-13.081185340881348,9.031796690350117,281.66193453897716,157.4249567084497,169.70049130666322,3551.853171582369,32374.27328137405,-150.00180207975177
-124.7166695609996,43.11666752899987,-24.480443954467773,8.977223573792315,364.6221977162119,157.90272989789617,170.21551984265557,3548.6705334801577,32015.548229256154,-202.00312444757606
-124.7166695609996,43.233334197999866,-24.27238273620605,8.941528480277002,428.2484707783634,158.21759433979958,170.554936486644,3546.5836033656997,31782.090020715736,-215.50694465505705
-124.7166695609996,43.35000086699986,-31.972139358520508,9.207012330565487,183.42132637895207,155.91980989142732,168.0779775726407,3562.007067064185,33540.71276014249,-349.5171547976464
-124.7166695609996,43.46666753599986,-55.1509895324707,9.365435693808992,50.93436425723603,154.59543509037613,166.65033192412525,3571.1049773442383,34614.6557932281,-463.5072247510164
-124.7166695609996,43.58333420499986,-62.36613082885742,9.387933675505426,51.25613527325968,154.41008165270185,166.45052517114033,3572.3907288154887,34768.65402392642,-521.0086838068261
-124.7166695609996,43.700000873999855,-63.63710784912109,9.410431657201862,51.577906289283334,154.22539331331186,166.2514353788456,3573.6749405696437,34923.02175082645,-493.00485974335913
-124.7166695609996,43.81666754299985,-62.834171295166016,9.432929638898294,51.899677305306994,154.04136610410998,166.0530582697244,3574.9576181250313,35077.758973928154,-414.99915100817157
-124.7166695609996,43.93333421199985,-42.64741516113281,9.45542762059473,52.22144832133064,153.8579960900652,165.8553896019036,3576.2387669670957,35232.86569323158,-163.99763324833418
-124.7166695609996,44.050000880999846,-19.85448265075684,9.477925602291164,52.5432193373543,153.6752793688585,165.65842516877277,3577.518392548669,35388.34190873671,-121.50034427196233
-124.7166695609996,44.16666754999984,-5.045485496520996,9.578915634964256,57.25263580714589,152.8630374134773,164.78284697729615,3583.243816175805,36090.80303074337,-109.99846457622527
-124.7166695609996,44.28333421899984,2.957526206970215,9.687489480365906,56.09659189307987,152.00400714887826,163.8568320620135,3589.365623353713,36854.320137753035,-85.0041108794167
-124.7166695609996,44.40000088799984,0.1041762232780456,9.781543485000054,57.7480108164091,151.27144797298502,163.06715007854933,3594.6410721841685,37522.68642636565,-130.50049097592313
-124.7166695609996,44.51666755699984,-29.516340255737305,9.824321558876925,60.430017837740245,150.94174780995831,162.71174086758708,3597.0320829230213,37828.812343658086,-264.9998180479837
-124.7166695609996,44.63333422599983,-24.31683349609375,9.844913598102078,49.46876006518163,150.78380709404635,162.54148439969282,3598.1811853093755,37976.64817024475,-214.49864067197396
-124.7166695609996,44.75000089499983,-28.28452491760254,9.862205101969034,21.30854823437299,150.65156371634794,162.39892907278212,3599.1451792148328,38101.02765775597,-315.50448311945775
-124.7166695609996,44.86666756399983,-30.90057182312012,9.83853814992649,16.465352037855425,150.8326537137814,162.59413993500965,3597.825543228975,37930.84401855902,-392.49191387335634
-124.7166695609996,44.98333423299982,-28.183671951293945,9.694016053123079,49.26283057571833,151.95282958522628,163.8016638226364,3589.732520624936,36900.490741945905,-412.00110799960567
-124.7166695609996,45.10000090199982,-23.07103538513184,9.651174033269719,49.42037118211739,152.2897190454029,164.164822930972,3587.3218562484344,36597.98348046779,-325.0107654863077
-124.7166695609996,45.21666757099982,-35.938323974609375,9.608332013416359,49.57791178851647,152.62885920589176,164.53040824260313,3584.9058353808887,36296.8160892152,-539.0007989759529
-124.7166695609996,45.33333423999981,-36.80970001220703,9.565489993563002,49.73545239491553,152.9702752397317,164.89844689348817,3582.484422156489,35996.98856818818,-495.4968883365186
-124.7166695609996,45.45000090899981,-39.64259719848633,9.52264797370964,49.8929930013146,153.31399271590175,165.2689664463998,3580.0575803073793,35698.50091738666,-367.47597198789157
-124.7166695609996,45.56666757799981,-47.59459686279297,9.479805953856282,50.050533607713675,153.6600376073639,165.64199489959506,3577.6252731573227,35401.353136810685,-460.00102879999304
-124.7166695609996,45.683334246999806,-41.74267578125,9.434412080789675,50.321036959954974,154.02926326487668,166.04001168672357,3575.042082849195,35087.96792820482,-464.00003308881924
-124.7166695609996,45.8000009159998,-43.08750915527344,9.339982973560245,52.76218032600812,154.80593853841083,166.87724981122616,3569.648500331361,34440.877910434276,-330.5049327194438
-124.7166695609996,45.9166675849998,-35.16885757446289,9.245553866330816,55.203323692061275,155.59448244899616,167.72728205415086,3564.22758309749,33800.29719775702,-252.50680747108427
-124.6000028919996,42.066667507999895,-34.32622528076172,8.546798867741769,47.977249929719534,161.82995638318252,174.4489798858424,3523.221804545997,29262.436373255678,-247.0106131185393
-124.6000028919996,42.18333417699989,-36.65004348754883,8.659860207017127,48.5735396942955,160.77007644654293,173.30645363248018,3529.9674147076685,29972.510263853732,-258.3115853904045
-124.6000028919996,42.30000084599989,-27.67588996887207,8.772921546292483,49.16982945887145,159.73075195818092,172.18608568072827,3536.6691320864284,30691.91564695206,-168.60202838371634
-124.6000028919996,42.41666751499989,-8.434124946594238,8.872577672539164,49.121209887857134,158.8311769287951,171.21636443928176,3542.5405339295194,31333.761612662773,-86.10084214388272
-124.6000028919996,42.53333418399989,-17.643770217895508,8.956370388496907,48.30941994664809,158.08644608661405,170.41356167883123,3547.451847385297,31879.048245619648,-90.2015188477937
-124.6000028919996,42.65000085299988,-12.753698348999023,9.04016310445464,47.49763000543916,157.3520936840408,169.62194663815058,3552.3402397968507,32429.46036862718,-104.30097171186601
-124.6000028919996,42.76666752199988,10.103034973144531,9.12395582041238,46.68584006423018,156.62788088558582,168.84126185806204,3557.2060291166126,32984.99798168549,-42.400422335941556
-124.6000028919996,42.88333419099988,7.919944763183594,9.207748536370122,45.87405012302114,155.91357648033727,168.07125809850763,3562.049526013425,33545.661084794534,-45.50249391965485
-124.6000028919996,43.00000085999987,-11.31562042236328,9.291541252327857,45.062260181812206,155.20895657183672,167.3116940042424,3566.8710341040114,34111.44967795427,-98.80117811183536
-124.6000028919996,43.11666752899987,-18.14126968383789,9.375333968285595,44.25047024060322,154.51380428323424,166.56233578699818,3571.670850175083,34682.36376116475,-112.60491406329007
-124.6000028919996,43.233334197999866,-23.384801864624023,9.43562241093562,57.66908094272466,154.0193840946806,166.02936216792406,3575.1110386093214,35096.304152838944,-104.90333017553345
-124.6000028919996,43.35000086699986,-27.2573356628418,9.473308575784099,44.01398434819418,153.71272333066435,165.69878890046934,3577.2559122759794,35356.40501078896,-141.5001411200509
-124.6000028919996,43.46666753599986,-50.9521369934082,9.490079274845336,44.57210749792832,153.57684407986955,165.55231418578379,3578.209029441209,35472.48569463987,-185.80652851104853
-124.6000028919996,43.58333420499986,-63.4028549194336,9.503460984917544,45.270086636915636,153.46868112944,165.43571700695736,3578.9689386874857,35565.256302525224,-260.8063151511342
-124.6000028919996,43.700000873999855,-62.06110763549805,9.516842694989752,45.96806577590296,153.36074639248983,165.31936583702552,3579.728313112259,35658.157631630624,-247.903399455537
-124.6000028919996,43.81666754299985,-64.82820892333984,9.53022440506196,46.666044914890264,153.2530390676319,165.20325981211124,3580.487153843159,35751.18968195608,-236.00374383949668
-124.6000028919996,43.93333421199985,-45.60722351074219,9.54360611513417,47.36402405387759,153.14555835741325,165.0873980725786,3581.245462003858,35844.352453501604,-186.5006940799043
-124.6000028919996,44.050000880999846,-29.26899528503418,9.563961429566188,47.83081241290583,152.9824990193336,164.91162384743143,3582.3979282693854,35986.31575257385,-136.99957712007415
-124.6000028919996,44.16666754999984,-16.370281219482422,9.675528206407929,47.208726404013106,152.09793483734873,163.9580839550679,3588.692888414805,36769.783816643336,-111.39992681601873
-124.6000028919996,44.28333421899984,-16.571210861206055,9.769582211042078,48.86014532734234,151.36402336166182,163.16694422345392,3593.971581373417,37437.32885108308,-102.3000650720004
-124.6000028919996,44.40000088799984,-16.11612892150879,9.822267888144417,51.343020751974855,150.95752667344854,162.7287501203926,3596.917415440967,37814.085460262635,-104.30091699184325
-124.6000028919996,44.51666755699984,-29.65450668334961,9.84555329831085,54.41680822315138,150.7789085374704,162.53620386809848,3598.2168633940564,37981.245708706076,-153.70271236761857
-124.6000028919996,44.63333422599983,-27.491065979003903,9.864510635817965,34.93718700459585,150.63395754259196,162.3799500214367,3599.2736478637617,38117.6280807205,-183.00229647967177
-124.6000028919996,44.75000089499983,-30.008729934692383,9.861135132452947,24.691784723825727,150.65973661968522,162.40773927505717,3599.0855534149678,38093.3249266817,-240.7067786069852
-124.6000028919996,44.86666756399983,-32.40454864501953,9.82600759750382,41.970038494049355,150.92879725334973,162.69778046470606,3597.1262145688697,37840.90523676402,-375.1062752630928
-124.6000028919996,44.98333423299982,-39.91093444824219,9.798385681322236,44.94941208264372,151.14138373269063,162.92694381176113,3595.5830621007126,37643.05211537833,-447.0
-124.6000028919996,45.10000090199982,-36.74189758300781,9.755543661468876,45.106952689042785,151.47289312367732,163.28430332895257,3593.1852992653794,37337.28072775133,-383.60424214340145
-124.6000028919996,45.21666757099982,-41.7244987487793,9.712701641615515,45.26449329544185,151.80659349870172,163.64402467666577,3590.782265668956,37032.849210349865,-434.2010246077726
-124.6000028919996,45.33333423999981,-44.62076950073242,9.66985962176216,45.42203390184092,152.1425090987038,164.0061339860779,3588.3739263993166,36729.757563173975,-417.900180096023
-124.6000028919996,45.45000090899981,-50.43120193481445,9.627017601908799,45.57957450824,152.4806645417742,164.37065779492568,3585.96024615721,36428.00578622357,-457.10120974378833
-124.6000028919996,45.56666757799981,-50.116153717041016,9.584175582055439,45.73711511463907,152.82108483073125,164.7376230556738,3583.5411892502243,36127.593879498716,-424.89536489703147
-124.6000028919996,45.683334246999806,-39.374755859375,9.54133356220208,45.894655721038134,153.16379536088704,165.1070571438858,3581.116719586629,35828.521842999406,-249.6028930236339
-124.6000028919996,45.8000009159998,-40.5205192565918,9.49849154234872,46.0521963274372,153.50882192800424,165.47898786680207,3578.6868006690906,35530.78967672562,-179.4008674559318
-124.6000028919996,45.9166675849998,-39.20792388916016,9.429395494001227,47.37192256924891,154.07023081272504,166.0841737633273,3574.7562272511614,35053.42727453608,-155.99637496062502
-124.4833362229996,42.066667507999895,-41.93965148925781,8.497583011612077,46.50389350564798,162.29791891308201,174.95343275594308,3520.271492752042,28956.254719321932,-105.301034143859
-124.4833362229996,42.18333417699989,-45.80413818359375,8.469239580560433,45.03849839862425,162.56926780830725,175.2459406390516,3518.5685291715295,28780.72696161999,-110.30112078383922
-124.4833362229996,42.30000084599989,-26.27705955505371,8.582300919835792,45.6347881632002,161.49489184170872,174.0877879979967,3525.344753085461,29484.39951369421,-83.9022936316789
-124.4833362229996,42.41666751499989,-8.760748863220215,8.69536225911115,46.231077927776155,160.44153892839026,172.9522977260159,3532.0764878346545,30197.40355826871,-34.10203348771239
-124.4833362229996,42.53333418399989,-9.171051025390623,8.808423598386515,46.82736769235215,159.4085322716149,171.83874025175538,3538.764598358236,30919.73909534354,-35.801240543830886
-124.4833362229996,42.65000085299988,17.249439239501953,8.910140895289357,46.877908663998674,158.4960244154176,170.85507771974235,3544.7450692264338,31577.57293247636,-60.20063417591342
-124.4833362229996,42.76666752199988,1.2915773391723633,8.993933611247096,46.06611872278969,157.75597613333647,170.05732265164093,3549.646067671274,32125.157258284886,80.79073454529652
-124.4833362229996,42.88333419099988,10.524967193603516,9.07772632720484,45.254328781580654,157.0261982605469,169.2706388491071,3554.5242885218877,32677.86707414417,38.40005827199019
-124.4833362229996,43.00000085999987,-6.2887115478515625,9.161519043162572,44.44253884037171,156.30645541892784,168.4947725799271,3559.380046436318,33235.702380054114,-25.203741695474942
-124.4833362229996,43.11666752899987,-17.359500885009766,9.24531175912031,43.63074889916273,155.5965197139625,167.7294781790407,3564.2136488939796,33798.66317601483,-42.20145529579463
-124.4833362229996,43.233334197999866,-26.270376205444336,9.399689800291535,42.8419586818895,154.31349164992406,166.34640336434794,3573.061974228755,34849.27144472222,-55.40020859197432
-124.4833362229996,43.35000086699986,-29.05794334411621,9.485518140121645,42.29162777210563,153.61376354376893,165.59211252077145,3577.949893160578,35440.89485110053,-92.0009015998703
-124.4833362229996,43.46666753599986,-37.92545318603516,9.498899850193855,42.98960691109295,153.50552262330305,165.47543129203487,3578.7099849583055,35533.620902864684,-113.60166444776814
-124.4833362229996,43.58333420499986,-29.87624931335449,9.512281560266064,43.68758605008027,153.39751019037158,165.35899636761786,3579.4695415492706,35626.477675848895,-143.4006253119082
-124.4833362229996,43.700000873999855,-31.382869720458984,9.525663270338272,44.385565189067584,153.28972544224072,165.24280688219181,3580.2285640624573,35719.46517005315,-129.10368076747096
-124.4833362229996,43.81666754299985,-37.285099029541016,9.53904498041048,45.0835443280549,153.1821675801193,165.12686197467818,3580.9870536228836,35812.583385477454,-127.60069804789043
-124.4833362229996,43.93333421199985,-33.296539306640625,9.552426690482688,45.781523467042206,153.07483580913407,165.01116078822184,3581.745011351626,35905.83232212181,-130.20097657585018
-124.4833362229996,44.050000880999846,-14.552327156066896,9.612694383285945,44.925126080282396,152.59422276229228,164.49307095111618,3585.152091622427,36327.42105685686,-129.79992726401775
-124.4833362229996,44.16666754999984,-14.343960762023926,9.744278136996048,41.70443974135897,151.5604280154192,163.3786639338126,3592.5539216816787,37257.0990900658,-109.40020411197992
-124.4833362229996,44.28333421899984,-15.78108024597168,9.820214217411909,42.25602366621038,150.97331048635667,162.74576470855706,3596.8027359707667,37799.36165568853,-99.39972259203863
-124.4833362229996,44.40000088799984,-9.63629913330078,9.843499627578339,45.32981113738671,150.79463638296195,162.55315812467205,3598.10231963071,37966.48699511924,-85.10006428800085
-124.4833362229996,44.51666755699984,-26.500383377075195,9.866785037744771,48.40359860856323,150.6165951541529,162.36123376506941,3599.400367074586,38134.00814808839,-82.70167569575233
-124.4833362229996,44.63333422599983,-26.298046112060547,9.856451461126397,44.37888557418885,150.6955282472856,162.4463218283921,3598.8245100961226,38059.61692302235,-109.50255983965465
-124.4833362229996,44.75000089499983,-31.39145851135254,9.838021602681115,45.19566839452871,150.8366134107745,162.59840839751521,3597.796723591593,37927.13420500941,-141.20146313578505
-124.4833362229996,44.86666756399983,-29.99590110778809,9.820083662735712,45.52749140063524,150.97431405245814,162.7468465297882,3596.795445233579,37798.42574724202,-195.70349681547225
-124.4833362229996,44.98333423299982,-35.518341064453125,9.79623741880619,45.1362613876678,151.15795507312455,162.944807336529,3595.4629540992055,37627.68766145077,-370.20380649548235
-124.4833362229996,45.10000090199982,-37.8615837097168,9.770849634782211,44.55637906054853,151.35420596678915,163.15636129703566,3594.042540425564,37446.36844371614,-353.5988903681546
-124.4833362229996,45.21666757099982,-56.36895751953125,9.745461850758234,43.97649673342927,151.5512232380947,163.3687413950551,3592.6202802062044,37265.5197398732,-406.8003557439364
-124.4833362229996,45.33333423999981,-54.90326690673828,9.72007406673426,43.39661440631004,151.74901188801977,163.58195302152757,3591.1961662207887,37085.14154992196,-393.70033721596866
-124.4833362229996,45.45000090899981,-41.57174301147461,9.694686282710283,42.81673207919074,151.94757696334977,163.7960016167719,3589.770191201801,36905.23387386239,-390.50497175943934
-124.4833362229996,45.56666757799981,-35.68998718261719,9.669298498686304,42.236849752071485,152.1469235572179,164.01089267106886,3588.342347834114,36725.79671169448,-245.10378236751927
-124.4833362229996,45.683334246999806,-36.88931655883789,9.64391071466233,41.65696742495223,152.34705680965362,164.22663172525228,3586.912628754554,36546.83006341829,-192.5002549599967
-124.4833362229996,45.8000009159998,-40.52806091308594,9.602861170547866,41.73877783436312,152.6723300838335,164.57726885161006,3584.596926693098,36258.45407119782,-165.0991442081529
-124.4833362229996,45.9166675849998,-51.03216552734375,9.560019150694506,41.89631844076219,153.01403857493813,164.94562276471615,3582.1748222722968,35958.797649000684,-155.29969790407722
-124.3666695539996,42.066667507999895,-27.51908302307129,8.530484363449423,46.22780790187575,161.98463191396073,174.61571655908025,3522.2447527488484,29160.744668395113,-49.001385919803624
-124.3666695539996,42.18333417699989,-0.9229824542999268,8.428006652226953,43.681533249263325,162.96645711990004,175.67410160366845,3516.086027311567,28526.423087443345,62.664509637034385
-124.3666695539996,42.30000084599989,-4.100803375244141,8.3916802933791,42.09974686752896,163.31880521611112,176.05392476695965,3513.893897771823,28303.408823394806,321.9941392010263
-124.3666695539996,42.41666751499989,6.826672554016113,8.504741632654458,42.696036632104914,162.22959973686923,174.87978625152988,3520.7011560687934,29000.680036945196,269.15819667790703
-124.3666695539996,42.53333418399989,-10.16165256500244,8.617802971929823,43.292326396680906,161.16189994517254,173.72883037383818,3527.4633151900866,29707.28274299591,149.08360601821784
-124.3666695539996,42.65000085299988,11.221970558166504,8.730864311205174,43.88861616125682,160.11500733627335,172.60030416179336,3534.181259800541,30423.21694154681,497.74078837639956
-124.3666695539996,42.76666752199988,25.523914337158203,8.843925650480532,44.48490592583278,159.0882547606823,171.49348844355328,3540.855846015127,31148.482632598036,229.3728195877632
-124.3666695539996,42.88333419099988,36.42198181152344,8.947704118039555,44.63460744014016,158.16298462140486,170.49606846320307,3546.944962478852,31822.414279153432,390.0728547398397
-124.3666695539996,43.00000085999987,14.227951049804688,9.031496833997288,43.82281749893123,157.42757003392737,169.70330841156687,3551.8357106338744,32372.29629781361,131.61091241435258
-124.3666695539996,43.11666752899987,3.345391035079956,9.115289549955028,43.011027557722244,156.7023193932157,168.92150486133835,3556.703823154573,32927.303806524564,79.7945967687699
-124.3666695539996,43.233334197999866,-4.700742721557617,9.348872734898041,42.287059606291294,154.732319226586,166.79788988223171,3570.1574230107503,34501.5188158618,64.60193145565724
-124.3666695539996,43.35000086699986,-11.387496948242188,9.440666898538453,41.633933054577874,153.97822955032066,165.98499851337144,3575.3983890033314,35131.05989354327,-12.500692959901812
-124.3666695539996,43.46666753599986,-12.725266456604004,9.507720425542374,41.40710632425756,153.43430044010356,165.3986554126978,3579.2107079384177,35594.81290695062,-85.30166460775547
-124.3666695539996,43.58333420499986,-3.111812829971313,9.521102135614582,42.10508546324488,153.32643817589826,165.2823823667221,3579.969912364593,35687.755845033666,-102.99922856013875
-124.3666695539996,43.700000873999855,-19.24022483825684,9.53448384568679,42.8030646022322,153.21880306952778,165.1663541916803,3580.728583454991,35780.82950433676,-113.10083529587178
-124.3666695539996,43.81666754299985,-28.92998504638672,9.547865555758998,43.50104374121952,153.11139432478623,165.05057002928075,3581.48672233203,35874.03388485991,-108.599240176102
-124.3666695539996,43.93333421199985,-26.302574157714844,9.561247265831206,44.199022880206826,153.0042111493693,164.9350290254376,3582.244330114195,35967.36898660312,-116.900066303997
-124.3666695539996,44.050000880999846,-12.260982513427734,9.661427337005701,42.019439747658964,152.20888796353586,164.077688879342,3587.8992824628567,36670.260038707995,-107.30034292795852
-124.3666695539996,44.16666754999984,-16.721261978149414,9.781914863249208,39.04641575730378,151.26857637475962,163.0640545615495,3594.661852239324,37525.33831302735,-88.40027718396072
-124.3666695539996,44.28333421899984,-1.9384307861328125,9.825692225286229,39.647430808430464,150.93121939147812,162.70039147403392,3597.1086079315774,37838.64311270834,-83.0
-124.3666695539996,44.40000088799984,-0.2855979204177856,9.852544251648762,41.950419233018096,150.72540584123212,162.47852918914222,3598.6066952403726,38031.509304204425,-77.50069295990181
-124.3666695539996,44.51666755699984,-32.19318008422852,9.872670874511082,42.726677592745816,150.5716915575494,162.31282871821804,3599.7282310314704,38176.41502169308,-63.79964772805653
-124.3666695539996,44.63333422599983,-51.72039031982422,9.853585553773938,45.14817518932253,150.71744149001594,162.46994380126864,3598.664748837109,38038.99911692299,-86.20083155188217
-124.3666695539996,44.75000089499983,-49.5825080871582,9.835303732992418,45.592409260969085,150.85745292692343,162.62087291777306,3597.6450734602563,37907.617824878325,-114.6010601758179
-124.3666695539996,44.86666756399983,-37.29090118408203,9.817365793047012,45.92423226707561,150.99521070260667,162.76937263918668,3596.643656639776,37778.9449567887,-147.80055436792145
-124.3666695539996,44.98333423299982,-39.629512786865234,9.79239078486316,45.39486508240729,151.187640991696,162.97680807562273,3595.247858315978,37600.184808467624,-193.10271057560385
-124.3666695539996,45.10000090199982,-48.43880844116211,9.767003000839184,44.81498275528804,151.38400768352545,163.18848686389413,3593.827165324943,37418.936880716596,-257.8055780471584
-124.3666695539996,45.21666757099982,-59.26229476928711,9.741615216815207,44.23510042816877,151.58114150779664,163.40099260333633,3592.404624697215,37238.15946685724,-344.60803833486096
-124.3666695539996,45.33333423999981,-44.83045959472656,9.716227432791234,43.65521810104955,151.77904747239413,163.61433069233394,3590.9802292053355,37057.852566889596,-248.70481187137864
-124.3666695539996,45.45000090899981,-32.1048469543457,9.690839648767255,43.075335773930256,151.9777306310908,163.82850657873817,3589.5539715746017,36878.0161808136,-185.5006929599018
-124.3666695539996,45.56666757799981,-36.95609664916992,9.665451864743279,42.49545344681099,152.1771960840898,164.04352576045105,3588.125844482637,36698.6503086293,-172.20039411197388
-124.3666695539996,45.683334246999806,-28.7990837097168,9.6400640807193,41.91557111969173,152.37744897857456,164.25939378601822,3586.695840558946,36519.754950336675,-150.6011087358429
-124.3666695539996,45.8000009159998,-32.4626350402832,9.614942018441925,41.3254277380356,152.57638613960106,164.4738434811061,3585.2789490537148,36343.19515657003,-150.40027718396072
-124.3666695539996,45.9166675849998,-43.13969039916992,9.589941879699028,40.73057618306414,152.77513333397917,164.6880883965057,3583.8670952949587,36167.94961844195,-145.5997545760859
-124.2500028849996,42.066667507999895,-13.73016357421875,8.563385715286769,45.951722298103505,161.6731521717328,174.279948543682,3524.2142110528584,29366.02484170378,108.18974920115286
-124.2500028849996,42.18333417699989,20.261533737182617,8.4609080040643,43.40544764549109,162.64929024889503,175.3322029939364,3518.067399781506,28729.24195243236,555.2379437686222
-124.2500028849996,42.30000084599989,21.909957885742188,8.358430292841833,40.85917299287867,163.64332551334064,176.4037502014416,3511.8832496257287,28100.12529050804,257.2473029672156
-124.2500028849996,42.41666751499989,42.77507781982422,8.314121006197766,39.160995336433665,164.07880654047565,176.87318875683158,3509.197613581813,27830.48195858012,678.705454959046
-124.2500028849996,42.53333418399989,3.776679754257202,8.427182345473131,39.75728510100966,162.97442722550105,175.68269319463684,3516.036336614227,28521.35183360672,487.729925195919
-124.2500028849996,42.65000085299988,47.06886672973633,8.540243684748482,40.35357486558557,161.89205188843846,174.51591741576266,3522.829336390822,29221.553201133513,657.802800319606
-124.2500028849996,42.76666752199988,31.051441192626957,8.65330502402384,40.94986463016153,160.83095941301127,173.3720840734084,3529.5775179377806,29931.086061160622,540.9920050409722
-124.2500028849996,42.88333419099988,38.66975784301758,8.766366363299204,41.54615439473752,159.79046134055,172.25045102492473,3536.281756813345,30649.950413688053,521.294165360823
-124.2500028849996,43.00000085999987,21.453081130981445,8.879427702574555,42.14244415931344,158.76989999271947,171.15030930815627,3542.9429004338554,31378.14625871568,193.2874518419044
-124.2500028849996,43.11666752899987,11.239577293395996,8.985267340789743,42.39130621628175,157.83203544285678,170.13931284216673,3549.140242887834,32068.285652693918,214.09111448120836
-124.2500028849996,43.233334197999866,6.9347991943359375,9.29805566950455,41.732160530693086,155.1545756835335,167.25307265438974,3567.2449669660227,34155.65132012008,79.09535552058979
-124.2500028849996,43.35000086699986,0.7887299060821533,9.38984983314496,41.07903397897966,154.39432585474424,166.43354078244977,3572.5001652961446,34781.78715948953,123.79779296023281
-124.2500028849996,43.46666753599986,2.606708288192749,9.481643996785369,40.42590742726624,153.64514317372607,165.6259390418777,3577.7297386665214,35414.074101848244,10.199726720022408
-124.2500028849996,43.58333420499986,-0.3251902759075165,9.529922710963099,40.522584876409496,153.25546485706383,165.20587475746055,3580.470051455837,35749.09081007955,-31.705123759269277
-124.2500028849996,43.700000873999855,4.56712818145752,9.543304421035309,41.22056401539682,153.14797904651806,165.09000751989228,3581.228371611116,35842.250634481505,-57.40561047919513
-124.2500028849996,43.81666754299985,-15.7586669921875,9.556686131107517,41.91854315438413,153.04071907491584,164.9743837315234,3581.9861602907267,35935.54118010351,-78.30180023974326
-124.2500028849996,43.93333421199985,-9.80489444732666,9.578576537015355,42.33443975395896,152.8657431956721,164.78576374841953,3583.224642345428,36088.43189354329,-77.10152327978275
-124.2500028849996,44.050000880999846,-15.097308158874512,9.710160290725458,39.11375341503553,151.8264576703884,163.66543779797203,3590.6395534794565,37014.832698127255,-68.50069239990125
-124.2500028849996,44.16666754999984,-8.654509544372559,9.785082453913914,37.15772595449618,151.24409034121572,163.03765917920714,3594.83907520898,37547.961099911285,-68.30041543994075
-124.2500028849996,44.28333421899984,15.758641242980955,9.826950914021973,37.9506958547393,150.92155304069237,162.68997136967576,3597.1788764680496,37847.67195730801,-65.40055391992101
-124.2500028849996,44.40000088799984,-9.01719856262207,9.853802940384508,40.25368427932694,150.71577897785377,162.4681516513032,3598.6768679630522,38040.56282159459,-68.0
-124.2500028849996,44.51666755699984,-38.4199104309082,9.864704322688002,38.93572596993334,150.63247873684085,162.37835590276737,3599.2844397740196,38119.02285153166,-73.39964784005663
-124.2500028849996,44.63333422599983,-39.69254684448242,9.873998633148261,37.252947185548244,150.56156751394875,162.30191523150688,3599.802178830658,38185.98488770601,-71.79977272006408
-124.2500028849996,44.75000089499983,-44.165470123291016,9.849515220359196,40.4551195399062,150.74858042722127,162.50351086111098,3598.43780638414,38009.726777771924,-85.10056807989812
-124.2500028849996,44.86666756399983,-28.175966262817383,9.816772815862993,45.57039801977474,150.99977102830934,162.7742885656601,3596.6105370382033,37774.695409167325,-114.80110783984202
-124.2500028849996,44.98333423299982,-28.74916076660156,9.7899429896422,45.599451518118876,151.20654065513997,162.99718147917346,3595.110960693559,37582.68906526222,-145.50069239990125
-124.2500028849996,45.10000090199982,-23.11494827270508,9.764942850899303,45.004599963147406,151.39997589304315,163.20570022737283,3593.711798983244,37404.24974168523,-160.801107839842
-124.2500028849996,45.21666757099982,-36.83515930175781,9.739942712156406,44.40974840817594,151.59415540789922,163.41502128905043,3592.3108450615873,37226.266673172366,-170.9003368799653
-124.2500028849996,45.33333423999981,-25.095348358154297,9.714942573413511,43.814896853204516,151.78908398488366,163.62514982251562,3590.9080920238675,37048.73985972365,-167.60083087988153
-124.2500028849996,45.45000090899981,-47.93053436279297,9.689942434670613,43.22004529823302,151.9847664523545,163.83609103262756,3589.5035329209127,36871.66930133904,-156.60130511982783
-124.2500028849996,45.56666757799981,-47.02089691162109,9.664942295927716,42.62519374326155,152.18120768235445,164.04785017133656,3588.0971607587007,36695.05499801857,-135.70188047971715
-124.2500028849996,45.683334246999806,-26.34904289245605,9.639942157184821,42.03034218829008,152.3784125911206,164.2604325382333,3586.688968497951,36518.89694976224,-134.89986152001975
-124.2500028849996,45.8000009159998,-25.653982162475582,9.614942018441923,41.43549063331862,152.57638613960108,164.47384348110612,3585.2789490537148,36343.195156570015,-123.50207719970376
-124.2500028849996,45.9166675849998,-19.1982421875,9.589941879699028,40.84063907834715,152.77513333397917,164.6880883965057,3583.8670952949587,36167.94961844195,-115.20074895991002
-124.1333362159996,42.066667507999895,-5.251284599304199,8.596287067124115,45.67563669433126,161.36346237710165,173.94611005072377,3526.1798895528523,29572.095239247938,253.48666438584593
-124.1333362159996,42.18333417699989,-5.223726272583008,8.493809355901647,43.12936204171885,162.3339680184913,174.9922928644483,3520.0449235685414,28932.851041656857,154.99652336061612
-124.1333362159996,42.30000084599989,26.423473358154297,8.391331644679179,40.58308738910643,163.32219802073857,176.0575821325021,3513.872835454821,28301.273071412874,806.5099670066837
-124.1333362159996,42.41666751499989,44.370697021484375,8.28885393345671,38.036812736494014,164.32869853736634,177.14256659585166,3507.6629430759313,27677.361328515988,896.9335911771776
-124.1333362159996,42.53333418399989,10.08967399597168,8.236561719016438,36.22224380533841,164.84951753872832,177.70399752942757,3504.4793728989725,27361.94636717596,283.9468362312271
-124.1333362159996,42.65000085299988,48.82212066650391,8.349623058291789,36.81853356991432,163.7296087672074,176.49676156939037,3511.35000105836,28046.41490367864,949.0218378689416
-124.1333362159996,42.76666752199988,53.498291015625,8.462684397567147,37.414823334490286,162.63221857915858,175.31380012566015,3518.1742673540593,28740.21493268164,725.494431872716
-124.1333362159996,42.88333419099988,29.388208389282227,8.575745736842512,38.01111309906628,161.55660229686652,174.15431045274593,3524.9530978358025,29443.346454184968,260.0002972799632
-124.1333362159996,43.00000085999987,31.53907966613769,8.688807076117863,38.60740286364219,160.50204926930368,173.01752648514562,3531.6873881290003,30155.809468188483,69.98776019371233
-124.1333362159996,43.11666752899987,35.92387390136719,9.07657158342626,39.65957292792095,157.0361865726018,169.28140602032622,3554.4572153338972,32670.215373807292,109.99197465711632
-124.1333362159996,43.233334197999866,27.946632385253903,9.266613485572119,40.565095368737545,155.4175772398138,167.5365822976405,3565.438948031554,33942.59580421027,155.49674710431918
-124.1333362159996,43.35000086699986,31.646541595458984,9.339032767751467,40.524134903381444,154.81381375227122,166.88573911107542,3569.5940884511074,34434.399558554505,141.98780038587938
-124.1333362159996,43.46666753599986,33.71443176269531,9.430826931391877,39.871008351668024,154.05853776289877,166.0715689239049,3574.837801296319,35063.28126260121,215.48747571437093
-124.1333362159996,43.58333420499986,24.77995491027832,9.522621095032287,39.2178817999546,153.31420908880975,165.26919969143006,3580.056056018138,35698.31406963718,110.47479886775722
-124.1333362159996,43.700000873999855,30.8576717376709,9.552124996383828,39.63806342856144,153.0772531461151,165.01376662202298,3581.727928851344,35903.72856048737,43.51070732637915
-124.1333362159996,43.81666754299985,13.9398832321167,9.565506706456036,40.33604256754876,152.9701416045233,164.8983028377997,3582.4853678183663,35997.105271208224,82.51318372592408
-124.1333362159996,43.93333421199985,9.617467880249023,9.627309490735112,39.42875342133553,152.47835300605334,164.36816601245548,3585.9767090573587,36430.0571310954,18.99753600028725
-124.1333362159996,44.050000880999846,17.94197654724121,9.720674777064897,37.06108450825166,151.74432298475153,163.5768984913886,3591.229884208845,37089.40411433497,6.495345232685791
-124.1333362159996,44.16666754999984,33.990013122558594,9.788250044578618,35.26903615168858,151.21961619457815,163.01127661067707,3595.0162694959745,37570.591211345556,-13.003117727557935
-124.1333362159996,44.28333421899984,48.01097106933594,9.828209602757717,36.25396090104815,150.91188854690557,162.67955326711981,3597.2491405044802,37856.70195844473,-24.503182463557323
-124.1333362159996,44.40000088799984,7.021786689758301,9.847443460404666,36.82755313150617,150.76443725587325,162.520604158572,3598.3222768839623,37994.83208764131,-35.00125644780553
-124.1333362159996,44.51666755699984,-35.0244140625,9.856737770864925,35.144774347120865,150.69333959665846,162.44396251323334,3598.8404692815757,38061.67701151226,-37.50104388784763
-124.1333362159996,44.63333422599983,-16.47439193725586,9.866032081325182,33.461995562735765,150.622342427606,162.36742919398395,3599.358417424606,38128.58499585426,-45.50124531182678
-124.1333362159996,44.75000089499983,-13.868325233459473,9.873937220847637,31.980119370406737,150.5620357323333,162.30241996018245,3599.7987586617087,38185.54222805273,-53.50152204778829
-124.1333362159996,44.86666756399983,-12.323108673095703,9.830830682624239,41.07612233219129,150.8917692663311,162.65786514428586,3597.395443138648,37875.509647305546,-62.50104556784436
-124.1333362159996,44.98333423299982,4.314030647277832,9.7970456855531,43.28756644442066,151.15171959803575,162.9380856374527,3595.508145328119,37633.46802015733,-84.00166041576904
-124.1333362159996,45.10000090199982,-1.271526575088501,9.769675655379642,43.50082406502926,151.36329948170848,163.1661638974732,3593.976813183902,37437.995280130934,-97.00083020788453
-124.1333362159996,45.21666757099982,-10.611491203308104,9.742305625206184,43.714081685637865,151.5757703590043,163.3952026281761,3592.4433344973813,37243.069396647275,-102.00138367980755
-124.1333362159996,45.33333423999981,-15.214140892028809,9.71494257341351,43.924959748487524,151.78908398488366,163.62514982251562,3590.9080920238675,37048.73985972364,-103.50124531182676
-124.1333362159996,45.45000090899981,-47.930450439453125,9.689942434670613,43.330108193516025,151.9847664523545,163.83609103262756,3589.5035329209127,36871.66930133904,-101.50096857586527
-124.1333362159996,45.56666757799981,-37.34754943847656,9.664942295927716,42.73525663854457,152.18120768235445,164.04785017133656,3588.0971607587007,36695.05499801857,-95.0008302078845
-124.1333362159996,45.683334246999806,-28.764726638793945,9.63994215718482,42.1404050835731,152.37841259112062,164.26043253823332,3586.6889684979506,36518.896949762224,-91.50096857586526
-124.1333362159996,45.8000009159998,-17.83519744873047,9.614942018441925,41.54555352860163,152.57638613960106,164.4738434811061,3585.2789490537148,36343.19515657003,-87.50069183990377
-124.1333362159996,45.9166675849998,-12.759541511535645,9.589941879699028,40.95070197363017,152.77513333397917,164.6880883965057,3583.8670952949587,36167.94961844195,-82.0002767359615
-124.0166695469996,42.066667507999895,0.5217639207839966,8.629188418961462,45.399551090558994,161.05554545198083,173.61418267042018,3528.1418099283674,29778.955861027596,616.5906423052884
-124.0166695469996,42.18333417699989,12.418855667114258,8.526710707738996,42.853276437946576,162.02047261704172,174.65435201465726,3522.018621013349,29137.250355116863,973.0878932657422
-124.0166695469996,42.30000084599989,1.8411333560943604,8.42423299651653,40.30700178533416,163.00295364408353,175.71344401934653,3515.8585246348407,28503.211076553223,516.8904112171335
-124.0166695469996,42.41666751499989,-0.8227861523628235,8.321755285294062,37.76072713272174,164.00352730086456,176.79203946376967,3509.660845258705,27876.83802533667,319.83193842761386
-124.0166695469996,42.53333418399989,8.864948272705078,8.219277574071587,35.214452480109166,165.02275579344473,177.89074439315982,3503.4248864881565,27258.131201467175,529.0009097599099
-124.0166695469996,42.65000085299988,24.024423599243164,8.159002431835072,33.28349227424265,165.63119212551865,178.54662479891397,3499.738864854116,26897.802049182075,154.07192590793488
-124.0166695469996,42.76666752199988,60.06379699707031,8.27206377111043,33.87978203881861,164.49538649779004,177.32225239262905,3506.641848902095,27575.869247160965,841.462039125274
-124.0166695469996,42.88333419099988,34.78404235839844,8.385125110385795,34.4760718033946,163.382631067613,176.12272757043127,3513.4978174728644,28263.267937640172,358.2783733950354
-124.0166695469996,43.00000085999987,25.02921485900879,8.689751670876161,35.50627758603885,160.49332557267408,173.00812254033912,3531.7434660235704,30161.80119704569,180.81169739038143
-124.0166695469996,43.11666752899987,29.82184410095215,9.057609823007134,37.51153553567162,157.2004752656457,169.45850546191804,3553.3552123184154,32544.70793262989,47.99295488102347
-124.0166695469996,43.233334197999866,41.33620834350586,9.263179363139518,38.513091352871164,155.4463834147844,167.56763469331773,3565.241508759676,33919.369548498245,160.1138989419502
-124.0166695469996,43.35000086699986,44.24031829833984,9.329801338331954,38.65530180067508,154.89038555679232,166.96828175945316,3569.065322581209,34371.49544965036,269.76870403667476
-124.0166695469996,43.46666753599986,38.94278717041016,9.39642331352439,38.797512248478995,154.340311385599,166.3753144240421,3572.8755081120726,34826.861446734816,245.18556109024865
-124.0166695469996,43.58333420499986,43.80928802490234,9.471804029638786,38.66298272435632,153.72493107384912,165.7119485675229,3577.170364255697,35346.001125196766,296.8220243486336
-124.0166695469996,43.700000873999855,25.98781394958496,9.560945571732347,38.055562841725866,153.006625141956,164.93763125405835,3582.2272554954493,35965.26328235435,34.40932945439374
-124.0166695469996,43.81666754299985,18.92989158630371,9.574327281804555,38.75354198071318,152.89966168835252,164.8223271052887,3582.984345233604,36058.72615817405,161.58805286593287
-124.0166695469996,43.93333421199985,19.15300178527832,9.656267100215878,36.96444306200692,152.2495521762584,164.12152396763992,3587.6087163021657,36633.875423409714,107.21826964500146
-124.0166695469996,44.050000880999846,36.05398178100586,9.7238423677296,35.17239470544383,151.71960523256166,163.55025332166252,3591.407664462219,37111.88529324542,97.73851540181477
-124.0166695469996,44.16666754999984,75.84228515625,9.791417635243324,33.38034634888074,151.19515392523238,162.98490684559502,3595.19343511423,37593.228647330194,227.0068027983886
-124.0166695469996,44.28333421899984,81.84101104736328,9.82946829149346,34.55722594735679,150.90222590952317,162.66913716572523,3597.3194000417334,37865.733116118514,198.89684817686629
-124.0166695469996,44.40000088799984,41.10446548461914,9.839476908581586,33.03660150869323,150.82545826843742,162.58638341002413,3597.8779173028506,37937.58662959624,167.80123283184588
-124.0166695469996,44.51666755699984,32.88009262084961,9.848771219041843,31.353822724307925,150.75427428597038,162.50964871020022,3598.396319336798,38004.377501634845,98.38994521729609
-124.0166695469996,44.63333422599983,24.48015594482422,9.858065529502104,29.671043939922832,150.68319099700224,162.43302255565771,3598.914476819742,38071.23143414452,77.51135471782135
-124.0166695469996,44.75000089499983,42.119659423828125,9.870377990407542,32.42718610960528,150.58917940810122,162.3316802198642,3599.6005201094276,38159.89201083539,142.19901260796468
-124.0166695469996,44.86666756399983,42.45022201538086,9.845129871041538,36.50667779635755,150.7821509129342,162.53969907445406,3598.193247658439,37978.20249485114,70.09458142462276
-124.0166695469996,44.98333423299982,47.45010757446289,9.804688585416663,40.791477248457696,151.09279561151695,162.8745669319624,3595.9353775262216,37688.15016380493,-2.4035946554949112
-124.0166695469996,45.10000090199982,36.31569290161133,9.777318555243205,41.0047348690663,151.30412780287676,163.10237818535276,3594.4046431815304,37492.52471770663,-24.701797327747457
-124.0166695469996,45.21666757099982,6.393830299377441,9.749948525069748,41.2179924896749,151.516349247655,163.33114803352476,3592.87176481097,37297.44612815106,-46.40221209568917
-124.0166695469996,45.33333423999981,6.154740333557129,9.722578494896291,41.431250110283486,151.72946619980058,163.56088321809187,3591.336733380122,37102.91439513824,-40.80355379156213
-124.0166695469996,45.45000090899981,-12.385977745056152,9.695208464722832,41.6445077308921,151.94348497501215,163.7915905472323,3589.799539790941,36908.92951866814,-44.90243025564413
-124.0166695469996,45.56666757799981,-18.73072052001953,9.667838434549372,41.8577653515007,152.15841195152413,164.0232768965364,3588.2601748811257,36715.491498740776,-48.90152081578631
-124.0166695469996,45.683334246999806,-18.49574279785156,9.640468404375914,42.07102297210931,152.37425357090513,164.25594920986734,3586.7186294234816,36522.600335356154,-53.70132532779793
-124.0166695469996,45.8000009159998,-0.6698459386825562,9.614942018441923,41.65561642388466,152.57638613960108,164.47384348110612,3585.2789490537148,36343.195156570015,-42.302350351669745
-124.0166695469996,45.9166675849998,-5.523795127868652,9.589941879699028,41.060764868913196,152.77513333397917,164.6880883965057,3583.8670952949587,36167.94961844195,-40.60240646367917
-123.9000028779996,42.066667507999895,28.345897674560547,8.66208977079881,45.123465486786756,160.7493845455381,173.28414823796072,3530.0999936524872,29986.606707042738,687.708319294643
-123.9000028779996,42.18333417699989,60.48675155639648,8.559612059576342,42.577190834174345,161.70878647275524,174.31836150257564,3523.9885142412986,29342.439892812334,803.3327680410378
-123.9000028779996,42.30000084599989,31.888370513916016,8.457134348353874,40.03091618156192,162.6855740504768,175.3713160995306,3517.8403399715253,28705.939305929016,1070.366563396703
-123.9000028779996,42.41666751499989,4.240577697753906,8.354656637131406,37.4846415289495,163.68027878862276,176.44358498432408,3511.654801821549,28077.104946392807,637.7923080650834
-123.9000028779996,42.53333418399989,40.45483016967773,8.252178925908932,34.938366876336936,164.6934552277639,177.53576593896787,3505.431210189859,27455.936814203655,1122.0749180697535
-123.9000028779996,42.65000085299988,43.65341567993164,8.149701214686472,32.39209222372467,165.72568223826948,178.6484829724381,3499.1688539977076,26842.434909361684,829.5174177576334
-123.9000028779996,42.76666752199988,66.06063079833984,8.081443144653738,30.34474074314736,166.4240927242749,179.40135345172524,3494.9757711723855,26438.04900459888,896.3237208607591
-123.9000028779996,42.88333419099988,75.1678466796875,8.302931758326089,31.352982244157133,164.189327762003,176.9923280977922,3508.518289568883,27762.61666094829,920.2778980670865
-123.9000028779996,43.00000085999987,20.97899055480957,8.670789910457039,33.35824019378978,160.66871755296384,173.19719107082344,3530.617176273997,30041.64815001851,246.90811843114759
-123.9000028779996,43.11666752899987,25.89726829528809,9.03864806258801,35.36349814342255,157.36528066837099,169.63616190469077,3552.2520551973425,32419.46296175398,534.0870725296688
-123.9000028779996,43.233334197999866,48.95333862304688,9.259745240706918,36.461087337005026,155.47520561310546,167.59870436179904,3565.044032886245,33896.15190181996,375.47786960338374
-123.9000028779996,43.35000086699986,50.85472869873047,9.326367215899353,36.603297784808944,154.91889953118283,166.9990191696094,3568.8685531662304,34348.11078771782,307.6607308216173
-123.9000028779996,43.46666753599986,49.55184173583984,9.39298919109179,36.74550823261286,154.36852259072563,166.40572545587875,3572.679437627451,34803.309769548025,340.2033724153328
-123.9000028779996,43.58333420499986,43.617218017578125,9.459611166284224,36.88771868041678,153.8239702127169,165.81871048682626,3576.4768310882578,35261.74884731055,427.01322287792493
-123.9000028779996,43.700000873999855,41.1584358215332,9.526233141476661,37.0299291282207,153.28514038246368,165.23786429295373,3580.260875821619,35723.42802100543,426.0869174098733
-123.9000028779996,43.81666754299985,32.817649841308594,9.591859423366861,36.86780161576241,152.7598616530993,164.6716258749171,3583.975451457477,36181.37502713555,227.31173678196274
-123.9000028779996,43.93333421199985,34.81160354614258,9.659434690880586,35.07575325919932,152.22458675027949,164.09461181125198,3587.787088373856,36656.20766979637,408.59163644970243
-123.9000028779996,44.050000880999846,32.272098541259766,9.727009958394307,33.28370490263623,151.69489955532038,163.52362116845396,3591.585415761544,37134.37379670623,206.39385979309193
-123.9000028779996,44.16666754999984,61.41998672485352,9.79458522590803,31.49165654607314,151.17070352357482,162.95854987360855,3595.370572077657,37615.87340786518,237.70214601569432
-123.9000028779996,44.28333421899984,64.48835754394531,9.822216046298248,30.92842867026596,150.95792505129486,162.72917956257038,3596.9145206767644,37813.71374195795,209.78839430608826
-123.9000028779996,44.40000088799984,63.18096923828125,9.832642008506518,30.910158215487613,150.87787031856098,162.64288239749305,3597.496535776787,37888.50983661819,86.2933543055292
-123.9000028779996,44.51666755699984,55.56169509887695,9.846364183743253,32.354946686075905,150.77269980216957,162.52951099390006,3598.262087349167,37987.073988199205,318.1157953254477
-123.9000028779996,44.63333422599983,33.04664611816406,9.86008635897999,33.79973515666404,150.66774890923472,162.41637633935417,3599.0271056598417,38085.77559738829,86.80463366278633
-123.9000028779996,44.75000089499983,51.4863510131836,9.873808534216725,35.24452362725225,150.56301687643415,162.30347761101135,3599.791591821627,38184.61466418543,56.80191966385867
-123.9000028779996,44.86666756399983,71.55921936035156,9.859429059458833,31.93723326052436,150.6727711163065,162.4217901633459,3598.9904730177177,38081.04460315297,153.07203277256542
-123.9000028779996,44.98333423299982,68.7918472290039,9.812331485280225,38.29538805249502,151.03394048292503,162.81112245373737,3596.3624432398383,37742.874949612895,192.12242116513804
-123.9000028779996,45.10000090199982,56.33987045288086,9.784961455106767,38.50864567310363,151.24502546487608,163.03866722105712,3594.832305995114,37547.096797442675,289.877198755873
-123.9000028779996,45.21666757099982,56.28085708618164,9.75759142493331,38.72190329371223,151.45699796479542,163.26716871238315,3593.3000272360423,37351.8655018152,95.83078493926755
-123.9000028779996,45.33333423999981,33.39869689941406,9.730221394759852,38.93516091432082,151.66986421952762,163.49663365089074,3591.7655979458605,37157.18106273046,123.60178956734106
-123.9000028779996,45.45000090899981,25.69765853881836,9.702851364586394,39.148418534929434,151.8836305274495,163.7270688260856,3590.229009044354,36963.043480188455,102.22331081244575
-123.9000028779996,45.56666757799981,52.33290100097656,9.675481334412934,39.36167615553804,152.098303249253,163.95848109464774,3588.6902513872274,36769.45275418918,75.61939724439567
-123.9000028779996,45.683334246999806,52.12080001831055,9.648111304239478,39.57493377614664,152.31388880874,164.19087738128806,3587.149315765473,36576.408884732664,74.0918230099144
-123.9000028779996,45.8000009159998,51.6880111694336,9.620741274066017,39.788191396755245,152.53039369362978,164.42426467961926,3585.6061929047232,36383.911871818855,568.8187650191035
-123.9000028779996,45.9166675849998,32.96168899536133,9.593371243892559,40.001449017363846,152.74782445637894,164.6586500530391,3584.060873464603,36191.9617154478,113.11642852620443
-123.7833362089996,42.066667507999895,26.96927261352539,8.661804383908681,42.06510436129647,160.75203268829466,173.28700287509218,3530.083024337754,29984.802142561373,968.0847124179721
-123.7833362089996,42.18333417699989,51.28629684448242,8.557548021730485,42.0482085046288,161.72828697282654,174.33938259422476,3523.8650461178877,29329.544272641517,770.8980574242142
-123.7833362089996,42.30000084599989,44.70861053466797,8.454180238994164,39.49549616681977,162.7139948427955,175.40195306155144,3517.6625566840835,28687.70468239079,479.0132385582676
-123.7833362089996,42.41666751499989,49.13862991333008,8.350812456257843,36.942783829010736,163.71794842880863,176.48419199213626,3511.4220315435027,28053.665068050774,1051.4936550912305
-123.7833362089996,42.53333418399989,70.54400634765625,8.247444673521517,34.390071491201546,164.74071765596943,177.5867137521642,3505.1427622514057,27427.425429621435,830.336142683224
-123.7833362089996,42.65000085299988,40.32427978515625,8.144076890785204,31.837359153392665,165.78289768802662,178.7101599145007,3498.824018093872,26808.985767102884,1036.0085147189416
-123.7833362089996,42.76666752199988,48.23206329345703,8.064753172292114,29.586220747241324,166.5962106966923,179.58689267684332,3493.94781734545,26339.68896144844,728.3960290245377
-123.7833362089996,42.88333419099988,53.4281120300293,8.283969997906965,29.20494485190806,164.37713259228562,177.1947773957631,3507.3660331496208,27647.818008071292,741.3933018249147
-123.7833362089996,43.00000085999987,18.490554809570312,8.651828150037915,31.210202801540706,160.84468581397067,173.38688081869827,3529.4896543334685,29921.757573292798,819.0533548724584
-123.7833362089996,43.11666752899987,43.9435920715332,9.019686302168886,33.21546075117348,157.53060549500316,169.81437827451722,3551.147740337051,32294.480461179555,508.872334708149
-123.7833362089996,43.233334197999866,43.71395111083984,9.256311118274319,34.409083321138894,155.50404384963736,167.6297913191037,3564.846520390898,33872.942864175406,530.3431138319282
-123.7833362089996,43.35000086699986,38.26310729980469,9.322933093466753,34.55129376894281,154.94742925889847,167.02977356148867,3568.6717475210417,34324.73473481901,340.51129191826533
-123.7833362089996,43.46666753599986,53.20094299316406,9.389555068659188,34.69350421674673,154.39674927132617,166.43615316992117,3572.4833312973915,34779.766701394954,449.2937636491683
-123.7833362089996,43.58333420499986,24.793163299560547,9.456177043851625,34.83571466455065,153.85189917348757,165.84881726572314,3576.2814166712274,35238.038763903256,380.69302923278786
-123.7833362089996,43.700000873999855,31.92425537109375,9.522799019044061,34.97792511235456,153.31277682049733,165.26765573905183,3580.0661460451843,35699.550922343886,321.2225956285441
-123.7833362089996,43.81666754299985,28.131635665893555,9.581062858374136,38.3499278511724,152.84590729496028,164.76438110257553,3583.365220113158,36105.819406082475,195.3198563650413
-123.7833362089996,43.93333421199985,47.33030319213867,9.650543927583863,36.17275705346339,152.29469063313417,164.17018218847608,3587.2863611436605,36593.5443058524,509.6847245945352
-123.7833362089996,44.050000880999846,36.67439651489258,9.720385888155064,33.81946700753805,151.74657788115377,163.5793292179729,3591.2136689480185,37087.3541623451,210.90676670319536
-123.7833362089996,44.16666754999984,48.94464111328125,9.790227848726266,31.46617696161271,151.2043408661944,162.994810157163,3595.126892861721,37584.72488544099,260.49061320153317
-123.7833362089996,44.28333421899984,35.206783294677734,9.822350377078966,32.28270726254637,150.9568927950384,162.72806681401045,3596.922021472891,37814.6769294877,226.08953953702016
-123.7833362089996,44.40000088799984,63.92995834350586,9.8360725523157,33.72749573313458,150.85155705787977,162.61451730622133,3597.6879737241698,37913.137987862676,396.58255289942025
-123.7833362089996,44.51666755699984,62.063846588134766,9.849794727552439,35.17228420372288,150.74644151911767,162.50120516725133,3598.4533918765846,38011.736503845736,390.77544109166786
-123.7833362089996,44.63333422599983,50.13453674316406,9.863516902789172,36.617072674311004,150.64154541263264,162.38812957124125,3599.218277045862,38110.47247743681,127.70046555320775
-123.7833362089996,44.75000089499983,67.19548034667969,9.87259313582278,37.07553525476311,150.57228437154436,162.3134677581028,3599.7239013217322,38175.85475730571,138.2829600504263
-123.7833362089996,44.86666756399983,92.49488067626952,9.858035922102378,32.516655951165845,150.6834172760579,162.43326647928788,3598.912826596151,38071.01836813322,510.40504422409924
-123.7833362089996,44.98333423299982,103.54462432861328,9.819974385143786,35.79929885653236,150.9751540782534,162.74775205832157,3596.789342663446,37797.64237758122,674.3510163906806
-123.7833362089996,45.10000090199982,60.701263427734375,9.792604354970328,36.012556477140954,151.1859923323827,162.97503085871054,3595.2598018204926,37601.71151933909,186.39294150499416
-123.7833362089996,45.21666757099982,79.2576675415039,9.765234324796872,36.22581409774956,151.39771637376813,163.20326451743773,3593.7281219698143,37406.32751763972,576.7607617331248
-123.7833362089996,45.33333423999981,59.13392639160156,9.737864294623414,36.43907171835815,151.61033242220995,163.43245973930516,3592.194294112255,37211.490372483066,377.8744170276805
-123.7833362089996,45.45000090899981,50.22399520874024,9.710494264449954,36.652329338966766,151.82384675882426,163.66262329521174,3590.6583091853836,37017.20008386914,36.69374411291726
-123.7833362089996,45.56666757799981,78.4659423828125,9.683124234276496,36.865586959575374,152.0382657268224,163.8937620229939,3589.120158062861,36823.45665179797,282.46661960453866
-123.7833362089996,45.683334246999806,84.60508728027344,9.655754204103038,37.07884458018398,152.25359573230247,164.12588282827838,3587.579831553814,36630.26007626953,205.09932913512708
-123.7833362089996,45.8000009159998,66.5948715209961,9.62838417392958,37.292102200792584,152.46984324505337,164.35899268534908,3586.037320402192,36437.61035728383,117.77434597232867
-123.7833362089996,45.9166675849998,53.953731536865234,9.594641074838583,37.280039699411,152.7377161922435,164.64775357622943,3584.132617195759,36200.85513456758,255.71010266945873
-123.66666953999962,42.066667507999895,-16.377174377441406,8.630341833753338,27.278258574421592,161.04478283914915,173.60258082072957,3528.210520581648,29786.222061113018,472.9073827190693
-123.66666953999962,42.18333417699989,0.1069209277629852,8.52228719179086,37.664519477966515,162.06251574180777,174.69967353849975,3521.75348347553,29109.723327467324,423.947324153778
-123.66666953999962,42.30000084599989,20.822614669799805,8.417656012750937,38.717271117711164,163.06662091973598,175.78207588169084,3515.4618956721074,28462.780453385734,758.9195843174263
-123.66666953999962,42.41666751499989,83.59878540039062,8.314288230014617,36.16455877990213,164.07715648808997,176.87141003821932,3509.20776264196,27831.496901692248,798.7755681632681
-123.66666953999962,42.53333418399989,54.163536071777344,8.21092044727829,33.61184644209295,165.10671503790434,177.9812505322907,3502.9146298621786,27208.013325909444,751.469471030892
-123.66666953999962,42.65000085299988,23.440378189086918,8.107552664541977,31.059134104284077,166.1559009936254,179.11224891958997,3496.581758515774,26592.329726037424,414.14826536699456
-123.66666953999962,42.76666752199988,45.310489654541016,8.169974360980515,30.585844968661704,165.519936926231,178.4266942467684,3500.4108452131622,26963.195586563823,856.4965840004734
-123.66666953999962,42.88333419099988,29.777908325195312,8.322893686446802,28.92336265042251,163.992310757902,176.77994828781314,3509.7299027907084,27883.754150302055,1131.0538217661153
-123.66666953999962,43.00000085999987,13.923224449157717,8.632866389618792,29.0621654092919,161.02123351840626,173.5771951932944,3528.360896148965,29802.129466868577,490.39233728094666
-123.66666953999962,43.11666752899987,28.45723342895508,9.000724541749765,31.067423358924664,157.69645247977024,169.9931575188325,3550.0422640848064,32169.76043090663,756.6728924039004
-123.66666953999962,43.233334197999866,51.68458557128906,9.252876995841717,32.35707930527301,155.53289813925986,167.6608955812717,3564.648971253253,33849.74243556455,464.0377046346341
-123.66666953999962,43.35000086699986,42.54825210571289,9.319498971034154,32.49928975307693,154.97597475445014,167.0605449507334,3568.474905625623,34301.36729095393,429.8304893556199
-123.66666953999962,43.46666753599986,40.54001235961914,9.38612094622659,32.64150020088085,154.42499144155443,166.4665975814269,3572.287189102228,34756.23224227564,344.6257587162263
-123.66666953999962,43.58333420499986,26.34874725341797,9.452742921419025,32.78371064868476,153.87984335250167,165.87894044953723,3576.0859667674467,35214.337289529685,441.2874277619002
-123.66666953999962,43.700000873999855,22.507909774780277,9.511584331763887,35.93252553296297,153.40313234292844,165.36505691907712,3579.4299794989374,35621.636322593535,297.9666112050968
-123.66666953999962,43.81666754299985,26.45015335083008,9.569109563473448,39.58994468975985,152.94134156672604,164.86725705785457,3582.6892081874175,36022.26811078204,207.7222906364057
-123.66666953999962,43.93333421199985,32.38703918457031,9.636031312400238,38.661752427681314,152.40933132974786,164.29376222906083,3586.4685157744007,36491.381300548615,341.644780153619
-123.66666953999962,44.050000880999846,36.63098907470703,9.705873272971438,36.30846238175597,151.85998432195893,163.70157875911534,3590.3987692303217,36984.45123670817,350.680368642394
-123.66666953999962,44.16666754999984,43.32414245605469,9.77144438747024,33.87454440564666,151.34959970352406,163.15139585092396,3594.0758371635416,37450.61077735963,303.80072815969385
-123.66666953999962,44.28333421899984,40.77881622314453,9.824010994582178,31.19511851473767,150.9441336352088,162.7143127324657,3597.0147432173903,37826.5850879101,236.20122991985988
-123.66666953999962,44.40000088799984,48.1254997253418,9.839503096124885,36.54483325078121,150.82525755958005,162.58616705048107,3597.879378290392,37937.77473020768,452.1785846427568
-123.66666953999962,44.51666755699984,68.61788940429688,9.853225271361621,37.9896217213695,150.7201969505649,162.47291412451798,3598.6446630925757,38036.40761059274,234.8123797585053
-123.66666953999962,44.63333422599983,55.01622772216797,9.866947446598356,39.43441019195763,150.61535558288017,162.35989753567867,3599.409415189946,38135.17794858584,264.99492479988976
-123.66666953999962,44.75000089499983,84.19833374023438,9.86895383239268,38.39195582886365,150.60004454405643,162.34339258712964,3599.5211887308506,38149.631157252836,391.17924864282963
-123.66666953999962,44.86666756399983,105.76197814941406,9.85439661867228,33.83307652526638,150.71123897217217,162.46325762934623,3598.709964361548,38044.83344210637,466.6872169617154
-123.66666953999962,44.98333423299982,122.10554504394533,9.827617285007348,33.30320966056999,150.91643626386022,162.6844556016522,3597.216075991142,37852.45244770995,678.4956196015049
-123.66666953999962,45.10000090199982,56.00736999511719,9.80024725483389,33.51646728117859,151.12702827044237,162.91146895283535,3595.6871308531245,37656.3688833959,192.10825247873515
-123.66666953999962,45.21666757099982,80.6163558959961,9.772877224660432,33.7297249017872,151.3385043382899,163.13943530177826,3594.1560492091166,37460.8321756246,374.309497039745
-123.66666953999962,45.33333423999981,87.09231567382812,9.745507194486976,33.942982522395795,151.5508706702184,163.3683613349739,3592.6228220775247,37265.84232439606,360.389126082175
-123.66666953999962,45.45000090899981,86.19755554199219,9.718137164313516,34.15624014300441,151.7641335301441,163.59825380478023,3591.087440413648,37071.39932971021,151.19879664130445
-123.66666953999962,45.56666757799981,89.53031921386719,9.68345935202601,34.11113081690023,152.03563489209577,163.8909260435216,3589.139004270431,36825.82553315409,455.3272647945863
-123.66666953999962,45.683334246999806,107.58268737792967,9.644561192428915,33.916810932595325,152.34191919674092,164.22109349641195,3586.9492840388375,36551.409616994635,265.2465273520301
-123.66666953999962,45.8000009159998,74.59968566894531,9.60566303283182,33.72249104829042,152.6500620717124,164.55326444547023,3584.7551435793694,36278.098239613806,309.28465248177537
-123.66666953999962,45.9166675849998,53.83078384399414,9.566764873234725,33.528171163985526,152.96008239008972,164.8874592354432,3582.556556015091,36005.8914010116,314.02855079634463
-123.55000287099962,42.066667507999895,30.235671997070312,8.592855396275214,30.42079511314205,161.39568048091797,173.9808404274119,3525.9750416280667,29550.564809373063,1038.4666461803251
-123.55000287099962,42.18333417699989,-16.875261306762695,8.488428891871871,30.008337192434993,162.38540826276906,175.0477442675129,3519.721795027597,28899.50014411327,771.49596667257
-123.55000287099962,42.30000084599989,-9.772912979125977,8.382769999673032,33.263934594633454,163.40558035302615,176.1474663735485,3513.355478082566,28248.853996607646,568.984748242026
-123.55000287099962,42.41666751499989,26.821638107299805,8.277764003771384,35.38633373079344,164.4387393492949,177.26118806628756,3506.98862479275,27610.30256927864,565.5281652922406
-123.55000287099962,42.53333418399989,18.97324562072754,8.174396221035058,32.833621392984256,165.47516267112596,178.37842862708467,3500.681536292538,26989.57505614237,741.9432384235324
-123.55000287099962,42.65000085299988,23.419666290283203,8.179233842657627,31.63808099120962,165.42622015153657,178.32566971392527,3500.9775950167714,27018.451182299686,331.4913770411453
-123.55000287099962,42.76666752199988,22.54904556274414,8.275195549668927,31.5854691900822,164.46425660654523,177.2886950841246,3506.8323866634623,27594.784405620052,470.01214875035004
-123.55000287099962,42.88333419099988,3.2350282669067383,8.413960016283443,30.323064869439722,163.1024320884371,175.820679499884,3515.238938375948,28440.073951800015,323.5060548311751
-123.55000287099962,43.00000085999987,15.22002410888672,8.620801450966947,27.136508753805046,161.13386991752967,173.69861464717204,3527.6420474773554,29726.149444802744,413.4877076333764
-123.55000287099962,43.11666752899987,1.7743840217590332,8.98176278133064,28.919385966675595,157.8628243770929,170.17250260683886,3548.935622768625,32045.30287093516,356.0282018199198
-123.55000287099962,43.233334197999866,25.515380859375,9.249442873409118,30.30507528940688,155.56176849687196,167.69201716436382,3564.4513854529087,33826.550615987435,578.557120600361
-123.55000287099962,43.35000086699986,31.794750213623047,9.316064848601554,30.447285737210798,155.0045360323675,167.09133335300623,3568.2780274599354,34278.00845612257,543.9700811243235
-123.55000287099962,43.46666753599986,31.471227645874023,9.382686823793989,30.589496185014713,154.4532491155824,166.49705870567297,3572.091011022275,34732.706392190026,168.9828669626453
-123.55000287099962,43.58333420499986,17.235164642333984,9.442105805153636,33.515123214753686,153.96649653549622,165.97235059259793,3575.480339723289,35140.97714303633,60.49945028774562
-123.55000287099962,43.700000873999855,27.28737449645996,9.499631036863198,37.17254237155056,153.49961484902943,165.46906284691838,3578.7515015126246,35538.69129033511,268.51894185318207
-123.55000287099962,43.81666754299985,32.39683151245117,9.55715626857276,40.829961528347454,153.03695482441125,164.970325955848,3582.0127739080363,35938.82111880065,391.9936027528341
-123.55000287099962,43.93333421199985,28.6998291015625,9.621518697216612,41.15074780189954,152.52423130604845,164.41762176719902,3585.650054303427,36389.37204492443,308.48962076960623
-123.55000287099962,44.050000880999846,34.80436706542969,9.691360657787813,38.79745775597421,151.97364540324645,163.8241027968552,3589.5832600490003,36881.70206075086,331.51650858984357
-123.55000287099962,44.16666754999984,38.46977233886719,9.751413256598237,36.25935749605067,151.50496940442073,163.31888082362218,3592.953852609196,37307.87208285034,429.45518179892
-123.55000287099962,44.28333421899984,75.6711196899414,9.803979863710175,33.57993160514167,151.0982567002927,162.8804538603611,3595.8957675365373,37683.07772633262,852.0209569882122
-123.55000287099962,44.40000088799984,45.11994934082031,9.844144390972577,37.17001668951043,150.78969799269672,162.54783465327463,3598.1382826830786,37971.12025846565,215.99331940818053
-123.55000287099962,44.51666755699984,72.368896484375,9.856655815170805,40.80695923901647,150.69396608457714,162.44463785283529,3598.835901014534,38061.08730844027,839.5150706065806
-123.55000287099962,44.63333422599983,59.158935546875,9.87037799040754,42.2517477096046,150.58917940810124,162.33168021986424,3599.6005201094276,38159.892010835385,257.999312112204
-123.55000287099962,44.75000089499983,79.88472747802734,9.86531452896258,39.70837640296435,150.6278200761968,162.37333397348337,3599.3184387600872,38123.417225706464,266.98764317052803
-123.55000287099962,44.86666756399983,98.38853454589844,9.850757315242177,35.149497099367075,150.73907608470185,162.49326539794671,3598.5070646642043,38018.658184586006,470.50426367935
-123.55000287099962,44.98333423299982,96.5156478881836,9.83620010152178,30.590617795770356,150.85057898410557,162.61346296513403,3597.695090831884,37914.05383956963,608.000735391626
-123.55000287099962,45.10000090199982,45.492618560791016,9.807890154697452,31.02037808521593,151.06813314446904,162.8479813583509,3596.114293288085,37711.06888961309,220.4975025608711
-123.55000287099962,45.21666757099982,74.72542572021484,9.772277629213434,30.942221934389,151.34314708841094,163.14444007988354,3594.1224838100375,37456.55467278525,525.0020221112874
-123.55000287099962,45.33333423999981,100.93836212158205,9.733379469616342,30.74790205008411,151.64525695721372,163.47010758671584,3591.9427572121176,37179.61670333535,586.5222020281541
-123.55000287099962,45.45000090899981,86.866943359375,9.694481310019244,30.5535821657792,151.94918328647967,163.7977331962498,3589.75867075117,36903.78327266404,231.9914213451004
-123.55000287099962,45.56666757799981,102.88282012939452,9.65558315042215,30.359262281474294,152.25494435217507,164.12733660955772,3587.5701981604284,36629.054380771384,456.4540267596942
-123.55000287099962,45.683334246999806,118.53434753417967,9.616684990825053,30.164942397169394,152.56255868873876,164.45893780633943,3585.377312908313,36355.43002765735,712.4303150351602
-123.55000287099962,45.8000009159998,96.46075439453124,9.577786831227957,29.970622512864495,152.8720450938012,164.79255705000926,3583.179988194679,36082.91021332194,588.0010564801113
-123.55000287099962,45.9166675849998,56.74620056152344,9.538888671630861,29.77630262855959,153.18342263300914,165.12821489289698,3580.978196946997,35811.494937765165,306.00209728024515
-123.43333620199962,42.066667507999895,108.57987213134766,8.55536895879709,33.563331651862505,161.74888185773298,174.3615834076161,3523.734681180941,29315.93337771931,918.672484931337
-123.43333620199962,42.18333417699989,52.83079147338867,8.450942454393749,33.15087373115545,162.7451619237632,175.43555045972383,3517.467665659816,28667.72635412824,1376.00388871937
-123.43333620199962,42.30000084599989,32.89751052856445,8.346515949990406,32.738415810448394,163.76008125976406,176.52961021719264,3511.161808947423,28027.479903757154,1057.2048676475529
-123.43333620199962,42.41666751499989,-29.187158584594727,8.242089445587062,32.32595788974133,164.7942284095885,177.64439711679208,3504.8163797850902,27395.194026606045,305.8003530719512
-123.43333620199962,42.53333418399989,-10.875356674194336,8.188493324334749,32.69031701375754,165.3326623830643,178.22481658614134,3501.544024110277,27073.769366776283,297.80272531164337
-123.43333620199962,42.65000085299988,18.740345001220703,8.284455031346042,32.637705212630124,164.37232059363075,177.18959017162172,3507.3955237839255,27650.75123573408,478.3991140961267
-123.43333620199962,42.76666752199988,36.57979583740234,8.38041673835734,32.585093411502704,163.42852127899175,176.17219616537307,3513.213230494339,28234.455418617057,718.8077192309632
-123.43333620199962,42.88333419099988,15.855088233947754,8.505026346120083,31.722767088456933,162.2268843226983,174.87685909735723,3520.7182409459087,29002.447699091805,598.1000464640579
-123.43333620199962,43.00000085999987,8.195000648498535,8.711867780803587,28.53621097282226,160.28948044534988,172.7883821701928,3533.0555663411524,30302.27368402432,840.7443950017405
-123.43333620199962,43.11666752899987,-2.770568609237671,8.962801020911517,26.771348574426522,158.02972396177634,170.35241652971268,3547.8278126971345,31921.10778126517,162.50068847990624
-123.43333620199962,43.233334197999866,6.513588905334473,9.246008750976518,28.25307127354074,155.59065493739212,167.72315608446178,3564.2537629694452,33803.367405444034,275.0190601574478
-123.43333620199962,43.35000086699986,5.699777603149414,9.312630726168953,28.395281721344663,155.03311310719897,167.12213878399004,3568.081113003922,34254.658230324916,202.6680419726048
-123.43333620199962,43.46666753599986,37.81668472290039,9.372627278543387,31.097720896544402,154.53611343555926,166.58638454133387,3571.5161415590364,34663.8418674109,336.3310280274723
-123.43333620199962,43.58333420499986,42.11202621459961,9.430152510252947,34.75514005334128,154.06404660683208,166.07750733126775,3574.7993684897597,35058.63837381994,315.4830625628639
-123.43333620199962,43.700000873999855,40.41496276855469,9.48767774196251,38.41255921013817,153.5962796317004,165.57326526471988,3578.0725965306824,35455.85056139576,355.64673669687335
-123.43333620199962,43.81666754299985,36.73255920410156,9.54520297367207,42.06997836693505,153.1327476281931,165.0735884004141,3581.3359164823987,35855.478430138326,346.02097799693115
-123.43333620199962,43.93333421199985,39.79460144042969,9.607006082032985,43.63974317611777,152.6393915408547,164.54176185803482,3584.830975336269,36287.51653897985,326.49942320012383
-123.43333620199962,44.050000880999846,26.60321044921875,9.676848042604185,41.28645313019243,152.08756207938592,163.94690235998095,3588.76714003455,36779.106634473144,166.69290956931334
-123.43333620199962,44.16666754999984,27.636327743530277,9.731382125726237,38.64417058645468,151.6608185795699,163.4868826585633,3591.8307150842866,37165.42629806999,217.80970835033543
-123.43333620199962,44.28333421899984,57.50316619873047,9.783948732838171,35.96474469554568,151.2528528383686,163.04710495008752,3594.7756481456263,37539.863274484065,461.2225554048594
-123.43333620199962,44.40000088799984,38.6057243347168,9.836515339950111,33.28531880463668,150.84816175204756,162.6108572444375,3597.7126805971993,37916.31742207195,295.72147788474996
-123.43333620199962,44.51666755699984,30.547243118286133,9.860086358979988,43.62429675666344,150.66774890923475,162.41637633935417,3599.0271056598413,38085.77559738828,170.5095207183062
-123.43333620199962,44.63333422599983,48.26195526123047,9.873808534216725,45.06908522725156,150.56301687643415,162.30347761101135,3599.791591821627,38184.61466418543,249.07135798822355
-123.43333620199962,44.75000089499983,45.06846237182617,9.86167522553248,41.02479697706504,150.65561098213476,162.40329193243812,3599.115651388756,38097.2129626666,129.61568614148564
-123.43333620199962,44.86666756399983,51.42235565185547,9.847209665217283,36.438996293648586,150.76622699082571,162.52253345178633,3598.309238779824,37993.15143962327,125.70523580711358
-123.43333620199962,44.98333423299982,66.04517364501953,9.832259405228681,31.282860168981685,150.88080584964248,162.6460468326448,3597.475182926937,37885.763629273366,242.77731499552775
-123.43333620199962,45.10000090199982,43.55298614501953,9.781243611570511,29.69717064394467,151.27376679572487,163.06964971625885,3594.6242928134693,37520.545204944465,65.80161331173827
-123.43333620199962,45.21666757099982,86.99950408935547,9.744401427609574,27.190353398963072,151.55946920653795,163.37763035983792,3592.5608334926583,37257.97610157582,532.8388249050773
-123.43333620199962,45.33333423999981,115.89083862304688,9.70550326801248,26.99603351465818,151.86287898956138,163.7046991443743,3590.37798507285,36981.82969517134,723.894258977532
-123.43333620199962,45.45000090899981,105.1050796508789,9.666605108415382,26.80171363035327,152.16811830440105,164.03374012223102,3588.1907579927724,36706.787827545464,568.8855860969059
-123.43333620199962,45.56666757799981,123.80403900146484,9.627706948818286,26.60739374604837,152.47520561178186,164.36477319364596,3585.9991257962592,36432.85049869823,857.5582471909736
-123.43333620199962,45.683334246999806,118.60469818115234,9.588808789221194,26.413073861743467,152.78415963427256,164.69781854111866,3583.8030617596523,36160.017708629646,663.6989652487789
-123.43333620199962,45.8000009159998,111.30735778808594,9.549910629624097,26.218753977438567,153.09499936108026,165.03289663457872,3581.6025388879925,35888.28945733968,620.921058012781
-123.43333620199962,45.9166675849998,65.21803283691406,9.558431499121394,40.60086450672847,153.02674583198885,164.95932089625612,3582.084959068543,35947.71864403956,312.8051787510026
-123.31666953299964,42.066667507999895,132.7019805908203,8.609257857041772,35.847843238305664,161.2418606933178,173.81502622568541,3526.953790337042,29653.552109897955,1660.4794556825232
-123.31666953299964,42.18333417699989,44.439212799072266,8.512976376846838,35.358902599888914,162.15111705256993,174.79518371859524,3521.1951851451995,29051.8298793546,666.3696849958903
-123.31666953299964,42.30000084599989,21.072830200195312,8.416694896651906,34.869961961472164,163.07593107547777,175.7921120159643,3515.4039220132345,28456.87483891408,921.694771456722
-123.31666953299964,42.41666751499989,-10.52942180633545,8.320413416456974,34.381021323055414,164.01675154461307,176.80629489510787,3509.5794389328557,27868.68698857638,303.6988721761635
-123.31666953299964,42.53333418399989,22.15741539001465,8.298332390720368,38.10183451323926,164.23482259340574,177.04137048219164,3508.2389190381637,27734.74697041077,802.2162569739083
-123.31666953299964,42.65000085299988,47.050689697265625,8.402575289201613,35.894627261888076,163.21288918419114,175.93974971473233,3514.55185817542,28370.194094106067,650.9087009109289
-123.31666953299964,42.76666752199988,38.828861236572266,8.506818187682867,33.68742001053677,162.20979801755468,174.85844045244784,3520.825757899531,29013.57382257659,506.7821340664447
-123.31666953299964,42.88333419099988,19.54314613342285,8.50646737847571,35.72173379148377,162.2131427728699,174.86204602193416,3520.804708973893,29011.39535029107,756.4236880290456
-123.31666953299964,43.00000085999987,-14.83668327331543,8.784357397015057,30.47466500982602,159.62674594812836,172.07396958824967,3537.3445816768626,30765.201230650004,201.30612246321292
-123.31666953299964,43.11666752899987,-2.303611993789673,9.00977554532373,26.749357076204436,157.6172235473411,169.90775054753612,3550.570085383244,32229.260212646437,304.56246573319544
-123.31666953299964,43.233334197999866,10.244471549987791,9.242574628543919,26.20106725767486,155.61955747575817,167.75431235766825,3564.0561037824227,33780.19280393438,303.3031311034259
-123.31666953299964,43.35000086699986,9.399737358093262,9.303148751933138,28.680318578334965,155.1120995689304,167.2072843774376,3567.5372228226092,34190.23049571722,207.39677763262728
-123.31666953299964,43.46666753599986,20.995471954345703,9.360673983642698,32.33773773513185,154.63475090582173,166.69271347109685,3570.8326493884233,34582.10936123652,162.30211670377506
-123.31666953299964,43.58333420499986,38.690162658691406,9.418199215352262,35.99515689192873,154.16178233071344,166.1828641991219,3574.1179655329543,34976.40390792262,220.00694719943655
-123.31666953299964,43.700000873999855,19.358583450317383,9.475724447061822,39.652576048725614,153.69312726559914,165.6776647919495,3577.3932637459143,35373.11413577545,217.32421710025162
-123.31666953299964,43.81666754299985,29.77816200256348,9.533249678771384,43.3099952055225,153.22872054070652,165.1770449980603,3580.658635115407,35772.240044795064,274.28870142607315
-123.31666953299964,43.93333421199985,29.118555068969727,9.592493466849358,46.1287385503357,152.75481301816637,164.66618356229742,3584.011277473185,36185.814782714886,278.61056940695914
-123.31666953299964,44.050000880999846,10.757235527038574,9.658784387742298,43.70840956776738,152.22971112495978,164.10013576958153,3587.750471155233,36651.62228484644,118.19970457607718
-123.31666953299964,44.16666754999984,23.572458267211918,9.711350994854236,41.02898367685839,151.81714970016927,163.65540401964182,3590.7064210270537,37023.27342301857,142.40359275137848
-123.31666953299964,44.28333421899984,16.956724166870117,9.763917601966172,38.3495577859494,151.40792447452228,163.2142686158317,3593.6543815304976,37396.94173236447,221.82088726122265
-123.31666953299964,44.40000088799984,11.589841842651367,9.816484209078109,35.6701318950404,151.00199072515795,162.77668134793328,3596.594417098714,37772.62721288415,103.70223641577084
-123.31666953299964,44.51666755699984,3.785244703292847,9.869050816190049,32.99070600413124,150.59930456407463,162.3425949056877,3599.526591303403,38150.32986457763,74.39972483203556
-123.31666953299964,44.63333422599983,34.066341400146484,9.872593135822783,46.90009685476257,150.57228437154436,162.3134677581028,3599.7239013217322,38175.85475730572,336.6042472485387
-123.31666953299964,44.75000089499983,28.452754974365234,9.86171891912504,41.25940982674975,150.6552772323986,162.40293215788026,3599.1180862822785,38097.5275145375,84.70575185519029
-123.31666953299964,44.86666756399983,16.284133911132812,9.851131085192353,35.53460351070301,150.73621639930593,162.49018272270376,3598.5279049419105,38021.34603503972,146.60548564703217
-123.31666953299964,44.98333423299982,26.005586624145508,9.815441187407032,33.09093425036412,151.01001350079494,162.78532971599196,3596.5361578431243,37765.15328175793,69.30162398340605
-123.31666953299964,45.10000090199982,25.58637809753418,9.746140882839883,35.07342656601807,151.54594371585392,163.36305019121514,3592.6583446566847,37270.350669479485,60.0987598082688
-123.31666953299964,45.21666757099982,55.02774810791016,9.710572093391802,30.134383012977498,151.82323833365098,163.66196742683493,3590.662679952191,37017.75178905027,242.89245963398128
-123.31666953299964,45.33333423999981,59.389404296875,9.676090711702834,24.972208901406564,152.09351377828202,163.95331815483266,3588.724534574103,36773.75698330218,183.21619001397946
-123.31666953299964,45.45000090899981,78.41072845458984,9.638728906811526,23.049845094927797,152.3880024110285,164.27077014406112,3586.620582855125,36510.3596527365,430.9289725870597
-123.31666953299964,45.56666757799981,90.67042541503906,9.59983074721443,22.855525210622897,152.69642557555352,164.60324323882708,3584.4257773281524,36237.213886934696,550.4960276803902
-123.31666953299964,45.683334246999806,65.00260162353516,9.560932587617335,22.661205326317997,153.00672903636826,164.93774324985097,3582.226520643032,35965.172659911535,396.72724625139836
-123.31666953299964,45.8000009159998,67.9780502319336,9.549083144951641,37.029776957843154,153.1016325120918,165.04004701917535,3581.5556782970425,35882.52095185783,281.2126488937939
-123.31666953299964,45.9166675849998,47.77518844604492,9.578915302366315,40.76714803495833,152.86304006732323,164.78284983808118,3583.243797369675,36090.80070501626,261.79524198443664
-123.20000286399964,42.066667507999895,45.57399368286133,8.7200031,37.68251381114238,160.21469203317375,172.70776197784397,3533.537797930003,30354.035733363504,941.7896545292735
-123.20000286399964,42.18333417699989,24.025522232055664,8.64382043967585,36.920796305942424,160.91917252394472,173.4671757829956,3529.013121325618,29871.20560457567,779.7438345350968
-123.20000286399964,42.30000084599989,17.120670318603516,8.547538959480917,36.431855667525674,161.82295017899284,174.44142735847925,3523.266105437101,29267.054126303105,514.2721223716156
-123.20000286399964,42.41666751499989,10.747007369995115,8.451257479285985,35.942915029108924,162.74212869143065,175.43228070486515,3517.4866295006204,28669.669838133366,441.4398968076325
-123.20000286399964,42.53333418399989,22.990671157836918,8.454775917272661,36.115347987023036,162.70826276304842,175.39577401110333,3517.698408108169,28691.381071122225,442.80943116682147
-123.20000286399964,42.65000085299988,58.76328659057617,8.559018815753907,33.908140735671864,161.71439056584146,174.3244025863399,3523.9530286736076,29338.733127276733,818.767410212075
-123.20000286399964,42.76666752199988,52.6089096069336,8.46507502020713,38.400613604509935,162.6092524674354,175.2890431841668,3518.318069158833,28754.985710673183,695.181777474449
-123.20000286399964,42.88333419099988,14.87607192993164,8.406249059469669,42.6689701113329,163.1772209461326,175.90130017249243,3514.77362489623,28392.733486189663,687.6484789187384
-123.20000286399964,43.00000085999987,-21.151391983032227,8.684139078009018,37.42190132967515,160.5451809257641,173.06402142117892,3531.4102176418965,30126.209107064213,460.3142308461503
-123.20000286399964,43.11666752899987,9.346233367919922,8.962029096548385,32.17483254801708,158.03652958392144,170.35975283423403,3547.782689457684,31916.05741749365,571.7249061881975
-123.20000286399964,43.233334197999866,0.5043390393257141,9.264570110427966,29.102502042913816,155.43471559061888,167.55505704657878,3565.3214719170105,33928.774655827874,279.82939436377256
-123.20000286399964,43.35000086699986,5.879885673522949,9.30735147880496,31.40501439147629,155.07707524446855,167.16952895928068,3567.7783272541205,34218.7789157547,415.3257532440835
-123.20000286399964,43.46666753599986,10.141241073608398,9.350132847181953,33.707526740038766,154.7218922802984,166.786649873374,3570.2295425654206,34510.11925488208,189.89611366438857
-123.20000286399964,43.58333420499986,30.68601417541504,9.406245920451571,37.23517373051633,154.2597042967633,166.2884218317605,3573.4361300307146,34894.27374534431,414.21236035082495
-123.20000286399964,43.700000873999855,13.106252670288086,9.463771152161133,40.89259288731322,153.7901583279229,165.78226205081262,3576.713502348577,35290.482013474204,238.98945392171518
-123.20000286399964,43.81666754299985,20.03885841369629,9.521296383870695,44.550012044110105,153.3248741270577,165.2806963579582,3579.980929009471,35689.105962770846,313.81109644638883
-123.20000286399964,43.93333421199985,19.097644805908203,9.578821615580257,48.20743120090698,152.86378761292374,164.78365567508652,3583.238500012154,36090.14559323426,273.9839731227565
-123.20000286399964,44.050000880999846,-5.577447891235352,9.638753256870295,46.09322265817139,152.3878099245596,164.27056264806416,3586.6219554042755,36510.530986592115,121.79928124815336
-123.20000286399964,44.16666754999984,-9.934813499450684,9.691319863982232,43.4137967672624,151.97396525528453,163.8244475900134,3589.580966857362,36881.41345769605,104.59972505603454
-123.20000286399964,44.28333421899984,-1.3014593124389648,9.75032223931419,40.516128468286404,151.5134455302611,163.32801789279824,3592.892709425764,37300.10607621969,89.89958758405183
-123.20000286399964,44.40000088799984,-2.140005826950073,9.825419674736843,37.07266290749352,150.9333127423403,162.70264805823263,3597.093391719804,37836.68820141764,81.29986252801727
-123.20000286399964,44.51666755699984,-8.131041526794434,9.8749847,30.987951418170066,150.55405016168035,162.29381169824288,3599.8570933307656,38193.09283121045,74.29900780816484
-123.20000286399964,44.63333422599983,-4.2519941329956055,9.8749847,42.66713159993065,150.55405016168035,162.29381169824288,3599.8570933307656,38193.09283121045,68.29943404809949
-123.20000286399964,44.75000089499983,-2.566890954971313,9.865640339100107,40.35501704380406,150.62533283389547,162.3706527833509,3599.336591558638,38125.76364467494,62.70013747198272
-123.20000286399964,44.86666756399983,-9.210113525390623,9.844702183682664,35.979441459494105,150.78542612219454,162.5432296748889,3598.169393810047,37975.12879617327,52.90096230387908
-123.20000286399964,44.98333423299982,-2.122120857238769,9.796116466686403,35.22962293028165,151.15888823978895,162.9458132687823,3595.4561913509297,37626.822707542844,60.198939072071155
-123.20000286399964,45.10000090199982,11.642102241516112,9.726816162119256,37.2121152459356,151.6964107260652,163.52525017584395,3591.5745415955835,37132.9977178575,48.19992099202621
-123.20000286399964,45.21666757099982,21.69334602355957,9.674381956902057,35.73376949358226,152.10694507798163,163.96779678773538,3588.6283983621324,36761.6881805317,48.100810255813116
-123.20000286399964,45.33333423999981,27.09969139099121,9.639900575213089,30.571595382011324,152.3787412349672,164.2607868087594,3586.686624774412,36518.60433149768,49.89871718423561
-123.20000286399964,45.45000090899981,21.666658401489254,9.605419193524117,25.409421270439758,152.6519996159509,164.55535307370351,3584.7413752626494,36276.38842741235,140.40412718378116
-123.20000286399964,45.56666757799981,10.475064277648926,9.57093781183515,20.24724715886851,152.92673337905475,164.85150976672136,3582.7926310932326,36035.040468275765,107.08844553816826
-123.20000286399964,45.683334246999806,-4.109230995178223,9.540123920448137,22.714461356223214,153.17350526880003,165.11752420182776,3581.0481859079628,35820.09701238995,98.30144388821975
-123.20000286399964,45.8000009159998,25.95833778381348,9.569432237323525,40.915551613916186,152.93876301314447,164.86447743625703,3582.7074623702065,36024.52217082526,306.69769427294443
-123.20000286399964,45.9166675849998,14.484414100646973,9.599399105611239,40.933431563188215,152.69985857111442,164.6069439292736,3584.4013972867133,36234.1890639156,266.4172084607059
-123.08333619499965,42.066667507999895,-12.889287948608398,8.7200031,41.02019503731621,160.21469203317375,172.70776197784397,3533.537797930003,30354.035733363504,941.9555612854532
-123.08333619499965,42.18333417699989,9.473092079162598,8.7200031,39.22454282749017,160.21469203317375,172.70776197784397,3533.537797930003,30354.035733363504,1066.4247187169472
-123.08333619499965,42.30000084599989,33.795169830322266,8.678383022309928,37.993749373579185,160.59841398890566,173.1214054418435,3531.0683392641668,30089.731136899783,785.9427726347471
-123.08333619499965,42.41666751499989,-3.010018110275269,8.579126699574447,39.21287869204595,161.52476510083926,174.1199906859147,3525.155120310029,29464.516448483166,611.3849998420237
-123.08333619499965,42.53333418399989,-1.5281238555908203,8.611219443824954,34.12886146080682,161.22349465821634,173.79522806124416,3527.07077743871,29665.881613043766,608.8907318412535
-123.08333619499965,42.65000085299988,20.565235137939453,8.550948990089397,37.483010589903394,161.79068029643156,174.4066411654921,3523.4702004875135,29288.33595035547,708.6941264810284
-123.08333619499965,42.76666752199988,48.70549392700195,8.318458470458323,46.65904073597041,164.03602344797255,176.8270695647467,3509.4608276853264,27856.814233530036,880.9166752781744
-123.08333619499965,42.88333419099988,6.476933479309082,8.306030740463628,49.61620643118203,164.15869536496143,176.95930707662413,3508.7064814438313,27781.40353145727,550.0253483169943
-123.08333619499965,43.00000085999987,-19.197757720947266,8.583920759002977,44.36913764952428,161.4796535781692,174.07136149953433,3525.441511241799,29494.54889284742,363.5154051978001
-123.08333619499965,43.11666752899987,5.681655883789063,8.933538724143643,41.395855345725295,158.2883298857618,170.6311877822049,3546.115908352223,31729.96165955752,616.1955790402551
-123.08333619499965,43.233334197999866,-8.491556167602539,9.283357259363418,38.428931142992184,155.2773558128293,167.3854268166512,3566.401080397061,34055.96353181605,421.19874304024995
-123.08333619499965,43.35000086699986,5.531108856201172,9.374383166043028,39.90346055989104,154.52163991060544,166.5707824135204,3571.6165068905348,34675.85680648368,460.79460352029787
-123.08333619499965,43.46666753599986,16.432764053344727,9.41716453442002,42.20597290845352,154.17025111529028,166.19199335458435,3574.0589627513255,34969.290571943464,371.2206871971976
-123.08333619499965,43.58333420499986,15.91586208343506,9.459945902797015,44.50848525701599,153.82124868791098,165.81577674552935,3576.4958769510613,35264.06041660381,458.4279662363581
-123.08333619499965,43.700000873999855,8.123077392578125,9.50272727117401,46.81099760557847,153.4746057394962,165.4421036006612,3578.9272870396853,35560.1663404647,307.0198224776323
-123.08333619499965,43.81666754299985,-6.767987251281738,9.545508639551002,49.11350995414095,153.13029580334086,165.07094538947908,3581.3532301449873,35857.60834352613,277.1026053595354
-123.08333619499965,43.93333421199985,-4.607794761657715,9.578568789304375,49.26646721601484,152.865805019071,164.78583039262503,3583.2242042577273,36088.3777187741,176.7014374398342
-123.08333619499965,44.050000880999846,-9.070182800292969,9.652695573264742,47.325967077317095,152.27771597182945,164.15188389306343,3587.4075628415185,36608.704117995534,132.49936568011123
-123.08333619499965,44.16666754999984,-17.319215774536133,9.727793008687392,43.8825015165242,151.6887940015747,163.51703952160454,3591.6293526486934,37139.93423925157,114.19937592008839
-123.08333619499965,44.28333421899984,-18.93214988708496,9.802890444110046,40.43903595573133,151.1066524296046,162.88950426392415,3595.8348778002464,37675.28128661678,95.89986264001683
-123.08333619499965,44.40000088799984,-16.54240608215332,9.8749847,36.53947863635976,150.55405016168035,162.29381169824288,3599.8570933307656,38193.09283121045,84.79929904011266
-123.08333619499965,44.51666755699984,-17.753746032714844,9.874984699999999,30.139466552715575,150.55405016168038,162.2938116982429,3599.8570933307656,38193.09283121044,77.79972528003368
-123.08333619499965,44.63333422599983,-12.973712921142578,9.874984700000002,36.92734547635126,150.55405016168035,162.29381169824288,3599.8570933307656,38193.09283121046,68.19937368009163
-123.08333619499965,44.75000089499983,-14.423330307006836,9.868193280733683,39.6290141820583,150.60584788128537,162.34964845150822,3599.478820573582,38144.15209845986,58.200274719966316
-123.08333619499965,44.86666756399983,-18.09843063354492,9.83365386508563,37.02645002744278,150.8701076549941,162.63451442427774,3597.553004858075,37895.773143484446,215.80054599983674
-123.08333619499965,44.98333423299982,-18.732460021972656,9.776791745965776,37.36831161019918,151.30820415770742,163.10677240233056,3594.3751591117225,37488.76474805435,89.70249127988897
-123.08333619499965,45.10000090199982,-14.52949047088623,9.707491441398629,39.350803925853135,151.84732681538875,163.6879342574519,3590.4896613775536,36995.917380962084,48.5006867999158
-123.08333619499965,45.21666757099982,-10.554203033447266,9.638191820412311,41.333155974187015,152.3922482480511,164.27534705895317,3586.5903082581344,36506.580671977914,48.20067311982909
-123.08333619499965,45.33333423999981,-1.973238825798035,9.603710438723343,36.17098186261608,152.66557943164213,164.5699918034376,3584.644886008139,36264.40777965796,71.1169197576559
-123.08333619499965,45.45000090899981,-26.281360626220703,9.569229057034374,31.008807751044518,152.94038665371997,164.86622768354394,3582.6959681677545,36023.102832286706,264.5663064046066
-123.08333619499965,45.56666757799981,-53.82086563110352,9.538211642909669,25.581168655739543,153.18885906807353,165.1340752451605,3580.9398347070173,35806.78069090221,50.899862640016835
-123.08333619499965,45.683334246999806,-17.055673599243164,9.554128669042077,40.266710913327344,153.0612007775505,164.99646253702272,3581.8413755988695,35917.70173798328,256.1267363958718
-123.08333619499965,45.8000009159998,16.709821701049805,9.55309893066419,37.8712418869311,153.0694498675402,165.00535486676094,3581.7830739137876,35910.52020035591,528.5842832028294
-123.08333619499965,45.9166675849998,0.2983789443969726,9.573133333757033,36.90385074269104,152.90919610903543,164.8326049920231,3582.916817389608,36050.38186644986,515.1940011210754
-122.96666952599963,42.066667507999895,43.74359893798828,8.7200031,44.35787626349045,160.21469203317375,172.70776197784397,3533.537797930003,30354.035733363504,1444.4847597138953
-122.96666952599963,42.18333417699989,1.8897061347961424,8.7200031,42.56222405366441,160.21469203317375,172.70776197784397,3533.537797930003,30354.035733363504,679.4914269610659
-122.96666952599963,42.30000084599989,14.049389839172363,8.7200031,40.76657184383836,160.21469203317375,172.70776197784397,3533.537797930003,30354.035733363504,604.9966764164606
-122.96666952599963,42.41666751499989,-22.07032012939453,8.7200031,37.478088443468266,160.21469203317375,172.70776197784397,3533.537797930003,30354.035733363504,380.505551727295
-122.96666952599963,42.53333418399989,-0.2280948460102081,8.632747083339593,35.70774441050804,161.0223461872754,173.57839462480575,3528.353790146708,29801.377604791516,671.5236359010019
-122.96666952599963,42.65000085299988,23.21202278137207,8.404332440340573,45.741437721364875,163.19582627598294,175.92135629118252,3514.6579344496945,28380.97337523274,840.0218540295343
-122.96666952599963,42.76666752199988,51.63679122924805,8.171841920709497,54.91746786743189,165.5010222167487,178.4063046239336,3500.525179736579,26974.335137628754,1207.9885344654235
-122.96666952599963,42.88333419099988,-1.75801682472229,8.224174049231491,57.1455090574311,164.97362319204825,177.83778057617366,3503.723727442396,27287.519159099236,719.0075498551656
-122.96666952599963,43.00000085999987,-4.3133392333984375,8.573992584451243,54.17858485469817,161.57311845686547,174.17211449427103,3524.8483261416186,29432.372325952092,723.98603238548
-122.96666952599963,43.11666752899987,18.265926361083984,8.92381111967102,51.211660651965076,158.3745792953081,170.72416266675276,3545.5462027857498,31666.557788340913,908.5183629418267
-122.96666952599963,43.233334197999866,-16.402257919311523,9.273629654890794,48.24473644923198,155.35877381526353,167.47319355518607,3565.842217555733,33990.075546265536,367.00206860770254
-122.96666952599963,43.35000086699986,-8.348028182983398,9.441414853281106,48.40190672830683,153.97213030408096,165.97842366586872,3575.440988398218,35136.21476759134,592.4483645514543
-122.96666952599963,43.46666753599986,29.20631980895996,9.484196221658097,50.7044190768693,153.62446860459727,165.60365233072295,3577.8747780485064,35431.74195938351,732.9844827850346
-122.96666952599963,43.58333420499986,12.029029846191406,9.517256371411463,50.85737633874132,153.35741337235638,165.3157729177959,3579.751779576169,35661.031626297816,498.98731454557594
-122.96666952599963,43.700000873999855,-2.7684168815612797,9.538769500496695,48.45705731146869,153.18437951666135,165.1292463915189,3580.9714444937226,35810.665108016176,352.48967024108765
-122.96666952599963,43.81666754299985,-13.406784057617188,9.560282629581927,46.05673828419607,153.01193004698013,164.94334981995638,3582.189734807989,35960.63644448236,572.9688987085015
-122.96666952599963,43.93333421199985,-33.40747833251953,9.58179575866716,43.656419256923456,152.84006168129702,164.75807966517075,3583.406655156192,36110.94563569638,163.49924012810544
-122.96666952599963,44.050000880999846,-36.86870193481445,9.775392435622893,43.15915290279625,151.3190333678897,163.11844604243709,3594.2968396937845,37478.77850370814,147.99945100806917
-122.96666952599963,44.16666754999984,-8.85452938079834,9.827242161221285,41.07143356279642,150.91931661440935,162.6875605534562,3597.1951352196234,37849.7613007791,429.51937039690034
-122.96666952599963,44.28333421899984,-4.155235290527344,9.864030706641895,38.13033730230459,150.63762200562695,162.38390022850945,3599.2469065517685,38114.17215027458,208.48472883423366
-122.96666952599963,44.40000088799984,-14.833324432373049,9.8749847,35.28712891828265,150.55405016168035,162.29381169824288,3599.8570933307656,38193.09283121045,162.50554204649265
-122.96666952599963,44.51666755699984,-28.75799560546875,9.8749847,34.563985486004704,150.55405016168035,162.29381169824288,3599.8570933307656,38193.09283121045,166.48029789127978
-122.96666952599963,44.63333422599983,-35.8957633972168,9.8749847,38.377976647976226,150.55405016168035,162.29381169824288,3599.8570933307656,38193.09283121045,79.49958825605187
-122.96666952599963,44.75000089499983,-24.943910598754883,9.8749847,45.346217330148235,150.55405016168035,162.29381169824288,3599.8570933307656,38193.09283121045,168.49170542503109
-122.96666952599963,44.86666756399983,-16.52178382873535,9.822605546488592,38.07345859539158,150.95493202041516,162.72595314395542,3596.9362695457075,37816.506598496584,90.00465539095751
-122.96666952599963,44.98333423299982,-30.094501495361328,9.757467025245145,39.50700029011697,151.45796343786424,163.2682094701991,3593.293057964117,37350.97940329241,56.0
-122.96666952599963,45.10000090199982,-33.800010681152344,9.688166720677998,41.48949260577093,151.99869422212421,163.85110484887468,3589.403700784542,36859.109658793226,55.0
-122.96666952599963,45.21666757099982,-29.159730911254883,9.618866416110851,43.47198492142488,152.54525817328545,164.44028824763114,3585.5004080946164,36370.7457628096,51.00035428793842
-122.96666952599963,45.33333423999981,-20.17943572998047,9.567520302233595,41.77036834322153,152.95404358592492,164.8809495431104,3582.599296611454,36011.16732778298,111.50100163072509
-122.96666952599963,45.45000090899981,-45.91755676269531,9.539871262199949,36.084590175681036,153.17553361342908,165.11971071079867,3581.0338707087276,35818.33745026218,48.49962001610055
-122.96666952599963,45.56666757799981,-57.60832977294922,9.539073621421533,28.341025341761338,153.18193761567923,165.1266140782882,3580.9886764550947,35812.78282753854,55.49918089619467
-122.96666952599963,45.683334246999806,-12.51830768585205,9.549542568095653,38.71115532666052,153.09794965090416,165.03607697931616,3581.5816957547486,35885.72358985289,331.5253244584685
-122.96666952599963,45.8000009159998,-14.888495445251465,9.549919224904393,39.200355837564096,153.09493046548562,165.03282236670844,3581.6030256294534,35888.349378802464,375.00639113557025
-122.96666952599963,45.9166675849998,-8.287914276123047,9.547975383444982,34.92996194062327,153.1105137235164,165.04962076131676,3581.492942405086,35874.79938184804,233.5018262720979
-122.85000285699964,42.066667507999895,97.0878677368164,8.720421182764845,47.00755971959879,160.21085140421386,172.70362186794625,3533.5625742492293,30356.697145757043,1693.3751538590882
-122.85000285699964,42.18333417699989,27.92225646972656,8.7200031,45.89990527983824,160.21469203317375,172.70776197784397,3533.537797930003,30354.035733363504,1247.7109128466298
-122.85000285699964,42.30000084599989,-25.34969711303711,8.7200031,44.527883944814874,160.21469203317375,172.70776197784397,3533.537797930003,30354.035733363504,438.7967193924138
-122.85000285699964,42.41666751499989,-37.976341247558594,8.7200031,40.80884891031539,160.21469203317375,172.70776197784397,3533.537797930003,30354.035733363504,398.69815076823227
-122.85000285699964,42.53333418399989,-44.4356689453125,8.595869940804203,38.684296425197616,161.36737752071997,173.95033048571358,3526.1549920691878,29569.477714315755,434.70445228744245
-122.85000285699964,42.65000085299988,-18.60934257507324,8.208234878942955,43.58786152717403,165.13372261687914,178.01036408275218,3502.7506034256535,27191.918737181917,735.4167856941147
-122.85000285699964,42.76666752199988,26.02224349975586,8.06720795397268,67.23605912141491,166.57086187441806,179.5595672280458,3494.099076733126,26354.14312301363,1201.3294791483
-122.85000285699964,42.88333419099988,-6.398444175720215,8.320427061278192,69.88143134259953,164.01661705751567,176.80614992110262,3509.5802667478097,27868.769865948416,784.2721013952571
-122.85000285699964,43.00000085999987,-16.306076049804688,8.654802412922333,66.48899628657152,160.81704592896693,173.35708565684553,3529.6665943804264,29940.545754455074,508.12396294078394
-122.85000285699964,43.11666752899987,13.635381698608398,8.989177764566493,63.0965612305433,157.79770208687125,170.1023022721734,3549.368513039816,32093.94066228648,919.1318537395499
-122.85000285699964,43.233334197999866,-9.885612487792969,9.308985063024942,59.47863318566634,155.0634678223808,167.15486047048455,3567.8720289531675,34229.87905982184,714.7200903645245
-122.85000285699964,43.35000086699986,-20.90678977966309,9.480699187025705,52.69635536599551,153.65279882292748,165.63419165606234,3577.6760414942187,35407.534832327496,1095.071760470747
-122.85000285699964,43.46666753599986,25.866491317749023,9.502501072797884,50.531914001554235,153.4764323901715,165.44407268817773,3578.914445828649,35558.597223061595,812.0290303152055
-122.85000285699964,43.58333420499986,12.152839660644531,9.524302958570066,48.36747263711297,153.30067187965213,165.25460689056158,3580.1514303211534,35710.00659901868,580.3006469912392
-122.85000285699964,43.700000873999855,-8.920494079589844,9.546104844342247,46.203031272671694,153.12551382979922,165.06579053172084,3581.386999844147,35861.7629601987,357.9026048159668
-122.85000285699964,43.81666754299985,10.209356307983398,9.56790673011443,44.03858990823043,152.95095480666544,164.87761990993894,3582.621159242243,36013.86630660169,779.1157719817586
-122.85000285699964,43.93333421199985,-36.44744873046875,9.5827484,45.69480816980551,152.83246441520913,164.7498899866429,3583.4605110478187,36117.609417661435,217.70320716763104
-122.85000285699964,44.050000880999846,-28.593530654907227,9.8100004,36.07589065400254,151.05188401342514,162.83046516791248,3596.232205784888,37726.17936452006,221.47770808355966
-122.85000285699964,44.16666754999984,-22.04319190979004,9.833704719952337,39.089919173699045,150.8697175431617,162.63409389267335,3597.5558428591057,37896.1382095127,196.58516206627183
-122.85000285699964,44.28333421899984,-12.792438507080078,9.852834671419487,36.31656807794886,150.72318445206665,162.47613458259033,3598.622886730878,38033.59813774897,540.1261860598972
-122.85000285699964,44.40000088799984,-18.789201736450195,9.871964622886637,33.54321698219867,150.57707749661728,162.31863463695592,3599.688895235199,38171.32521316673,482.1158466220153
-122.85000285699964,44.51666755699984,-21.497167587280277,9.8749847,43.224734166352256,150.55405016168035,162.29381169824288,3599.8570933307656,38193.09283121045,124.49780904017989
-122.85000285699964,44.63333422599983,-40.40718078613281,9.874984700000002,35.04932103784103,150.55405016168035,162.29381169824288,3599.8570933307656,38193.09283121046,89.99777168033506
-122.85000285699964,44.75000089499983,-39.23816680908203,9.874984699999999,46.26726998014823,150.55405016168038,162.2938116982429,3599.8570933307656,38193.09283121044,122.69496724866923
-122.85000285699964,44.86666756399983,-24.73096466064453,9.816560402159727,40.2960439444806,151.00140470883161,162.77604963577926,3596.5986728354937,37773.17321717637,126.09806078426803
-122.85000285699964,44.98333423299982,-24.35782814025879,9.755886836910129,40.94219680972341,151.4702289766375,163.28143143957095,3593.204526848243,37339.724710727656,63.601018303889106
-122.85000285699964,45.10000090199982,-32.07784652709961,9.684938988450051,42.990006947637085,152.02402067046012,163.87840617907997,3589.2222115276254,36836.285771649964,47.501587839785884
-122.85000285699964,45.21666757099982,-40.78313064575195,9.613991139989974,45.037817085550756,152.5839312896107,164.48197697969735,3585.2252829015606,36336.52135852909,54.8997030560715
-122.85000285699964,45.33333423999981,-21.82965660095215,9.541809738472477,45.70069864944518,153.1599735557593,165.10293732564725,3581.1436967225395,35831.83857610099,160.19031573031828
-122.85000285699964,45.45000090899981,-48.13871383666992,9.54073324071181,38.844446861702494,153.1686139670273,165.11225149074488,3581.0827082083943,35824.340631204504,196.3165436300131
-122.85000285699964,45.56666757799981,-43.87483978271485,9.540727519501434,32.153881559822196,153.16865989170816,165.11230099649708,3581.0823840665084,35824.300784500774,81.69758012813335
-122.85000285699964,45.683334246999806,-34.02385330200195,9.544956467149232,37.155599739993875,153.1347250063804,165.0757199687302,3581.3219535484245,35853.76079531749,4.701288527762175
-122.85000285699964,45.8000009159998,-41.09357452392578,9.545473817266418,37.93337753332724,153.13057511592282,165.07124648203376,3581.351257739656,35857.36569458333,7.399011776163185
-122.85000285699964,45.9166675849998,-34.73062515258789,9.544795677685185,36.25907589125609,153.1360148373782,165.07711037695142,3581.312845811255,35852.640452996595,151.91541793458188
-122.73333618799964,42.066667507999895,100.85706329345705,8.721074528605389,49.02572683522334,160.20485013375568,172.69715263608802,3533.601291482436,30360.856440723743,1849.5473737540547
-122.73333618799964,42.18333417699989,0.7410407066345215,8.7200031,81.05951156377262,160.21469203317375,172.70776197784397,3533.537797930003,30354.035733363504,1012.5180270377593
-122.73333618799964,42.30000084599989,-1.3903822898864746,8.7200031,47.246066409850656,160.21469203317375,172.70776197784397,3533.537797930003,30354.035733363504,1198.6867447376535
-122.73333618799964,42.41666751499989,-37.67696762084961,8.7200031,47.29255401426028,160.21469203317375,172.70776197784397,3533.537797930003,30354.035733363504,481.3959481125006
-122.73333618799964,42.53333418399989,-31.643348693847656,8.657276111523853,44.4470084048585,160.79406864847167,173.3323166756721,3529.8137325078123,29956.17682997397,623.6766965789714
-122.73333618799964,42.65000085299988,-27.8976993560791,8.195696604768587,62.99963936004058,165.2599901389418,178.14647757440008,3501.984448025094,27116.846635656602,633.1063088475103
-122.73333618799964,42.76666752199988,-10.53489875793457,8.124578667487286,87.17457589649986,165.98171014384687,178.92447518023752,3497.6276293122564,26693.204161329166,908.214483934436
-122.73333618799964,42.88333419099988,18.905437469482425,8.458954019131468,83.78214084047143,162.66807483564318,175.35245234744937,3517.949835376776,28717.174630689853,1058.6877275376346
-122.73333618799964,43.00000085999987,-24.93279266357422,8.771475005895525,80.05143093101043,159.74392234627598,172.20028305690775,3536.5836619502556,30682.652429353213,876.5199862372172
-122.73333618799964,43.11666752899987,4.427563667297363,9.00019883797121,75.02365883850908,157.7010579563761,169.99812211694362,3550.0115988175908,32166.306379901685,840.3344572596802
-122.73333618799964,43.233334197999866,19.563011169433597,9.228922670046895,69.99588674600773,155.73461568575678,167.87834246810232,3563.269969048663,33688.14998214251,1035.5872994896783
-122.73333618799964,43.35000086699986,-19.61982727050781,9.457646502122582,64.96811465350639,153.8399465313589,165.83593259175493,3576.3650386880913,35248.1832360757,489.4020802722284
-122.73333618799964,43.46666753599986,0.6881830096244812,9.514823877799552,52.3520124216526,153.37701526378098,165.33690330699747,3579.6137851243125,35644.13380032375,841.5622567732387
-122.73333618799964,43.58333420499986,8.895013809204102,9.536625763571733,50.187571057211336,153.20159569806518,165.14780504005685,3580.849969254539,35795.73929836335,596.8975870719124
-122.73333618799964,43.700000873999855,-3.079636335372925,9.558427649343916,48.02312969277007,153.02677664871322,164.95935411597793,3582.0847411569157,35947.69178162592,649.0465934157285
-122.73333618799964,43.81666754299985,17.282859802246094,9.580229535116095,45.8586883283288,152.85255469726528,164.77154684973948,3583.318105660439,36099.99125011142,704.286709024899
-122.73333618799964,43.93333421199985,-30.808298110961918,9.64270972031121,54.290965692668266,152.3565438865832,164.23685857650682,3586.8449478826883,36538.37552381727,340.60074252867526
-122.73333618799964,44.050000880999846,-3.0790181159973145,9.802536259146054,45.507566549896346,151.1093822956005,162.89244699683255,3595.8150809992494,37672.74674583368,685.6722220199142
-122.73333618799964,44.16666754999984,-22.26702880859375,9.833246992640662,43.929706121309444,150.87322891568493,162.63787907168697,3597.5302987154755,37892.85244267097,581.787321346671
-122.73333618799964,44.28333421899984,-25.084291458129883,9.850228721317423,47.4762993085557,150.74312059438577,162.497625286587,3598.4775911967363,38014.85713972733,726.9068334704715
-122.73333618799964,44.40000088799984,-41.92197036743164,9.869394681924106,49.870179896874106,150.59668097908457,162.33976674126504,3599.545746449734,38152.807256471024,172.50347135960118
-122.73333618799964,44.51666755699984,-34.15605163574219,9.8749847,46.029420852613036,150.55405016168035,162.29381169824288,3599.8570933307656,38193.09283121045,211.08992252952817
-122.73333618799964,44.63333422599983,-47.05020523071289,9.8749847,40.618124959622534,150.55405016168035,162.29381169824288,3599.8570933307656,38193.09283121045,172.39107603315134
-122.73333618799964,44.75000089499983,-49.705360412597656,9.852982122724384,42.298036854005986,150.7220566507017,162.47491883859567,3598.6311073484753,38034.6586994151,277.6031590872798
-122.73333618799964,44.86666756399983,-25.45111656188965,9.826893433230659,45.564677292225376,150.9219944354052,162.6904471830486,3597.1756675987467,37847.259610046225,270.28142214680804
-122.73333618799964,44.98333423299982,-22.68755531311035,9.81234913526438,40.076265665691366,151.03380464655098,162.8109760252428,3596.363429283322,37743.00137659813,254.483885122152
-122.73333618799964,45.10000090199982,-41.53812026977539,9.741401286804303,42.12407580360504,151.58280592835933,163.4027868105137,3592.392629796415,37236.63814615167,64.70029593593028
-122.73333618799964,45.21666757099982,-44.02357864379883,9.661235529224058,44.470292212573014,152.21039888334298,164.0793176162269,3587.8884834071678,36668.90726216656,47.59800164826845
-122.73333618799964,45.33333423999981,-21.163230895996094,9.558836580892056,40.684420172176054,153.02350333477798,164.95582555866005,3582.107887947998,35950.54522477305,75.70384441529347
-122.73333618799964,45.45000090899981,-21.71470069885254,9.54309437849817,36.834031805445164,153.1496644229694,165.09182431703684,3581.21647294426,35840.787365677024,163.88714499358255
-122.73333618799964,45.56666757799981,-31.972373962402344,9.540768699514715,36.80227966854258,153.16832933688318,165.1119446659802,3581.0847171663063,35824.58759283849,-5.096848448396601
-122.73333618799964,45.683334246999806,-47.498008728027344,9.540711158324186,36.54366326867181,153.16879122460762,165.11244257034937,3581.0814571042797,35824.18683339864,1.5006851199137818
-122.73333618799964,45.8000009159998,-42.21083068847656,9.540887716319995,36.3778219466606,153.16737399275686,165.11091482693183,3581.091460168472,35825.41652163041,56.690245697168116
-122.73333618799964,45.9166675849998,-24.849533081054688,9.541405066437179,37.15559973999396,153.1632214474815,165.10643847840274,3581.1207706073146,35829.019884269066,13.199201776162056
-122.61666951899964,42.066667507999895,18.56301689147949,8.7200031,51.64941655540185,160.21469203317375,172.70776197784397,3533.537797930003,30354.035733363504,1260.2956178085951
-122.61666951899964,42.18333417699989,-25.394750595092773,8.7200031,32.76789510002759,160.21469203317375,172.70776197784397,3533.537797930003,30354.035733363504,712.5934013768492
-122.61666951899964,42.30000084599989,32.13901138305664,8.7200031,48.787517217881714,160.21469203317375,172.70776197784397,3533.537797930003,30354.035733363504,1188.5745185792068
-122.61666951899964,42.41666751499989,-43.26247024536133,8.7200031,48.44648140740994,160.21469203317375,172.70776197784397,3533.537797930003,30354.035733363504,526.2973461283527
-122.61666951899964,42.53333418399989,-20.12730026245117,8.621673251096727,57.76577383976972,161.12572300242715,173.6898324596178,3527.694007601168,29731.63612176703,818.3806740664946
-122.61666951899964,42.65000085299988,-28.217397689819336,8.27331639298765,87.49963985004011,164.48293331034355,177.30882814229298,3506.7180628860233,27583.43391054454,933.3910419851916
-122.61666951899964,42.76666752199988,-29.244230270385746,8.233964948766106,100.62422867635452,164.87551003323014,177.7320168421177,3504.3210175157383,27346.33525379072,822.7667337323379
-122.61666951899964,42.88333419099988,31.99730682373047,8.462688780841807,95.59645658385287,162.63217646123402,175.31375472350385,3518.174531037347,28740.242011505816,1446.3926907848513
-122.61666951899964,43.00000085999987,-5.503016471862793,8.691412612917478,90.56868449135183,160.47798958183049,172.9915906940852,3531.8420640206477,30172.338420913075,774.0037117591838
-122.61666951899964,43.11666752899987,-6.337064743041992,8.920136444993165,85.54091239885048,158.40719735757253,170.75932418947113,3545.3309114876793,31642.624482012787,903.7181901893019
-122.61666951899964,43.233334197999866,22.261415481567383,9.14886027706885,80.51314030634913,156.4145542878331,168.61130068034063,3558.647903668134,33151.100194804836,1032.2276476576255
-122.61666951899964,43.35000086699986,-24.139572143554688,9.377584109144538,75.48536821384779,154.4952654634822,166.54235136466806,3571.7994464311905,34697.765559289255,1071.404568223619
-122.61666951899964,43.46666753599986,-15.48874282836914,9.525170880987874,64.2052523166305,153.2936874316826,165.2470778159046,3580.2006447512495,35716.04131388705,834.0454427136008
-122.61666951899964,43.58333420499986,42.381134033203125,9.548948568573401,52.00766947730971,153.10271136336348,165.0412099960926,3581.548057023007,35881.5828493199,1463.1335150521297
-122.61666951899964,43.700000873999855,23.74877548217773,9.570750454345582,49.84322811286844,152.92823022241978,164.85312332952466,3582.782032847486,36033.731454665,946.5806364987084
-122.61666951899964,43.81666754299985,-2.602720022201538,9.5827484,71.28912392716911,152.83246441520913,164.7498899866429,3583.4605110478187,36117.609417661435,417.7057823515554
-122.61666951899964,43.93333421199985,-12.514593124389648,9.717022199580647,62.87158383038387,151.77284025116526,163.60763945027034,3591.0248482269453,37063.48995590724,842.9249986997423
-122.61666951899964,44.050000880999846,12.367168426513672,9.802198719314909,55.556375154760474,151.11198400761216,162.89525158268634,3595.7962142278448,37670.33140252267,899.8488228405931
-122.61666951899964,44.16666754999984,-1.210682392120361,9.859426211626493,51.18527716881479,150.67279287673912,162.42181362059296,3598.99031429956,38081.02410621525,483.1066250547333
-122.61666951899964,44.28333421899984,5.164902687072754,9.870945067980259,51.62906170807721,150.5848537345076,162.32701724298036,3599.6321070374315,38163.97813530558,386.99833680133304
-122.61666951899964,44.40000088799984,-30.71356201171875,9.8749847,49.99041637925765,150.55405016168035,162.29381169824288,3599.8570933307656,38193.09283121045,312.2974864486142
-122.61666951899964,44.51666755699984,3.6545350551605225,9.874984699999999,42.186142040096954,150.55405016168038,162.2938116982429,3599.8570933307656,38193.09283121044,847.4957660006094
-122.61666951899964,44.63333422599983,-4.023551940917969,9.8749847,40.638531511618574,150.55405016168035,162.29381169824288,3599.8570933307656,38193.09283121045,944.2639947732448
-122.61666951899964,44.75000089499983,-47.82718276977539,9.8749847,50.3385026836095,150.55405016168035,162.29381169824288,3599.8570933307656,38193.09283121045,479.3946087049617
-122.61666951899964,44.86666756399983,-20.29784202575684,9.85087712217093,50.416483410880815,150.73815943329936,162.49227726876688,3598.513744777888,38019.519727780375,552.9796245623248
-122.61666951899964,44.98333423299982,-18.38495635986328,9.836046316699276,41.2633621296714,150.85175824038856,162.61473417634977,3597.686509799433,37912.94960765249,454.61365545342477
-122.61666951899964,45.10000090199982,-27.002185821533203,9.788447276065565,43.23408909734121,151.21809269349782,163.00963431146832,3595.0273016313486,37572.00052785511,143.6943328328997
-122.61666951899964,45.21666757099982,-33.229095458984375,9.686048327733559,39.44821705694403,152.01531479570693,163.86902144584732,3589.284590980411,36844.12925562438,63.39756902436113
-122.61666951899964,45.33333423999981,-17.041242599487305,9.583649379401557,35.66234501654708,152.82528019271882,164.74214555963619,3583.5114438605115,36123.9124309659,140.80051588787973
-122.61666951899964,45.45000090899981,-16.85915756225586,9.545046494437269,37.05544115000816,153.1340028340729,165.07494148355255,3581.3270530087393,35854.388092053756,52.30120212779463
-122.61666951899964,45.56666757799981,-35.543575286865234,9.540768699514715,44.58005760187542,153.16832933688318,165.1119446659802,3581.0847171663063,35824.58759283849,37.299510848258535
-122.61666951899964,45.683334246999806,-34.25541687011719,9.540706574513473,44.68808229539384,153.1688280194014,165.1124822342928,3581.0811974028134,35824.15490845208,83.60065673595284
-122.61666951899964,45.8000009159998,-42.306785583496094,9.541377006635543,43.05717175856928,153.16344666269148,165.10668125523168,3581.119180901372,35828.824441705,68.19945235207024
-122.61666951899964,45.9166675849998,-17.167116165161133,9.5405912,43.287931247488,153.16975415307672,165.11348058514523,3581.074660696476,35823.35136261386,252.48367720295366
-122.50000284999965,42.066667507999895,33.696434020996094,8.7200031,47.14879224566459,160.21469203317375,172.70776197784397,3533.537797930003,30354.035733363504,1565.0484657666448
-122.50000284999965,42.18333417699989,43.10865020751953,8.7200031,42.637857074105796,160.21469203317375,172.70776197784397,3533.537797930003,30354.035733363504,1590.3650235245275
-122.50000284999965,42.30000084599989,22.918710708618164,8.7200031,47.92974276079568,160.21469203317375,172.70776197784397,3533.537797930003,30354.035733363504,1427.593661120838
-122.50000284999965,42.41666751499989,-15.685836791992188,8.645286989548781,55.10326321647187,160.90552312158874,173.45246204043355,3529.100411145446,29880.46030305642,1279.1741672033536
-122.50000284999965,42.53333418399989,-16.20611000061035,8.41442715198007,75.30944918760667,163.0979046248116,175.81579899797575,3515.267120573477,28442.943268032486,827.4971313603714
-122.50000284999965,42.65000085299988,11.355249404907228,8.191289032878172,98.65088801595411,165.30444573846788,178.19439969068105,3501.71498268099,27090.483847354833,1277.220733357367
-122.50000284999965,42.76666752199988,-32.14778137207031,8.214265172462337,156.36472984302566,165.07309713031904,177.9450111992573,3503.1188781129763,27228.06559808761,855.830917755986
-122.50000284999965,42.88333419099988,0.3434167504310608,8.402484829990865,120.99151523067749,163.21376773795834,175.94069677553549,3514.546397004041,28369.639231152716,945.9041001594849
-122.50000284999965,43.00000085999987,34.08839416503906,8.611350219939432,101.0859380516932,161.2222704447246,173.7939083871889,3527.078576323438,29666.70370281458,1284.7806800025999
-122.50000284999965,43.11666752899987,23.99302673339844,8.84007405201512,96.05816595919188,159.12290816664142,171.53084402007474,3540.62917092106,31123.621874465527,1200.8004471336803
-122.50000284999965,43.233334197999866,-10.228821754455566,9.068797884090806,91.03039386669053,157.10347722248648,169.35394379695666,3554.005569625286,32618.7296978088,1147.8495694467224
-122.50000284999965,43.35000086699986,16.62888526916504,9.297521716166491,86.00262177418918,155.15903085539117,167.25787522743093,3567.2143225380714,34152.027172844435,980.2754408693793
-122.50000284999965,43.46666753599986,2.9836814403533936,9.526245548242178,80.97484968168784,153.2850405648911,165.23775669190073,3580.2615792759025,35723.51429957243,1188.3326937550892
-122.50000284999965,43.58333420499986,-3.284496784210205,9.55987602319141,60.913371175893346,153.01518401004918,164.94685751748452,3582.1667213701166,35957.79879625836,758.5942156011636
-122.50000284999965,43.700000873999855,-20.92564010620117,9.582748399999998,52.56917560510004,152.83246441520916,164.74988998664293,3583.4605110478183,36117.60941766142,832.650926072454
-122.50000284999965,43.81666754299985,-4.898689270019531,9.631508140015242,80.2356011108714,152.44511455036746,164.33233571986335,3586.2134905955954,36459.57140368065,1067.2557931257436
-122.50000284999965,43.93333421199985,5.689984321594238,9.715396982237454,71.21439244993974,151.78553420169914,163.62132323769046,3590.93360491099,37051.96256070105,1004.9843544024272
-122.50000284999965,44.050000880999846,-2.914623737335205,9.786561889773978,54.84427461621398,151.23265811453913,163.02533550115564,3594.9218380767243,37558.529672167395,870.2793924029061
-122.50000284999965,44.16666754999984,-17.94156837463379,9.8749847,49.991656886619964,150.55405016168035,162.29381169824288,3599.8570933307656,38193.09283121045,432.10113680021004
-122.50000284999965,44.28333421899984,16.923038482666016,9.8749847,47.671934618003945,150.55405016168035,162.29381169824288,3599.8570933307656,38193.09283121045,1027.924937035779
-122.50000284999965,44.40000088799984,-32.228763580322266,9.874984700000002,46.96104194722834,150.55405016168035,162.29381169824288,3599.8570933307656,38193.09283121046,357.0040838390896
-122.50000284999965,44.51666755699984,-1.7330105304718018,9.874984699999999,46.15049855502768,150.55405016168038,162.2938116982429,3599.8570933307656,38193.09283121044,584.5950480804447
-122.50000284999965,44.63333422599983,30.376686096191406,9.8749847,45.77523264528023,150.55405016168035,162.29381169824288,3599.8570933307656,38193.09283121045,911.1737804842331
-122.50000284999965,44.75000089499983,-35.49009704589844,9.8749847,53.36377840595856,150.55405016168035,162.29381169824288,3599.8570933307656,38193.09283121045,254.19726640053952
-122.50000284999965,44.86666756399983,18.330707550048828,9.860260196766728,36.382516340424914,150.66642075648204,162.41494462116046,3599.036793789873,38087.02686899891,804.5786644838298
-122.50000284999965,44.98333423299982,-9.026896476745604,9.821916304092145,47.71273156555631,150.96022847737123,162.73166260302992,3596.8977834106913,37811.564557875754,572.0016247206622
-122.50000284999965,45.10000090199982,-22.103654861450195,9.761839205411352,55.052041726374824,151.42404177341447,163.23164269423535,3593.5379749523518,37382.12920539174,301.5783270425979
-122.50000284999965,45.21666757099982,-27.68727684020996,9.692490867761329,42.76705583335354,151.96478456759863,163.8145510193336,3589.6467919930583,36889.698415897416,238.89883063997232
-122.50000284999965,45.33333423999981,-25.272031784057617,9.591950234577688,38.13742611113178,152.7591385289954,164.67084636372476,3583.9805827300443,36182.010895454456,86.10722479871
-122.50000284999965,45.45000090899981,-27.21463203430176,9.544860731588672,40.4893306999989,153.13549297997324,165.07654782664258,3581.316530725214,35853.09373067956,223.18621632191542
-122.50000284999965,45.56666757799981,-36.70041275024414,9.539676153101428,47.84551649268366,153.17710000766462,165.12139924784458,3581.02281601959,35816.97870370901,5.800573439802734
-122.50000284999965,45.683334246999806,-40.81093597412109,9.549265714904408,43.511809854461134,153.10016894974825,165.03846933254957,3581.5660174375807,35883.79362825481,80.90120503978933
-122.50000284999965,45.8000009159998,-39.53856658935547,9.548482339504124,41.39386109415352,153.10644913344916,165.04523922648394,3581.5216533150206,35878.332970555086,159.40567647846592
-122.50000284999965,45.9166675849998,-19.96418190002441,9.541072007736876,49.30041112663123,153.16589472666084,165.10932021202123,3581.101901278398,35826.70009573937,260.1806504036479
-122.38333618099963,42.066667507999895,7.277238845825195,8.7200031,50.887843666799455,160.21469203317375,172.70776197784397,3533.537797930003,30354.035733363504,1179.5080521429534
-122.38333618099963,42.18333417699989,32.02068328857422,8.7200031,49.25836550249589,160.21469203317375,172.70776197784397,3533.537797930003,30354.035733363504,1539.9903875852199
-122.38333618099963,42.30000084599989,26.482351303100582,8.7200031,47.800032139995906,160.21469203317375,172.70776197784397,3533.537797930003,30354.035733363504,1446.5164675338433
-122.38333618099963,42.41666751499989,24.595951080322266,8.636892086364462,54.14106388451312,160.98370276070978,173.5367378976192,3528.6006419304076,29827.505292699352,1405.990169921291
-122.38333618099963,42.53333418399989,-25.661523818969727,8.40603224879575,74.3472498556479,163.1793252882333,175.90356860499404,3514.7605384904755,28391.403031244856,1217.9963716644743
-122.38333618099963,42.65000085299988,-3.957730770111084,8.28500739061656,139.14978240871687,164.36684117254242,177.18368348141067,3507.429106860889,27654.091823838422,1258.0165954217402
-122.38333618099963,42.76666752199988,-23.151153564453125,8.240354087671593,234.9614922308021,164.81157972186682,177.66310143331228,3504.7105930265543,27384.753953925163,1154.996176704477
-122.38333618099963,42.88333419099988,6.527716636657715,8.41985139741007,204.5018602576844,163.04536061002943,175.75915775563274,3515.5943068877127,28476.27260738094,1576.4850156980017
-122.38333618099963,43.00000085999987,11.653390884399414,8.608071054938575,169.12864564534055,161.25297558670164,173.82700782572837,3526.88300415869,29646.09385970803,1135.505196879314
-122.38333618099963,43.11666752899987,43.304046630859375,8.796290712467092,133.75543103299452,159.5184319514592,171.95720958504262,3538.0489450296736,30841.776558855712,1577.0053261111575
-122.38333618099963,43.233334197999866,-14.851537704467772,8.98873549111275,101.54764742703321,157.80158410544422,170.1064869991244,3549.342697912037,32091.03849115434,1063.4975147363764
-122.38333618099963,43.35000086699986,16.515901565551758,9.217459323188436,96.51987533453186,155.8314257254749,167.98270146966783,3562.6094141737044,33610.9680767412,1293.9805049627118
-122.38333618099963,43.46666753599986,-11.861777305603027,9.446183155264123,91.49210324203052,153.9332639028449,165.93652657710345,3575.712525036245,35169.08731402041,953.0342721878434
-122.38333618099963,43.58333420499986,-6.297992706298828,9.569130727779019,78.31331434836527,152.94117243437907,164.86707473706517,3582.690405495925,36022.415953143485,1274.4546938134795
-122.38333618099963,43.700000873999855,-40.80078506469727,9.5827484,124.55202222275551,152.83246441520913,164.7498899866429,3583.4605110478187,36117.609417661435,623.4519907268435
-122.38333618099963,43.81666754299985,-18.92689514160156,9.5827484,60.64698951940023,152.83246441520913,164.7498899866429,3583.4605110478187,36117.609417661435,790.4882334577604
-122.38333618099963,43.93333421199985,3.5005152225494385,9.6501901341307,82.40092925540351,152.29748230717973,164.17319154904382,3587.266430747777,36591.05191307882,1145.048346680115
-122.38333618099963,44.050000880999846,-4.659775733947754,9.793964372960719,72.04495687422161,151.17549490763068,162.96371487568524,3595.335855200444,37611.43442067071,878.0041411839039
-122.38333618099963,44.16666754999984,-19.34528923034668,9.8749847,54.34044300675757,150.55405016168035,162.29381169824288,3599.8570933307656,38193.09283121045,638.0157941414275
-122.38333618099963,44.28333421899984,33.53541946411133,9.8749847,53.87410522956861,150.55405016168035,162.29381169824288,3599.8570933307656,38193.09283121045,1050.9879328027234
-122.38333618099963,44.40000088799984,-13.99069118499756,9.8749847,61.83434923693032,150.55405016168035,162.29381169824288,3599.8570933307656,38193.09283121045,422.02013316442606
-122.38333618099963,44.51666755699984,-5.010068893432617,9.8749847,52.940270369567,150.55405016168035,162.29381169824288,3599.8570933307656,38193.09283121045,484.53292618757416
-122.38333618099963,44.63333422599983,31.60217666625977,9.8749847,46.94319370043083,150.55405016168035,162.29381169824288,3599.8570933307656,38193.09283121045,1043.0018145903452
-122.38333618099963,44.75000089499983,-13.020971298217772,9.874984699999999,41.50569166333067,150.55405016168038,162.2938116982429,3599.8570933307656,38193.09283121044,320.49427854499436
-122.38333618099963,44.86666756399983,19.779630661010746,9.837849498683777,42.88882886277003,150.8379327779077,162.59983064501267,3597.7871212529153,37925.898206944716,954.0339873545022
-122.38333618099963,44.98333423299982,6.256268501281738,9.780760801897289,59.67706650991915,151.27750042841907,163.07367448663715,3594.5972767335106,37517.09788033463,615.5298785388097
-122.38333618099963,45.10000090199982,-4.733736038208008,9.721701617086932,70.23488431772816,151.73630889088196,163.56825948207597,3591.2875185271523,37096.691051059795,679.0054702705556
-122.38333618099963,45.21666757099982,-28.053442001342773,9.655197216998904,57.251926230224015,152.2579872566019,164.13061679071214,3587.548462866076,36626.33415418733,331.50613435103946
-122.38333618099963,45.33333423999981,-47.45264053344727,9.588692816910878,44.26896814272066,152.78508357034679,164.6988145230075,3583.796507685637,36159.205927033574,113.0002733759643
-122.38333618099963,45.45000090899981,-43.49671936035156,9.545011075560396,54.8850255004366,153.13428695262013,165.0752477568275,3581.325046762604,35854.14129788828,222.5162604617109
-122.38333618099963,45.56666757799981,-37.79445266723633,9.538424660162747,88.84890818982403,153.18714851033923,165.1322313031707,3580.9519049753953,35808.263924124294,6.998687680275112
-122.38333618099963,45.683334246999806,-6.739209175109863,9.555856634150375,37.23246263734082,153.0473612871666,164.981543883928,3581.9392023969835,35929.75454453904,429.47394043646653
-122.38333618099963,45.8000009159998,-2.75431489944458,9.54719192571106,44.35738113358972,153.11679584061525,165.05639273940977,3581.4485706216474,35869.33888822229,393.525202988296
-122.38333618099963,45.9166675849998,-8.77493953704834,9.542221306545292,43.95083522610198,153.15667052846402,165.09937673800897,3581.167013024259,35834.70542402673,350.9499017372319
-122.26666951199964,42.066667507999895,-7.008847236633301,8.7200031,56.73324192001104,160.21469203317375,172.70776197784397,3533.537797930003,30354.035733363504,1198.9041567354736
-122.26666951199964,42.18333417699989,15.185494422912598,8.7200031,47.491269554318045,160.21469203317375,172.70776197784397,3533.537797930003,30354.035733363504,1200.4992416800958
-122.26666951199964,42.30000084599989,45.330562591552734,8.7200031,46.050032104995935,160.21469203317375,172.70776197784397,3533.537797930003,30354.035733363504,1673.4133698542946
-122.26666951199964,42.41666751499989,50.25620651245117,8.628497183180144,53.1788645525545,161.06199646679207,173.62113671637186,3528.1006297729655,29774.601728653903,1693.4050103353084
-122.26666951199964,42.53333418399989,58.431270599365234,8.423379051299902,83.83696697939537,163.0112158903893,175.72235053129165,3515.807035703257,28497.959844285484,1664.976120323053
-122.26666951199964,42.65000085299988,61.48634338378906,8.378725748354936,179.64867680147475,163.44501197589432,176.18997275826447,3513.1110028883704,28224.111485643283,1821.186407089649
-122.26666951199964,42.76666752199988,60.19805908203125,8.33407244540997,275.46038662356,163.8822897758936,176.66134819357623,3510.407776376806,27951.718686749722,1890.2891501133377
-122.26666951199964,42.88333419099988,62.071590423583984,8.437217964829273,288.01220528468116,162.87747370585154,175.5781795249974,3516.6411366315974,28583.1261499038,1614.7764279550315
-122.26666951199964,43.00000085999987,31.93665313720703,8.62543762235778,252.63899067233731,161.0905593817896,173.65192688337956,3527.9183375827224,29755.333574672535,1680.014384317848
-122.26666951199964,43.11666752899987,33.19966125488281,8.813657279886295,217.2657760599913,159.36119565807675,171.78771246847265,3539.0731527597427,30953.40244626183,1889.9868602415706
-122.26666951199964,43.233334197999866,18.185518264770508,9.001876937414812,181.8925614476453,157.6863582224298,169.98227614102643,3550.1094823080657,32177.332764671646,1256.6874084496587
-122.26666951199964,43.35000086699986,17.776906967163086,9.190096594943327,146.5193468352993,156.06324068642274,168.2325926787087,3561.0310235240804,33427.124529901965,1179.6541100549612
-122.26666951199964,43.46666753599986,-17.54560089111328,9.378316252471846,111.14613222295324,154.4892348028411,166.535850450867,3571.841285325305,34702.777741952814,1413.2957419535242
-122.26666951199964,43.58333420499986,29.22591781616211,9.578385432366629,95.71325752083509,152.86726815040743,164.787407614635,3583.2138364445464,36087.09563420524,1641.6230227818612
-122.26666951199964,43.700000873999855,-17.50249481201172,9.5827484,97.27091569374593,152.83246441520913,164.7498899866429,3583.4605110478187,36117.609417661435,729.6810025298764
-122.26666951199964,43.81666754299985,-14.944647789001465,9.5827484,94.66597907918924,152.83246441520913,164.7498899866429,3583.4605110478187,36117.609417661435,1190.124639819357
-122.26666951199964,43.93333421199985,10.671713829040527,9.654376558484184,118.01944067975006,152.26445837142154,164.13759250401174,3587.5022429467963,36620.550157548256,1140.6768202909918
-122.26666951199964,44.050000880999846,-0.1339042335748672,9.826747291885608,139.7116248942223,150.92311667151276,162.69165692782352,3597.1675092054024,37846.211253582114,1150.6512797367504
-122.26666951199964,44.16666754999984,-44.25658798217773,9.8749847,65.05399310918416,150.55405016168035,162.29381169824288,3599.8570933307656,38193.09283121045,394.70629884686036
-122.26666951199964,44.28333421899984,12.219493865966797,9.8749847,60.859493086402864,150.55405016168035,162.29381169824288,3599.8570933307656,38193.09283121045,909.9409730486784
-122.26666951199964,44.40000088799984,-2.062650680541992,9.874984700000002,81.38477016800084,150.55405016168035,162.29381169824288,3599.8570933307656,38193.09283121046,536.175456771776
-122.26666951199964,44.51666755699984,1.5906405448913574,9.8749847,76.01996548764933,150.55405016168035,162.29381169824288,3599.8570933307656,38193.09283121045,562.6080385421699
-122.26666951199964,44.63333422599983,13.393739700317385,9.8749847,56.067631826602685,150.55405016168035,162.29381169824288,3599.8570933307656,38193.09283121045,897.0110870373413
-122.26666951199964,44.75000089499983,10.200264930725098,9.8749847,52.28545378368776,150.55405016168035,162.29381169824288,3599.8570933307656,38193.09283121045,601.8216151467007
-122.26666951199964,44.86666756399983,19.43668937683105,9.84615157683193,54.639427135012305,150.77432760287556,162.5312657257122,3598.2502302125467,37985.54581899172,863.3509304230464
-122.26666951199964,44.98333423299982,40.20613098144531,9.75934497894196,71.55609414001053,151.44339049637702,163.25250017364365,3593.398262263294,37364.35726256988,839.9603019261098
-122.26666951199964,45.10000090199982,36.743072509765625,9.68156402876252,85.41772690907963,152.0505158851553,163.90696741260393,3589.0324116037173,36812.428945705346,1150.9584305663832
-122.26666951199964,45.21666757099982,-27.86845588684082,9.627072505991627,73.71094735077855,152.4802297355043,164.37018908374316,3585.9633428362004,36428.39163800127,466.10439478340834
-122.26666951199964,45.33333423999981,-41.43912506103516,9.536665976936593,59.60675802368919,153.2012726942935,165.14745684940212,3580.852248077753,35796.019253815895,318.6157783007145
-122.26666951199964,45.45000090899981,-38.389259338378906,9.544156687684417,55.57660046529966,153.14114104955542,165.08263631606044,3581.276650187796,35848.188310860976,183.5023326402237
-122.26666951199964,45.56666757799981,-42.50707626342773,9.54241519354014,47.314792470953925,153.15511456821557,165.09769944856174,3581.177997005427,35836.05601995559,127.80014947080653
-122.26666951199964,45.683334246999806,17.46122932434082,9.546486075079493,45.94594235268913,153.1224563312138,165.0624946183983,3581.408592622251,35864.41967931563,647.9396184106854
-122.26666951199964,45.8000009159998,24.3325252532959,9.54370465684313,55.799920080048,153.14476771769108,165.0865457810989,3581.251044144367,35845.03898062297,456.59360070451976
-122.26666951199964,45.9166675849998,10.845399856567385,9.54452500530223,50.44807292510728,153.13818620767512,165.07945106431066,3581.29751370727,35850.75451554643,640.0119594388254
-122.15000284299964,42.066667507999895,-0.3319905400276184,8.7200031,55.099908554011265,160.21469203317375,172.70776197784397,3533.537797930003,30354.035733363504,1262.3985365921847
-122.15000284299964,42.18333417699989,15.173961639404297,8.7200031,45.48469056681809,160.21469203317375,172.70776197784397,3533.537797930003,30354.035733363504,1720.095571568555
-122.15000284299964,42.30000084599989,77.4252700805664,8.720003099999998,44.30003206999596,160.21469203317378,172.707761977844,3533.537797930003,30354.035733363493,1706.292135104968
-122.15000284299964,42.41666751499989,28.08016586303711,8.620102279995827,52.21666522059588,161.14040451748545,173.70565879599172,3527.6003743184842,29721.749610920077,1381.8966949924848
-122.15000284299964,42.53333418399989,47.6762580871582,8.517097409038278,124.33586137215325,162.11188356772388,174.75289092212097,3521.442329555217,29077.446120391993,2031.1721300995573
-122.15000284299964,42.65000085299988,71.11087036132812,8.472444106093313,220.14757119423265,162.53852068075668,175.21279594102725,3518.7612099979224,28800.54283276949,1877.724701612674
-122.15000284299964,42.76666752199988,51.70450973510742,8.427790803148348,315.95928101631785,162.96854402115378,175.67635123533725,3516.073015774788,28525.095104895634,1818.1155009260094
-122.15000284299964,42.88333419099988,71.24972534179688,8.454584532248475,371.5225503116779,162.71010435257065,175.3977592023541,3517.6868895689076,28690.19985872134,1980.8136875821713
-122.15000284299964,43.00000085999987,77.41897583007812,8.642804189776982,336.1493356993341,160.92863295381642,173.47737390933318,3528.9526292534947,29864.79345593169,1987.1103474067754
-122.15000284299964,43.11666752899987,56.523193359375,8.831023847305499,300.776121086988,159.20442341036787,171.61871558249146,3540.096351928476,31065.248499962618,1626.8943073127843
-122.15000284299964,43.233334197999866,23.79228782653809,9.019243504834014,265.402906474642,157.5344724089033,169.81854671897744,3551.121938379257,32291.56499081405,1490.0899218893674
-122.15000284299964,43.35000086699986,29.700702667236328,9.207463162362531,230.029691862296,155.91599263648268,168.07386265939508,3562.033067935933,33543.742928486005,1724.6969115361376
-122.15000284299964,43.46666753599986,52.77680969238281,9.392039911606558,163.15883642466403,154.37632362066455,166.41413478716274,3572.6252323956414,34796.801000941836,1689.8911613930418
-122.15000284299964,43.58333420499986,57.157745361328125,9.576274865255765,93.3327172140911,152.8841128451387,164.80556580906347,3583.0944884883456,36072.339707649204,1702.7136387345427
-122.15000284299964,43.700000873999855,23.36323928833008,9.582013627022082,98.30365584788274,152.8383240923421,164.75620658414533,3583.4189721941393,36112.46957917946,1119.9271909892275
-122.15000284299964,43.81666754299985,10.788694381713867,9.5827484,102.05606885137131,152.83246441520913,164.7498899866429,3583.4605110478187,36117.609417661435,1386.6370740418797
-122.15000284299964,43.93333421199985,0.461494505405426,9.686933942282254,99.57082437481938,152.00836574183853,163.86153052521925,3589.334387564065,36850.391558781106,1163.6240669248045
-122.15000284299964,44.050000880999846,20.242076873779297,9.8749847,98.28935195949052,150.55405016168035,162.29381169824288,3599.8570933307656,38193.09283121045,1051.7326744107452
-122.15000284299964,44.16666754999984,-36.91886138916016,9.8749847,101.86521275353485,150.55405016168035,162.29381169824288,3599.8570933307656,38193.09283121045,522.7866094255934
-122.15000284299964,44.28333421899984,2.0315182209014893,9.8749847,87.82889230588066,150.55405016168035,162.29381169824288,3599.8570933307656,38193.09283121045,1381.5277217375892
-122.15000284299964,44.40000088799984,23.421863555908203,9.8749847,100.93519109907135,150.55405016168035,162.29381169824288,3599.8570933307656,38193.09283121045,1382.3927682719645
-122.15000284299964,44.51666755699984,4.8144121170043945,9.8749847,89.44758809330295,150.55405016168035,162.29381169824288,3599.8570933307656,38193.09283121045,753.6806468990093
-122.15000284299964,44.63333422599983,9.323305130004885,9.874984700000002,66.73686898777822,150.55405016168035,162.29381169824288,3599.8570933307656,38193.09283121046,885.3303311813859
-122.15000284299964,44.75000089499983,-8.436624526977539,9.872108763547514,64.7374567041085,150.5759782198969,162.31744964187365,3599.6969234905455,38172.363975348744,637.3498313353418
-122.15000284299964,44.86666756399983,30.02629280090332,9.835982634523102,36.32361965784342,150.85224657760165,162.61526059266086,3597.682956380885,37912.49235112361,1268.872472595731
-122.15000284299964,44.98333423299982,10.535394668579102,9.831625,53.51178454064569,150.88567371370686,162.6512942784159,3597.439776251982,37881.21030132813,1040.1634173184125
-122.15000284299964,45.10000090199982,-2.369260787963867,9.707737591207067,83.0544540868644,151.8454016795374,163.68585900517525,3590.503486891658,36997.661736003196,764.6558662610215
-122.15000284299964,45.21666757099982,-15.923322677612305,9.512632880292507,79.9836642608227,153.39467753007636,165.35594282481338,3579.4894755558444,35628.917275056076,730.183302018155
-122.15000284299964,45.33333423999981,-18.61841583251953,9.537494704407079,69.76617526723618,153.19461660350484,165.14028173625212,3580.8992095888807,35801.788911356474,523.1959872164826
-122.15000284299964,45.45000090899981,-30.477996826171875,9.544309672191858,64.91643436947734,153.13991370484845,165.08131326662706,3581.285316113884,35849.254198323695,308.71610001372153
-122.15000284299964,45.56666757799981,-28.076148986816406,9.538890891605087,58.92106387919966,153.1834048079143,165.1281956778537,3580.978322734375,35811.51039631047,348.99901422341503
-122.15000284299964,45.683334246999806,-2.203468084335327,9.540450373078933,62.10842550620846,153.17088462094955,165.1146992035742,3581.066681894401,35822.37056223141,459.4176142701458
-122.15000284299964,45.8000009159998,36.13958740234375,9.544742343296365,60.876812623294455,153.13644268571892,165.07757158764596,3581.309824728234,35852.268835968825,806.5035354422776
-122.15000284299964,45.9166675849998,51.191524505615234,9.545317762876547,55.09135412327369,153.13182686056842,165.07259583404118,3581.342418456049,35856.27828591458,828.9103311464381
-122.03333617399966,42.066667507999895,7.230298042297363,8.7200031,63.29900861412218,160.21469203317375,172.70776197784397,3533.537797930003,30354.035733363504,1486.7907250891271
-122.03333617399966,42.18333417699989,4.278812408447266,8.7200031,43.47811157931836,160.21469203317375,172.70776197784397,3533.537797930003,30354.035733363504,1277.8036364475274
-122.03333617399966,42.30000084599989,42.67178726196289,8.7200031,42.44740980431835,160.21469203317375,172.70776197784397,3533.537797930003,30354.035733363504,1498.6276514527985
-122.03333617399966,42.41666751499989,5.041152000427246,8.655469069721613,69.02304594281514,160.81085262848327,173.35040942102586,3529.706249879497,29944.75785817125,1260.902176063722
-122.03333617399966,42.53333418399989,-20.088523864746094,8.610815766776643,164.8347557649062,161.22727371141264,173.79930179388157,3527.0467036265386,29663.344081819767,1258.4997958400265
-122.03333617399966,42.65000085299988,-24.78745460510254,8.56616246383168,260.6464655869856,161.6469466171448,174.25169955710751,3524.38025255243,29383.385865216973,1262.299863648016
-122.03333617399966,42.76666752199988,-3.522792100906372,8.52150916088671,356.4581754090708,162.06991388956206,174.7076485720326,3521.7068425965554,29104.883208362786,1334.3015058877904
-122.03333617399966,42.88333419099988,85.40420532226562,8.476855857941741,452.2698852311619,162.49621885589414,175.16719554441647,3519.0264189891564,28827.836111257242,1849.7980373281812
-122.03333617399966,43.00000085999987,51.32970428466797,8.660170757196182,419.65968072632063,160.76719384612852,173.30334625537304,3529.985882309332,29974.473503485504,1739.19493891288
-122.03333617399966,43.11666752899987,58.87387847900391,8.845245594425123,357.0954383634821,159.07638423595859,171.48069229026342,3540.9335162809766,31157.004913379424,1888.0268928765304
-122.03333617399966,43.233334197999866,82.42606353759766,9.029480548074332,287.26931915290913,157.4451458664291,169.7222547557364,3551.718292671144,32359.004423339247,2027.4826580824697
-122.03333617399966,43.35000086699986,54.02876281738281,9.21371550172354,217.44319994233624,155.8630821069057,168.01682632251274,3562.3935941830287,33585.781971545744,1721.7907977285986
-122.03333617399966,43.46666753599986,52.315067291259766,9.397950455372747,147.61708073176334,154.32777093194161,166.3617961027329,3572.9626884394265,34837.33755799891,1512.9060471033304
-122.03333617399966,43.58333420499986,63.65137481689453,9.568566168105496,84.05603085070501,152.94568424645655,164.87193836696375,3582.6584667349734,36018.47235739578,1468.8975531044077
-122.03333617399966,43.700000873999855,81.59156799316406,9.57343846278808,87.25981882145216,152.90675929352747,164.82997816081686,3582.9340754134296,36052.514260288415,1706.690486753067
-122.03333617399966,43.81666754299985,43.399749755859375,9.57772604490508,87.43451500550181,152.87253020449995,164.79307998821193,3583.1765509375064,36082.48520980739,1557.587020737832
-122.03333617399966,43.93333421199985,15.654321670532228,9.582310262736678,50.22304313325684,152.83595839685114,164.7536564186856,3583.4357420656024,36114.544539542265,1273.881016548486
-122.03333617399966,44.050000880999846,21.141571044921875,9.836741762068085,122.13760150234368,150.84642563059336,162.60898574534417,3597.7253143903263,37917.94330016923,1305.6687917170916
-122.03333617399966,44.16666754999984,-29.066619873046875,9.874984700000002,68.18189066105342,150.55405016168035,162.29381169824288,3599.8570933307656,38193.09283121046,689.5761756215566
-122.03333617399966,44.28333421899984,-14.817938804626465,9.874984699999999,75.1564648009921,150.55405016168038,162.2938116982429,3599.8570933307656,38193.09283121044,738.7815002102303
-122.03333617399966,44.40000088799984,7.94520378112793,9.8749847,184.0305908995565,150.55405016168035,162.29381169824288,3599.8570933307656,38193.09283121045,1154.524627037399
-122.03333617399966,44.51666755699984,5.320100784301758,9.8749847,62.168357811105224,150.55405016168035,162.29381169824288,3599.8570933307656,38193.09283121045,1162.3042392477419
-122.03333617399966,44.63333422599983,4.170080184936523,9.8749847,103.80902673321268,150.55405016168035,162.29381169824288,3599.8570933307656,38193.09283121045,1464.824075645024
-122.03333617399966,44.75000089499983,-7.280120849609375,9.8749847,105.94332361080694,150.55405016168035,162.29381169824288,3599.8570933307656,38193.09283121045,1157.9872987215347
-122.03333617399966,44.86666756399983,36.3343620300293,9.834143255460614,93.97486280360796,150.86635362705056,162.63046766828867,3597.580315418387,37899.28635265634,1066.142900359639
-122.03333617399966,44.98333423299982,-2.3883955478668213,9.828150941563527,195.89386926959412,150.91233891943455,162.68003875837252,3597.2458659487093,37856.281089506956,872.3473775913412
-122.03333617399966,45.10000090199982,-6.44105339050293,9.630991236164132,198.13123233088209,152.44920542780577,164.33674559187904,3586.1843427476324,36455.93714974066,810.5953714546015
-122.03333617399966,45.21666757099982,27.46149253845215,9.527455898878529,97.61678617566447,153.27530372952606,165.2272606067833,3580.3302030456334,35731.93180535248,1240.1166589721686
-122.03333617399966,45.33333423999981,0.6937282681465149,9.538369190203616,78.72831019499067,153.18759393619473,165.13271146202288,3580.948761875392,35807.87768514834,929.4392919001568
-122.03333617399966,45.45000090899981,-5.582930564880371,9.54490492901201,73.23156837395355,153.13513843468985,165.0761656349619,3581.319034237339,35853.40168791538,775.6972185128866
-122.03333617399966,45.56666757799981,-14.723002433776855,9.539142052085158,69.17359727830159,153.1813881763068,165.12602179525126,3580.9925538043417,35813.259347798696,932.6845187545111
-122.03333617399966,45.683334246999806,-21.531126022338867,9.539429333169869,69.41821294268374,153.17908162079212,165.12353538132905,3581.0088312836806,35815.25988092773,838.7336741865855
-122.03333617399966,45.8000009159998,14.938928604125977,9.544672006314654,79.66601795895929,153.13700693430275,165.07817983467294,3581.30584053428,35851.77875346621,851.6991064330707
-122.03333617399966,45.9166675849998,31.583702087402344,9.54525619916781,58.68636520030912,153.13232068429562,165.07312816468857,3581.3389313245207,35855.8493063293,996.2374867441465
